2026-10-04T15:24:39.7352876Z Current runner version: '2.337.0'
2026-10-04T15:24:39.7391820Z ##[group]Runner Image Provisioner
2026-10-04T15:24:39.7393482Z Hosted Compute Agent
2026-10-04T15:24:39.7394671Z Version: 20260901.588
2026-10-04T15:24:39.7395827Z Commit: f88ec8081b781fac6c440065ac7ff9e710ce3d0b
2026-10-04T15:24:39.7397358Z Build Date: 2026-09-01T19:56:44Z
2026-10-04T15:24:39.7398556Z Worker ID: {59500995-0210-4bde-8966-46da1dee4749}
2026-10-04T15:24:39.7399302Z Azure Region: centralus
2026-10-04T15:24:39.7400376Z ##[endgroup]
2026-10-04T15:24:39.7402021Z ##[group]Operating System
2026-10-04T15:24:39.7402749Z Ubuntu
2026-10-04T15:24:39.7403323Z 24.04.5
2026-10-04T15:24:39.7403818Z LTS
2026-10-04T15:24:39.7404451Z ##[endgroup]
2026-10-04T15:24:39.7404999Z ##[group]Runner Image
2026-10-04T15:24:39.7405998Z Image: ubuntu-24.04
2026-10-04T15:24:39.7406665Z Version: 20260927.320.1
2026-10-04T15:24:39.7407976Z Included Software: https://github.com/actions/runner-images/blob/ubuntu24/20260927.320/images/ubuntu/Ubuntu2404-Readme.md
2026-10-04T15:24:39.7409547Z Image Release: https://github.com/actions/runner-images/releases/tag/ubuntu24%2F20260927.320
2026-10-04T15:24:39.7410920Z ##[endgroup]
2026-10-04T15:24:39.7412117Z ##[group]GITHUB_TOKEN Permissions
2026-10-04T15:24:39.7414364Z Contents: read
2026-10-04T15:24:39.7415050Z Metadata: read
2026-10-04T15:24:39.7415721Z ##[endgroup]
2026-10-04T15:24:39.7418321Z Secret source: Actions
2026-10-04T15:24:39.7419262Z Cache mode: write
2026-10-04T15:24:39.7420783Z Prepare workflow directory
2026-10-04T15:24:39.7804399Z Prepare all required actions
2026-10-04T15:24:39.7879160Z Getting action download info
2026-10-04T15:24:40.0868981Z Download action repository 'actions/checkout@v4' (SHA:11d5960a326750d5838078e36cf38b85af677262)
2026-10-04T15:24:40.1893043Z Download action repository 'actions/setup-node@v4' (SHA:49933ea5288caeca8642d1e84afbd3f7d6820020)
2026-10-04T15:24:40.2753717Z Download action repository 'actions/upload-artifact@v4' (SHA:ea165f8d65b6e75b540449e92b4886f43607fa02)
2026-10-04T15:24:40.5020213Z Complete job name: Build and gameplay tests (harbor-realism)
2026-10-04T15:24:40.5764665Z ##[group]Run actions/checkout@v4
2026-10-04T15:24:40.5765558Z with:
2026-10-04T15:24:40.5766034Z   repository: qifalab/neon-harbor
2026-10-04T15:24:40.5770390Z   token: ***
2026-10-04T15:24:40.5770852Z   ssh-strict: true
2026-10-04T15:24:40.5771304Z   ssh-user: git
2026-10-04T15:24:40.5771772Z   persist-credentials: true
2026-10-04T15:24:40.5772273Z   clean: true
2026-10-04T15:24:40.5772732Z   sparse-checkout-cone-mode: true
2026-10-04T15:24:40.5773271Z   fetch-depth: 1
2026-10-04T15:24:40.5773718Z   fetch-tags: false
2026-10-04T15:24:40.5774176Z   show-progress: true
2026-10-04T15:24:40.5774633Z   lfs: false
2026-10-04T15:24:40.5775058Z   submodules: false
2026-10-04T15:24:40.5775520Z   set-safe-directory: true
2026-10-04T15:24:40.5776041Z   allow-unsafe-pr-checkout: false
2026-10-04T15:24:40.5776933Z ##[endgroup]
2026-10-04T15:24:40.6818216Z Syncing repository: qifalab/neon-harbor
2026-10-04T15:24:40.6821065Z ##[group]Getting Git version info
2026-10-04T15:24:40.6822447Z Working directory is '/home/runner/work/neon-harbor/neon-harbor'
2026-10-04T15:24:40.6824573Z [command]/usr/bin/git version
2026-10-04T15:24:40.6894230Z git version 2.55.0
2026-10-04T15:24:40.6937520Z ##[endgroup]
2026-10-04T15:24:40.6953448Z Temporarily overriding HOME='/home/runner/work/_temp/673262da-9ebc-42b7-bba7-3050ed3ea44f' before making global git config changes
2026-10-04T15:24:40.6954800Z Adding repository directory to the temporary git global config as a safe directory
2026-10-04T15:24:40.6955952Z [command]/usr/bin/git config --global --add safe.directory /home/runner/work/neon-harbor/neon-harbor
2026-10-04T15:24:40.7013691Z Deleting the contents of '/home/runner/work/neon-harbor/neon-harbor'
2026-10-04T15:24:40.7018922Z ##[group]Initializing the repository
2026-10-04T15:24:40.7024550Z [command]/usr/bin/git init /home/runner/work/neon-harbor/neon-harbor
2026-10-04T15:24:40.7122831Z hint: Using 'master' as the name for the initial branch. This default branch name
2026-10-04T15:24:40.7124910Z hint: will change to "main" in Git 3.0. To configure the initial branch name
2026-10-04T15:24:40.7126483Z hint: to use in all of your new repositories, which will suppress this warning,
2026-10-04T15:24:40.7127979Z hint: call:
2026-10-04T15:24:40.7128616Z hint:
2026-10-04T15:24:40.7129415Z hint: 	git config --global init.defaultBranch <name>
2026-10-04T15:24:40.7130700Z hint:
2026-10-04T15:24:40.7131681Z hint: Names commonly chosen instead of 'master' are 'main', 'trunk' and
2026-10-04T15:24:40.7133735Z hint: 'development'. The just-created branch can be renamed via this command:
2026-10-04T15:24:40.7135114Z hint:
2026-10-04T15:24:40.7135889Z hint: 	git branch -m <name>
2026-10-04T15:24:40.7136896Z hint:
2026-10-04T15:24:40.7138420Z hint: Disable this message with "git config set advice.defaultBranchName false"
2026-10-04T15:24:40.7140729Z Initialized empty Git repository in /home/runner/work/neon-harbor/neon-harbor/.git/
2026-10-04T15:24:40.7143828Z [command]/usr/bin/git remote add origin https://github.com/qifalab/neon-harbor
2026-10-04T15:24:40.7198205Z ##[endgroup]
2026-10-04T15:24:40.7199450Z ##[group]Disabling automatic garbage collection
2026-10-04T15:24:40.7202523Z [command]/usr/bin/git config --local gc.auto 0
2026-10-04T15:24:40.7237765Z ##[endgroup]
2026-10-04T15:24:40.7238979Z ##[group]Setting up auth
2026-10-04T15:24:40.7245481Z [command]/usr/bin/git config --local --name-only --get-regexp core\.sshCommand
2026-10-04T15:24:40.7287488Z [command]/usr/bin/git submodule foreach --recursive sh -c "git config --local --name-only --get-regexp 'core\.sshCommand' && git config --local --unset-all 'core.sshCommand' || :"
2026-10-04T15:24:40.7762805Z [command]/usr/bin/git config --local --name-only --get-regexp http\.https\:\/\/github\.com\/\.extraheader
2026-10-04T15:24:40.7813251Z [command]/usr/bin/git submodule foreach --recursive sh -c "git config --local --name-only --get-regexp 'http\.https\:\/\/github\.com\/\.extraheader' && git config --local --unset-all 'http.https://github.com/.extraheader' || :"
2026-10-04T15:24:40.8065289Z [command]/usr/bin/git config --local --name-only --get-regexp ^includeIf\.gitdir:
2026-10-04T15:24:40.8105602Z [command]/usr/bin/git submodule foreach --recursive git config --local --show-origin --name-only --get-regexp remote.origin.url
2026-10-04T15:24:40.8347029Z [command]/usr/bin/git config --local http.https://github.com/.extraheader AUTHORIZATION: basic ***
2026-10-04T15:24:40.8394195Z ##[endgroup]
2026-10-04T15:24:40.8395778Z ##[group]Fetching the repository
2026-10-04T15:24:40.8406285Z [command]/usr/bin/git -c protocol.version=2 fetch --no-tags --prune --no-recurse-submodules --depth=1 origin +0330df7ee1042d0f211304b042e01cdf6a0b4d44:refs/remotes/origin/main
2026-10-04T15:24:46.6641604Z From https://github.com/qifalab/neon-harbor
2026-10-04T15:24:46.6642780Z  * [new ref]         0330df7ee1042d0f211304b042e01cdf6a0b4d44 -> origin/main
2026-10-04T15:24:46.6644843Z ##[endgroup]
2026-10-04T15:24:46.6645658Z ##[group]Determining the checkout info
2026-10-04T15:24:46.6646628Z ##[endgroup]
2026-10-04T15:24:46.6649554Z [command]/usr/bin/git sparse-checkout disable
2026-10-04T15:24:46.6703329Z [command]/usr/bin/git config --local --unset-all extensions.worktreeConfig
2026-10-04T15:24:46.6740863Z ##[group]Checking out the ref
2026-10-04T15:24:46.6744670Z [command]/usr/bin/git checkout --progress --force -B main refs/remotes/origin/main
2026-10-04T15:24:46.8539032Z Switched to a new branch 'main'
2026-10-04T15:24:46.8543194Z branch 'main' set up to track 'origin/main'.
2026-10-04T15:24:46.8575013Z ##[endgroup]
2026-10-04T15:24:46.8621561Z [command]/usr/bin/git log -1 --format=%H
2026-10-04T15:24:46.8671067Z 0330df7ee1042d0f211304b042e01cdf6a0b4d44
2026-10-04T15:24:46.9058368Z ##[group]Run actions/setup-node@v4
2026-10-04T15:24:46.9059108Z with:
2026-10-04T15:24:46.9059551Z   node-version: 22
2026-10-04T15:24:46.9060597Z   cache: npm
2026-10-04T15:24:46.9061067Z   always-auth: false
2026-10-04T15:24:46.9061572Z   check-latest: false
2026-10-04T15:24:46.9067203Z   token: ***
2026-10-04T15:24:46.9067670Z ##[endgroup]
2026-10-04T15:24:47.0573372Z Found in cache @ /opt/hostedtoolcache/node/22.23.3/x64
2026-10-04T15:24:47.0576944Z (node:2327) [DEP0040] DeprecationWarning: The `punycode` module is deprecated. Please use a userland alternative instead.
2026-10-04T15:24:47.0578662Z (Use `node --trace-deprecation ...` to show where the warning was created)
2026-10-04T15:24:47.0580910Z ##[group]Environment details
2026-10-04T15:24:47.5213091Z node: v22.23.3
2026-10-04T15:24:47.5215139Z npm: 10.9.9
2026-10-04T15:24:47.5216275Z yarn: 1.22.22
2026-10-04T15:24:47.5219218Z ##[endgroup]
2026-10-04T15:24:47.5277337Z [command]/opt/hostedtoolcache/node/22.23.3/x64/bin/npm config get cache
2026-10-04T15:24:47.6381707Z /home/runner/.npm
2026-10-04T15:24:47.7887621Z Cache hit for: node-cache-Linux-x64-npm-6438cc70f01e36935f5c8c9cb620f6c972b229821dda55e94f5b735e54c263b7
2026-10-04T15:24:47.7998904Z (node:2327) [DEP0169] DeprecationWarning: `url.parse()` behavior is not standardized and prone to errors that have security implications. Use the WHATWG URL API instead. CVEs are not issued for `url.parse()` vulnerabilities.
2026-10-04T15:24:48.3737039Z Received 3980947 of 3980947 (100.0%), 8.5 MBs/sec
2026-10-04T15:24:48.3739719Z Cache Size: ~4 MB (3980947 B)
2026-10-04T15:24:48.3764726Z [command]/usr/bin/tar -xf /home/runner/work/_temp/8bdcc24b-ed4d-481e-b586-24d5e63bd968/cache.tzst -P -C /home/runner/work/neon-harbor/neon-harbor --use-compress-program unzstd
2026-10-04T15:24:48.3881716Z Cache restored successfully
2026-10-04T15:24:48.3888860Z Cache restored from key: node-cache-Linux-x64-npm-6438cc70f01e36935f5c8c9cb620f6c972b229821dda55e94f5b735e54c263b7
2026-10-04T15:24:48.4052158Z ##[group]Run npm ci
2026-10-04T15:24:48.4052476Z [36;1mnpm ci[0m
2026-10-04T15:24:48.4336423Z shell: /usr/bin/bash -e {0}
2026-10-04T15:24:48.4336826Z ##[endgroup]
2026-10-04T15:24:49.2516914Z 
2026-10-04T15:24:49.2526312Z added 3 packages, and audited 4 packages in 757ms
2026-10-04T15:24:49.2527828Z 
2026-10-04T15:24:49.2528192Z found 0 vulnerabilities
2026-10-04T15:24:49.2951789Z ##[group]Run npm test
2026-10-04T15:24:49.2952099Z [36;1mnpm test[0m
2026-10-04T15:24:49.3017170Z shell: /usr/bin/bash -e {0}
2026-10-04T15:24:49.3017447Z ##[endgroup]
2026-10-04T15:24:49.4203853Z 
2026-10-04T15:24:49.4204540Z > neon-harbor@0.8.0 test
2026-10-04T15:24:49.4205123Z > node --test tests/*.test.js
2026-10-04T15:24:49.4205357Z 
2026-10-04T15:24:49.4901301Z TAP version 13
2026-10-04T15:24:49.6312280Z # Subtest: render interpolation removes fixed-step staircasing at 30/60/90/144 Hz and uneven cadences
2026-10-04T15:24:49.6371583Z ok 1 - render interpolation removes fixed-step staircasing at 30/60/90/144 Hz and uneven cadences
2026-10-04T15:24:49.6395395Z   ---
2026-10-04T15:24:49.6411039Z   duration_ms: 46.441853
2026-10-04T15:24:49.6411984Z   type: 'test'
2026-10-04T15:24:49.6412732Z   ...
2026-10-04T15:24:49.6413930Z # Subtest: yaw interpolation follows the shortest arc; ground, pitch and roll remain shared
2026-10-04T15:24:49.6415920Z ok 2 - yaw interpolation follows the shortest arc; ground, pitch and roll remain shared
2026-10-04T15:24:49.6417086Z   ---
2026-10-04T15:24:49.6417750Z   duration_ms: 0.603932
2026-10-04T15:24:49.6418485Z   type: 'test'
2026-10-04T15:24:49.6419329Z   ...
2026-10-04T15:24:49.6420907Z # Subtest: teleports and entering or leaving a vehicle never interpolate across the city
2026-10-04T15:24:49.6422586Z ok 3 - teleports and entering or leaving a vehicle never interpolate across the city
2026-10-04T15:24:49.6423717Z   ---
2026-10-04T15:24:49.6424418Z   duration_ms: 0.649718
2026-10-04T15:24:49.6425144Z   type: 'test'
2026-10-04T15:24:49.6425849Z   ...
2026-10-04T15:24:49.6427050Z # Subtest: rendered OBB interpolation cannot clip a corner between two legal headings
2026-10-04T15:24:49.6428880Z ok 4 - rendered OBB interpolation cannot clip a corner between two legal headings
2026-10-04T15:24:49.6430436Z   ---
2026-10-04T15:24:49.6431131Z   duration_ms: 0.74164
2026-10-04T15:24:49.6432635Z   type: 'test'
2026-10-04T15:24:49.6433410Z   ...
2026-10-04T15:24:49.6434653Z # Subtest: sequential legal vehicle moves cannot produce a colliding render interpolant
2026-10-04T15:24:49.6436263Z ok 5 - sequential legal vehicle moves cannot produce a colliding render interpolant
2026-10-04T15:24:49.6437277Z   ---
2026-10-04T15:24:49.6438025Z   duration_ms: 0.493064
2026-10-04T15:24:49.6438731Z   type: 'test'
2026-10-04T15:24:49.6439324Z   ...
2026-10-04T15:24:49.6444078Z # Subtest: moving-target exponential damping is cadence-independent at constant speed
2026-10-04T15:24:49.6445418Z ok 6 - moving-target exponential damping is cadence-independent at constant speed
2026-10-04T15:24:49.6446258Z   ---
2026-10-04T15:24:49.6446757Z   duration_ms: 0.66705
2026-10-04T15:24:49.6447287Z   type: 'test'
2026-10-04T15:24:49.6447783Z   ...
2026-10-04T15:24:49.6452555Z # Subtest: chase camera position, look target and yaw stay consistent at 30/60/144 Hz
2026-10-04T15:24:49.6454459Z ok 7 - chase camera position, look target and yaw stay consistent at 30/60/144 Hz
2026-10-04T15:24:49.6455468Z   ---
2026-10-04T15:24:49.6456059Z   duration_ms: 22.808033
2026-10-04T15:24:49.6456691Z   type: 'test'
2026-10-04T15:24:49.6457245Z   ...
2026-10-04T15:24:49.6458301Z # Subtest: camera follows the same bounded simulation time at 4 Hz and uneven slow frames
2026-10-04T15:24:49.6460061Z ok 8 - camera follows the same bounded simulation time at 4 Hz and uneven slow frames
2026-10-04T15:24:49.6461002Z   ---
2026-10-04T15:24:49.6461576Z   duration_ms: 7.454051
2026-10-04T15:24:49.6462187Z   type: 'test'
2026-10-04T15:24:49.6462750Z   ...
2026-10-04T15:24:49.6463942Z # Subtest: height-aware swept camera clears curbs, catches thin walls, and pads the near plane
2026-10-04T15:24:49.6465564Z ok 9 - height-aware swept camera clears curbs, catches thin walls, and pads the near plane
2026-10-04T15:24:49.6480220Z   ---
2026-10-04T15:24:49.6480953Z   duration_ms: 1.108598
2026-10-04T15:24:49.6481986Z   type: 'test'
2026-10-04T15:24:49.6482719Z   ...
2026-10-04T15:24:49.6484246Z # Subtest: camera focus inside foliage is moved to a legal pivot before the boom sweep
2026-10-04T15:24:49.6485948Z ok 10 - camera focus inside foliage is moved to a legal pivot before the boom sweep
2026-10-04T15:24:49.6487141Z   ---
2026-10-04T15:24:49.6487763Z   duration_ms: 0.911028
2026-10-04T15:24:49.6488449Z   type: 'test'
2026-10-04T15:24:49.6489075Z   ...
2026-10-04T15:24:49.6490512Z # Subtest: camera retracts without entering buildings and releases an obstruction gradually
2026-10-04T15:24:49.6492160Z ok 11 - camera retracts without entering buildings and releases an obstruction gradually
2026-10-04T15:24:49.6493193Z   ---
2026-10-04T15:24:49.6493817Z   duration_ms: 0.420318
2026-10-04T15:24:49.6494459Z   type: 'test'
2026-10-04T15:24:49.6495130Z   ...
2026-10-04T15:24:49.6496440Z # Subtest: camera takes shortest yaw arc and does not advance its pose with a zero timestep
2026-10-04T15:24:49.6498083Z ok 12 - camera takes shortest yaw arc and does not advance its pose with a zero timestep
2026-10-04T15:24:49.6499201Z   ---
2026-10-04T15:24:49.6499789Z   duration_ms: 1.260402
2026-10-04T15:24:49.6500721Z   type: 'test'
2026-10-04T15:24:49.6501326Z   ...
2026-10-04T15:25:17.8132392Z # Subtest: the northern resident network has legal doorstep routes, unobstructed station entrances and real crossing edges
2026-10-04T15:25:17.8134359Z ok 13 - the northern resident network has legal doorstep routes, unobstructed station entrances and real crossing edges
2026-10-04T15:25:17.8160624Z   ---
2026-10-04T15:25:17.8161297Z   duration_ms: 5544.334695
2026-10-04T15:25:17.8166720Z   type: 'test'
2026-10-04T15:25:17.8167283Z   ...
2026-10-04T15:25:17.8168671Z # Subtest: all 240 residents finish real work visits, use all four shared routes, return and rest in actual homes without stranded journeys
2026-10-04T15:25:17.8171249Z ok 14 - all 240 residents finish real work visits, use all four shared routes, return and rest in actual homes without stranded journeys
2026-10-04T15:25:17.8174601Z   ---
2026-10-04T15:25:17.8174982Z   duration_ms: 16885.678413
2026-10-04T15:25:17.8175428Z   type: 'test'
2026-10-04T15:25:17.8175796Z   ...
2026-10-04T15:25:17.8177074Z # Subtest: citizens enter a crossing only with enough green time, and traffic yields for the occupied lane and releases it after the walker leaves
2026-10-04T15:25:17.8179204Z ok 15 - citizens enter a crossing only with enough green time, and traffic yields for the occupied lane and releases it after the walker leaves
2026-10-04T15:25:17.8180615Z   ---
2026-10-04T15:25:17.8180980Z   duration_ms: 86.665958
2026-10-04T15:25:17.8181378Z   type: 'test'
2026-10-04T15:25:17.8181725Z   ...
2026-10-04T15:25:17.8182903Z # Subtest: working periods keep residents at their real posts and the night change starts a walk home without resetting position
2026-10-04T15:25:17.8184811Z ok 16 - working periods keep residents at their real posts and the night change starts a walk home without resetting position
2026-10-04T15:25:17.8185861Z   ---
2026-10-04T15:25:17.8186258Z   duration_ms: 1886.01951
2026-10-04T15:25:17.8186724Z   type: 'test'
2026-10-04T15:25:17.8187103Z   ...
2026-10-04T15:25:17.8188133Z # Subtest: every assigned home and workplace has a clear arrival and departure through its actual room door
2026-10-04T15:25:17.8189753Z ok 17 - every assigned home and workplace has a clear arrival and departure through its actual room door
2026-10-04T15:25:17.8190924Z   ---
2026-10-04T15:25:17.8191314Z   duration_ms: 746.943745
2026-10-04T15:25:17.8191759Z   type: 'test'
2026-10-04T15:25:17.8192269Z   ...
2026-10-04T15:25:17.8193357Z # Subtest: boarding paths align with real carriage doors and keep passengers out of carriage gaps and the ferry cabin
2026-10-04T15:25:17.8195047Z ok 18 - boarding paths align with real carriage doors and keep passengers out of carriage gaps and the ferry cabin
2026-10-04T15:25:17.8196012Z   ---
2026-10-04T15:25:17.8196395Z   duration_ms: 2.685072
2026-10-04T15:25:17.8196848Z   type: 'test'
2026-10-04T15:25:17.8197217Z   ...
2026-10-04T15:25:17.8198625Z # Subtest: elevated station lift poses have continuous movement, real landings and enough door time to walk aboard
2026-10-04T15:25:17.8203941Z ok 19 - elevated station lift poses have continuous movement, real landings and enough door time to walk aboard
2026-10-04T15:25:17.8204914Z   ---
2026-10-04T15:25:17.8205284Z   duration_ms: 2.72159
2026-10-04T15:25:17.8205715Z   type: 'test'
2026-10-04T15:25:17.8206098Z   ...
2026-10-04T15:25:36.7030573Z # Subtest: integrated building travel, continuous elevator and forced departure restore outdoor collision and cars
2026-10-04T15:25:36.7032829Z ok 20 - integrated building travel, continuous elevator and forced departure restore outdoor collision and cars
2026-10-04T15:25:36.7034152Z   ---
2026-10-04T15:25:36.7035030Z   duration_ms: 12528.191217
2026-10-04T15:25:36.7035824Z   type: 'test'
2026-10-04T15:25:36.7036428Z   ...
2026-10-04T15:25:36.7037771Z # Subtest: underground platform remains below street and transit motion does not trigger teleports or reindex every tick
2026-10-04T15:25:36.7039704Z ok 21 - underground platform remains below street and transit motion does not trigger teleports or reindex every tick
2026-10-04T15:25:36.7041223Z   ---
2026-10-04T15:25:36.7041851Z   duration_ms: 25939.445857
2026-10-04T15:25:36.7042561Z   type: 'test'
2026-10-04T15:25:36.7043191Z   ...
2026-10-04T15:25:36.7044422Z # Subtest: a saved journey from the north ferry restores at its own pier, including after departure
2026-10-04T15:25:36.7046107Z ok 22 - a saved journey from the north ferry restores at its own pier, including after departure
2026-10-04T15:25:36.7047245Z   ---
2026-10-04T15:25:36.7047808Z   duration_ms: 8564.350797
2026-10-04T15:25:36.7048376Z   type: 'test'
2026-10-04T15:25:36.7048868Z   ...
2026-10-04T15:25:36.7050265Z # Subtest: camera supports below-sea-level clearance and seated passenger views without roof-crossing chase booms
2026-10-04T15:25:36.7052043Z ok 23 - camera supports below-sea-level clearance and seated passenger views without roof-crossing chase booms
2026-10-04T15:25:36.7053523Z   ---
2026-10-04T15:25:36.7054139Z   duration_ms: 0.983691
2026-10-04T15:25:36.7054772Z   type: 'test'
2026-10-04T15:25:36.7055294Z   ...
2026-10-04T15:25:36.7556641Z # Subtest: collapsed city guide lists addresses without reading floor contents or constructing room rows
2026-10-04T15:25:36.7571779Z ok 24 - collapsed city guide lists addresses without reading floor contents or constructing room rows
2026-10-04T15:25:36.7600590Z   ---
2026-10-04T15:25:36.7611036Z   duration_ms: 8.578578
2026-10-04T15:25:36.7611690Z   type: 'test'
2026-10-04T15:25:36.7612244Z   ...
2026-10-04T15:25:36.7613446Z # Subtest: first disclosure resolves its current floor and room records once, including both compact rooms
2026-10-04T15:25:36.7615212Z ok 25 - first disclosure resolves its current floor and room records once, including both compact rooms
2026-10-04T15:25:36.7616267Z   ---
2026-10-04T15:25:36.7616778Z   duration_ms: 6.769317
2026-10-04T15:25:36.7617359Z   type: 'test'
2026-10-04T15:25:36.7617914Z   ...
2026-10-04T15:25:36.7619098Z # Subtest: search and district filtering preserve visit targets without resolving hidden floor programmes
2026-10-04T15:25:36.7621112Z ok 26 - search and district filtering preserve visit targets without resolving hidden floor programmes
2026-10-04T15:25:36.7622239Z   ---
2026-10-04T15:25:36.7622804Z   duration_ms: 3.384654
2026-10-04T15:25:36.7623414Z   type: 'test'
2026-10-04T15:25:36.7623946Z   ...
2026-10-04T15:25:36.7625117Z # Subtest: every address targets its own entrance and safely restores its exterior, traffic and save position
2026-10-04T15:25:36.7626926Z ok 27 - every address targets its own entrance and safely restores its exterior, traffic and save position
2026-10-04T15:25:36.7628193Z   ---
2026-10-04T15:25:36.7628826Z   duration_ms: 10683.411514
2026-10-04T15:25:36.7629510Z   type: 'test'
2026-10-04T15:25:36.7630379Z   ...
2026-10-04T15:25:36.7631948Z # Subtest: every occupied floor has finite positive solids, rooms inside its footprint, a clear arrival and continuous stair elevations
2026-10-04T15:25:36.7634721Z ok 28 - every occupied floor has finite positive solids, rooms inside its footprint, a clear arrival and continuous stair elevations
2026-10-04T15:25:36.7636019Z   ---
2026-10-04T15:25:36.7636600Z   duration_ms: 3782.766058
2026-10-04T15:25:36.7637172Z   type: 'test'
2026-10-04T15:25:36.7637663Z   ...
2026-10-04T15:25:36.7638805Z # Subtest: multiplayer accepts the actual eastern top floors and rejects out-of-world or nonfinite positions
2026-10-04T15:25:36.7640782Z ok 29 - multiplayer accepts the actual eastern top floors and rejects out-of-world or nonfinite positions
2026-10-04T15:25:36.7641838Z   ---
2026-10-04T15:25:36.7642376Z   duration_ms: 0.754674
2026-10-04T15:25:36.7642960Z   type: 'test'
2026-10-04T15:25:36.7643528Z   ...
2026-10-04T15:25:36.7644888Z # Subtest: a south shell stays hidden through an actual streamed load and restores valid culling bounds and fallback scenery on exit
2026-10-04T15:25:36.7646906Z ok 30 - a south shell stays hidden through an actual streamed load and restores valid culling bounds and fallback scenery on exit
2026-10-04T15:25:36.7648023Z   ---
2026-10-04T15:25:36.7648496Z   duration_ms: 240.056565
2026-10-04T15:25:36.7649013Z   type: 'test'
2026-10-04T15:25:36.7649477Z   ...
2026-10-04T15:25:36.7650647Z # Subtest: prepare fetches only nearby real district payloads and exposes resident metrics
2026-10-04T15:25:36.7652118Z ok 31 - prepare fetches only nearby real district payloads and exposes resident metrics
2026-10-04T15:25:36.7652960Z   ---
2026-10-04T15:25:36.7653419Z   duration_ms: 5.190318
2026-10-04T15:25:36.7653927Z   type: 'test'
2026-10-04T15:25:36.7654385Z   ...
2026-10-04T15:25:36.7655545Z # Subtest: directional prefetch anticipates travel while distance and hysteresis drive actual disposal
2026-10-04T15:25:36.7657348Z ok 32 - directional prefetch anticipates travel while distance and hysteresis drive actual disposal
2026-10-04T15:25:36.7658519Z   ---
2026-10-04T15:25:36.7659452Z   duration_ms: 8.646004
2026-10-04T15:25:36.7660475Z   type: 'test'
2026-10-04T15:25:36.7661095Z   ...
2026-10-04T15:25:36.7662062Z # Subtest: resident budget is a hard bound even when more targets are nearby
2026-10-04T15:25:36.7663444Z ok 33 - resident budget is a hard bound even when more targets are nearby
2026-10-04T15:25:36.7664372Z   ---
2026-10-04T15:25:36.7664870Z   duration_ms: 0.794148
2026-10-04T15:25:36.7665383Z   type: 'test'
2026-10-04T15:25:36.7665852Z   ...
2026-10-04T15:25:36.7666945Z # Subtest: failed near district remains failed until retry succeeds without pretending a proxy is full detail
2026-10-04T15:25:36.7668535Z ok 34 - failed near district remains failed until retry succeeds without pretending a proxy is full detail
2026-10-04T15:25:36.7669487Z   ---
2026-10-04T15:25:36.7670187Z   duration_ms: 0.914664
2026-10-04T15:25:36.7670731Z   type: 'test'
2026-10-04T15:25:36.7671190Z   ...
2026-10-04T15:25:36.7672154Z # Subtest: dispose settles prepare, releases late payloads, and never attaches after disposal
2026-10-04T15:25:36.7673551Z ok 35 - dispose settles prepare, releases late payloads, and never attaches after disposal
2026-10-04T15:25:36.7674411Z   ---
2026-10-04T15:25:36.7674875Z   duration_ms: 5.350357
2026-10-04T15:25:36.7675375Z   type: 'test'
2026-10-04T15:25:36.7675833Z   ...
2026-10-04T15:25:36.7676684Z # Subtest: cancelled district can be revisited before its aborted request settles
2026-10-04T15:25:36.7677878Z ok 36 - cancelled district can be revisited before its aborted request settles
2026-10-04T15:25:36.7678657Z   ---
2026-10-04T15:25:36.7679120Z   duration_ms: 4.13317
2026-10-04T15:25:36.7679621Z   type: 'test'
2026-10-04T15:25:36.7680273Z   ...
2026-10-04T15:25:36.7681163Z # Subtest: old request failure cannot overwrite the latest successful prepare state
2026-10-04T15:25:36.7682404Z ok 37 - old request failure cannot overwrite the latest successful prepare state
2026-10-04T15:25:36.7683275Z   ---
2026-10-04T15:25:36.7683765Z   duration_ms: 2.872624
2026-10-04T15:25:36.7684309Z   type: 'test'
2026-10-04T15:25:36.7684773Z   ...
2026-10-04T15:25:36.7685993Z # Subtest: chunk validation rejects malformed geometry before creating GPU resources
2026-10-04T15:25:36.7687473Z ok 38 - chunk validation rejects malformed geometry before creating GPU resources
2026-10-04T15:25:36.7688386Z   ---
2026-10-04T15:25:36.7691599Z   duration_ms: 0.699922
2026-10-04T15:25:36.7692042Z   type: 'test'
2026-10-04T15:25:36.7692399Z   ...
2026-10-04T15:25:36.7693276Z # Subtest: a normal 60 Hz steering arc cannot graze a building corner between two clear endpoints
2026-10-04T15:25:36.7694590Z ok 39 - a normal 60 Hz steering arc cannot graze a building corner between two clear endpoints
2026-10-04T15:25:36.7695355Z   ---
2026-10-04T15:25:36.7695695Z   duration_ms: 16.906471
2026-10-04T15:25:36.7696107Z   type: 'test'
2026-10-04T15:25:36.7696443Z   ...
2026-10-04T15:25:36.7697248Z # Subtest: a short diagonal translation cannot cut a building corner with clear endpoints
2026-10-04T15:25:36.7698477Z ok 40 - a short diagonal translation cannot cut a building corner with clear endpoints
2026-10-04T15:25:36.7699233Z   ---
2026-10-04T15:25:36.7699570Z   duration_ms: 6.597094
2026-10-04T15:25:36.7700219Z   type: 'test'
2026-10-04T15:25:36.7700572Z   ...
2026-10-04T15:25:36.7701368Z # Subtest: grazing the corner of another vehicle stays blocked between clear endpoints
2026-10-04T15:25:36.7702532Z ok 41 - grazing the corner of another vehicle stays blocked between clear endpoints
2026-10-04T15:25:36.7703267Z   ---
2026-10-04T15:25:36.7703644Z   duration_ms: 7.661809
2026-10-04T15:25:36.7704041Z   type: 'test'
2026-10-04T15:25:36.7704377Z   ...
2026-10-04T15:25:36.7705255Z # Subtest: the circular pedestrian footprint cannot cross a shallow rounded corner between samples
2026-10-04T15:25:36.7706527Z ok 42 - the circular pedestrian footprint cannot cross a shallow rounded corner between samples
2026-10-04T15:25:36.7707227Z   ---
2026-10-04T15:25:36.7707518Z   duration_ms: 11.237592
2026-10-04T15:25:36.7707872Z   type: 'test'
2026-10-04T15:25:36.7708470Z   ...
2026-10-04T15:25:36.7709302Z # Subtest: the prospective supported vehicle envelope and height participate in collision
2026-10-04T15:25:36.7710934Z ok 43 - the prospective supported vehicle envelope and height participate in collision
2026-10-04T15:25:36.7711687Z   ---
2026-10-04T15:25:36.7712008Z   duration_ms: 3.091734
2026-10-04T15:25:36.7712409Z   type: 'test'
2026-10-04T15:25:36.7712779Z   ...
2026-10-04T15:25:36.7713598Z # Subtest: stepping onto higher ground under an awning cannot eject an entity sideways
2026-10-04T15:25:36.7714821Z ok 44 - stepping onto higher ground under an awning cannot eject an entity sideways
2026-10-04T15:25:36.7715597Z   ---
2026-10-04T15:25:36.7715965Z   duration_ms: 0.508102
2026-10-04T15:25:36.7716383Z   type: 'test'
2026-10-04T15:25:36.7716756Z   ...
2026-10-04T15:25:36.7771102Z # Subtest: vehicle bounds contain the full rotated footprint and swap width/length at a quarter turn
2026-10-04T15:25:36.7831086Z ok 45 - vehicle bounds contain the full rotated footprint and swap width/length at a quarter turn
2026-10-04T15:25:36.7860386Z   ---
2026-10-04T15:25:36.7911007Z   duration_ms: 2.841556
2026-10-04T15:25:36.7911663Z   type: 'test'
2026-10-04T15:25:36.7912282Z   ...
2026-10-04T15:25:36.7913341Z # Subtest: SAT catches a vehicle nose beyond the old centre radius and its rotated outer corner
2026-10-04T15:25:36.7914837Z ok 46 - SAT catches a vehicle nose beyond the old centre radius and its rotated outer corner
2026-10-04T15:25:36.7915778Z   ---
2026-10-04T15:25:36.7916284Z   duration_ms: 0.753031
2026-10-04T15:25:36.7916864Z   type: 'test'
2026-10-04T15:25:36.7917374Z   ...
2026-10-04T15:25:36.7918479Z # Subtest: SAT reports a separation normal, permits touching and rejects separated rotated rectangles
2026-10-04T15:25:36.7920296Z ok 47 - SAT reports a separation normal, permits touching and rejects separated rotated rectangles
2026-10-04T15:25:36.7921314Z   ---
2026-10-04T15:25:36.7921841Z   duration_ms: 0.376396
2026-10-04T15:25:36.7922440Z   type: 'test'
2026-10-04T15:25:36.7922951Z   ...
2026-10-04T15:25:36.7924339Z # Subtest: circle/OBB checks the whole foot radius without treating clear diagonal corners as walls
2026-10-04T15:25:36.7925919Z ok 48 - circle/OBB checks the whole foot radius without treating clear diagonal corners as walls
2026-10-04T15:25:36.7926886Z   ---
2026-10-04T15:25:36.7927402Z   duration_ms: 0.466795
2026-10-04T15:25:36.7927961Z   type: 'test'
2026-10-04T15:25:36.7928481Z   ...
2026-10-04T15:25:36.7929735Z # Subtest: spatial queries find large colliders across cell edges, including negative coordinates, without duplicates
2026-10-04T15:25:36.7931824Z ok 49 - spatial queries find large colliders across cell edges, including negative coordinates, without duplicates
2026-10-04T15:25:36.7932939Z   ---
2026-10-04T15:25:36.7933461Z   duration_ms: 1.824569
2026-10-04T15:25:36.7934013Z   type: 'test'
2026-10-04T15:25:36.7934515Z   ...
2026-10-04T15:25:36.7935619Z # Subtest: a fast vehicle cannot tunnel through a thin wall, even across a long one-frame displacement
2026-10-04T15:25:36.7937238Z ok 50 - a fast vehicle cannot tunnel through a thin wall, even across a long one-frame displacement
2026-10-04T15:25:36.7938322Z   ---
2026-10-04T15:25:36.7938851Z   duration_ms: 12.139112
2026-10-04T15:25:36.7939404Z   type: 'test'
2026-10-04T15:25:36.7940144Z   ...
2026-10-04T15:25:36.7941323Z # Subtest: a rotation sweep cannot pass through a thin obstacle even when the final orientation would be clear
2026-10-04T15:25:36.7943022Z ok 51 - a rotation sweep cannot pass through a thin obstacle even when the final orientation would be clear
2026-10-04T15:25:36.7944073Z   ---
2026-10-04T15:25:36.7944584Z   duration_ms: 31.943624
2026-10-04T15:25:36.7945156Z   type: 'test'
2026-10-04T15:25:36.7945680Z   ...
2026-10-04T15:25:36.7946690Z # Subtest: continuous diagonal pressure slides along a wall without bouncing or oscillating
2026-10-04T15:25:36.7948141Z ok 52 - continuous diagonal pressure slides along a wall without bouncing or oscillating
2026-10-04T15:25:36.7949422Z   ---
2026-10-04T15:25:36.7950198Z   duration_ms: 11.268209
2026-10-04T15:25:36.7950878Z   type: 'test'
2026-10-04T15:25:36.7951384Z   ...
2026-10-04T15:25:36.7952400Z # Subtest: walking keeps the entire character circle outside a thin wall during a swept move
2026-10-04T15:25:36.7953838Z ok 53 - walking keeps the entire character circle outside a thin wall during a swept move
2026-10-04T15:25:36.7954778Z   ---
2026-10-04T15:25:36.7955280Z   duration_ms: 2.008264
2026-10-04T15:25:36.7955853Z   type: 'test'
2026-10-04T15:25:36.7956357Z   ...
2026-10-04T15:25:36.7957365Z # Subtest: parked and moving vehicles both block a swept vehicle without moving the other car
2026-10-04T15:25:36.7958841Z ok 54 - parked and moving vehicles both block a swept vehicle without moving the other car
2026-10-04T15:25:36.7959778Z   ---
2026-10-04T15:25:36.7960625Z   duration_ms: 9.838385
2026-10-04T15:25:36.7961189Z   type: 'test'
2026-10-04T15:25:36.7961737Z   ...
2026-10-04T15:25:36.7962869Z # Subtest: walking collides with parked cars and dynamic self references never block their own movement
2026-10-04T15:25:36.7964475Z ok 55 - walking collides with parked cars and dynamic self references never block their own movement
2026-10-04T15:25:36.7965561Z   ---
2026-10-04T15:25:36.7966095Z   duration_ms: 2.131444
2026-10-04T15:25:36.7966653Z   type: 'test'
2026-10-04T15:25:36.7967176Z   ...
2026-10-04T15:25:36.7968105Z # Subtest: a car stops for a pedestrian using the pedestrian full circular footprint
2026-10-04T15:25:36.7969436Z ok 56 - a car stops for a pedestrian using the pedestrian full circular footprint
2026-10-04T15:25:36.7970574Z   ---
2026-10-04T15:25:36.7999792Z   duration_ms: 3.76144
2026-10-04T15:25:36.8000638Z   type: 'test'
2026-10-04T15:25:36.8001158Z   ...
2026-10-04T15:25:36.8002413Z # Subtest: height filtering blocks building sides while allowing rooftop travel and passage beneath elevated solids
2026-10-04T15:25:36.8004314Z ok 57 - height filtering blocks building sides while allowing rooftop travel and passage beneath elevated solids
2026-10-04T15:25:36.8005763Z   ---
2026-10-04T15:25:36.8006323Z   duration_ms: 15.721916
2026-10-04T15:25:36.8006905Z   type: 'test'
2026-10-04T15:25:36.8007429Z   ...
2026-10-04T15:25:36.8008439Z # Subtest: world boundaries constrain the rotated vehicle footprint and full character radius
2026-10-04T15:25:36.8010204Z ok 58 - world boundaries constrain the rotated vehicle footprint and full character radius
2026-10-04T15:25:36.8011209Z   ---
2026-10-04T15:25:36.8011715Z   duration_ms: 21.712032
2026-10-04T15:25:36.8012287Z   type: 'test'
2026-10-04T15:25:36.8012793Z   ...
2026-10-04T15:25:36.8013784Z # Subtest: legacy overlapping poses are repaired once and remain stable while stationary
2026-10-04T15:25:36.8015211Z ok 59 - legacy overlapping poses are repaired once and remain stable while stationary
2026-10-04T15:25:36.8016128Z   ---
2026-10-04T15:25:36.8016634Z   duration_ms: 9.026638
2026-10-04T15:25:36.8017214Z   type: 'test'
2026-10-04T15:25:36.8017729Z   ...
2026-10-04T15:25:36.8018800Z # Subtest: camera-only foliage never becomes a physical wall at overlapping character height
2026-10-04T15:25:36.8020553Z ok 60 - camera-only foliage never becomes a physical wall at overlapping character height
2026-10-04T15:25:36.8021538Z   ---
2026-10-04T15:25:36.8022068Z   duration_ms: 2.981468
2026-10-04T15:25:36.8022624Z   type: 'test'
2026-10-04T15:25:36.8023129Z   ...
2026-10-04T15:25:36.8024350Z # Subtest: every compact building supports all-floor stair walks, furnished-room entries, lift return and street exit
2026-10-04T15:25:36.8026172Z ok 61 - every compact building supports all-floor stair walks, furnished-room entries, lift return and street exit
2026-10-04T15:25:36.8027277Z   ---
2026-10-04T15:25:36.8027800Z   duration_ms: 6974.682738
2026-10-04T15:25:36.8028398Z   type: 'test'
2026-10-04T15:25:36.8028899Z   ...
2026-10-04T15:25:36.8030360Z # Subtest: minimum compact shell keeps real stair openings, clear cabin approach and height-filtered exterior prompts
2026-10-04T15:25:36.8032542Z ok 62 - minimum compact shell keeps real stair openings, clear cabin approach and height-filtered exterior prompts
2026-10-04T15:25:36.8033659Z   ---
2026-10-04T15:25:36.8034175Z   duration_ms: 26.785843
2026-10-04T15:25:36.8034761Z   type: 'test'
2026-10-04T15:25:36.8035267Z   ...
2026-10-04T15:25:36.8036398Z # Subtest: east-bay room furnishings fit every shell and narrow floors preserve room, stair and lift routes
2026-10-04T15:25:36.8038060Z ok 63 - east-bay room furnishings fit every shell and narrow floors preserve room, stair and lift routes
2026-10-04T15:25:36.8039109Z   ---
2026-10-04T15:25:36.8039623Z   duration_ms: 9574.876666
2026-10-04T15:25:36.8040462Z   type: 'test'
2026-10-04T15:25:36.8040984Z   ...
2026-10-04T15:25:36.8042219Z # Subtest: every restored southern workplace has fitting functional furniture and a clear full-height room approach
2026-10-04T15:25:36.8044061Z ok 64 - every restored southern workplace has fitting functional furniture and a clear full-height room approach
2026-10-04T15:25:36.8045176Z   ---
2026-10-04T15:25:36.8045687Z   duration_ms: 158.046209
2026-10-04T15:25:36.8046277Z   type: 'test'
2026-10-04T15:25:36.8046798Z   ...
2026-10-04T15:25:36.8047948Z # Subtest: shared workplace layouts fit the minimum compact shell and support future taller freight buildings
2026-10-04T15:25:36.8049649Z ok 65 - shared workplace layouts fit the minimum compact shell and support future taller freight buildings
2026-10-04T15:25:36.8050957Z   ---
2026-10-04T15:25:36.8051457Z   duration_ms: 5.275862
2026-10-04T15:25:36.8052025Z   type: 'test'
2026-10-04T15:25:36.8052529Z   ...
2026-10-04T15:25:36.8053649Z # Subtest: existing shell uses survive stable address IDs and safer floor heights across both new shores
2026-10-04T15:25:36.8055260Z ok 66 - existing shell uses survive stable address IDs and safer floor heights across both new shores
2026-10-04T15:25:36.8056276Z   ---
2026-10-04T15:25:36.8056864Z   duration_ms: 5.675735
2026-10-04T15:25:36.8057414Z   type: 'test'
2026-10-04T15:25:36.8057936Z   ...
2026-10-04T15:25:36.8059364Z # Subtest: harbor shop overrides and residents actual homes remain distinct from the restored employment warehouses
2026-10-04T15:25:36.8061566Z ok 67 - harbor shop overrides and residents actual homes remain distinct from the restored employment warehouses
2026-10-04T15:25:36.8062656Z   ---
2026-10-04T15:25:36.8063156Z   duration_ms: 1.043305
2026-10-04T15:25:36.8063706Z   type: 'test'
2026-10-04T15:25:36.8064210Z   ...
2026-10-04T15:25:36.8065506Z # Subtest: bounded fixed-step clock preserves visible simulation time at 4–144 Hz
2026-10-04T15:25:36.8066707Z ok 68 - bounded fixed-step clock preserves visible simulation time at 4–144 Hz
2026-10-04T15:25:36.8067408Z   ---
2026-10-04T15:25:36.8067818Z   duration_ms: 6.551106
2026-10-04T15:25:36.8068271Z   type: 'test'
2026-10-04T15:25:36.8068684Z   ...
2026-10-04T15:25:36.8069554Z # Subtest: a long rendering stall runs at most 15 small steps without a future backlog
2026-10-04T15:25:36.8071743Z ok 69 - a long rendering stall runs at most 15 small steps without a future backlog
2026-10-04T15:25:36.8072635Z   ---
2026-10-04T15:25:36.8073149Z   duration_ms: 0.395381
2026-10-04T15:25:36.8073729Z   type: 'test'
2026-10-04T15:25:36.8074252Z   ...
2026-10-04T15:25:36.8075196Z # Subtest: pause and visibility resume discard inactive time without rewinding the rendered phase
2026-10-04T15:25:36.8076575Z ok 70 - pause and visibility resume discard inactive time without rewinding the rendered phase
2026-10-04T15:25:36.8077594Z   ---
2026-10-04T15:25:36.8078143Z   duration_ms: 0.190607
2026-10-04T15:25:36.8078697Z   type: 'test'
2026-10-04T15:25:36.8079175Z   ...
2026-10-04T15:25:36.8080283Z # Subtest: flat streets produce zero body pitch/roll and keep wheels on the road
2026-10-04T15:25:36.8081639Z ok 71 - flat streets produce zero body pitch/roll and keep wheels on the road
2026-10-04T15:25:36.8082507Z   ---
2026-10-04T15:25:36.8083038Z   duration_ms: 1.21118
2026-10-04T15:25:36.8083604Z   type: 'test'
2026-10-04T15:25:36.8084420Z   ...
2026-10-04T15:25:36.8085398Z # Subtest: a diagonal curb residual raises only the clearance missing from a fitted plane
2026-10-04T15:25:36.8086816Z ok 72 - a diagonal curb residual raises only the clearance missing from a fitted plane
2026-10-04T15:25:36.8087728Z   ---
2026-10-04T15:25:36.8088253Z   duration_ms: 1.523033
2026-10-04T15:25:36.8088817Z   type: 'test'
2026-10-04T15:25:36.8089328Z   ...
2026-10-04T15:25:36.8090643Z # Subtest: actual rendered tire vertices stay above the real city ramp at known curb problem positions
2026-10-04T15:25:36.8092285Z ok 73 - actual rendered tire vertices stay above the real city ramp at known curb problem positions
2026-10-04T15:25:36.8093279Z   ---
2026-10-04T15:25:36.8093801Z   duration_ms: 478.019309
2026-10-04T15:25:36.8094381Z   type: 'test'
2026-10-04T15:25:36.8094880Z   ...
2026-10-04T15:25:36.8095920Z # Subtest: slope collision envelope encloses every rendered car vertex including tilted mirrors
2026-10-04T15:25:36.8097443Z ok 74 - slope collision envelope encloses every rendered car vertex including tilted mirrors
2026-10-04T15:25:36.8098421Z   ---
2026-10-04T15:25:36.8098927Z   duration_ms: 177.336244
2026-10-04T15:25:36.8099496Z   type: 'test'
2026-10-04T15:25:36.8100226Z   ...
2026-10-04T15:25:36.8101261Z # Subtest: authored frontages attach to six actual occupied shells and keep High the default
2026-10-04T15:25:36.8102719Z ok 75 - authored frontages attach to six actual occupied shells and keep High the default
2026-10-04T15:25:36.8103651Z   ---
2026-10-04T15:25:36.8104182Z   duration_ms: 51.909159
2026-10-04T15:25:36.8104745Z   type: 'test'
2026-10-04T15:25:36.8105252Z   ...
2026-10-04T15:25:36.8106319Z # Subtest: clear original entrance approaches, frontage walking strip and road lanes are preserved
2026-10-04T15:25:36.8107877Z ok 76 - clear original entrance approaches, frontage walking strip and road lanes are preserved
2026-10-04T15:25:36.8108867Z   ---
2026-10-04T15:25:36.8109368Z   duration_ms: 19.046586
2026-10-04T15:25:36.8110169Z   type: 'test'
2026-10-04T15:25:36.8110704Z   ...
2026-10-04T15:25:36.8111971Z # Subtest: finite curved art geometry, metre projected scanned UVs and a bounded render budget
2026-10-04T15:25:36.8113493Z ok 77 - finite curved art geometry, metre projected scanned UVs and a bounded render budget
2026-10-04T15:25:36.8114431Z   ---
2026-10-04T15:25:36.8114954Z   duration_ms: 183.413797
2026-10-04T15:25:36.8115521Z   type: 'test'
2026-10-04T15:25:36.8116031Z   ...
2026-10-04T15:25:36.8117013Z # Subtest: near detail uses hysteresis, actually destroys buffers and restores far proxies
2026-10-04T15:25:36.8118441Z ok 78 - near detail uses hysteresis, actually destroys buffers and restores far proxies
2026-10-04T15:25:36.8119365Z   ---
2026-10-04T15:25:36.8120107Z   duration_ms: 101.678618
2026-10-04T15:25:36.8120699Z   type: 'test'
2026-10-04T15:25:36.8121220Z   ...
2026-10-04T15:25:36.8122282Z # Subtest: shared interior shell IDs hide both proxy and resident art, including later streamed loads
2026-10-04T15:25:36.8123875Z ok 79 - shared interior shell IDs hide both proxy and resident art, including later streamed loads
2026-10-04T15:25:36.8124869Z   ---
2026-10-04T15:25:36.8125371Z   duration_ms: 38.014006
2026-10-04T15:25:36.8125950Z   type: 'test'
2026-10-04T15:25:36.8126454Z   ...
2026-10-04T15:25:36.8127492Z # Subtest: locally served scanned material maps have recorded CC0 provenance and verified hashes
2026-10-04T15:25:36.8129022Z ok 80 - locally served scanned material maps have recorded CC0 provenance and verified hashes
2026-10-04T15:25:36.8130233Z   ---
2026-10-04T15:25:36.8130766Z   duration_ms: 19.735143
2026-10-04T15:25:36.8131333Z   type: 'test'
2026-10-04T15:25:36.8131848Z   ...
2026-10-04T15:25:36.8132964Z # Subtest: sample room craft fits actual furniture and overhead walls without adding circulation obstacles
2026-10-04T15:25:36.8134618Z ok 81 - sample room craft fits actual furniture and overhead walls without adding circulation obstacles
2026-10-04T15:25:36.8135635Z   ---
2026-10-04T15:25:36.8136147Z   duration_ms: 172.284494
2026-10-04T15:25:36.8137035Z   type: 'test'
2026-10-04T15:25:36.8137553Z   ...
2026-10-04T15:25:38.5071725Z # Subtest: sample binds twenty separate residents to actual homes, counter frontages and legal routes
2026-10-04T15:25:38.5073307Z ok 82 - sample binds twenty separate residents to actual homes, counter frontages and legal routes
2026-10-04T15:25:38.5074078Z   ---
2026-10-04T15:25:38.5087837Z   duration_ms: 404.977448
2026-10-04T15:25:38.5088524Z   type: 'test'
2026-10-04T15:25:38.5089082Z   ...
2026-10-04T15:25:38.5090604Z # Subtest: actual delivery moves finite stock, debits wholesale and escrow, and pays the player once at the recipient
2026-10-04T15:25:38.5092609Z ok 83 - actual delivery moves finite stock, debits wholesale and escrow, and pays the player once at the recipient
2026-10-04T15:25:38.5093735Z   ---
2026-10-04T15:25:38.5094193Z   duration_ms: 228.7486
2026-10-04T15:25:38.5094680Z   type: 'test'
2026-10-04T15:25:38.5095095Z   ...
2026-10-04T15:25:38.5096040Z # Subtest: stock availability and shop funds cause actual successful or blocked purchases
2026-10-04T15:25:38.5097325Z ok 84 - stock availability and shop funds cause actual successful or blocked purchases
2026-10-04T15:25:38.5098121Z   ---
2026-10-04T15:25:38.5098566Z   duration_ms: 195.98937
2026-10-04T15:25:38.5099044Z   type: 'test'
2026-10-04T15:25:38.5099474Z   ...
2026-10-04T15:25:38.5100886Z # Subtest: daily schedules complete home, work, shop and courier loops regardless of visible distance or indoor context
2026-10-04T15:25:38.5102697Z ok 85 - daily schedules complete home, work, shop and courier loops regardless of visible distance or indoor context
2026-10-04T15:25:38.5103726Z   ---
2026-10-04T15:25:38.5104178Z   duration_ms: 636.282788
2026-10-04T15:25:38.5104715Z   type: 'test'
2026-10-04T15:25:38.5105157Z   ...
2026-10-04T15:25:38.5106314Z # Subtest: fixed economic ticks and persisted paths resume deterministically without repeating wages or deliveries
2026-10-04T15:25:38.5108686Z ok 86 - fixed economic ticks and persisted paths resume deterministically without repeating wages or deliveries
2026-10-04T15:25:38.5115294Z   ---
2026-10-04T15:25:38.5115811Z   duration_ms: 793.326631
2026-10-04T15:25:38.5116353Z   type: 'test'
2026-10-04T15:25:38.5116832Z   ...
2026-10-04T15:25:38.5118009Z # Subtest: corrupt or foreign snapshots cannot mint stock, money, arbitrary positions or orphan delivery payouts
2026-10-04T15:25:38.5119620Z ok 87 - corrupt or foreign snapshots cannot mint stock, money, arbitrary positions or orphan delivery payouts
2026-10-04T15:25:38.5120922Z   ---
2026-10-04T15:25:38.5121387Z   duration_ms: 102.005371
2026-10-04T15:25:38.5121903Z   type: 'test'
2026-10-04T15:25:38.5122345Z   ...
2026-10-04T15:25:38.5123471Z # Subtest: warehouse commutes board real moving trams and physically alight onto legal final pavement routes
2026-10-04T15:25:38.5125114Z ok 88 - warehouse commutes board real moving trams and physically alight onto legal final pavement routes
2026-10-04T15:25:38.5126095Z   ---
2026-10-04T15:25:38.5126580Z   duration_ms: 1116.350473
2026-10-04T15:25:38.5127117Z   type: 'test'
2026-10-04T15:25:38.5127594Z   ...
2026-10-04T15:25:38.5128666Z # Subtest: renderer streams at most twelve detailed instances while presentation never advances city state
2026-10-04T15:25:38.5130675Z ok 89 - renderer streams at most twelve detailed instances while presentation never advances city state
2026-10-04T15:25:38.5131584Z   ---
2026-10-04T15:25:38.5131936Z   duration_ms: 620.839821
2026-10-04T15:25:38.5132339Z   type: 'test'
2026-10-04T15:25:38.5132685Z   ...
2026-10-04T15:25:38.5133589Z # Subtest: restoring real in-flight fleet tickets preserves boarding, cargo and deterministic continuation
2026-10-04T15:25:38.5134986Z ok 90 - restoring real in-flight fleet tickets preserves boarding, cargo and deterministic continuation
2026-10-04T15:25:38.5135767Z   ---
2026-10-04T15:25:38.5136104Z   duration_ms: 880.140358
2026-10-04T15:25:38.5136496Z   type: 'test'
2026-10-04T15:25:38.5136846Z   ...
2026-10-04T15:25:38.5138058Z # Subtest: rewinding display time never repeats an elapsed wage slot or changes the money supply
2026-10-04T15:25:38.5139376Z ok 91 - rewinding display time never repeats an elapsed wage slot or changes the money supply
2026-10-04T15:25:38.5140455Z   ---
2026-10-04T15:25:38.5140817Z   duration_ms: 129.517748
2026-10-04T15:25:38.5141224Z   type: 'test'
2026-10-04T15:25:38.5141561Z   ...
2026-10-04T15:25:38.5142580Z # Subtest: player buys an actual stocked portion only from the staffed counter and game-owned cash funds the shop
2026-10-04T15:25:38.5144125Z ok 92 - player buys an actual stocked portion only from the staffed counter and game-owned cash funds the shop
2026-10-04T15:25:38.5145004Z   ---
2026-10-04T15:25:38.5145348Z   duration_ms: 443.918987
2026-10-04T15:25:38.5145753Z   type: 'test'
2026-10-04T15:25:38.5146083Z   ...
2026-10-04T15:25:38.5147037Z # Subtest: remote, unfunded, unstaffed, closed and sold-out retail requests never debit the game wallet
2026-10-04T15:25:38.5148472Z ok 93 - remote, unfunded, unstaffed, closed and sold-out retail requests never debit the game wallet
2026-10-04T15:25:38.5149302Z   ---
2026-10-04T15:25:38.5149637Z   duration_ms: 184.732491
2026-10-04T15:25:38.5150399Z   type: 'test'
2026-10-04T15:25:38.5150733Z   ...
2026-10-04T15:25:38.5151670Z # Subtest: runtime traffic clock controls crossing permission independently of persisted economic days
2026-10-04T15:25:38.5154499Z ok 94 - runtime traffic clock controls crossing permission independently of persisted economic days
2026-10-04T15:25:38.5157276Z   ---
2026-10-04T15:25:38.5157599Z   duration_ms: 181.280696
2026-10-04T15:25:38.5157929Z   type: 'test'
2026-10-04T15:25:38.5158208Z   ...
2026-10-04T15:25:38.5159020Z # Subtest: integrated E retail changes the sole game wallet and a saved inventory restores alongside its ledger
2026-10-04T15:25:38.5164342Z ok 95 - integrated E retail changes the sole game wallet and a saved inventory restores alongside its ledger
2026-10-04T15:25:38.5165412Z   ---
2026-10-04T15:25:38.5165903Z   duration_ms: 8595.152223
2026-10-04T15:25:38.5166856Z   type: 'test'
2026-10-04T15:25:38.5167377Z   ...
2026-10-04T15:25:38.5832686Z # Subtest: opposite-shore landmarks retain contrast across the full public harbour view
2026-10-04T15:25:38.5834443Z ok 96 - opposite-shore landmarks retain contrast across the full public harbour view
2026-10-04T15:25:38.5835372Z   ---
2026-10-04T15:25:38.5835864Z   duration_ms: 1.855346
2026-10-04T15:25:38.5836489Z   type: 'test'
2026-10-04T15:25:38.5836979Z   ...
2026-10-04T15:25:38.5838015Z # Subtest: water variants keep independent clocks, shared programs and working cloned shader hooks
2026-10-04T15:25:38.5839538Z ok 97 - water variants keep independent clocks, shared programs and working cloned shader hooks
2026-10-04T15:25:38.5841607Z   ---
2026-10-04T15:25:38.5842133Z   duration_ms: 1.530294
2026-10-04T15:25:38.5842695Z   type: 'test'
2026-10-04T15:25:38.5843192Z   ...
2026-10-04T15:25:38.5844209Z # Subtest: urban finishes separate dielectric glazing, rough mineral surfaces and metal frames
2026-10-04T15:25:38.5845744Z ok 98 - urban finishes separate dielectric glazing, rough mineral surfaces and metal frames
2026-10-04T15:25:38.5846696Z   ---
2026-10-04T15:25:38.5847186Z   duration_ms: 42.403252
2026-10-04T15:25:38.5847753Z   type: 'test'
2026-10-04T15:25:38.5848242Z   ...
2026-10-04T15:27:16.9780604Z # Subtest: normal city play boards bus, walks both decks, travels and alights at another physical stop
2026-10-04T15:27:16.9782436Z ok 99 - normal city play boards bus, walks both decks, travels and alights at another physical stop
2026-10-04T15:27:16.9784116Z   ---
2026-10-04T15:27:16.9788650Z   duration_ms: 12442.441157
2026-10-04T15:27:16.9789236Z   type: 'test'
2026-10-04T15:27:16.9789652Z   ...
2026-10-04T15:27:16.9791275Z # Subtest: normal city play boards tram, walks both decks, travels and alights at another physical stop
2026-10-04T15:27:16.9794925Z ok 100 - normal city play boards tram, walks both decks, travels and alights at another physical stop
2026-10-04T15:27:16.9796573Z   ---
2026-10-04T15:27:16.9797293Z   duration_ms: 21173.540148
2026-10-04T15:27:16.9798026Z   type: 'test'
2026-10-04T15:27:16.9798451Z   ...
2026-10-04T15:27:16.9799442Z # Subtest: normal city play boards ferry, walks both decks, travels and alights at another physical stop
2026-10-04T15:27:16.9804218Z ok 101 - normal city play boards ferry, walks both decks, travels and alights at another physical stop
2026-10-04T15:27:16.9805319Z   ---
2026-10-04T15:27:16.9805736Z   duration_ms: 23283.835018
2026-10-04T15:27:16.9806184Z   type: 'test'
2026-10-04T15:27:16.9806557Z   ...
2026-10-04T15:27:16.9807630Z # Subtest: interior visits preserve street traffic, sample service clocks and resident phases
2026-10-04T15:27:16.9809194Z ok 102 - interior visits preserve street traffic, sample service clocks and resident phases
2026-10-04T15:27:16.9810468Z   ---
2026-10-04T15:27:16.9811085Z   duration_ms: 2045.367012
2026-10-04T15:27:16.9811757Z   type: 'test'
2026-10-04T15:27:16.9812342Z   ...
2026-10-04T15:27:16.9813592Z # Subtest: safeSave restores real commuting tickets, economic paths and delayed dwell before another tick
2026-10-04T15:27:16.9815378Z ok 103 - safeSave restores real commuting tickets, economic paths and delayed dwell before another tick
2026-10-04T15:27:16.9816555Z   ---
2026-10-04T15:27:16.9816974Z   duration_ms: 38261.045235
2026-10-04T15:27:16.9817389Z   type: 'test'
2026-10-04T15:27:16.9817723Z   ...
2026-10-04T15:27:16.9818518Z # Subtest: fresh binding and malformed saved sample fields leave finite clean street state
2026-10-04T15:27:16.9819692Z ok 104 - fresh binding and malformed saved sample fields leave finite clean street state
2026-10-04T15:27:16.9820659Z   ---
2026-10-04T15:27:16.9820993Z   duration_ms: 3032.22442
2026-10-04T15:27:16.9821372Z   type: 'test'
2026-10-04T15:27:16.9821689Z   ...
2026-10-04T15:27:16.9822604Z # Subtest: fixed simulation and render updates remain separate, with bounded collector-height tram wires
2026-10-04T15:27:16.9824335Z ok 105 - fixed simulation and render updates remain separate, with bounded collector-height tram wires
2026-10-04T15:27:16.9825163Z   ---
2026-10-04T15:27:16.9825499Z   duration_ms: 4630.645126
2026-10-04T15:27:16.9825884Z   type: 'test'
2026-10-04T15:27:16.9826201Z   ...
2026-10-04T15:27:16.9827461Z # Subtest: a restored south-shore signal clock controls real cars, rendered lights and crossing residents while north traffic keeps its original clock
2026-10-04T15:27:16.9829469Z ok 106 - a restored south-shore signal clock controls real cars, rendered lights and crossing residents while north traffic keeps its original clock
2026-10-04T15:27:16.9830755Z   ---
2026-10-04T15:27:16.9831082Z   duration_ms: 284.26673
2026-10-04T15:27:16.9831477Z   type: 'test'
2026-10-04T15:27:16.9831796Z   ...
2026-10-04T15:27:16.9832731Z # Subtest: ordinary city steps yield the long bus to a real resident already crossing, including after save/load
2026-10-04T15:27:16.9834193Z ok 107 - ordinary city steps yield the long bus to a real resident already crossing, including after save/load
2026-10-04T15:27:16.9835037Z   ---
2026-10-04T15:27:16.9835356Z   duration_ms: 4054.500945
2026-10-04T15:27:16.9835748Z   type: 'test'
2026-10-04T15:27:16.9836065Z   ...
2026-10-04T15:27:17.0462592Z # Subtest: harbor towers occupy land behind a continuous shore and have authored geometric crowns
2026-10-04T15:27:17.0464345Z ok 108 - harbor towers occupy land behind a continuous shore and have authored geometric crowns
2026-10-04T15:27:17.0465440Z   ---
2026-10-04T15:27:17.0465982Z   duration_ms: 30.220814
2026-10-04T15:27:17.0466633Z   type: 'test'
2026-10-04T15:27:17.0466966Z   ...
2026-10-04T15:27:17.0467810Z # Subtest: the actual eye-level promenade camera sees multiple distinct towers across open water
2026-10-04T15:27:17.0469096Z ok 109 - the actual eye-level promenade camera sees multiple distinct towers across open water
2026-10-04T15:27:17.0470045Z   ---
2026-10-04T15:27:17.0470387Z   duration_ms: 74.725332
2026-10-04T15:27:17.0470778Z   type: 'test'
2026-10-04T15:27:17.0471516Z   ...
2026-10-04T15:27:17.0472438Z # Subtest: all three harbor viewpoints are reached on existing real pavement with the full player radius
2026-10-04T15:27:17.0473830Z ok 110 - all three harbor viewpoints are reached on existing real pavement with the full player radius
2026-10-04T15:27:17.0474627Z   ---
2026-10-04T15:27:17.0474950Z   duration_ms: 307.116443
2026-10-04T15:27:17.0475333Z   type: 'test'
2026-10-04T15:27:17.0475662Z   ...
2026-10-04T15:27:17.0476601Z # Subtest: walking inland across the former support edge stays on the rendered shore and mountain triangles
2026-10-04T15:27:17.0478018Z ok 111 - walking inland across the former support edge stays on the rendered shore and mountain triangles
2026-10-04T15:27:17.0478831Z   ---
2026-10-04T15:27:17.0479156Z   duration_ms: 426.980566
2026-10-04T15:27:17.0479544Z   type: 'test'
2026-10-04T15:27:17.0480050Z   ...
2026-10-04T15:27:17.0481002Z # Subtest: view distance streams and disposes real facade details without changing skyline massing or quality
2026-10-04T15:27:17.0482547Z ok 112 - view distance streams and disposes real facade details without changing skyline massing or quality
2026-10-04T15:27:17.0483385Z   ---
2026-10-04T15:27:17.0483656Z   duration_ms: 36.446062
2026-10-04T15:27:17.0483898Z   type: 'test'
2026-10-04T15:27:17.0484095Z   ...
2026-10-04T15:27:17.0484550Z # Subtest: small window bays use metre UVs and sparse office lights follow the world clock
2026-10-04T15:27:17.0485222Z ok 113 - small window bays use metre UVs and sparse office lights follow the world clock
2026-10-04T15:27:17.0485633Z   ---
2026-10-04T15:27:17.0485821Z   duration_ms: 20.810738
2026-10-04T15:27:17.0486043Z   type: 'test'
2026-10-04T15:27:17.0486231Z   ...
2026-10-04T15:27:17.0486689Z # Subtest: shared shore support ends at the visible coastline and preserves water outside it
2026-10-04T15:27:17.0487375Z ok 114 - shared shore support ends at the visible coastline and preserves water outside it
2026-10-04T15:27:17.0487790Z   ---
2026-10-04T15:27:17.0487987Z   duration_ms: 1.950219
2026-10-04T15:27:17.0488387Z   type: 'test'
2026-10-04T15:27:17.0488586Z   ...
2026-10-04T15:27:17.0489114Z # Subtest: client and multiplayer server support match raycast triangles on both sides of ridge diagonals
2026-10-04T15:27:17.0490198Z ok 115 - client and multiplayer server support match raycast triangles on both sides of ridge diagonals
2026-10-04T15:27:17.0491056Z   ---
2026-10-04T15:27:17.0491388Z   duration_ms: 210.64172
2026-10-04T15:27:17.0491778Z   type: 'test'
2026-10-04T15:27:17.0492096Z   ...
2026-10-04T15:27:17.0493017Z # Subtest: multiplayer support retains reachable infrastructure decks and the road beneath an underpass
2026-10-04T15:27:17.0494036Z ok 116 - multiplayer support retains reachable infrastructure decks and the road beneath an underpass
2026-10-04T15:27:17.0494568Z   ---
2026-10-04T15:27:17.0494907Z   duration_ms: 0.303768
2026-10-04T15:27:17.0495289Z   type: 'test'
2026-10-04T15:27:17.0495611Z   ...
2026-10-04T15:27:17.0496096Z # Subtest: every original service fits its existing street or water corridor for a whole circuit
2026-10-04T15:27:17.0496834Z ok 117 - every original service fits its existing street or water corridor for a whole circuit
2026-10-04T15:27:17.0497275Z   ---
2026-10-04T15:27:17.0497471Z   duration_ms: 1506.963086
2026-10-04T15:27:17.0497714Z   type: 'test'
2026-10-04T15:27:17.0497908Z   ...
2026-10-04T15:27:17.0498396Z # Subtest: bus: walk through the boarding door, upstairs, along the upper aisle and back downstairs
2026-10-04T15:27:17.0499143Z ok 118 - bus: walk through the boarding door, upstairs, along the upper aisle and back downstairs
2026-10-04T15:27:17.0499578Z   ---
2026-10-04T15:27:17.0499765Z   duration_ms: 128.308346
2026-10-04T15:27:17.0500338Z   type: 'test'
2026-10-04T15:27:17.0500545Z   ...
2026-10-04T15:27:17.0501032Z # Subtest: tram: walk through the boarding door, upstairs, along the upper aisle and back downstairs
2026-10-04T15:27:17.0501768Z ok 119 - tram: walk through the boarding door, upstairs, along the upper aisle and back downstairs
2026-10-04T15:27:17.0502394Z   ---
2026-10-04T15:27:17.0502591Z   duration_ms: 111.020999
2026-10-04T15:27:17.0502812Z   type: 'test'
2026-10-04T15:27:17.0503006Z   ...
2026-10-04T15:27:17.0503482Z # Subtest: ferry: walk through the boarding door, upstairs, along the upper aisle and back downstairs
2026-10-04T15:27:17.0504227Z ok 120 - ferry: walk through the boarding door, upstairs, along the upper aisle and back downstairs
2026-10-04T15:27:17.0504705Z   ---
2026-10-04T15:27:17.0504891Z   duration_ms: 162.498709
2026-10-04T15:27:17.0505124Z   type: 'test'
2026-10-04T15:27:17.0505312Z   ...
2026-10-04T15:27:17.0505822Z # Subtest: passenger seats, closed doors and end walls reject movement rather than pinning the passenger
2026-10-04T15:27:17.0506603Z ok 121 - passenger seats, closed doors and end walls reject movement rather than pinning the passenger
2026-10-04T15:27:17.0507064Z   ---
2026-10-04T15:27:17.0507255Z   duration_ms: 14.613271
2026-10-04T15:27:17.0507477Z   type: 'test'
2026-10-04T15:27:17.0507678Z   ...
2026-10-04T15:27:17.0508082Z # Subtest: ten minutes of independent timetables keep bus and tram bodies apart
2026-10-04T15:27:17.0508683Z ok 122 - ten minutes of independent timetables keep bus and tram bodies apart
2026-10-04T15:27:17.0509061Z   ---
2026-10-04T15:27:17.0509250Z   duration_ms: 647.154318
2026-10-04T15:27:17.0509481Z   type: 'test'
2026-10-04T15:27:17.0509665Z   ...
2026-10-04T15:27:17.0510525Z # Subtest: external traffic stops the bus before contact and the delayed timetable resumes
2026-10-04T15:27:17.0511684Z ok 123 - external traffic stops the bus before contact and the delayed timetable resumes
2026-10-04T15:27:17.0512103Z   ---
2026-10-04T15:27:17.0512300Z   duration_ms: 39.584915
2026-10-04T15:27:17.0512521Z   type: 'test'
2026-10-04T15:27:17.0512709Z   ...
2026-10-04T15:27:17.0513198Z # Subtest: saving restores stop dwell and delayed schedules without placing a load inside a vehicle
2026-10-04T15:27:17.0513967Z ok 124 - saving restores stop dwell and delayed schedules without placing a load inside a vehicle
2026-10-04T15:27:17.0514572Z   ---
2026-10-04T15:27:17.0514782Z   duration_ms: 15.578355
2026-10-04T15:27:17.0515011Z   type: 'test'
2026-10-04T15:27:17.0515199Z   ...
2026-10-04T15:27:17.0515671Z # Subtest: citizens board a real stop, travel in the moving cabin and alight at a different stop
2026-10-04T15:27:17.0516385Z ok 125 - citizens board a real stop, travel in the moving cabin and alight at a different stop
2026-10-04T15:27:17.0516812Z   ---
2026-10-04T15:27:17.0517006Z   duration_ms: 57.007334
2026-10-04T15:27:17.0517226Z   type: 'test'
2026-10-04T15:27:17.0517412Z   ...
2026-10-04T15:27:17.0517832Z # Subtest: a saved boarding token, door hold and citizen cabin pose continue after load
2026-10-04T15:27:17.0518473Z ok 126 - a saved boarding token, door hold and citizen cabin pose continue after load
2026-10-04T15:27:17.0518871Z   ---
2026-10-04T15:27:17.0519055Z   duration_ms: 26.134931
2026-10-04T15:27:17.0519273Z   type: 'test'
2026-10-04T15:27:17.0519463Z   ...
2026-10-04T15:27:17.0520370Z # Subtest: both ferry piers can be walked from real street height over the sea wall and match rendered support
2026-10-04T15:27:17.0521208Z ok 127 - both ferry piers can be walked from real street height over the sea wall and match rendered support
2026-10-04T15:27:17.0521676Z   ---
2026-10-04T15:27:17.0521871Z   duration_ms: 1547.310137
2026-10-04T15:27:17.0522102Z   type: 'test'
2026-10-04T15:27:17.0522288Z   ...
2026-10-04T15:27:17.0522885Z # Subtest: sixteen static batches retain all 101 original transforms, materials and shadow flags with independent bank bounds
2026-10-04T15:27:17.0523839Z ok 128 - sixteen static batches retain all 101 original transforms, materials and shadow flags with independent bank bounds
2026-10-04T15:27:17.0524365Z   ---
2026-10-04T15:27:17.0524553Z   duration_ms: 40.356199
2026-10-04T15:27:17.0524769Z   type: 'test'
2026-10-04T15:27:17.0524963Z   ...
2026-10-04T15:27:17.0525524Z # Subtest: static instances stay shared while ferry gangways, eleven canvas signs and the live fleet remain independent
2026-10-04T15:27:17.0526575Z ok 129 - static instances stay shared while ferry gangways, eleven canvas signs and the live fleet remain independent
2026-10-04T15:27:17.0527092Z   ---
2026-10-04T15:27:17.0527286Z   duration_ms: 104.567732
2026-10-04T15:27:17.0527513Z   type: 'test'
2026-10-04T15:27:17.0527708Z   ...
2026-10-04T15:27:17.0528223Z # Subtest: bus at its actual eight-metre curb lane brakes before red, restores its queue and resumes on green
2026-10-04T15:27:17.0529030Z ok 130 - bus at its actual eight-metre curb lane brakes before red, restores its queue and resumes on green
2026-10-04T15:27:17.0529512Z   ---
2026-10-04T15:27:17.0529700Z   duration_ms: 41.27699
2026-10-04T15:27:17.0530313Z   type: 'test'
2026-10-04T15:27:17.0530659Z   ...
2026-10-04T15:27:17.0531607Z # Subtest: tram at its actual eight-metre curb lane brakes before red, restores its queue and resumes on green
2026-10-04T15:27:17.0533080Z ok 131 - tram at its actual eight-metre curb lane brakes before red, restores its queue and resumes on green
2026-10-04T15:27:17.0533925Z   ---
2026-10-04T15:27:17.0534247Z   duration_ms: 49.29208
2026-10-04T15:27:17.0534619Z   type: 'test'
2026-10-04T15:27:17.0534940Z   ...
2026-10-04T15:27:17.0535789Z # Subtest: a vehicle already admitted through green clears a newly red junction after save/load
2026-10-04T15:27:17.0537069Z ok 132 - a vehicle already admitted through green clears a newly red junction after save/load
2026-10-04T15:27:17.0537819Z   ---
2026-10-04T15:27:17.0538147Z   duration_ms: 46.008393
2026-10-04T15:27:17.0538528Z   type: 'test'
2026-10-04T15:27:17.0538849Z   ...
2026-10-04T15:27:17.0540064Z # Subtest: the shared pedestrian stop-distance hook protects the bus front, persists its wait and excludes the ferry
2026-10-04T15:27:17.0541667Z ok 133 - the shared pedestrian stop-distance hook protects the bus front, persists its wait and excludes the ferry
2026-10-04T15:27:17.0542552Z   ---
2026-10-04T15:27:17.0542886Z   duration_ms: 70.516763
2026-10-04T15:27:17.0543275Z   type: 'test'
2026-10-04T15:27:17.0543772Z   ...
2026-10-04T15:27:17.0544682Z # Subtest: harbor assets have finite geometry and actual closed/open bounds inside their metre envelopes
2026-10-04T15:27:17.0546106Z ok 134 - harbor assets have finite geometry and actual closed/open bounds inside their metre envelopes
2026-10-04T15:27:17.0546915Z   ---
2026-10-04T15:27:17.0547241Z   duration_ms: 1626.319536
2026-10-04T15:27:17.0547641Z   type: 'test'
2026-10-04T15:27:17.0547964Z   ...
2026-10-04T15:27:17.0548799Z # Subtest: both decks, all portals and stair landings remain reachable by the declared passenger capsule
2026-10-04T15:27:17.0549604Z ok 135 - both decks, all portals and stair landings remain reachable by the declared passenger capsule
2026-10-04T15:27:17.0550226Z   ---
2026-10-04T15:27:17.0550416Z   duration_ms: 15.188699
2026-10-04T15:27:17.0550644Z   type: 'test'
2026-10-04T15:27:17.0550832Z   ...
2026-10-04T15:27:17.0551310Z # Subtest: open doorway geometry clears a full body at both jambs, and closed leaves block passage
2026-10-04T15:27:17.0552051Z ok 136 - open doorway geometry clears a full body at both jambs, and closed leaves block passage
2026-10-04T15:27:17.0552488Z   ---
2026-10-04T15:27:17.0552680Z   duration_ms: 629.304194
2026-10-04T15:27:17.0552907Z   type: 'test'
2026-10-04T15:27:17.0553104Z   ...
2026-10-04T15:27:17.0553568Z # Subtest: actual stair mesh and ceilings leave standing headroom across the entire companionway
2026-10-04T15:27:17.0554801Z ok 137 - actual stair mesh and ceilings leave standing headroom across the entire companionway
2026-10-04T15:27:17.0555628Z   ---
2026-10-04T15:27:17.0555980Z   duration_ms: 2307.127225
2026-10-04T15:27:17.0556400Z   type: 'test'
2026-10-04T15:27:17.0556754Z   ...
2026-10-04T15:27:17.0557713Z # Subtest: ferry support and side collision narrow with its bow rather than exposing square deck overhangs
2026-10-04T15:27:17.0559213Z ok 138 - ferry support and side collision narrow with its bow rather than exposing square deck overhangs
2026-10-04T15:27:17.0560613Z   ---
2026-10-04T15:27:17.0560973Z   duration_ms: 1.200767
2026-10-04T15:27:17.0561365Z   type: 'test'
2026-10-04T15:27:17.0561710Z   ...
2026-10-04T15:27:17.0562821Z # Subtest: LOD budgets, original provenance and material response are explicit and lighting updates are instance-local
2026-10-04T15:27:17.0564562Z ok 139 - LOD budgets, original provenance and material response are explicit and lighting updates are instance-local
2026-10-04T15:27:17.0565542Z   ---
2026-10-04T15:27:17.0565889Z   duration_ms: 35.306651
2026-10-04T15:27:17.0566302Z   type: 'test'
2026-10-04T15:27:17.0566654Z   ...
2026-10-04T15:27:17.0567645Z # Subtest: instance disposal is idempotent and preserves shared geometry used by remaining vehicles and all LODs
2026-10-04T15:27:17.0568785Z ok 140 - instance disposal is idempotent and preserves shared geometry used by remaining vehicles and all LODs
2026-10-04T15:27:17.0569280Z   ---
2026-10-04T15:27:17.0569620Z   duration_ms: 16.59959
2026-10-04T15:27:17.0570226Z   type: 'test'
2026-10-04T15:27:17.0570568Z   ...
2026-10-04T15:27:17.0571285Z # Subtest: closed cabin actually blocks the former gap above the door leaves
2026-10-04T15:27:17.0572302Z ok 141 - closed cabin actually blocks the former gap above the door leaves
2026-10-04T15:27:17.0573086Z   ---
2026-10-04T15:27:17.0573422Z   duration_ms: 145.288985
2026-10-04T15:27:17.0573812Z   type: 'test'
2026-10-04T15:27:17.0574137Z   ...
2026-10-04T15:27:17.0574945Z # Subtest: cabin occlusion follows actual camera bounds and restores city before doors open
2026-10-04T15:27:17.0576186Z ok 142 - cabin occlusion follows actual camera bounds and restores city before doors open
2026-10-04T15:27:17.0576922Z   ---
2026-10-04T15:27:17.0577252Z   duration_ms: 2557.7474
2026-10-04T15:27:17.0577639Z   type: 'test'
2026-10-04T15:27:17.0577963Z   ...
2026-10-04T15:27:17.0578853Z # Subtest: ordinary third-person camera retracts behind the safety door throughout the high lift ride
2026-10-04T15:27:17.0580648Z ok 143 - ordinary third-person camera retracts behind the safety door throughout the high lift ride
2026-10-04T15:27:17.0581485Z   ---
2026-10-04T15:27:17.0581873Z   duration_ms: 146.590325
2026-10-04T15:27:17.0582271Z   type: 'test'
2026-10-04T15:27:17.0582595Z   ...
2026-10-04T15:27:17.0583410Z # Subtest: moving lift carries the normal low-pitch camera at 60 Hz without a floor-level view
2026-10-04T15:27:17.0584660Z ok 144 - moving lift carries the normal low-pitch camera at 60 Hz without a floor-level view
2026-10-04T15:27:17.0585400Z   ---
2026-10-04T15:27:17.0585723Z   duration_ms: 104.922657
2026-10-04T15:27:17.0586106Z   type: 'test'
2026-10-04T15:27:17.0586429Z   ...
2026-10-04T15:27:17.0587227Z # Subtest: moving lift carries the normal low-pitch camera at 4 Hz without a floor-level view
2026-10-04T15:27:17.0588455Z ok 145 - moving lift carries the normal low-pitch camera at 4 Hz without a floor-level view
2026-10-04T15:27:17.0589190Z   ---
2026-10-04T15:27:17.0589510Z   duration_ms: 27.618877
2026-10-04T15:27:17.0590075Z   type: 'test'
2026-10-04T15:27:17.0590416Z   ...
2026-10-04T15:27:17.0591156Z # Subtest: west-link: a pedestrian walks up, across and down without height mutation
2026-10-04T15:27:17.0592273Z ok 146 - west-link: a pedestrian walks up, across and down without height mutation
2026-10-04T15:27:17.0592959Z   ---
2026-10-04T15:27:17.0593276Z   duration_ms: 1241.364368
2026-10-04T15:27:17.0593664Z   type: 'test'
2026-10-04T15:27:17.0593983Z   ...
2026-10-04T15:27:17.0594665Z # {"maximum":8,"maximumStep":0.010181811998556611,"seconds":87.48333333332965}
2026-10-04T15:27:17.0595711Z # Subtest: west-link: a car drives both ramps and saves on a safe ground entrance
2026-10-04T15:27:17.0596767Z ok 147 - west-link: a car drives both ramps and saves on a safe ground entrance
2026-10-04T15:27:17.0597425Z   ---
2026-10-04T15:27:17.0597749Z   duration_ms: 1163.416424
2026-10-04T15:27:17.0598136Z   type: 'test'
2026-10-04T15:27:17.0598463Z   ...
2026-10-04T15:27:17.0599151Z # {"maximum":8.001,"maximumStep":0.04337433879758379,"seconds":21.883333333333372}
2026-10-04T15:27:17.0600626Z # Subtest: east-link: a pedestrian walks up, across and down without height mutation
2026-10-04T15:27:17.0601749Z ok 148 - east-link: a pedestrian walks up, across and down without height mutation
2026-10-04T15:27:17.0602443Z   ---
2026-10-04T15:27:17.0603157Z   duration_ms: 1368.615807
2026-10-04T15:27:17.0603739Z   type: 'test'
2026-10-04T15:27:17.0604269Z   ...
2026-10-04T15:27:17.0605127Z # {"maximum":9,"maximumStep":0.01049999775308752,"seconds":130.34999999999587}
2026-10-04T15:27:17.0606343Z # Subtest: east-link: a car drives both ramps and saves on a safe ground entrance
2026-10-04T15:27:17.0607558Z ok 149 - east-link: a car drives both ramps and saves on a safe ground entrance
2026-10-04T15:27:17.0608429Z   ---
2026-10-04T15:27:17.0608972Z   duration_ms: 1423.79626
2026-10-04T15:27:17.0609492Z   type: 'test'
2026-10-04T15:27:17.0621150Z   ...
2026-10-04T15:27:17.0621909Z # {"maximum":9.001,"maximumStep":0.0447177873670066,"seconds":31.983333333332798}
2026-10-04T15:27:17.0622819Z # Subtest: a pedestrian reaches the public freight-port promenade and walks back over the sea wall
2026-10-04T15:27:17.0623668Z ok 150 - a pedestrian reaches the public freight-port promenade and walks back over the sea wall
2026-10-04T15:27:17.0624139Z   ---
2026-10-04T15:27:17.0624347Z   duration_ms: 388.00821
2026-10-04T15:27:17.0624595Z   type: 'test'
2026-10-04T15:27:17.0624803Z   ...
2026-10-04T15:27:17.0625634Z # {"outbound":{"maximum":2.4,"maximumStep":0.017683754768263338,"seconds":16.95000000000032},"inbound":{"maximum":2.4,"maximumStep":0.017683754768263338,"seconds":16.933333333332374}}
2026-10-04T15:27:17.0626544Z # Subtest: cars cross below both flyovers without being lifted onto the deck
2026-10-04T15:27:17.0627121Z ok 151 - cars cross below both flyovers without being lifted onto the deck
2026-10-04T15:27:17.0627490Z   ---
2026-10-04T15:27:17.0627701Z   duration_ms: 78.909427
2026-10-04T15:27:17.0627934Z   type: 'test'
2026-10-04T15:27:17.0628137Z   ...
2026-10-04T15:27:17.0628909Z # Subtest: added piers and street equipment leave existing north-shore traffic crossings open
2026-10-04T15:27:17.0629670Z ok 152 - added piers and street equipment leave existing north-shore traffic crossings open
2026-10-04T15:27:17.0630717Z   ---
2026-10-04T15:27:17.0631070Z   duration_ms: 473.246762
2026-10-04T15:27:17.0631474Z   type: 'test'
2026-10-04T15:27:17.0631806Z   ...
2026-10-04T15:27:17.0632641Z # Subtest: every address has an explicit entrance, frontage, roof, and unique physical signature
2026-10-04T15:27:17.0633918Z ok 153 - every address has an explicit entrance, frontage, roof, and unique physical signature
2026-10-04T15:27:17.0634674Z   ---
2026-10-04T15:27:17.0634925Z   duration_ms: 2.273785
2026-10-04T15:27:17.0635169Z   type: 'test'
2026-10-04T15:27:17.0635366Z   ...
2026-10-04T15:27:17.0635863Z # Subtest: all 192 authored display fronts are visible chunk geometry and clear the central approach
2026-10-04T15:27:17.0636641Z ok 154 - all 192 authored display fronts are visible chunk geometry and clear the central approach
2026-10-04T15:27:17.0637088Z   ---
2026-10-04T15:27:17.0637280Z   duration_ms: 4.592583
2026-10-04T15:27:17.0637502Z   type: 'test'
2026-10-04T15:27:17.0637701Z   ...
2026-10-04T15:27:17.0638171Z # Subtest: shop lettering preserves its physical aspect ratio and uses ordinary UV projection
2026-10-04T15:27:17.0638917Z ok 155 - shop lettering preserves its physical aspect ratio and uses ordinary UV projection
2026-10-04T15:27:17.0639413Z   ---
2026-10-04T15:27:17.0639632Z   duration_ms: 93.494514
2026-10-04T15:27:17.0640041Z   type: 'test'
2026-10-04T15:27:17.0640251Z   ...
2026-10-04T15:27:17.0640699Z # Subtest: upper facade ribs do not obscure retail signs or the entrance canopy
2026-10-04T15:27:17.0641348Z ok 156 - upper facade ribs do not obscure retail signs or the entrance canopy
2026-10-04T15:27:17.0641763Z   ---
2026-10-04T15:27:17.0641983Z   duration_ms: 16.693284
2026-10-04T15:27:17.0642237Z   type: 'test'
2026-10-04T15:27:17.0642679Z   ...
2026-10-04T15:27:17.0643206Z # Subtest: retail counters and collision agree at adult scale, with small goods resting on top
2026-10-04T15:27:17.0643970Z ok 157 - retail counters and collision agree at adult scale, with small goods resting on top
2026-10-04T15:27:17.0644440Z   ---
2026-10-04T15:27:17.0644644Z   duration_ms: 52.855295
2026-10-04T15:27:17.0644892Z   type: 'test'
2026-10-04T15:27:17.0645106Z   ...
2026-10-04T15:27:17.0645537Z # Subtest: human-scale motifs and curved components survive actual chunk export
2026-10-04T15:27:17.0646180Z ok 158 - human-scale motifs and curved components survive actual chunk export
2026-10-04T15:27:17.0646587Z   ---
2026-10-04T15:27:17.0646809Z   duration_ms: 322.420345
2026-10-04T15:27:17.0647065Z   type: 'test'
2026-10-04T15:27:17.0647276Z   ...
2026-10-04T15:27:17.0647767Z # Subtest: additional architectural detail stays streamed and within bounded chunk budgets
2026-10-04T15:27:17.0648524Z ok 159 - additional architectural detail stays streamed and within bounded chunk budgets
2026-10-04T15:27:17.0649020Z   ---
2026-10-04T15:27:17.0649217Z   duration_ms: 35.421233
2026-10-04T15:27:17.0649485Z   type: 'test'
2026-10-04T15:27:17.0649697Z   ...
2026-10-04T15:27:17.0650326Z # Subtest: architectural refinement retains the full wide lobby approach at every address
2026-10-04T15:27:17.0651065Z ok 160 - architectural refinement retains the full wide lobby approach at every address
2026-10-04T15:27:17.0651522Z   ---
2026-10-04T15:27:17.0651734Z   duration_ms: 7.135842
2026-10-04T15:27:17.0651988Z   type: 'test'
2026-10-04T15:27:17.0652197Z   ...
2026-10-04T15:27:17.0652676Z # Subtest: address-specific sign materials are disposed along with their streamed district
2026-10-04T15:27:17.0653441Z ok 161 - address-specific sign materials are disposed along with their streamed district
2026-10-04T15:27:17.0653886Z   ---
2026-10-04T15:27:17.0654081Z   duration_ms: 145.725052
2026-10-04T15:27:17.0654314Z   type: 'test'
2026-10-04T15:27:17.0654513Z   ...
2026-10-04T15:27:17.0655082Z # Subtest: an underpass and its upper carriageway stay independent at the same x/z
2026-10-04T15:27:17.0655729Z ok 162 - an underpass and its upper carriageway stay independent at the same x/z
2026-10-04T15:27:17.0656128Z   ---
2026-10-04T15:27:17.0656320Z   duration_ms: 10.880348
2026-10-04T15:27:17.0656549Z   type: 'test'
2026-10-04T15:27:17.0656750Z   ...
2026-10-04T15:27:17.0657864Z # Subtest: both directions of both ramps support a continuous pedestrian journey without an elevation snap
2026-10-04T15:27:17.0659071Z ok 163 - both directions of both ramps support a continuous pedestrian journey without an elevation snap
2026-10-04T15:27:17.0660289Z   ---
2026-10-04T15:27:17.0660645Z   duration_ms: 637.235928
2026-10-04T15:27:17.0661030Z   type: 'test'
2026-10-04T15:27:17.0661329Z   ...
2026-10-04T15:27:17.0662201Z # Subtest: four-wheel car support follows both complete flyovers without jumping level or striking a collider
2026-10-04T15:27:17.0663648Z ok 164 - four-wheel car support follows both complete flyovers without jumping level or striking a collider
2026-10-04T15:27:17.0664450Z   ---
2026-10-04T15:27:17.0664757Z   duration_ms: 952.718244
2026-10-04T15:27:17.0665133Z   type: 'test'
2026-10-04T15:27:17.0665440Z   ...
2026-10-04T15:27:17.0666218Z # Subtest: rendered carriageway tops agree with the analytical support profile to one centimetre
2026-10-04T15:27:17.0667406Z ok 165 - rendered carriageway tops agree with the analytical support profile to one centimetre
2026-10-04T15:27:17.0668123Z   ---
2026-10-04T15:27:17.0668419Z   duration_ms: 1.075913
2026-10-04T15:27:17.0668803Z   type: 'test'
2026-10-04T15:27:17.0669111Z   ...
2026-10-04T15:27:17.0670260Z # Subtest: cross-streets retain a clear path below the flyovers and bridge piers remain outside carriageways
2026-10-04T15:27:17.0671719Z ok 166 - cross-streets retain a clear path below the flyovers and bridge piers remain outside carriageways
2026-10-04T15:27:17.0672545Z   ---
2026-10-04T15:27:17.0672859Z   duration_ms: 28.488555
2026-10-04T15:27:17.0673450Z   type: 'test'
2026-10-04T15:27:17.0673772Z   ...
2026-10-04T15:27:17.0674616Z # Subtest: freight access rises continuously over the original seawall and reaches a real clear deck
2026-10-04T15:27:17.0675977Z ok 167 - freight access rises continuously over the original seawall and reaches a real clear deck
2026-10-04T15:27:17.0676772Z   ---
2026-10-04T15:27:17.0677089Z   duration_ms: 49.851661
2026-10-04T15:27:17.0677460Z   type: 'test'
2026-10-04T15:27:17.0677791Z   ...
2026-10-04T15:27:17.0678636Z # Subtest: station additions preserve every building entrance, transit entrance and ferry passage
2026-10-04T15:27:17.0680189Z ok 168 - station additions preserve every building entrance, transit entrance and ferry passage
2026-10-04T15:27:17.0681020Z   ---
2026-10-04T15:27:17.0681353Z   duration_ms: 12.16948
2026-10-04T15:27:17.0681732Z   type: 'test'
2026-10-04T15:27:17.0682117Z   ...
2026-10-04T15:27:17.0682979Z # Subtest: district culling hides distant detail while keeping local geometry and permanent collisions
2026-10-04T15:27:17.0684413Z ok 169 - district culling hides distant detail while keeping local geometry and permanent collisions
2026-10-04T15:27:17.0685288Z   ---
2026-10-04T15:27:17.0685601Z   duration_ms: 0.608258
2026-10-04T15:27:17.0686004Z   type: 'test'
2026-10-04T15:27:17.0686331Z   ...
2026-10-04T15:27:17.0687146Z # Subtest: entry signs face their approach routes and every sign has an opaque blank reverse
2026-10-04T15:27:17.0688140Z ok 170 - entry signs face their approach routes and every sign has an opaque blank reverse
2026-10-04T15:27:17.0688568Z   ---
2026-10-04T15:27:17.0688769Z   duration_ms: 38.359704
2026-10-04T15:27:17.0688995Z   type: 'test'
2026-10-04T15:27:17.0689298Z   ...
2026-10-04T15:27:17.0690561Z # Subtest: every one of 48 addresses has distinct furnished programmes, open entrances, and a walkable elevator route
2026-10-04T15:27:17.0692191Z ok 171 - every one of 48 addresses has distinct furnished programmes, open entrances, and a walkable elevator route
2026-10-04T15:27:17.0693140Z   ---
2026-10-04T15:27:17.0693759Z   duration_ms: 1052.541801
2026-10-04T15:27:17.0694233Z   type: 'test'
2026-10-04T15:27:17.0694590Z   ...
2026-10-04T15:27:17.0695689Z # Subtest: all natural floor plans keep furniture collision aligned with visible geometry and guard upper-floor edges
2026-10-04T15:27:17.0697365Z ok 172 - all natural floor plans keep furniture collision aligned with visible geometry and guard upper-floor edges
2026-10-04T15:27:17.0698346Z   ---
2026-10-04T15:27:17.0698708Z   duration_ms: 2532.91666
2026-10-04T15:27:17.0699138Z   type: 'test'
2026-10-04T15:27:17.0699492Z   ...
2026-10-04T15:27:17.0700834Z # Subtest: the tallest lift carries a boarded passenger continuously, closes its doors, and arrives clear of furniture
2026-10-04T15:27:17.0702612Z ok 173 - the tallest lift carries a boarded passenger continuously, closes its doors, and arrives clear of furniture
2026-10-04T15:27:17.0703610Z   ---
2026-10-04T15:27:17.0703970Z   duration_ms: 86.487256
2026-10-04T15:27:17.0704423Z   type: 'test'
2026-10-04T15:27:17.0704807Z   ...
2026-10-04T15:27:17.0705999Z # Subtest: elevator selection validates the passenger still occupies the physical cabin and forced leave clears a moving ride
2026-10-04T15:27:17.0707810Z ok 174 - elevator selection validates the passenger still occupies the physical cabin and forced leave clears a moving ride
2026-10-04T15:27:17.0708867Z   ---
2026-10-04T15:27:17.0709226Z   duration_ms: 23.158459
2026-10-04T15:27:17.0709666Z   type: 'test'
2026-10-04T15:27:17.0710298Z   ...
2026-10-04T15:27:17.0711424Z # Subtest: interiors use textured shared finishes but transparent local glazing, and refresh copied player snapshots
2026-10-04T15:27:17.0713099Z ok 175 - interiors use textured shared finishes but transparent local glazing, and refresh copied player snapshots
2026-10-04T15:27:17.0714005Z   ---
2026-10-04T15:27:17.0714336Z   duration_ms: 18.261487
2026-10-04T15:27:17.0714734Z   type: 'test'
2026-10-04T15:27:17.0715067Z   ...
2026-10-04T15:27:17.0716303Z # Subtest: entering and leaving rooms preserves the global point-light shader budget without changing outdoor daylight
2026-10-04T15:27:17.0717897Z ok 176 - entering and leaving rooms preserves the global point-light shader budget without changing outdoor daylight
2026-10-04T15:27:17.0718718Z   ---
2026-10-04T15:27:17.0719045Z   duration_ms: 26.17855
2026-10-04T15:27:17.0719420Z   type: 'test'
2026-10-04T15:27:17.0720092Z   ...
2026-10-04T15:27:17.0721186Z # Subtest: every natural stair flight carries ordinary walking up and down all occupied floors without teleporting
2026-10-04T15:27:17.0722198Z ok 177 - every natural stair flight carries ordinary walking up and down all occupied floors without teleporting
2026-10-04T15:27:17.0722860Z   ---
2026-10-04T15:27:17.0723100Z   duration_ms: 23546.867087
2026-10-04T15:27:17.0723340Z   type: 'test'
2026-10-04T15:27:17.0723541Z   ...
2026-10-04T15:27:17.0724033Z # Subtest: stair treads, nosings, landings and cutouts agree with continuous-world support geometry
2026-10-04T15:27:17.0724805Z ok 178 - stair treads, nosings, landings and cutouts agree with continuous-world support geometry
2026-10-04T15:27:17.0725256Z   ---
2026-10-04T15:27:17.0725456Z   duration_ms: 5872.128453
2026-10-04T15:27:17.0725685Z   type: 'test'
2026-10-04T15:27:17.0725874Z   ...
2026-10-04T15:27:17.0726346Z # Subtest: the upper stair opening guards its wrong end without a four-metre ground-height snap
2026-10-04T15:27:17.0727072Z ok 179 - the upper stair opening guards its wrong end without a four-metre ground-height snap
2026-10-04T15:27:17.0727504Z   ---
2026-10-04T15:27:17.0727708Z   duration_ms: 33.800318
2026-10-04T15:27:17.0727937Z   type: 'test'
2026-10-04T15:27:17.0728192Z   ...
2026-10-04T15:27:17.0729332Z # Subtest: hidden enclosed floors keep their collision and furnishings resident while the stair opening reveals adjacent floors
2026-10-04T15:27:17.0731365Z ok 180 - hidden enclosed floors keep their collision and furnishings resident while the stair opening reveals adjacent floors
2026-10-04T15:27:17.0732375Z   ---
2026-10-04T15:27:17.0732902Z   duration_ms: 9.402742
2026-10-04T15:27:17.0733297Z   type: 'test'
2026-10-04T15:27:17.0733625Z   ...
2026-10-04T15:27:17.0734527Z # Subtest: painted corridor ceilings sit below the stone slab above instead of exposing its underside
2026-10-04T15:27:17.0735943Z ok 181 - painted corridor ceilings sit below the stone slab above instead of exposing its underside
2026-10-04T15:27:17.0736759Z   ---
2026-10-04T15:27:17.0737084Z   duration_ms: 94.753287
2026-10-04T15:27:17.0737473Z   type: 'test'
2026-10-04T15:27:17.0737799Z   ...
2026-10-04T15:27:17.0738848Z # Subtest: occupied finishes retain matte microtexture and modest indirect light with the same two-point-light budget
2026-10-04T15:27:17.0740733Z ok 182 - occupied finishes retain matte microtexture and modest indirect light with the same two-point-light budget
2026-10-04T15:27:17.0741674Z   ---
2026-10-04T15:27:17.0741994Z   duration_ms: 8.325046
2026-10-04T15:27:17.0742384Z   type: 'test'
2026-10-04T15:27:17.0742711Z   ...
2026-10-04T15:27:17.0743595Z # Subtest: all 48 closed pedestrian routes remain on pavements and outside every building envelope
2026-10-04T15:27:17.0745010Z ok 183 - all 48 closed pedestrian routes remain on pavements and outside every building envelope
2026-10-04T15:27:17.0745818Z   ---
2026-10-04T15:27:17.0746154Z   duration_ms: 201.441443
2026-10-04T15:27:17.0746548Z   type: 'test'
2026-10-04T15:27:17.0746877Z   ...
2026-10-04T15:27:17.0747753Z # Subtest: population has continuous persistent identities, social groups and eight original wardrobes
2026-10-04T15:27:17.0749094Z ok 184 - population has continuous persistent identities, social groups and eight original wardrobes
2026-10-04T15:27:17.0750032Z   ---
2026-10-04T15:27:17.0750336Z   duration_ms: 609.379784
2026-10-04T15:27:17.0750698Z   type: 'test'
2026-10-04T15:27:17.0751011Z   ...
2026-10-04T15:27:17.0751819Z # Subtest: distance streaming enforces entity budgets and unloads the entire crowd beyond the city
2026-10-04T15:27:17.0753351Z ok 185 - distance streaming enforces entity budgets and unloads the entire crowd beyond the city
2026-10-04T15:27:17.0754156Z   ---
2026-10-04T15:27:17.0754514Z   duration_ms: 202.842324
2026-10-04T15:27:17.0754906Z   type: 'test'
2026-10-04T15:27:17.0755230Z   ...
2026-10-04T15:27:17.0756232Z # Subtest: pause freezes resident positions and animation time, and nearby conversations return actual local directions
2026-10-04T15:27:17.0757832Z ok 186 - pause freezes resident positions and animation time, and nearby conversations return actual local directions
2026-10-04T15:27:17.0758682Z   ---
2026-10-04T15:27:17.0758994Z   duration_ms: 19.110084
2026-10-04T15:27:17.0759355Z   type: 'test'
2026-10-04T15:27:17.0759661Z   ...
2026-10-04T15:27:17.0760681Z # Subtest: pedestrians wait for a stopped vehicle on their route without tunnelling into its body
2026-10-04T15:27:17.0762014Z ok 187 - pedestrians wait for a stopped vehicle on their route without tunnelling into its body
2026-10-04T15:27:17.0762790Z   ---
2026-10-04T15:27:17.0763110Z   duration_ms: 73.392279
2026-10-04T15:27:17.0763479Z   type: 'test'
2026-10-04T15:27:17.0763795Z   ...
2026-10-04T15:27:17.0764681Z # Subtest: wardrobe variants share cached geometry while retaining compatible animated knees and elbows
2026-10-04T15:27:17.0766163Z ok 188 - wardrobe variants share cached geometry while retaining compatible animated knees and elbows
2026-10-04T15:27:17.0766976Z   ---
2026-10-04T15:27:17.0767310Z   duration_ms: 23.772805
2026-10-04T15:27:17.0767693Z   type: 'test'
2026-10-04T15:27:17.0768022Z   ...
2026-10-04T15:27:17.0768816Z # Subtest: local collision queries match a full-population reference after movement and reuse stable body records
2026-10-04T15:27:17.0769693Z ok 189 - local collision queries match a full-population reference after movement and reuse stable body records
2026-10-04T15:27:17.0770505Z   ---
2026-10-04T15:27:17.0770707Z   duration_ms: 34.182384
2026-10-04T15:27:17.0770936Z   type: 'test'
2026-10-04T15:27:17.0771180Z   ...
2026-10-04T15:27:17.0772291Z # Subtest: all citizens have stable distinct names, district occupations and four changing daily purposes
2026-10-04T15:27:17.0773433Z ok 190 - all citizens have stable distinct names, district occupations and four changing daily purposes
2026-10-04T15:27:17.0773917Z   ---
2026-10-04T15:27:17.0774115Z   duration_ms: 4.111773
2026-10-04T15:27:17.0774343Z   type: 'test'
2026-10-04T15:27:17.0774536Z   ...
2026-10-04T15:27:17.0775089Z # Subtest: street activities are finite, social residents resume walking, and hour changes never teleport people
2026-10-04T15:27:17.0775950Z ok 191 - street activities are finite, social residents resume walking, and hour changes never teleport people
2026-10-04T15:27:17.0776435Z   ---
2026-10-04T15:27:17.0776633Z   duration_ms: 501.966883
2026-10-04T15:27:17.0776863Z   type: 'test'
2026-10-04T15:27:17.0777055Z   ...
2026-10-04T15:27:17.0777637Z # Subtest: repeated conversations expose identity, current purpose and actual local floors instead of one repeated tip
2026-10-04T15:27:17.0778562Z ok 192 - repeated conversations expose identity, current purpose and actual local floors instead of one repeated tip
2026-10-04T15:27:17.0779085Z   ---
2026-10-04T15:27:17.0779280Z   duration_ms: 4.951754
2026-10-04T15:27:17.0779500Z   type: 'test'
2026-10-04T15:27:17.0779697Z   ...
2026-10-04T15:27:17.0781103Z # Subtest: occupational props retain hand attachment, cache geometry, and fit varied anatomical bodies
2026-10-04T15:27:17.0782614Z ok 193 - occupational props retain hand attachment, cache geometry, and fit varied anatomical bodies
2026-10-04T15:27:17.0783439Z   ---
2026-10-04T15:27:17.0783775Z   duration_ms: 3.245351
2026-10-04T15:27:17.0784156Z   type: 'test'
2026-10-04T15:27:17.0784471Z   ...
2026-10-04T15:27:17.0785067Z # Subtest: real bus-bay residents stay outside the avenue and parked vehicles without adding population or fake boarding
2026-10-04T15:27:17.0786008Z ok 194 - real bus-bay residents stay outside the avenue and parked vehicles without adding population or fake boarding
2026-10-04T15:27:17.0786713Z   ---
2026-10-04T15:27:17.0786920Z   duration_ms: 112.105988
2026-10-04T15:27:17.0787158Z   type: 'test'
2026-10-04T15:27:17.0787355Z   ...
2026-10-04T15:27:17.0787860Z # Subtest: all natural floors name distinct functional areas without substituting furniture for rooms
2026-10-04T15:27:17.0788659Z ok 195 - all natural floors name distinct functional areas without substituting furniture for rooms
2026-10-04T15:27:17.0789122Z   ---
2026-10-04T15:27:17.0789316Z   duration_ms: 9.931783
2026-10-04T15:27:17.0789552Z   type: 'test'
2026-10-04T15:27:17.0789753Z   ...
2026-10-04T15:27:17.0790758Z # Subtest: every natural-floor room threshold remain reachable through the central aisle and real door openings
2026-10-04T15:27:17.0791639Z ok 196 - every natural-floor room threshold remain reachable through the central aisle and real door openings
2026-10-04T15:27:17.0792140Z   ---
2026-10-04T15:27:17.0792340Z   duration_ms: 9024.616192
2026-10-04T15:27:17.0792584Z   type: 'test'
2026-10-04T15:27:17.0792783Z   ...
2026-10-04T15:27:17.0793318Z # Subtest: distinct programmes contain their recognizable specialist equipment and real domestic subdivisions
2026-10-04T15:27:17.0794167Z ok 197 - distinct programmes contain their recognizable specialist equipment and real domestic subdivisions
2026-10-04T15:27:17.0794661Z   ---
2026-10-04T15:27:17.0794850Z   duration_ms: 1039.611786
2026-10-04T15:27:17.0795075Z   type: 'test'
2026-10-04T15:27:17.0795268Z   ...
2026-10-04T15:27:17.0795816Z # Subtest: soft furniture batches share geometry and materials while snapshot exposes navigable room metadata
2026-10-04T15:27:17.0796640Z ok 198 - soft furniture batches share geometry and materials while snapshot exposes navigable room metadata
2026-10-04T15:27:17.0797120Z   ---
2026-10-04T15:27:17.0797320Z   duration_ms: 94.064112
2026-10-04T15:27:17.0797554Z   type: 'test'
2026-10-04T15:27:17.0797747Z   ...
2026-10-04T15:27:17.0798201Z # Subtest: domestic room dimensions reflect furnished homes rather than unused public halls
2026-10-04T15:27:17.0799050Z ok 199 - domestic room dimensions reflect furnished homes rather than unused public halls
2026-10-04T15:27:17.0799483Z   ---
2026-10-04T15:27:17.0799672Z   duration_ms: 4.249141
2026-10-04T15:27:17.0800153Z   type: 'test'
2026-10-04T15:27:17.0800468Z   ...
2026-10-04T15:27:17.0801156Z # Subtest: eight hospital rooms have clean bounded interiors and medical furniture within real walls
2026-10-04T15:27:17.0801923Z ok 200 - eight hospital rooms have clean bounded interiors and medical furniture within real walls
2026-10-04T15:27:17.0802373Z   ---
2026-10-04T15:27:17.0802558Z   duration_ms: 2.593082
2026-10-04T15:27:17.0802776Z   type: 'test'
2026-10-04T15:27:17.0802965Z   ...
2026-10-04T15:27:17.0803498Z # Subtest: hospital visitors can reach counters, seats, beds, handwashing and rehabilitation equipment and return
2026-10-04T15:27:17.0804360Z ok 201 - hospital visitors can reach counters, seats, beds, handwashing and rehabilitation equipment and return
2026-10-04T15:27:17.0804852Z   ---
2026-10-04T15:27:17.0805043Z   duration_ms: 20.712916
2026-10-04T15:27:17.0805273Z   type: 'test'
2026-10-04T15:27:17.0805460Z   ...
2026-10-04T15:27:17.0805949Z # Subtest: all enclosed occupied rooms have human-scale enclosures and furnishings within their walls
2026-10-04T15:27:17.0806709Z ok 202 - all enclosed occupied rooms have human-scale enclosures and furnishings within their walls
2026-10-04T15:27:17.0807166Z   ---
2026-10-04T15:27:17.0807357Z   duration_ms: 1015.090225
2026-10-04T15:27:17.0807583Z   type: 'test'
2026-10-04T15:27:17.0807779Z   ...
2026-10-04T15:27:17.0808341Z # Subtest: public arrival and corridor spaces contain legible orientation, seating and programme-specific displays
2026-10-04T15:27:17.0809223Z ok 203 - public arrival and corridor spaces contain legible orientation, seating and programme-specific displays
2026-10-04T15:27:17.0809742Z   ---
2026-10-04T15:27:17.0810206Z   duration_ms: 796.64792
2026-10-04T15:27:17.0810602Z   type: 'test'
2026-10-04T15:27:17.0810799Z   ...
2026-10-04T15:27:17.0811198Z # Subtest: metro: enter, wait, board, travel and disembark at the next station
2026-10-04T15:27:17.0811780Z ok 204 - metro: enter, wait, board, travel and disembark at the next station
2026-10-04T15:27:17.0812149Z   ---
2026-10-04T15:27:17.0812334Z   duration_ms: 92.351908
2026-10-04T15:27:17.0812558Z   type: 'test'
2026-10-04T15:27:17.0812745Z   ...
2026-10-04T15:27:17.0813156Z # Subtest: light-rail: enter, wait, board, travel and disembark at the next station
2026-10-04T15:27:17.0813769Z ok 205 - light-rail: enter, wait, board, travel and disembark at the next station
2026-10-04T15:27:17.0814147Z   ---
2026-10-04T15:27:17.0814337Z   duration_ms: 5.682727
2026-10-04T15:27:17.0814557Z   type: 'test'
2026-10-04T15:27:17.0814748Z   ...
2026-10-04T15:27:17.0815159Z # Subtest: high-speed: enter, wait, board, travel and disembark at the next station
2026-10-04T15:27:17.0815768Z ok 206 - high-speed: enter, wait, board, travel and disembark at the next station
2026-10-04T15:27:17.0816152Z   ---
2026-10-04T15:27:17.0816347Z   duration_ms: 8.425811
2026-10-04T15:27:17.0816560Z   type: 'test'
2026-10-04T15:27:17.0816748Z   ...
2026-10-04T15:27:17.0817122Z # Subtest: ferry: enter, wait, board, travel and disembark at the next station
2026-10-04T15:27:17.0817689Z ok 207 - ferry: enter, wait, board, travel and disembark at the next station
2026-10-04T15:27:17.0818051Z   ---
2026-10-04T15:27:17.0818238Z   duration_ms: 7.146712
2026-10-04T15:27:17.0818463Z   type: 'test'
2026-10-04T15:27:17.0818651Z   ...
2026-10-04T15:27:17.0819130Z # Subtest: all ten stations have an initial visible service and maximum waiting time under 25 seconds
2026-10-04T15:27:17.0820150Z ok 208 - all ten stations have an initial visible service and maximum waiting time under 25 seconds
2026-10-04T15:27:17.0820679Z   ---
2026-10-04T15:27:17.0820868Z   duration_ms: 35.491322
2026-10-04T15:27:17.0821097Z   type: 'test'
2026-10-04T15:27:17.0821286Z   ...
2026-10-04T15:27:17.0821952Z # Subtest: underground platforms preserve their own floor height and cannot activate from the street
2026-10-04T15:27:17.0822730Z ok 209 - underground platforms preserve their own floor height and cannot activate from the street
2026-10-04T15:27:17.0823188Z   ---
2026-10-04T15:27:17.0823377Z   duration_ms: 2.400521
2026-10-04T15:27:17.0823592Z   type: 'test'
2026-10-04T15:27:17.0823786Z   ...
2026-10-04T15:27:17.0824226Z # Subtest: leave and reset return a platform or moving passenger to a safe street entrance
2026-10-04T15:27:17.0824890Z ok 210 - leave and reset return a platform or moving passenger to a safe street entrance
2026-10-04T15:27:17.0825304Z   ---
2026-10-04T15:27:17.0825488Z   duration_ms: 2.465552
2026-10-04T15:27:17.0825701Z   type: 'test'
2026-10-04T15:27:17.0825894Z   ...
2026-10-04T15:27:17.0826326Z # Subtest: large or invalid frame increments preserve deterministic finite vehicle poses
2026-10-04T15:27:17.0826986Z ok 211 - large or invalid frame increments preserve deterministic finite vehicle poses
2026-10-04T15:27:17.0827400Z   ---
2026-10-04T15:27:17.0827602Z   duration_ms: 18.434427
2026-10-04T15:27:17.0827825Z   type: 'test'
2026-10-04T15:27:17.0828017Z   ...
2026-10-04T15:27:17.0828480Z # Subtest: boarding requires reaching the marked platform area and an open stationary vehicle
2026-10-04T15:27:17.0829179Z ok 212 - boarding requires reaching the marked platform area and an open stationary vehicle
2026-10-04T15:27:17.0829611Z   ---
2026-10-04T15:27:17.0829986Z   duration_ms: 4.702327
2026-10-04T15:27:17.0830264Z   type: 'test'
2026-10-04T15:27:17.0830456Z   ...
2026-10-04T15:27:17.0830997Z # Subtest: station architecture and fleet share instanced resources and cull remote underground vehicles
2026-10-04T15:27:17.0831801Z ok 213 - station architecture and fleet share instanced resources and cull remote underground vehicles
2026-10-04T15:27:17.0832268Z   ---
2026-10-04T15:27:17.0832459Z   duration_ms: 190.819723
2026-10-04T15:27:17.0832710Z   type: 'test'
2026-10-04T15:27:17.0833040Z   ...
2026-10-04T15:27:17.0833577Z # Subtest: underground and elevated station roofs clip a steep camera boom without altering walking collision
2026-10-04T15:27:17.0834423Z ok 214 - underground and elevated station roofs clip a steep camera boom without altering walking collision
2026-10-04T15:27:17.0834903Z   ---
2026-10-04T15:27:17.0835089Z   duration_ms: 4.165122
2026-10-04T15:27:17.0835313Z   type: 'test'
2026-10-04T15:27:17.0835503Z   ...
2026-10-04T15:27:17.0835932Z # Subtest: ferry entrance signage supports stay above an approaching pedestrian camera
2026-10-04T15:27:17.0836609Z ok 215 - ferry entrance signage supports stay above an approaching pedestrian camera
2026-10-04T15:27:17.0837024Z   ---
2026-10-04T15:27:17.0837212Z   duration_ms: 93.160402
2026-10-04T15:27:17.0837435Z   type: 'test'
2026-10-04T15:27:17.0837622Z   ...
2026-10-04T15:27:17.0838089Z # Subtest: every station returns the player to rendered street ground clear of all world obstacles
2026-10-04T15:27:17.0838849Z ok 216 - every station returns the player to rendered street ground clear of all world obstacles
2026-10-04T15:27:17.0839319Z   ---
2026-10-04T15:27:17.0839512Z   duration_ms: 1135.860522
2026-10-04T15:27:17.0839741Z   type: 'test'
2026-10-04T15:27:17.0840210Z   ...
2026-10-04T15:27:17.0840757Z # Subtest: the ferry passenger stands on the forward deck clear of furniture with an unobstructed forward view
2026-10-04T15:27:17.0841584Z ok 217 - the ferry passenger stands on the forward deck clear of furniture with an unobstructed forward view
2026-10-04T15:27:17.0842066Z   ---
2026-10-04T15:27:17.0842258Z   duration_ms: 43.880761
2026-10-04T15:27:17.0842482Z   type: 'test'
2026-10-04T15:27:17.0842680Z   ...
2026-10-04T15:27:17.0843124Z # Subtest: ferry entrance sign planes retract the default chase boom on both landward exits
2026-10-04T15:27:17.0843806Z ok 218 - ferry entrance sign planes retract the default chase boom on both landward exits
2026-10-04T15:27:17.0844230Z   ---
2026-10-04T15:27:17.0844418Z   duration_ms: 47.677744
2026-10-04T15:27:17.0844644Z   type: 'test'
2026-10-04T15:27:17.0844960Z   ...
2026-10-04T15:27:17.0845496Z # Subtest: all three metro stations can be walked down and back up with the real player capsule and no teleport
2026-10-04T15:27:17.0846312Z ok 219 - all three metro stations can be walked down and back up with the real player capsule and no teleport
2026-10-04T15:27:17.0846781Z   ---
2026-10-04T15:27:17.0846973Z   duration_ms: 236.424258
2026-10-04T15:27:17.0847193Z   type: 'test'
2026-10-04T15:27:17.0847377Z   ...
2026-10-04T15:27:17.0847869Z # Subtest: metro upper streets, lower platforms and switchback stairs keep their independent heights
2026-10-04T15:27:17.0848624Z ok 220 - metro upper streets, lower platforms and switchback stairs keep their independent heights
2026-10-04T15:27:17.0849073Z   ---
2026-10-04T15:27:17.0849270Z   duration_ms: 0.421939
2026-10-04T15:27:17.0849488Z   type: 'test'
2026-10-04T15:27:17.0849673Z   ...
2026-10-04T15:27:17.0850442Z # Subtest: metro gate turns remain walkable in both directions throughout the bounded endpoint margin
2026-10-04T15:27:17.0851218Z ok 221 - metro gate turns remain walkable in both directions throughout the bounded endpoint margin
2026-10-04T15:27:17.0851667Z   ---
2026-10-04T15:27:17.0851856Z   duration_ms: 118.505195
2026-10-04T15:27:17.0852081Z   type: 'test'
2026-10-04T15:27:17.0852272Z   ...
2026-10-04T15:27:17.0852777Z # Subtest: rendered metro treads match the physical walking slope within one riser, with clear headroom
2026-10-04T15:27:17.0853559Z ok 222 - rendered metro treads match the physical walking slope within one riser, with clear headroom
2026-10-04T15:27:17.0854016Z   ---
2026-10-04T15:27:17.0854207Z   duration_ms: 964.171707
2026-10-04T15:27:17.0854440Z   type: 'test'
2026-10-04T15:27:17.0854630Z   ...
2026-10-04T15:27:17.0855165Z # Subtest: upper metro stairs see a solid retaining wall above the covered landing instead of the world underside
2026-10-04T15:27:17.0856013Z ok 223 - upper metro stairs see a solid retaining wall above the covered landing instead of the world underside
2026-10-04T15:27:17.0856644Z   ---
2026-10-04T15:27:17.0856835Z   duration_ms: 242.968686
2026-10-04T15:27:17.0857068Z   type: 'test'
2026-10-04T15:27:17.0857269Z   ...
2026-10-04T15:27:17.0857797Z # Subtest: every animated train-door batch has a stable conservative envelope for both open and closed poses
2026-10-04T15:27:17.0858612Z ok 224 - every animated train-door batch has a stable conservative envelope for both open and closed poses
2026-10-04T15:27:17.0859090Z   ---
2026-10-04T15:27:17.0859278Z   duration_ms: 46.5409
2026-10-04T15:27:17.0859495Z   type: 'test'
2026-10-04T15:27:17.0859697Z   ...
2026-10-04T15:27:17.0860462Z # Subtest: offscreen above-ground train doors cull for a metro viewer while doors inside the view remain
2026-10-04T15:27:17.0861255Z ok 225 - offscreen above-ground train doors cull for a metro viewer while doors inside the view remain
2026-10-04T15:27:17.0861723Z   ---
2026-10-04T15:27:17.0861913Z   duration_ms: 23.023491
2026-10-04T15:27:17.0862143Z   type: 'test'
2026-10-04T15:27:17.0862340Z   ...
2026-10-04T15:27:17.0862857Z # Subtest: 48 permanent addresses have unique identity, continuous natural storeys, and distinct programmes
2026-10-04T15:27:17.0863664Z ok 226 - 48 permanent addresses have unique identity, continuous natural storeys, and distinct programmes
2026-10-04T15:27:17.0864135Z   ---
2026-10-04T15:27:17.0864321Z   duration_ms: 4.541586
2026-10-04T15:27:17.0864539Z   type: 'test'
2026-10-04T15:27:17.0864729Z   ...
2026-10-04T15:27:17.0865138Z # Subtest: every south entrance has a physical street approach and a door opening
2026-10-04T15:27:17.0865747Z ok 227 - every south entrance has a physical street approach and a door opening
2026-10-04T15:27:17.0866129Z   ---
2026-10-04T15:27:17.0866321Z   duration_ms: 3.539411
2026-10-04T15:27:17.0866543Z   type: 'test'
2026-10-04T15:27:17.0866734Z   ...
2026-10-04T15:27:17.0867178Z # Subtest: permanent road lanes remain free of building collision with unloaded districts
2026-10-04T15:27:17.0867979Z ok 228 - permanent road lanes remain free of building collision with unloaded districts
2026-10-04T15:27:17.0868395Z   ---
2026-10-04T15:27:17.0868584Z   duration_ms: 22.228995
2026-10-04T15:27:17.0868813Z   type: 'test'
2026-10-04T15:27:17.0869003Z   ...
2026-10-04T15:27:17.0869396Z # Subtest: bridge deck joins both shores continuously, with no abrupt end slope
2026-10-04T15:27:17.0870207Z ok 229 - bridge deck joins both shores continuously, with no abrupt end slope
2026-10-04T15:27:17.0870585Z   ---
2026-10-04T15:27:17.0870772Z   duration_ms: 4.048163
2026-10-04T15:27:17.0870997Z   type: 'test'
2026-10-04T15:27:17.0871185Z   ...
2026-10-04T15:27:17.0871601Z # Subtest: north ferry, metro, light rail and high-speed station approaches stay open
2026-10-04T15:27:17.0872246Z ok 230 - north ferry, metro, light rail and high-speed station approaches stay open
2026-10-04T15:27:17.0872641Z   ---
2026-10-04T15:27:17.0872830Z   duration_ms: 0.402694
2026-10-04T15:27:17.0873048Z   type: 'test'
2026-10-04T15:27:17.0873255Z   ...
2026-10-04T15:27:17.0873707Z # Subtest: export contains twelve real validated chunks with independent detailed geometry
2026-10-04T15:27:17.0874383Z ok 231 - export contains twelve real validated chunks with independent detailed geometry
2026-10-04T15:27:17.0874805Z   ---
2026-10-04T15:27:17.0874992Z   duration_ms: 29.56188
2026-10-04T15:27:17.0875207Z   type: 'test'
2026-10-04T15:27:17.0875400Z   ...
2026-10-04T15:27:17.0875778Z # Subtest: entering one address hides just its shell and exiting restores it
2026-10-04T15:27:17.0876339Z ok 232 - entering one address hides just its shell and exiting restores it
2026-10-04T15:27:17.0876709Z   ---
2026-10-04T15:27:17.0876895Z   duration_ms: 51.728993
2026-10-04T15:27:17.0877112Z   type: 'test'
2026-10-04T15:27:17.0877305Z   ...
2026-10-04T15:27:17.0877731Z # Subtest: runtime fetches nearby JSON and actually disposes detail after moving away
2026-10-04T15:27:17.0878365Z ok 233 - runtime fetches nearby JSON and actually disposes detail after moving away
2026-10-04T15:27:17.0878978Z   ---
2026-10-04T15:27:17.0879179Z   duration_ms: 109.965984
2026-10-04T15:27:17.0879404Z   type: 'test'
2026-10-04T15:27:17.0879596Z   ...
2026-10-04T15:27:17.0880227Z # Subtest: streaming startup retains no authored detail transforms before any fetch
2026-10-04T15:27:17.0880859Z ok 234 - streaming startup retains no authored detail transforms before any fetch
2026-10-04T15:27:17.0881253Z   ---
2026-10-04T15:27:17.0881446Z   duration_ms: 23.458161
2026-10-04T15:27:17.0881694Z   type: 'test'
2026-10-04T15:27:17.0881886Z   ...
2026-10-04T15:27:17.0882386Z # Subtest: paving keeps every doorway covered while an occupied lobby has exactly one visible y=0 floor
2026-10-04T15:27:17.0883168Z ok 235 - paving keeps every doorway covered while an occupied lobby has exactly one visible y=0 floor
2026-10-04T15:27:17.0883664Z   ---
2026-10-04T15:27:17.0883858Z   duration_ms: 1836.526396
2026-10-04T15:27:17.0884093Z   type: 'test'
2026-10-04T15:27:17.0884281Z   ...
2026-10-04T15:27:17.0884835Z # Subtest: distance LOD preserves the hero car and reduces distant geometry without changing its collision envelope
2026-10-04T15:27:17.0885710Z ok 236 - distance LOD preserves the hero car and reduces distant geometry without changing its collision envelope
2026-10-04T15:27:17.0886206Z   ---
2026-10-04T15:27:17.0886398Z   duration_ms: 531.746398
2026-10-04T15:27:17.0886630Z   type: 'test'
2026-10-04T15:27:17.0886823Z   ...
2026-10-04T15:27:17.0887236Z # Subtest: distant pedestrians retain animated joints and original human dimensions
2026-10-04T15:27:17.0887875Z ok 237 - distant pedestrians retain animated joints and original human dimensions
2026-10-04T15:27:17.0888269Z   ---
2026-10-04T15:27:17.0888459Z   duration_ms: 133.437621
2026-10-04T15:27:17.0888681Z   type: 'test'
2026-10-04T15:27:17.0888880Z   ...
2026-10-04T15:27:17.0889341Z # Subtest: removing a car disposes owned paint and lights while preserving shared LOD geometry
2026-10-04T15:27:17.0890309Z ok 238 - removing a car disposes owned paint and lights while preserving shared LOD geometry
2026-10-04T15:27:17.0890895Z   ---
2026-10-04T15:27:17.0891096Z   duration_ms: 150.565911
2026-10-04T15:27:17.0891321Z   type: 'test'
2026-10-04T15:27:17.0891517Z   ...
2026-10-04T15:27:17.0892056Z # Subtest: real room service joins two clients, streams movement/chat, isolates rooms and rejects invalid packets
2026-10-04T15:27:17.0892902Z ok 239 - real room service joins two clients, streams movement/chat, isolates rooms and rejects invalid packets
2026-10-04T15:27:17.0893392Z   ---
2026-10-04T15:27:17.0893584Z   duration_ms: 1269.296158
2026-10-04T15:27:17.0893814Z   type: 'test'
2026-10-04T15:27:17.0894004Z   ...
2026-10-04T15:27:17.0894375Z # Subtest: vehicle claims are exclusive and leaving releases ownership
2026-10-04T15:27:17.0894904Z ok 240 - vehicle claims are exclusive and leaving releases ownership
2026-10-04T15:27:17.0895250Z   ---
2026-10-04T15:27:17.0895455Z   duration_ms: 21.818922
2026-10-04T15:27:17.0895687Z   type: 'test'
2026-10-04T15:27:17.0895893Z   ...
2026-10-04T15:27:17.0896455Z # Subtest: room capacity is enforced and peer interpolation follows shortest angles without interpolating travel
2026-10-04T15:27:17.0897311Z ok 241 - room capacity is enforced and peer interpolation follows shortest angles without interpolating travel
2026-10-04T15:27:17.0897804Z   ---
2026-10-04T15:27:17.0898001Z   duration_ms: 20.854156
2026-10-04T15:27:17.0898227Z   type: 'test'
2026-10-04T15:27:17.0898419Z   ...
2026-10-04T15:27:17.0898892Z # Subtest: traffic follows the same street route while the player uses an indoor collision context
2026-10-04T15:27:17.0899630Z ok 242 - traffic follows the same street route while the player uses an indoor collision context
2026-10-04T15:27:17.0900289Z   ---
2026-10-04T15:27:17.0900484Z   duration_ms: 3650.28467
2026-10-04T15:27:17.0900720Z   type: 'test'
2026-10-04T15:27:17.0900911Z   ...
2026-10-04T15:27:17.0901338Z # Subtest: background traffic restores indoor data after an invalid road update throws
2026-10-04T15:27:17.0902135Z ok 243 - background traffic restores indoor data after an invalid road update throws
2026-10-04T15:27:17.0902543Z   ---
2026-10-04T15:27:17.0902732Z   duration_ms: 2.105039
2026-10-04T15:27:17.0902965Z   type: 'test'
2026-10-04T15:27:17.0903157Z   ...
2026-10-04T15:27:17.0903594Z # Subtest: precision input crosses a 1.6 metre doorway at four rendered frames per second
2026-10-04T15:27:17.0904262Z ok 244 - precision input crosses a 1.6 metre doorway at four rendered frames per second
2026-10-04T15:27:17.0904675Z   ---
2026-10-04T15:27:17.0904868Z   duration_ms: 45.469766
2026-10-04T15:27:17.0905098Z   type: 'test'
2026-10-04T15:27:17.0905298Z   ...
2026-10-04T15:27:17.0905791Z # Subtest: normal and sprint speeds stay intact; precision overrides sprint without draining stamina
2026-10-04T15:27:17.0906547Z ok 245 - normal and sprint speeds stay intact; precision overrides sprint without draining stamina
2026-10-04T15:27:17.0906997Z   ---
2026-10-04T15:27:17.0907189Z   duration_ms: 11.462465
2026-10-04T15:27:17.0907417Z   type: 'test'
2026-10-04T15:27:17.0907619Z   ...
2026-10-04T15:27:17.0908068Z # Subtest: double-decker hull blocks feet above sedan height and preserves its actual span
2026-10-04T15:27:17.0908752Z ok 246 - double-decker hull blocks feet above sedan height and preserves its actual span
2026-10-04T15:27:17.0909178Z   ---
2026-10-04T15:27:17.0909365Z   duration_ms: 2.387407
2026-10-04T15:27:17.0909585Z   type: 'test'
2026-10-04T15:27:17.0909777Z   ...
2026-10-04T15:27:17.0910430Z # Subtest: fresh saves have bounded values; corrupt and incompatible saves recover safely
2026-10-04T15:27:17.0911100Z ok 247 - fresh saves have bounded values; corrupt and incompatible saves recover safely
2026-10-04T15:27:17.0911514Z   ---
2026-10-04T15:27:17.0911711Z   duration_ms: 3.038255
2026-10-04T15:27:17.0911930Z   type: 'test'
2026-10-04T15:27:17.0912123Z   ...
2026-10-04T15:27:17.0912505Z # Subtest: walking respects camera orientation, bounds and solid buildings
2026-10-04T15:27:17.0913197Z ok 248 - walking respects camera orientation, bounds and solid buildings
2026-10-04T15:27:17.0913572Z   ---
2026-10-04T15:27:17.0913768Z   duration_ms: 69.294992
2026-10-04T15:27:17.0913993Z   type: 'test'
2026-10-04T15:27:17.0914186Z   ...
2026-10-04T15:27:17.0914545Z # Subtest: diagonal movement is normalized and sprint consumes stamina
2026-10-04T15:27:17.0915087Z ok 249 - diagonal movement is normalized and sprint consumes stamina
2026-10-04T15:27:17.0915436Z   ---
2026-10-04T15:27:17.0915624Z   duration_ms: 46.287
2026-10-04T15:27:17.0915848Z   type: 'test'
2026-10-04T15:27:17.0916040Z   ...
2026-10-04T15:27:17.0916545Z # Subtest: strafe-right follows the rendered camera right vector in both directions
2026-10-04T15:27:17.0917186Z ok 250 - strafe-right follows the rendered camera right vector in both directions
2026-10-04T15:27:17.0917582Z   ---
2026-10-04T15:27:17.0917773Z   duration_ms: 12.198632
2026-10-04T15:27:17.0918000Z   type: 'test'
2026-10-04T15:27:17.0918492Z   ...
2026-10-04T15:27:17.0918988Z # Subtest: jump lands, and holding jump does not repeatedly bounce
2026-10-04T15:27:17.0919647Z ok 251 - jump lands, and holding jump does not repeatedly bounce
2026-10-04T15:27:17.0920346Z   ---
2026-10-04T15:27:17.0930738Z   duration_ms: 9.306241
2026-10-04T15:27:17.0931144Z   type: 'test'
2026-10-04T15:27:17.0931359Z   ...
2026-10-04T15:27:17.0931859Z # Subtest: entering requires proximity; exiting needs low speed and an unobstructed location
2026-10-04T15:27:17.0932614Z ok 252 - entering requires proximity; exiting needs low speed and an unobstructed location
2026-10-04T15:27:17.0933053Z   ---
2026-10-04T15:27:17.0933255Z   duration_ms: 3.947636
2026-10-04T15:27:17.0933495Z   type: 'test'
2026-10-04T15:27:17.0933691Z   ...
2026-10-04T15:27:17.0934016Z # Subtest: fast vehicles cannot tunnel through a thin wall
2026-10-04T15:27:17.0934468Z ok 253 - fast vehicles cannot tunnel through a thin wall
2026-10-04T15:27:17.0934782Z   ---
2026-10-04T15:27:17.0934976Z   duration_ms: 25.336106
2026-10-04T15:27:17.0935394Z   type: 'test'
2026-10-04T15:27:17.0935596Z   ...
2026-10-04T15:27:17.0935973Z # Subtest: braking reduces speed, reversing and steering remain bounded
2026-10-04T15:27:17.0936518Z ok 254 - braking reduces speed, reversing and steering remain bounded
2026-10-04T15:27:17.0936870Z   ---
2026-10-04T15:27:17.0937058Z   duration_ms: 65.540603
2026-10-04T15:27:17.0937275Z   type: 'test'
2026-10-04T15:27:17.0937465Z   ...
2026-10-04T15:27:17.0937808Z # Subtest: courier checkpoints require a vehicle and correct order
2026-10-04T15:27:17.0938322Z ok 255 - courier checkpoints require a vehicle and correct order
2026-10-04T15:27:17.0938671Z   ---
2026-10-04T15:27:17.0938877Z   duration_ms: 3.808345
2026-10-04T15:27:17.0939101Z   type: 'test'
2026-10-04T15:27:17.0939291Z   ...
2026-10-04T15:27:17.0939703Z # Subtest: first clear pays exactly once, including after save/reload and replay
2026-10-04T15:27:17.0940576Z ok 256 - first clear pays exactly once, including after save/reload and replay
2026-10-04T15:27:17.0940970Z   ---
2026-10-04T15:27:17.0941171Z   duration_ms: 5.77775
2026-10-04T15:27:17.0941393Z   type: 'test'
2026-10-04T15:27:17.0941583Z   ...
2026-10-04T15:27:17.0941985Z # Subtest: expired missions fail without rewards and cancellation permits retry
2026-10-04T15:27:17.0942610Z ok 257 - expired missions fail without rewards and cancellation permits retry
2026-10-04T15:27:17.0943000Z   ---
2026-10-04T15:27:17.0943193Z   duration_ms: 3.956773
2026-10-04T15:27:17.0943419Z   type: 'test'
2026-10-04T15:27:17.0943608Z   ...
2026-10-04T15:27:17.0944011Z # Subtest: escape mission waits for wanted to clear before permitting the finish
2026-10-04T15:27:17.0944619Z ok 258 - escape mission waits for wanted to clear before permitting the finish
2026-10-04T15:27:17.0945000Z   ---
2026-10-04T15:27:17.0945189Z   duration_ms: 252.05122
2026-10-04T15:27:17.0945417Z   type: 'test'
2026-10-04T15:27:17.0945605Z   ...
2026-10-04T15:27:17.0946062Z # Subtest: shots consume ammunition, hit cars only along clear sightlines, and trigger pursuit
2026-10-04T15:27:17.0946906Z ok 259 - shots consume ammunition, hit cars only along clear sightlines, and trigger pursuit
2026-10-04T15:27:17.0947348Z   ---
2026-10-04T15:27:17.0947534Z   duration_ms: 27.631978
2026-10-04T15:27:17.0947754Z   type: 'test'
2026-10-04T15:27:17.0947945Z   ...
2026-10-04T15:27:17.0948272Z # Subtest: empty magazine reloads without negative ammunition
2026-10-04T15:27:17.0948737Z ok 260 - empty magazine reloads without negative ammunition
2026-10-04T15:27:17.0949060Z   ---
2026-10-04T15:27:17.0949248Z   duration_ms: 104.495066
2026-10-04T15:27:17.0949469Z   type: 'test'
2026-10-04T15:27:17.0949656Z   ...
2026-10-04T15:27:17.0950285Z # Subtest: wanted decays outside patrol sight and stays active inside sight
2026-10-04T15:27:17.0950866Z ok 261 - wanted decays outside patrol sight and stays active inside sight
2026-10-04T15:27:17.0951230Z   ---
2026-10-04T15:27:17.0951423Z   duration_ms: 612.165359
2026-10-04T15:27:17.0951646Z   type: 'test'
2026-10-04T15:27:17.0951828Z   ...
2026-10-04T15:27:17.0952202Z # Subtest: police movement remains on roads and cannot cross buildings
2026-10-04T15:27:17.0952727Z ok 262 - police movement remains on roads and cannot cross buildings
2026-10-04T15:27:17.0953067Z   ---
2026-10-04T15:27:17.0953257Z   duration_ms: 246.92668
2026-10-04T15:27:17.0953474Z   type: 'test'
2026-10-04T15:27:17.0953660Z   ...
2026-10-04T15:27:17.0954030Z # Subtest: traffic moves on its route and a vehicle collision raises wanted
2026-10-04T15:27:17.0954586Z ok 263 - traffic moves on its route and a vehicle collision raises wanted
2026-10-04T15:27:17.0954941Z   ---
2026-10-04T15:27:17.0955125Z   duration_ms: 16.775706
2026-10-04T15:27:17.0955351Z   type: 'test'
2026-10-04T15:27:17.0955537Z   ...
2026-10-04T15:27:17.0955907Z # Subtest: recovery clears transient state and charges only available funds
2026-10-04T15:27:17.0956469Z ok 264 - recovery clears transient state and charges only available funds
2026-10-04T15:27:17.0956830Z   ---
2026-10-04T15:27:17.0957014Z   duration_ms: 2.996126
2026-10-04T15:27:17.0957376Z   type: 'test'
2026-10-04T15:27:17.0957568Z   ...
2026-10-04T15:27:17.0957968Z # Subtest: repair charges only when needed and disallows repairs during pursuit
2026-10-04T15:27:17.0958563Z ok 265 - repair charges only when needed and disallows repairs during pursuit
2026-10-04T15:27:17.0958948Z   ---
2026-10-04T15:27:17.0959136Z   duration_ms: 2.221957
2026-10-04T15:27:17.0959350Z   type: 'test'
2026-10-04T15:27:17.0959546Z   ...
2026-10-04T15:27:17.0960132Z # Subtest: repair never charges a healthy pedestrian with no nearby vehicle
2026-10-04T15:27:17.0960697Z ok 266 - repair never charges a healthy pedestrian with no nearby vehicle
2026-10-04T15:27:17.0961057Z   ---
2026-10-04T15:27:17.0961243Z   duration_ms: 1.206798
2026-10-04T15:27:17.0961458Z   type: 'test'
2026-10-04T15:27:17.0961644Z   ...
2026-10-04T15:27:17.0962065Z # Subtest: reset restores a fresh game and discarded runtime state is absent from saves
2026-10-04T15:27:17.0962712Z ok 267 - reset restores a fresh game and discarded runtime state is absent from saves
2026-10-04T15:27:17.0963120Z   ---
2026-10-04T15:27:17.0963313Z   duration_ms: 3.400322
2026-10-04T15:27:17.0963532Z   type: 'test'
2026-10-04T15:27:17.0963721Z   ...
2026-10-04T15:27:17.0964247Z # Subtest: vehicle bumpers remain solid during a damage cooldown without oscillating while throttle is held
2026-10-04T15:27:17.0965060Z ok 268 - vehicle bumpers remain solid during a damage cooldown without oscillating while throttle is held
2026-10-04T15:27:17.0965529Z   ---
2026-10-04T15:27:17.0965721Z   duration_ms: 203.315502
2026-10-04T15:27:17.0965944Z   type: 'test'
2026-10-04T15:27:17.0966131Z   ...
2026-10-04T15:27:17.0966534Z # Subtest: parked cars block a walking character with their full bumper footprint
2026-10-04T15:27:17.0967144Z ok 269 - parked cars block a walking character with their full bumper footprint
2026-10-04T15:27:17.0967520Z   ---
2026-10-04T15:27:17.0967707Z   duration_ms: 10.341208
2026-10-04T15:27:17.0967936Z   type: 'test'
2026-10-04T15:27:17.0968130Z   ...
2026-10-04T15:27:17.0968553Z # Subtest: walking ignores a destroyed invisible vehicle
2026-10-04T15:27:17.0968994Z ok 270 - walking ignores a destroyed invisible vehicle
2026-10-04T15:27:17.0969320Z   ---
2026-10-04T15:27:17.0969512Z   duration_ms: 6.390807
2026-10-04T15:27:17.0969732Z   type: 'test'
2026-10-04T15:27:17.0970194Z   ...
2026-10-04T15:27:17.0970554Z # Subtest: entering a nearby car cannot teleport through a thin wall
2026-10-04T15:27:17.0971070Z ok 271 - entering a nearby car cannot teleport through a thin wall
2026-10-04T15:27:17.0971414Z   ---
2026-10-04T15:27:17.0971600Z   duration_ms: 2.58709
2026-10-04T15:27:17.0971811Z   type: 'test'
2026-10-04T15:27:17.0972004Z   ...
2026-10-04T15:27:17.0972486Z # Subtest: an exit destination beyond a thin wall is rejected even if the destination itself is clear
2026-10-04T15:27:17.0973235Z ok 272 - an exit destination beyond a thin wall is rejected even if the destination itself is clear
2026-10-04T15:27:17.0973685Z   ---
2026-10-04T15:27:17.0973881Z   duration_ms: 3.181633
2026-10-04T15:27:17.0974107Z   type: 'test'
2026-10-04T15:27:17.0974296Z   ...
2026-10-04T15:27:17.0974800Z # Subtest: unsafe saved positions use a validated fallback, including when the default spawn is blocked
2026-10-04T15:27:17.0975571Z ok 273 - unsafe saved positions use a validated fallback, including when the default spawn is blocked
2026-10-04T15:27:17.0976024Z   ---
2026-10-04T15:27:17.0976218Z   duration_ms: 3.368111
2026-10-04T15:27:17.0976434Z   type: 'test'
2026-10-04T15:27:17.0976625Z   ...
2026-10-04T15:27:17.0977073Z # Subtest: oncoming NPC traffic stops at contact instead of passing through other traffic
2026-10-04T15:27:17.0977736Z ok 274 - oncoming NPC traffic stops at contact instead of passing through other traffic
2026-10-04T15:27:17.0978141Z   ---
2026-10-04T15:27:17.0978342Z   duration_ms: 149.455002
2026-10-04T15:27:17.0978568Z   type: 'test'
2026-10-04T15:27:17.0978753Z   ...
2026-10-04T15:27:17.0979170Z # Subtest: jumping beneath a canopy clamps upward motion without horizontal ejection
2026-10-04T15:27:17.0980171Z ok 275 - jumping beneath a canopy clamps upward motion without horizontal ejection
2026-10-04T15:27:17.0980576Z   ---
2026-10-04T15:27:17.0980770Z   duration_ms: 14.588514
2026-10-04T15:27:17.0980993Z   type: 'test'
2026-10-04T15:27:17.0981182Z   ...
2026-10-04T15:27:17.0981662Z # Subtest: a jump can land on a low solid, remain supported and jump again without being ejected
2026-10-04T15:27:17.0982351Z ok 276 - a jump can land on a low solid, remain supported and jump again without being ejected
2026-10-04T15:27:17.0982765Z   ---
2026-10-04T15:27:17.0982949Z   duration_ms: 22.038462
2026-10-04T15:27:17.0983172Z   type: 'test'
2026-10-04T15:27:17.0983355Z   ...
2026-10-04T15:27:17.0983839Z # Subtest: an entirely obstructed world fails explicitly instead of placing the player inside a wall
2026-10-04T15:27:17.0984594Z ok 277 - an entirely obstructed world fails explicitly instead of placing the player inside a wall
2026-10-04T15:27:17.0985042Z   ---
2026-10-04T15:27:17.0985231Z   duration_ms: 86.462165
2026-10-04T15:27:17.0985454Z   type: 'test'
2026-10-04T15:27:17.0985641Z   ...
2026-10-04T15:27:17.0985977Z # Subtest: boarding respects the road level when a vehicle is directly below the player
2026-10-04T15:27:17.0986289Z ok 278 - boarding respects the road level when a vehicle is directly below the player
2026-10-04T15:27:17.0986373Z   ---
2026-10-04T15:27:17.0986466Z   duration_ms: 1.150653
2026-10-04T15:27:17.0986548Z   type: 'test'
2026-10-04T15:27:17.0986628Z   ...
2026-10-04T15:27:17.0986977Z # Subtest: exiting an elevated vehicle sweeps the door at deck height and stays on the deck
2026-10-04T15:27:17.0987310Z ok 279 - exiting an elevated vehicle sweeps the door at deck height and stays on the deck
2026-10-04T15:27:17.0987387Z   ---
2026-10-04T15:27:17.0987479Z   duration_ms: 5.761629
2026-10-04T15:27:17.0987567Z   type: 'test'
2026-10-04T15:27:17.0987643Z   ...
2026-10-04T15:27:17.0987952Z # Subtest: a driver cannot exit onto a different road level beyond the bridge edge
2026-10-04T15:27:17.0988378Z ok 280 - a driver cannot exit onto a different road level beyond the bridge edge
2026-10-04T15:27:17.0988466Z   ---
2026-10-04T15:27:17.0988557Z   duration_ms: 2.324759
2026-10-04T15:27:17.0988645Z   type: 'test'
2026-10-04T15:27:17.0988726Z   ...
2026-10-04T15:27:17.0989088Z # Subtest: stair opening removes the terrain itself and retains adjacent sloped surface and UVs
2026-10-04T15:27:17.0989438Z ok 281 - stair opening removes the terrain itself and retains adjacent sloped surface and UVs
2026-10-04T15:27:17.0989521Z   ---
2026-10-04T15:27:17.0989609Z   duration_ms: 4.73007
2026-10-04T15:27:17.0989696Z   type: 'test'
2026-10-04T15:27:17.0989777Z   ...
2026-10-04T15:27:17.0990401Z # Subtest: all three real world metro stair apertures are open to the sky while adjacent pavement remains
2026-10-04T15:27:17.0990791Z ok 282 - all three real world metro stair apertures are open to the sky while adjacent pavement remains
2026-10-04T15:27:17.0990879Z   ---
2026-10-04T15:27:17.0990981Z   duration_ms: 1038.869503
2026-10-04T15:27:17.0991064Z   type: 'test'
2026-10-04T15:27:17.0991146Z   ...
2026-10-04T15:27:17.0991533Z # Subtest: traffic uses opposite separated lanes and follows rounded corners without getting stuck
2026-10-04T15:27:17.0991899Z ok 283 - traffic uses opposite separated lanes and follows rounded corners without getting stuck
2026-10-04T15:27:17.0991977Z   ---
2026-10-04T15:27:17.0992072Z   duration_ms: 2351.342633
2026-10-04T15:27:17.0992160Z   type: 'test'
2026-10-04T15:27:17.0992237Z   ...
2026-10-04T15:27:17.0992680Z # Subtest: drivers brake for a queue before collision, let another lane pass and do not enter a blocked junction
2026-10-04T15:27:17.0993099Z ok 284 - drivers brake for a queue before collision, let another lane pass and do not enter a blocked junction
2026-10-04T15:27:17.0993181Z   ---
2026-10-04T15:27:17.0993270Z   duration_ms: 0.588792
2026-10-04T15:27:17.0993361Z   type: 'test'
2026-10-04T15:27:17.0993572Z   ...
2026-10-04T15:27:17.0993938Z # Subtest: each junction has mutually exclusive green phases and an all-red clearance interval
2026-10-04T15:27:17.0994290Z ok 285 - each junction has mutually exclusive green phases and an all-red clearance interval
2026-10-04T15:27:17.0994371Z   ---
2026-10-04T15:27:17.0994461Z   duration_ms: 1.029566
2026-10-04T15:27:17.0994551Z   type: 'test'
2026-10-04T15:27:17.0994632Z   ...
2026-10-04T15:27:17.0995061Z # Subtest: the complete southern fleet keeps moving past parked intersection cars for three simulated minutes
2026-10-04T15:27:17.0995475Z ok 286 - the complete southern fleet keeps moving past parked intersection cars for three simulated minutes
2026-10-04T15:27:17.0995556Z   ---
2026-10-04T15:27:17.0995654Z   duration_ms: 14888.206043
2026-10-04T15:27:17.0995737Z   type: 'test'
2026-10-04T15:27:17.0995818Z   ...
2026-10-04T15:27:17.0996204Z # Subtest: generated-city courier is completable with walking and real driving before its deadline
2026-10-04T15:27:17.0996581Z ok 287 - generated-city courier is completable with walking and real driving before its deadline
2026-10-04T15:27:17.0996664Z   ---
2026-10-04T15:27:17.0996761Z   duration_ms: 1379.335474
2026-10-04T15:27:17.0996848Z   type: 'test'
2026-10-04T15:27:17.0996924Z   ...
2026-10-04T15:27:17.0997320Z # {"seconds":13.783333333333685,"reached":2,"minimumHealth":100,"maximumWanted":0,"maximumPatrols":0}
2026-10-04T15:27:17.0997707Z # Subtest: generated-city timed circuit is completable through every checkpoint with real steering
2026-10-04T15:27:17.0998068Z ok 288 - generated-city timed circuit is completable through every checkpoint with real steering
2026-10-04T15:27:17.0998149Z   ---
2026-10-04T15:27:17.0998247Z   duration_ms: 11157.296739
2026-10-04T15:27:17.0998338Z   type: 'test'
2026-10-04T15:27:17.0998414Z   ...
2026-10-04T15:27:17.0998857Z # {"seconds":46.59999999999854,"reached":4,"minimumHealth":76.17862340525166,"maximumWanted":1,"maximumPatrols":2}
2026-10-04T15:27:17.0999384Z # Subtest: generated-city getaway can trigger pursuit, lose real patrols and return without teleporting
2026-10-04T15:27:17.0999780Z ok 289 - generated-city getaway can trigger pursuit, lose real patrols and return without teleporting
2026-10-04T15:27:17.1000060Z   ---
2026-10-04T15:27:17.1000164Z   duration_ms: 13592.387027
2026-10-04T15:27:17.1000254Z   type: 'test'
2026-10-04T15:27:17.1000331Z   ...
2026-10-04T15:27:17.1000715Z # {"seconds":74.69999999999695,"reached":5,"minimumHealth":100,"maximumWanted":2,"maximumPatrols":3}
2026-10-04T15:27:17.1001098Z # Subtest: asphalt surfaces tile the real road grid at one height without overlapping intersections
2026-10-04T15:27:17.1001465Z ok 290 - asphalt surfaces tile the real road grid at one height without overlapping intersections
2026-10-04T15:27:17.1001547Z   ---
2026-10-04T15:27:17.1001640Z   duration_ms: 5.329458
2026-10-04T15:27:17.1001727Z   type: 'test'
2026-10-04T15:27:17.1001803Z   ...
2026-10-04T15:27:17.1002233Z # Subtest: ground-height query agrees with rendered triangles at ramps, pavement, park paths and promenade
2026-10-04T15:27:17.1002650Z ok 291 - ground-height query agrees with rendered triangles at ramps, pavement, park paths and promenade
2026-10-04T15:27:17.1002729Z   ---
2026-10-04T15:27:17.1002825Z   duration_ms: 23.257259
2026-10-04T15:27:17.1002912Z   type: 'test'
2026-10-04T15:27:17.1002988Z   ...
2026-10-04T15:27:17.1003357Z # Subtest: all registered obstacles have finite height and cover their actual instance geometry
2026-10-04T15:27:17.1003709Z ok 292 - all registered obstacles have finite height and cover their actual instance geometry
2026-10-04T15:27:17.1003790Z   ---
2026-10-04T15:27:17.1003878Z   duration_ms: 18.639162
2026-10-04T15:27:17.1003965Z   type: 'test'
2026-10-04T15:27:17.1004047Z   ...
2026-10-04T15:27:17.1004368Z # Subtest: Node and browser texture paths emit identical physical and camera geometry
2026-10-04T15:27:17.1004682Z ok 293 - Node and browser texture paths emit identical physical and camera geometry
2026-10-04T15:27:17.1004761Z   ---
2026-10-04T15:27:17.1004986Z   duration_ms: 488.385732
2026-10-04T15:27:17.1005076Z   type: 'test'
2026-10-04T15:27:17.1005159Z   ...
2026-10-04T15:27:17.1005650Z # Subtest: shared vehicle and character dimensions enclose actual rendered geometry including mirrors and police lights
2026-10-04T15:27:17.1006110Z ok 294 - shared vehicle and character dimensions enclose actual rendered geometry including mirrors and police lights
2026-10-04T15:27:17.1006192Z   ---
2026-10-04T15:27:17.1006285Z   duration_ms: 796.085838
2026-10-04T15:27:17.1006372Z   type: 'test'
2026-10-04T15:27:17.1006449Z   ...
2026-10-04T15:27:17.1006868Z # Subtest: all decorative sidewalk routes remain clear of grounded obstacles and sample the real pavement
2026-10-04T15:27:17.1007267Z ok 295 - all decorative sidewalk routes remain clear of grounded obstacles and sample the real pavement
2026-10-04T15:27:17.1007343Z   ---
2026-10-04T15:27:17.1007440Z   duration_ms: 436.7934
2026-10-04T15:27:17.1007530Z   type: 'test'
2026-10-04T15:27:17.1007612Z   ...
2026-10-04T15:27:17.1008068Z # Subtest: world finish composes existing hooks, preserves physical values and runs once in real instance metres
2026-10-04T15:27:17.1008502Z ok 296 - world finish composes existing hooks, preserves physical values and runs once in real instance metres
2026-10-04T15:27:17.1008584Z   ---
2026-10-04T15:27:17.1008674Z   duration_ms: 4.170841
2026-10-04T15:27:17.1008761Z   type: 'test'
2026-10-04T15:27:17.1008842Z   ...
2026-10-04T15:27:17.1009337Z # Subtest: southern street and eastern shore retain checkpoint mineral and metal coverage without modifying glazing shaders
2026-10-04T15:27:17.1010063Z ok 297 - southern street and eastern shore retain checkpoint mineral and metal coverage without modifying glazing shaders
2026-10-04T15:27:17.1010169Z   ---
2026-10-04T15:27:17.1010274Z   duration_ms: 651.46951
2026-10-04T15:27:17.1010360Z   type: 'test'
2026-10-04T15:27:17.1010444Z   ...
2026-10-04T15:27:17.1010781Z # Subtest: browser facade texture projection survives the added world grain shader
2026-10-04T15:27:17.1011226Z ok 298 - browser facade texture projection survives the added world grain shader
2026-10-04T15:27:17.1011318Z   ---
2026-10-04T15:27:17.1011419Z   duration_ms: 479.020483
2026-10-04T15:27:17.1011504Z   type: 'test'
2026-10-04T15:27:17.1011586Z   ...
2026-10-04T15:27:17.1011670Z 1..298
2026-10-04T15:27:17.1011755Z # tests 298
2026-10-04T15:27:17.1011834Z # suites 0
2026-10-04T15:27:17.1011918Z # pass 298
2026-10-04T15:27:17.1012000Z # fail 0
2026-10-04T15:27:17.1012083Z # cancelled 0
2026-10-04T15:27:17.1012169Z # skipped 0
2026-10-04T15:27:17.1012250Z # todo 0
2026-10-04T15:27:17.1012356Z # duration_ms 147587.505385
2026-10-04T15:27:17.1042360Z ##[group]Run npm run build
2026-10-04T15:27:17.1042499Z [36;1mnpm run build[0m
2026-10-04T15:27:17.1105747Z shell: /usr/bin/bash -e {0}
2026-10-04T15:27:17.1105839Z ##[endgroup]
2026-10-04T15:27:17.2096481Z 
2026-10-04T15:27:17.2097476Z > neon-harbor@0.8.0 build
2026-10-04T15:27:17.2097668Z > node tools/build.mjs
2026-10-04T15:27:17.2097712Z 
2026-10-04T15:27:17.7071287Z Built 58 city districts (6888 KiB) at /home/runner/work/neon-harbor/neon-harbor/assets/city/chunks/
2026-10-04T15:27:17.9547344Z Built 12 north-shore districts (6603 KiB) at /home/runner/work/neon-harbor/neon-harbor/assets/metropolis/chunks/
2026-10-04T15:27:18.0824281Z Built static game at /home/runner/work/neon-harbor/neon-harbor/dist
2026-10-04T15:27:18.1073831Z ##[group]Run npx playwright install --with-deps chromium
2026-10-04T15:27:18.1074304Z [36;1mnpx playwright install --with-deps chromium[0m
2026-10-04T15:27:18.1138803Z shell: /usr/bin/bash -e {0}
2026-10-04T15:27:18.1139077Z ##[endgroup]
2026-10-04T15:27:18.9277150Z Installing dependencies...
2026-10-04T15:27:18.9339273Z Switching to root user to install dependencies...
2026-10-04T15:27:19.0188152Z Get:1 file:/etc/apt/apt-mirrors.txt Mirrorlist [144 B]
2026-10-04T15:27:19.0641461Z Hit:2 http://azure.archive.ubuntu.com/ubuntu noble InRelease
2026-10-04T15:27:19.0643123Z Get:3 http://azure.archive.ubuntu.com/ubuntu noble-updates InRelease [126 kB]
2026-10-04T15:27:19.0691625Z Get:4 http://azure.archive.ubuntu.com/ubuntu noble-backports InRelease [126 kB]
2026-10-04T15:27:19.0730985Z Get:5 http://azure.archive.ubuntu.com/ubuntu noble-security InRelease [126 kB]
2026-10-04T15:27:19.1012381Z Get:6 https://packages.microsoft.com/ubuntu/24.04/prod noble InRelease [3600 B]
2026-10-04T15:27:19.2051262Z Get:7 http://azure.archive.ubuntu.com/ubuntu noble-updates/main amd64 Packages [1364 kB]
2026-10-04T15:27:19.2182300Z Get:8 http://azure.archive.ubuntu.com/ubuntu noble-updates/main Translation-en [304 kB]
2026-10-04T15:27:19.2191339Z Get:9 http://azure.archive.ubuntu.com/ubuntu noble-updates/main amd64 Components [181 kB]
2026-10-04T15:27:19.2205744Z Get:10 http://azure.archive.ubuntu.com/ubuntu noble-updates/universe amd64 Packages [1699 kB]
2026-10-04T15:27:19.2290559Z Get:11 http://azure.archive.ubuntu.com/ubuntu noble-updates/universe Translation-en [341 kB]
2026-10-04T15:27:19.2321700Z Get:12 http://azure.archive.ubuntu.com/ubuntu noble-updates/universe amd64 Components [388 kB]
2026-10-04T15:27:19.2351125Z Get:13 http://azure.archive.ubuntu.com/ubuntu noble-updates/restricted amd64 Packages [1720 kB]
2026-10-04T15:27:19.2421065Z Get:14 http://azure.archive.ubuntu.com/ubuntu noble-updates/restricted Translation-en [394 kB]
2026-10-04T15:27:19.2443277Z Get:15 http://azure.archive.ubuntu.com/ubuntu noble-updates/multiverse amd64 Components [940 B]
2026-10-04T15:27:19.2763940Z Get:16 http://azure.archive.ubuntu.com/ubuntu noble-backports/main amd64 Components [5776 B]
2026-10-04T15:27:19.3204698Z Get:17 http://azure.archive.ubuntu.com/ubuntu noble-backports/universe amd64 Components [12.6 kB]
2026-10-04T15:27:19.3353524Z Get:18 http://azure.archive.ubuntu.com/ubuntu noble-security/main amd64 Packages [1069 kB]
2026-10-04T15:27:19.3415739Z Get:19 http://azure.archive.ubuntu.com/ubuntu noble-security/main Translation-en [221 kB]
2026-10-04T15:27:19.3425291Z Get:20 http://azure.archive.ubuntu.com/ubuntu noble-security/main amd64 Components [46.4 kB]
2026-10-04T15:27:19.3434659Z Get:21 http://azure.archive.ubuntu.com/ubuntu noble-security/universe amd64 Packages [1216 kB]
2026-10-04T15:27:19.3503105Z Get:22 http://azure.archive.ubuntu.com/ubuntu noble-security/universe Translation-en [244 kB]
2026-10-04T15:27:19.3517885Z Get:23 http://azure.archive.ubuntu.com/ubuntu noble-security/universe amd64 Components [76.4 kB]
2026-10-04T15:27:19.3522047Z Get:24 http://azure.archive.ubuntu.com/ubuntu noble-security/restricted amd64 Packages [1566 kB]
2026-10-04T15:27:19.3597721Z Get:25 http://azure.archive.ubuntu.com/ubuntu noble-security/restricted Translation-en [361 kB]
2026-10-04T15:27:19.3894130Z Get:26 https://packages.microsoft.com/ubuntu/24.04/prod noble/main armhf Packages [12.6 kB]
2026-10-04T15:27:19.3967450Z Get:27 https://packages.microsoft.com/ubuntu/24.04/prod noble/main arm64 Packages [458 kB]
2026-10-04T15:27:19.4034602Z Get:28 https://packages.microsoft.com/ubuntu/24.04/prod noble/main amd64 Packages [511 kB]
2026-10-04T15:27:23.7022490Z Fetched 12.6 MB in 1s (9140 kB/s)
2026-10-04T15:27:24.5567346Z Reading package lists...
2026-10-04T15:27:24.5806981Z Reading package lists...
2026-10-04T15:27:24.7795337Z Building dependency tree...
2026-10-04T15:27:24.7802477Z Reading state information...
2026-10-04T15:27:24.9262676Z libasound2t64 is already the newest version (1.2.11-1ubuntu0.3).
2026-10-04T15:27:24.9264585Z libasound2t64 set to manually installed.
2026-10-04T15:27:24.9266009Z libatk-bridge2.0-0t64 is already the newest version (2.52.0-1build1).
2026-10-04T15:27:24.9267365Z libatk-bridge2.0-0t64 set to manually installed.
2026-10-04T15:27:24.9268389Z libatk1.0-0t64 is already the newest version (2.52.0-1build1).
2026-10-04T15:27:24.9269192Z libatk1.0-0t64 set to manually installed.
2026-10-04T15:27:24.9270310Z libatspi2.0-0t64 is already the newest version (2.52.0-1build1).
2026-10-04T15:27:24.9271138Z libatspi2.0-0t64 set to manually installed.
2026-10-04T15:27:24.9271909Z libcairo2 is already the newest version (1.18.0-3build1).
2026-10-04T15:27:24.9272812Z libcairo2 set to manually installed.
2026-10-04T15:27:24.9273513Z libcups2t64 is already the newest version (2.4.7-1.2ubuntu7.14).
2026-10-04T15:27:24.9274025Z libcups2t64 set to manually installed.
2026-10-04T15:27:24.9274533Z libdbus-1-3 is already the newest version (1.14.10-4ubuntu4.1).
2026-10-04T15:27:24.9275049Z libdbus-1-3 set to manually installed.
2026-10-04T15:27:24.9275584Z libdrm2 is already the newest version (2.4.125-1ubuntu0.1~24.04.2).
2026-10-04T15:27:24.9276085Z libdrm2 set to manually installed.
2026-10-04T15:27:24.9276601Z libglib2.0-0t64 is already the newest version (2.80.0-6ubuntu3.9).
2026-10-04T15:27:24.9277127Z libglib2.0-0t64 set to manually installed.
2026-10-04T15:27:24.9277642Z libnspr4 is already the newest version (2:4.35-1.1build1).
2026-10-04T15:27:24.9278116Z libnspr4 set to manually installed.
2026-10-04T15:27:24.9278512Z libnss3 is already the newest version (2:3.98-1ubuntu0.2).
2026-10-04T15:27:24.9278891Z libnss3 set to manually installed.
2026-10-04T15:27:24.9279330Z libpango-1.0-0 is already the newest version (1.52.1+ds-1build1).
2026-10-04T15:27:24.9279757Z libpango-1.0-0 set to manually installed.
2026-10-04T15:27:24.9280669Z libx11-6 is already the newest version (2:1.8.7-1build1).
2026-10-04T15:27:24.9281089Z libx11-6 set to manually installed.
2026-10-04T15:27:24.9281622Z libxcb1 is already the newest version (1.15-1ubuntu2).
2026-10-04T15:27:24.9282213Z libxcb1 set to manually installed.
2026-10-04T15:27:24.9282935Z libxcomposite1 is already the newest version (1:0.4.5-1build3).
2026-10-04T15:27:24.9283670Z libxcomposite1 set to manually installed.
2026-10-04T15:27:24.9284406Z libxdamage1 is already the newest version (1:1.1.6-1build1).
2026-10-04T15:27:24.9284987Z libxdamage1 set to manually installed.
2026-10-04T15:27:24.9285396Z libxext6 is already the newest version (2:1.3.4-1build2).
2026-10-04T15:27:24.9285774Z libxext6 set to manually installed.
2026-10-04T15:27:24.9286163Z libxfixes3 is already the newest version (1:6.0.0-2build1).
2026-10-04T15:27:24.9286560Z libxfixes3 set to manually installed.
2026-10-04T15:27:24.9287278Z libxkbcommon0 is already the newest version (1.6.0-1build1).
2026-10-04T15:27:24.9288085Z libxkbcommon0 set to manually installed.
2026-10-04T15:27:24.9288851Z libxrandr2 is already the newest version (2:1.5.2-2build1).
2026-10-04T15:27:24.9289261Z libxrandr2 set to manually installed.
2026-10-04T15:27:24.9289657Z xvfb is already the newest version (2:21.1.12-1ubuntu1.8).
2026-10-04T15:27:24.9290972Z fonts-noto-color-emoji is already the newest version (2.047-0ubuntu0.24.04.1).
2026-10-04T15:27:24.9291649Z libfontconfig1 is already the newest version (2.15.0-1.1ubuntu2).
2026-10-04T15:27:24.9292411Z libfontconfig1 set to manually installed.
2026-10-04T15:27:24.9293271Z libfreetype6 is already the newest version (2.13.2+dfsg-1ubuntu0.1).
2026-10-04T15:27:24.9294071Z libfreetype6 set to manually installed.
2026-10-04T15:27:24.9294826Z fonts-liberation is already the newest version (1:2.1.5-3).
2026-10-04T15:27:24.9295606Z fonts-liberation set to manually installed.
2026-10-04T15:27:24.9296318Z The following additional packages will be installed:
2026-10-04T15:27:24.9297210Z   libgl1-mesa-dri libglx-mesa0 mesa-libgallium xfonts-encodings xfonts-utils
2026-10-04T15:27:24.9297988Z Recommended packages:
2026-10-04T15:27:24.9298481Z   fonts-ipafont-mincho fonts-tlwg-loma
2026-10-04T15:27:24.9484741Z The following NEW packages will be installed:
2026-10-04T15:27:24.9485837Z   fonts-freefont-ttf fonts-ipafont-gothic fonts-tlwg-loma-otf fonts-unifont
2026-10-04T15:27:24.9494169Z   fonts-wqy-zenhei xfonts-cyrillic xfonts-encodings xfonts-scalable
2026-10-04T15:27:24.9494859Z   xfonts-utils
2026-10-04T15:27:24.9500657Z The following packages will be upgraded:
2026-10-04T15:27:24.9506828Z   libgbm1 libgl1-mesa-dri libglx-mesa0 mesa-libgallium
2026-10-04T15:27:24.9673048Z 4 upgraded, 9 newly installed, 0 to remove and 21 not upgraded.
2026-10-04T15:27:24.9673535Z Need to get 32.1 MB of archives.
2026-10-04T15:27:24.9674324Z After this operation, 79.5 MB of additional disk space will be used.
2026-10-04T15:27:24.9674834Z Get:1 file:/etc/apt/apt-mirrors.txt Mirrorlist [144 B]
2026-10-04T15:27:25.0119380Z Get:2 http://azure.archive.ubuntu.com/ubuntu noble/universe amd64 fonts-ipafont-gothic all 00303-21ubuntu1 [3513 kB]
2026-10-04T15:27:25.0703550Z Get:3 http://azure.archive.ubuntu.com/ubuntu noble/main amd64 fonts-freefont-ttf all 20211204+svn4273-2 [5641 kB]
2026-10-04T15:27:25.1492593Z Get:4 http://azure.archive.ubuntu.com/ubuntu noble/universe amd64 fonts-tlwg-loma-otf all 1:0.7.3-1 [107 kB]
2026-10-04T15:27:25.1775016Z Get:5 http://azure.archive.ubuntu.com/ubuntu noble/universe amd64 fonts-unifont all 1:15.1.01-1build1 [2993 kB]
2026-10-04T15:27:25.2309331Z Get:6 http://azure.archive.ubuntu.com/ubuntu noble/universe amd64 fonts-wqy-zenhei all 0.9.45-8 [7472 kB]
2026-10-04T15:27:25.3236000Z Get:7 http://azure.archive.ubuntu.com/ubuntu noble-updates/main amd64 libgl1-mesa-dri amd64 25.2.8-0ubuntu0.24.04.4 [38.0 kB]
2026-10-04T15:27:25.3514394Z Get:8 http://azure.archive.ubuntu.com/ubuntu noble-updates/main amd64 libglx-mesa0 amd64 25.2.8-0ubuntu0.24.04.4 [110 kB]
2026-10-04T15:27:25.3796043Z Get:9 http://azure.archive.ubuntu.com/ubuntu noble-updates/main amd64 libgbm1 amd64 25.2.8-0ubuntu0.24.04.4 [34.2 kB]
2026-10-04T15:27:25.4074467Z Get:10 http://azure.archive.ubuntu.com/ubuntu noble-updates/main amd64 mesa-libgallium amd64 25.2.8-0ubuntu0.24.04.4 [10.8 MB]
2026-10-04T15:27:25.5302101Z Get:11 http://azure.archive.ubuntu.com/ubuntu noble/main amd64 xfonts-encodings all 1:1.0.5-0ubuntu2 [578 kB]
2026-10-04T15:27:25.5624311Z Get:12 http://azure.archive.ubuntu.com/ubuntu noble/main amd64 xfonts-utils amd64 1:7.7+6build3 [94.4 kB]
2026-10-04T15:27:25.5909341Z Get:13 http://azure.archive.ubuntu.com/ubuntu noble/universe amd64 xfonts-cyrillic all 1:1.0.5+nmu1 [384 kB]
2026-10-04T15:27:25.6214372Z Get:14 http://azure.archive.ubuntu.com/ubuntu noble/main amd64 xfonts-scalable all 1:1.0.3-1.3 [304 kB]
2026-10-04T15:27:25.8768970Z Fetched 32.1 MB in 1s (48.1 MB/s)
2026-10-04T15:27:25.8990178Z Selecting previously unselected package fonts-ipafont-gothic.
2026-10-04T15:27:25.9254110Z (Reading database ... 
2026-10-04T15:27:25.9254685Z (Reading database ... 5%
2026-10-04T15:27:25.9255226Z (Reading database ... 10%
2026-10-04T15:27:25.9255616Z (Reading database ... 15%
2026-10-04T15:27:25.9255976Z (Reading database ... 20%
2026-10-04T15:27:25.9256360Z (Reading database ... 25%
2026-10-04T15:27:25.9256750Z (Reading database ... 30%
2026-10-04T15:27:25.9257085Z (Reading database ... 35%
2026-10-04T15:27:25.9257409Z (Reading database ... 40%
2026-10-04T15:27:25.9257736Z (Reading database ... 45%
2026-10-04T15:27:25.9258058Z (Reading database ... 50%
2026-10-04T15:27:25.9297744Z (Reading database ... 55%
2026-10-04T15:27:26.0340159Z (Reading database ... 60%
2026-10-04T15:27:26.2808739Z (Reading database ... 65%
2026-10-04T15:27:26.4707980Z (Reading database ... 70%
2026-10-04T15:27:26.6391993Z (Reading database ... 75%
2026-10-04T15:27:26.7896340Z (Reading database ... 80%
2026-10-04T15:27:26.9814911Z (Reading database ... 85%
2026-10-04T15:27:27.1837269Z (Reading database ... 90%
2026-10-04T15:27:27.3869490Z (Reading database ... 95%
2026-10-04T15:27:27.3870278Z (Reading database ... 100%
2026-10-04T15:27:27.3870912Z (Reading database ... 202296 files and directories currently installed.)
2026-10-04T15:27:27.3913681Z Preparing to unpack .../00-fonts-ipafont-gothic_00303-21ubuntu1_all.deb ...
2026-10-04T15:27:27.4006823Z Unpacking fonts-ipafont-gothic (00303-21ubuntu1) ...
2026-10-04T15:27:27.6319347Z Selecting previously unselected package fonts-freefont-ttf.
2026-10-04T15:27:27.6444364Z Preparing to unpack .../01-fonts-freefont-ttf_20211204+svn4273-2_all.deb ...
2026-10-04T15:27:27.6452040Z Unpacking fonts-freefont-ttf (20211204+svn4273-2) ...
2026-10-04T15:27:27.7228339Z Selecting previously unselected package fonts-tlwg-loma-otf.
2026-10-04T15:27:27.7354767Z Preparing to unpack .../02-fonts-tlwg-loma-otf_1%3a0.7.3-1_all.deb ...
2026-10-04T15:27:27.7363560Z Unpacking fonts-tlwg-loma-otf (1:0.7.3-1) ...
2026-10-04T15:27:27.7575954Z Selecting previously unselected package fonts-unifont.
2026-10-04T15:27:27.7701191Z Preparing to unpack .../03-fonts-unifont_1%3a15.1.01-1build1_all.deb ...
2026-10-04T15:27:27.7709358Z Unpacking fonts-unifont (1:15.1.01-1build1) ...
2026-10-04T15:27:27.8745397Z Selecting previously unselected package fonts-wqy-zenhei.
2026-10-04T15:27:27.8870928Z Preparing to unpack .../04-fonts-wqy-zenhei_0.9.45-8_all.deb ...
2026-10-04T15:27:27.8969084Z Unpacking fonts-wqy-zenhei (0.9.45-8) ...
2026-10-04T15:27:28.3705551Z Preparing to unpack .../05-libgl1-mesa-dri_25.2.8-0ubuntu0.24.04.4_amd64.deb ...
2026-10-04T15:27:28.3847421Z Unpacking libgl1-mesa-dri:amd64 (25.2.8-0ubuntu0.24.04.4) over (25.2.8-0ubuntu0.24.04.2) ...
2026-10-04T15:27:28.4335525Z Preparing to unpack .../06-libglx-mesa0_25.2.8-0ubuntu0.24.04.4_amd64.deb ...
2026-10-04T15:27:28.4366489Z Unpacking libglx-mesa0:amd64 (25.2.8-0ubuntu0.24.04.4) over (25.2.8-0ubuntu0.24.04.2) ...
2026-10-04T15:27:28.4734885Z Preparing to unpack .../07-libgbm1_25.2.8-0ubuntu0.24.04.4_amd64.deb ...
2026-10-04T15:27:28.4759038Z Unpacking libgbm1:amd64 (25.2.8-0ubuntu0.24.04.4) over (25.2.8-0ubuntu0.24.04.2) ...
2026-10-04T15:27:28.5122500Z Preparing to unpack .../08-mesa-libgallium_25.2.8-0ubuntu0.24.04.4_amd64.deb ...
2026-10-04T15:27:28.5147814Z Unpacking mesa-libgallium:amd64 (25.2.8-0ubuntu0.24.04.4) over (25.2.8-0ubuntu0.24.04.2) ...
2026-10-04T15:27:28.6823763Z Selecting previously unselected package xfonts-encodings.
2026-10-04T15:27:28.6950722Z Preparing to unpack .../09-xfonts-encodings_1%3a1.0.5-0ubuntu2_all.deb ...
2026-10-04T15:27:28.6957224Z Unpacking xfonts-encodings (1:1.0.5-0ubuntu2) ...
2026-10-04T15:27:28.7238344Z Selecting previously unselected package xfonts-utils.
2026-10-04T15:27:28.7367057Z Preparing to unpack .../10-xfonts-utils_1%3a7.7+6build3_amd64.deb ...
2026-10-04T15:27:28.7390101Z Unpacking xfonts-utils (1:7.7+6build3) ...
2026-10-04T15:27:28.7728574Z Selecting previously unselected package xfonts-cyrillic.
2026-10-04T15:27:28.7857962Z Preparing to unpack .../11-xfonts-cyrillic_1%3a1.0.5+nmu1_all.deb ...
2026-10-04T15:27:28.7865661Z Unpacking xfonts-cyrillic (1:1.0.5+nmu1) ...
2026-10-04T15:27:28.8213056Z Selecting previously unselected package xfonts-scalable.
2026-10-04T15:27:28.8340736Z Preparing to unpack .../12-xfonts-scalable_1%3a1.0.3-1.3_all.deb ...
2026-10-04T15:27:28.8348914Z Unpacking xfonts-scalable (1:1.0.3-1.3) ...
2026-10-04T15:27:28.8827892Z Setting up mesa-libgallium:amd64 (25.2.8-0ubuntu0.24.04.4) ...
2026-10-04T15:27:28.8851398Z Setting up libgbm1:amd64 (25.2.8-0ubuntu0.24.04.4) ...
2026-10-04T15:27:28.8873020Z Setting up libgl1-mesa-dri:amd64 (25.2.8-0ubuntu0.24.04.4) ...
2026-10-04T15:27:28.8946814Z Setting up fonts-wqy-zenhei (0.9.45-8) ...
2026-10-04T15:27:28.9068609Z Setting up fonts-freefont-ttf (20211204+svn4273-2) ...
2026-10-04T15:27:28.9091824Z Setting up fonts-tlwg-loma-otf (1:0.7.3-1) ...
2026-10-04T15:27:28.9111837Z Setting up xfonts-encodings (1:1.0.5-0ubuntu2) ...
2026-10-04T15:27:28.9132216Z Setting up fonts-ipafont-gothic (00303-21ubuntu1) ...
2026-10-04T15:27:28.9198482Z update-alternatives: using /usr/share/fonts/opentype/ipafont-gothic/ipag.ttf to provide /usr/share/fonts/truetype/fonts-japanese-gothic.ttf (fonts-japanese-gothic.ttf) in auto mode
2026-10-04T15:27:28.9216851Z Setting up fonts-unifont (1:15.1.01-1build1) ...
2026-10-04T15:27:28.9248590Z Setting up libglx-mesa0:amd64 (25.2.8-0ubuntu0.24.04.4) ...
2026-10-04T15:27:28.9270665Z Setting up xfonts-utils (1:7.7+6build3) ...
2026-10-04T15:27:28.9313259Z Setting up xfonts-cyrillic (1:1.0.5+nmu1) ...
2026-10-04T15:27:28.9603639Z Setting up xfonts-scalable (1:1.0.3-1.3) ...
2026-10-04T15:27:28.9881092Z Processing triggers for libc-bin (2.39-0ubuntu8.9) ...
2026-10-04T15:27:29.0190403Z Processing triggers for man-db (2.12.0-4build2) ...
2026-10-04T15:27:29.0210181Z Not building database; man-db/auto-update is not 'true'.
2026-10-04T15:27:29.0223907Z Processing triggers for fontconfig (2.15.0-1.1ubuntu2) ...
2026-10-04T15:27:29.7280669Z 
2026-10-04T15:27:29.7281504Z Running kernel seems to be up-to-date.
2026-10-04T15:27:29.7281922Z 
2026-10-04T15:27:29.7282199Z No services need to be restarted.
2026-10-04T15:27:29.7282515Z 
2026-10-04T15:27:29.7282784Z No containers need to be restarted.
2026-10-04T15:27:29.7283109Z 
2026-10-04T15:27:29.7283458Z No user sessions are running outdated binaries.
2026-10-04T15:27:29.7283845Z 
2026-10-04T15:27:29.7284348Z No VM guests are running outdated hypervisor (qemu) binaries on this host.
2026-10-04T15:27:30.6229342Z Downloading Chrome for Testing 151.0.7922.34 (playwright chromium v1234) from https://cdn.playwright.dev/builds/cft/151.0.7922.34/linux64/chrome-linux64.zip
2026-10-04T15:27:31.6543224Z |                                                                                |   0% of 184.3 MiB
2026-10-04T15:27:31.9512179Z |■■■■■■■■                                                                        |  10% of 184.3 MiB
2026-10-04T15:27:32.0408969Z |■■■■■■■■■■■■■■■■                                                                |  20% of 184.3 MiB
2026-10-04T15:27:32.1163380Z |■■■■■■■■■■■■■■■■■■■■■■■■                                                        |  30% of 184.3 MiB
2026-10-04T15:27:32.1871522Z |■■■■■■■■■■■■■■■■■■■■■■■■■■■■■■■■                                                |  40% of 184.3 MiB
2026-10-04T15:27:32.2641481Z |■■■■■■■■■■■■■■■■■■■■■■■■■■■■■■■■■■■■■■■■                                        |  50% of 184.3 MiB
2026-10-04T15:27:32.3449118Z |■■■■■■■■■■■■■■■■■■■■■■■■■■■■■■■■■■■■■■■■■■■■■■■■                                |  60% of 184.3 MiB
2026-10-04T15:27:32.4217480Z |■■■■■■■■■■■■■■■■■■■■■■■■■■■■■■■■■■■■■■■■■■■■■■■■■■■■■■■■                        |  70% of 184.3 MiB
2026-10-04T15:27:32.4995192Z |■■■■■■■■■■■■■■■■■■■■■■■■■■■■■■■■■■■■■■■■■■■■■■■■■■■■■■■■■■■■■■■■                |  80% of 184.3 MiB
2026-10-04T15:27:32.5776291Z |■■■■■■■■■■■■■■■■■■■■■■■■■■■■■■■■■■■■■■■■■■■■■■■■■■■■■■■■■■■■■■■■■■■■■■■■        |  90% of 184.3 MiB
2026-10-04T15:27:32.6571519Z |■■■■■■■■■■■■■■■■■■■■■■■■■■■■■■■■■■■■■■■■■■■■■■■■■■■■■■■■■■■■■■■■■■■■■■■■■■■■■■■■| 100% of 184.3 MiB
2026-10-04T15:27:35.4237117Z Chrome for Testing 151.0.7922.34 (playwright chromium v1234) downloaded to /home/runner/.cache/ms-playwright/chromium-1234
2026-10-04T15:27:35.4241798Z Downloading FFmpeg (playwright ffmpeg v1011) from https://cdn.playwright.dev/dbazure/download/playwright/builds/ffmpeg/1011/ffmpeg-linux.zip
2026-10-04T15:27:36.4086741Z |                                                                                |   0% of 2.3 MiB
2026-10-04T15:27:36.4330823Z |■■■■■■■■                                                                        |  10% of 2.3 MiB
2026-10-04T15:27:36.4427800Z |■■■■■■■■■■■■■■■■                                                                |  20% of 2.3 MiB
2026-10-04T15:27:36.4511994Z |■■■■■■■■■■■■■■■■■■■■■■■■                                                        |  30% of 2.3 MiB
2026-10-04T15:27:36.4588964Z |■■■■■■■■■■■■■■■■■■■■■■■■■■■■■■■■                                                |  40% of 2.3 MiB
2026-10-04T15:27:36.4641500Z |■■■■■■■■■■■■■■■■■■■■■■■■■■■■■■■■■■■■■■■■                                        |  50% of 2.3 MiB
2026-10-04T15:27:36.4687595Z |■■■■■■■■■■■■■■■■■■■■■■■■■■■■■■■■■■■■■■■■■■■■■■■■                                |  60% of 2.3 MiB
2026-10-04T15:27:36.4725495Z |■■■■■■■■■■■■■■■■■■■■■■■■■■■■■■■■■■■■■■■■■■■■■■■■■■■■■■■■                        |  70% of 2.3 MiB
2026-10-04T15:27:36.4741001Z |■■■■■■■■■■■■■■■■■■■■■■■■■■■■■■■■■■■■■■■■■■■■■■■■■■■■■■■■■■■■■■■■                |  80% of 2.3 MiB
2026-10-04T15:27:36.4763585Z |■■■■■■■■■■■■■■■■■■■■■■■■■■■■■■■■■■■■■■■■■■■■■■■■■■■■■■■■■■■■■■■■■■■■■■■■        |  90% of 2.3 MiB
2026-10-04T15:27:36.4812723Z |■■■■■■■■■■■■■■■■■■■■■■■■■■■■■■■■■■■■■■■■■■■■■■■■■■■■■■■■■■■■■■■■■■■■■■■■■■■■■■■■| 100% of 2.3 MiB
2026-10-04T15:27:36.5415724Z FFmpeg (playwright ffmpeg v1011) downloaded to /home/runner/.cache/ms-playwright/ffmpeg-1011
2026-10-04T15:27:36.5419592Z Downloading Chrome Headless Shell 151.0.7922.34 (playwright chromium-headless-shell v1234) from https://cdn.playwright.dev/builds/cft/151.0.7922.34/linux64/chrome-headless-shell-linux64.zip
2026-10-04T15:27:37.5797623Z |                                                                                |   0% of 114.7 MiB
2026-10-04T15:27:37.8758547Z |■■■■■■■■                                                                        |  10% of 114.7 MiB
2026-10-04T15:27:37.9449219Z |■■■■■■■■■■■■■■■■                                                                |  20% of 114.7 MiB
2026-10-04T15:27:38.0021825Z |■■■■■■■■■■■■■■■■■■■■■■■■                                                        |  30% of 114.7 MiB
2026-10-04T15:27:38.0611485Z |■■■■■■■■■■■■■■■■■■■■■■■■■■■■■■■■                                                |  40% of 114.7 MiB
2026-10-04T15:27:38.1125951Z |■■■■■■■■■■■■■■■■■■■■■■■■■■■■■■■■■■■■■■■■                                        |  50% of 114.7 MiB
2026-10-04T15:27:38.1602752Z |■■■■■■■■■■■■■■■■■■■■■■■■■■■■■■■■■■■■■■■■■■■■■■■■                                |  60% of 114.7 MiB
2026-10-04T15:27:38.2034009Z |■■■■■■■■■■■■■■■■■■■■■■■■■■■■■■■■■■■■■■■■■■■■■■■■■■■■■■■■                        |  70% of 114.7 MiB
2026-10-04T15:27:38.2548354Z |■■■■■■■■■■■■■■■■■■■■■■■■■■■■■■■■■■■■■■■■■■■■■■■■■■■■■■■■■■■■■■■■                |  80% of 114.7 MiB
2026-10-04T15:27:38.3053121Z |■■■■■■■■■■■■■■■■■■■■■■■■■■■■■■■■■■■■■■■■■■■■■■■■■■■■■■■■■■■■■■■■■■■■■■■■        |  90% of 114.7 MiB
2026-10-04T15:27:38.3457240Z |■■■■■■■■■■■■■■■■■■■■■■■■■■■■■■■■■■■■■■■■■■■■■■■■■■■■■■■■■■■■■■■■■■■■■■■■■■■■■■■■| 100% of 114.7 MiB
2026-10-04T15:27:40.3142511Z Chrome Headless Shell 151.0.7922.34 (playwright chromium-headless-shell v1234) downloaded to /home/runner/.cache/ms-playwright/chromium_headless_shell-1234
2026-10-04T15:27:40.3405754Z ##[group]Run npx playwright test tests/e2e/harbor-realism.spec.js --fully-parallel --shard=1/1
2026-10-04T15:27:40.3406500Z [36;1mnpx playwright test tests/e2e/harbor-realism.spec.js --fully-parallel --shard=1/1[0m
2026-10-04T15:27:40.3469235Z shell: /usr/bin/bash -e {0}
2026-10-04T15:27:40.3469717Z ##[endgroup]
2026-10-04T15:27:41.4754156Z 
2026-10-04T15:27:41.4754777Z Running 2 tests using 1 worker, shard 1 of 1
2026-10-04T15:27:41.4755265Z 
2026-10-04T15:28:59.7752900Z   ✓  1 tests/e2e/harbor-realism.spec.js:39:1 › the primary start reaches a walkable harbor panorama in default high quality, with day and night views (1.3m)
2026-10-04T15:33:43.7032403Z   ✓  2 tests/e2e/harbor-realism.spec.js:89:1 › a visitor walks both physical stair flights into a furnished third-floor workshop and returns to the street (4.7m)
2026-10-04T15:33:55.4534932Z 
2026-10-04T15:33:55.4540555Z   Slow test file: tests/e2e/harbor-realism.spec.js (6.0m)
2026-10-04T15:33:55.4542249Z   Consider running tests from slow files in parallel. See: https://playwright.dev/docs/test-parallel
2026-10-04T15:33:55.4543400Z   2 passed (6.2m)
2026-10-04T15:33:55.5194773Z ##[group]Run actions/upload-artifact@v4
2026-10-04T15:33:55.5195088Z with:
2026-10-04T15:33:55.5195317Z   name: browser-test-results-harbor-realism
2026-10-04T15:33:55.5195671Z   path: playwright-report/
test-results/

2026-10-04T15:33:55.5195971Z   if-no-files-found: ignore
2026-10-04T15:33:55.5196210Z   compression-level: 6
2026-10-04T15:33:55.5196428Z   overwrite: false
2026-10-04T15:33:55.5196649Z   include-hidden-files: false
2026-10-04T15:33:55.5196888Z ##[endgroup]
2026-10-04T15:33:55.6884702Z (node:3678) [DEP0040] DeprecationWarning: The `punycode` module is deprecated. Please use a userland alternative instead.
2026-10-04T15:33:55.6885677Z (Use `node --trace-deprecation ...` to show where the warning was created)
2026-10-04T15:33:55.7013028Z Multiple search paths detected. Calculating the least common ancestor of all paths
2026-10-04T15:33:55.7016152Z The least common ancestor is /home/runner/work/neon-harbor/neon-harbor. This will be the root directory of the artifact
2026-10-04T15:33:55.7017307Z With the provided path, there will be 16 files uploaded
2026-10-04T15:33:55.7021334Z Artifact name is valid!
2026-10-04T15:33:55.7022648Z Root directory input is valid!
2026-10-04T15:33:55.9732258Z Beginning upload of artifact content to blob storage
2026-10-04T15:33:56.1595612Z (node:3678) [DEP0169] DeprecationWarning: `url.parse()` behavior is not standardized and prone to errors that have security implications. Use the WHATWG URL API instead. CVEs are not issued for `url.parse()` vulnerabilities.
2026-10-04T15:33:56.6044079Z Uploaded bytes 4361502
2026-10-04T15:33:56.6484865Z Finished uploading artifact content to blob storage!
2026-10-04T15:33:56.6486895Z SHA256 digest of uploaded artifact zip is aa07b6d7cbdf40e91f9942c88af2e8b4051bf24792b6840297fa3cf3de49c150
2026-10-04T15:33:56.6489068Z Finalizing artifact upload
2026-10-04T15:33:56.8989278Z Artifact browser-test-results-harbor-realism.zip successfully finalized. Artifact ID 11306529507
2026-10-04T15:33:56.8992104Z Artifact browser-test-results-harbor-realism has been successfully uploaded! Final size is 4361502 bytes. Artifact ID is 11306529507
2026-10-04T15:33:56.8998672Z Artifact download URL: https://github.com/qifalab/neon-harbor/actions/runs/37212886714/artifacts/11306529507
2026-10-04T15:33:56.9186013Z Post job cleanup.
2026-10-04T15:33:57.0437004Z (node:3691) [DEP0040] DeprecationWarning: The `punycode` module is deprecated. Please use a userland alternative instead.
2026-10-04T15:33:57.0438938Z (Use `node --trace-deprecation ...` to show where the warning was created)
2026-10-04T15:33:57.0441659Z Cache hit occurred on the primary key node-cache-Linux-x64-npm-6438cc70f01e36935f5c8c9cb620f6c972b229821dda55e94f5b735e54c263b7, not saving cache.
2026-10-04T15:33:57.0588426Z Post job cleanup.
2026-10-04T15:33:57.1437443Z [command]/usr/bin/git version
2026-10-04T15:33:57.1482184Z git version 2.55.0
2026-10-04T15:33:57.1521125Z Temporarily overriding HOME='/home/runner/work/_temp/3cc430b6-086d-4763-b01c-cb60736a93cc' before making global git config changes
2026-10-04T15:33:57.1522902Z Adding repository directory to the temporary git global config as a safe directory
2026-10-04T15:33:57.1526256Z [command]/usr/bin/git config --global --add safe.directory /home/runner/work/neon-harbor/neon-harbor
2026-10-04T15:33:57.1568480Z [command]/usr/bin/git config --local --name-only --get-regexp core\.sshCommand
2026-10-04T15:33:57.1604400Z [command]/usr/bin/git submodule foreach --recursive sh -c "git config --local --name-only --get-regexp 'core\.sshCommand' && git config --local --unset-all 'core.sshCommand' || :"
2026-10-04T15:33:57.1858922Z [command]/usr/bin/git config --local --name-only --get-regexp http\.https\:\/\/github\.com\/\.extraheader
2026-10-04T15:33:57.1891526Z http.https://github.com/.extraheader
2026-10-04T15:33:57.1904398Z [command]/usr/bin/git config --local --unset-all http.https://github.com/.extraheader
2026-10-04T15:33:57.1941352Z [command]/usr/bin/git submodule foreach --recursive sh -c "git config --local --name-only --get-regexp 'http\.https\:\/\/github\.com\/\.extraheader' && git config --local --unset-all 'http.https://github.com/.extraheader' || :"
2026-10-04T15:33:57.2229137Z [command]/usr/bin/git config --local --name-only --get-regexp ^includeIf\.gitdir:
2026-10-04T15:33:57.2279153Z [command]/usr/bin/git submodule foreach --recursive git config --local --show-origin --name-only --get-regexp remote.origin.url
2026-10-04T15:33:57.2752197Z Cleaning up orphan processes
2026-10-04T15:33:57.3052006Z ##[warning]Node.js 20 is deprecated. The following actions target Node.js 20 but are being forced to run on Node.js 24: actions/checkout@v4, actions/setup-node@v4, actions/upload-artifact@v4. For more information see: https://github.blog/changelog/2025-09-19-deprecation-of-node-20-on-github-actions-runners/
