2026-10-04T15:24:39.6019173Z Current runner version: '2.337.0'
2026-10-04T15:24:39.6038382Z ##[group]Runner Image Provisioner
2026-10-04T15:24:39.6039046Z Hosted Compute Agent
2026-10-04T15:24:39.6039529Z Version: 20260901.588
2026-10-04T15:24:39.6039982Z Commit: f88ec8081b781fac6c440065ac7ff9e710ce3d0b
2026-10-04T15:24:39.6040507Z Build Date: 2026-09-01T19:56:44Z
2026-10-04T15:24:39.6040997Z Worker ID: {9a6e3a14-f84d-4f59-9250-b0e3e33442cb}
2026-10-04T15:24:39.6041495Z Azure Region: centralus
2026-10-04T15:24:39.6041884Z ##[endgroup]
2026-10-04T15:24:39.6042865Z ##[group]Operating System
2026-10-04T15:24:39.6043394Z Ubuntu
2026-10-04T15:24:39.6043784Z 24.04.5
2026-10-04T15:24:39.6044138Z LTS
2026-10-04T15:24:39.6044486Z ##[endgroup]
2026-10-04T15:24:39.6044893Z ##[group]Runner Image
2026-10-04T15:24:39.6045329Z Image: ubuntu-24.04
2026-10-04T15:24:39.6046008Z Version: 20260927.320.1
2026-10-04T15:24:39.6046948Z Included Software: https://github.com/actions/runner-images/blob/ubuntu24/20260927.320/images/ubuntu/Ubuntu2404-Readme.md
2026-10-04T15:24:39.6048197Z Image Release: https://github.com/actions/runner-images/releases/tag/ubuntu24%2F20260927.320
2026-10-04T15:24:39.6048875Z ##[endgroup]
2026-10-04T15:24:39.6049712Z ##[group]GITHUB_TOKEN Permissions
2026-10-04T15:24:39.6051466Z Contents: read
2026-10-04T15:24:39.6051877Z Metadata: read
2026-10-04T15:24:39.6052295Z ##[endgroup]
2026-10-04T15:24:39.6053833Z Secret source: Actions
2026-10-04T15:24:39.6054509Z Cache mode: write
2026-10-04T15:24:39.6054983Z Prepare workflow directory
2026-10-04T15:24:39.6322429Z Prepare all required actions
2026-10-04T15:24:39.6358397Z Getting action download info
2026-10-04T15:24:39.8837616Z Download action repository 'actions/checkout@v4' (SHA:11d5960a326750d5838078e36cf38b85af677262)
2026-10-04T15:24:39.9577920Z Download action repository 'actions/setup-node@v4' (SHA:49933ea5288caeca8642d1e84afbd3f7d6820020)
2026-10-04T15:24:40.0529329Z Download action repository 'actions/upload-artifact@v4' (SHA:ea165f8d65b6e75b540449e92b4886f43607fa02)
2026-10-04T15:24:40.2534763Z Complete job name: Build and gameplay tests (harbor-sample-2)
2026-10-04T15:24:40.3026519Z ##[group]Run actions/checkout@v4
2026-10-04T15:24:40.3027423Z with:
2026-10-04T15:24:40.3027908Z   repository: qifalab/neon-harbor
2026-10-04T15:24:40.3030816Z   token: ***
2026-10-04T15:24:40.3031225Z   ssh-strict: true
2026-10-04T15:24:40.3031622Z   ssh-user: git
2026-10-04T15:24:40.3032045Z   persist-credentials: true
2026-10-04T15:24:40.3032469Z   clean: true
2026-10-04T15:24:40.3032938Z   sparse-checkout-cone-mode: true
2026-10-04T15:24:40.3033424Z   fetch-depth: 1
2026-10-04T15:24:40.3033809Z   fetch-tags: false
2026-10-04T15:24:40.3034173Z   show-progress: true
2026-10-04T15:24:40.3034605Z   lfs: false
2026-10-04T15:24:40.3034979Z   submodules: false
2026-10-04T15:24:40.3035398Z   set-safe-directory: true
2026-10-04T15:24:40.3035838Z   allow-unsafe-pr-checkout: false
2026-10-04T15:24:40.3036576Z ##[endgroup]
2026-10-04T15:24:40.3863942Z Syncing repository: qifalab/neon-harbor
2026-10-04T15:24:40.3867007Z ##[group]Getting Git version info
2026-10-04T15:24:40.3868326Z Working directory is '/home/runner/work/neon-harbor/neon-harbor'
2026-10-04T15:24:40.3869793Z [command]/usr/bin/git version
2026-10-04T15:24:40.3895595Z git version 2.55.0
2026-10-04T15:24:40.3913367Z ##[endgroup]
2026-10-04T15:24:40.3925674Z Temporarily overriding HOME='/home/runner/work/_temp/8733808f-739b-4ba0-b615-cd1af9d933b1' before making global git config changes
2026-10-04T15:24:40.3931012Z Adding repository directory to the temporary git global config as a safe directory
2026-10-04T15:24:40.3932162Z [command]/usr/bin/git config --global --add safe.directory /home/runner/work/neon-harbor/neon-harbor
2026-10-04T15:24:40.3980292Z Deleting the contents of '/home/runner/work/neon-harbor/neon-harbor'
2026-10-04T15:24:40.3986033Z ##[group]Initializing the repository
2026-10-04T15:24:40.3990618Z [command]/usr/bin/git init /home/runner/work/neon-harbor/neon-harbor
2026-10-04T15:24:40.4084655Z hint: Using 'master' as the name for the initial branch. This default branch name
2026-10-04T15:24:40.4087062Z hint: will change to "main" in Git 3.0. To configure the initial branch name
2026-10-04T15:24:40.4088528Z hint: to use in all of your new repositories, which will suppress this warning,
2026-10-04T15:24:40.4089685Z hint: call:
2026-10-04T15:24:40.4090377Z hint:
2026-10-04T15:24:40.4091242Z hint: 	git config --global init.defaultBranch <name>
2026-10-04T15:24:40.4092119Z hint:
2026-10-04T15:24:40.4093001Z hint: Names commonly chosen instead of 'master' are 'main', 'trunk' and
2026-10-04T15:24:40.4094259Z hint: 'development'. The just-created branch can be renamed via this command:
2026-10-04T15:24:40.4095335Z hint:
2026-10-04T15:24:40.4095957Z hint: 	git branch -m <name>
2026-10-04T15:24:40.4096666Z hint:
2026-10-04T15:24:40.4097730Z hint: Disable this message with "git config set advice.defaultBranchName false"
2026-10-04T15:24:40.4098765Z Initialized empty Git repository in /home/runner/work/neon-harbor/neon-harbor/.git/
2026-10-04T15:24:40.4101536Z [command]/usr/bin/git remote add origin https://github.com/qifalab/neon-harbor
2026-10-04T15:24:40.4142353Z ##[endgroup]
2026-10-04T15:24:40.4143739Z ##[group]Disabling automatic garbage collection
2026-10-04T15:24:40.4144732Z [command]/usr/bin/git config --local gc.auto 0
2026-10-04T15:24:40.4172302Z ##[endgroup]
2026-10-04T15:24:40.4173325Z ##[group]Setting up auth
2026-10-04T15:24:40.4177849Z [command]/usr/bin/git config --local --name-only --get-regexp core\.sshCommand
2026-10-04T15:24:40.4202236Z [command]/usr/bin/git submodule foreach --recursive sh -c "git config --local --name-only --get-regexp 'core\.sshCommand' && git config --local --unset-all 'core.sshCommand' || :"
2026-10-04T15:24:40.4510879Z [command]/usr/bin/git config --local --name-only --get-regexp http\.https\:\/\/github\.com\/\.extraheader
2026-10-04T15:24:40.4541156Z [command]/usr/bin/git submodule foreach --recursive sh -c "git config --local --name-only --get-regexp 'http\.https\:\/\/github\.com\/\.extraheader' && git config --local --unset-all 'http.https://github.com/.extraheader' || :"
2026-10-04T15:24:40.4709895Z [command]/usr/bin/git config --local --name-only --get-regexp ^includeIf\.gitdir:
2026-10-04T15:24:40.4735437Z [command]/usr/bin/git submodule foreach --recursive git config --local --show-origin --name-only --get-regexp remote.origin.url
2026-10-04T15:24:40.4908433Z [command]/usr/bin/git config --local http.https://github.com/.extraheader AUTHORIZATION: basic ***
2026-10-04T15:24:40.4948349Z ##[endgroup]
2026-10-04T15:24:40.4949924Z ##[group]Fetching the repository
2026-10-04T15:24:40.4958804Z [command]/usr/bin/git -c protocol.version=2 fetch --no-tags --prune --no-recurse-submodules --depth=1 origin +0330df7ee1042d0f211304b042e01cdf6a0b4d44:refs/remotes/origin/main
2026-10-04T15:24:46.6416602Z From https://github.com/qifalab/neon-harbor
2026-10-04T15:24:46.6418283Z  * [new ref]         0330df7ee1042d0f211304b042e01cdf6a0b4d44 -> origin/main
2026-10-04T15:24:46.6421085Z ##[endgroup]
2026-10-04T15:24:46.6422226Z ##[group]Determining the checkout info
2026-10-04T15:24:46.6423686Z ##[endgroup]
2026-10-04T15:24:46.6428831Z [command]/usr/bin/git sparse-checkout disable
2026-10-04T15:24:46.6473996Z [command]/usr/bin/git config --local --unset-all extensions.worktreeConfig
2026-10-04T15:24:46.6500295Z ##[group]Checking out the ref
2026-10-04T15:24:46.6503471Z [command]/usr/bin/git checkout --progress --force -B main refs/remotes/origin/main
2026-10-04T15:24:46.8089139Z Switched to a new branch 'main'
2026-10-04T15:24:46.8100774Z branch 'main' set up to track 'origin/main'.
2026-10-04T15:24:46.8107471Z ##[endgroup]
2026-10-04T15:24:46.8146520Z [command]/usr/bin/git log -1 --format=%H
2026-10-04T15:24:46.8166928Z 0330df7ee1042d0f211304b042e01cdf6a0b4d44
2026-10-04T15:24:46.8443135Z ##[group]Run actions/setup-node@v4
2026-10-04T15:24:46.8444405Z with:
2026-10-04T15:24:46.8445040Z   node-version: 22
2026-10-04T15:24:46.8445626Z   cache: npm
2026-10-04T15:24:46.8446195Z   always-auth: false
2026-10-04T15:24:46.8446754Z   check-latest: false
2026-10-04T15:24:46.8454247Z   token: ***
2026-10-04T15:24:46.8454745Z ##[endgroup]
2026-10-04T15:24:46.9523935Z Found in cache @ /opt/hostedtoolcache/node/22.23.3/x64
2026-10-04T15:24:46.9527970Z (node:2098) [DEP0040] DeprecationWarning: The `punycode` module is deprecated. Please use a userland alternative instead.
2026-10-04T15:24:46.9530562Z (Use `node --trace-deprecation ...` to show where the warning was created)
2026-10-04T15:24:46.9532588Z ##[group]Environment details
2026-10-04T15:24:47.2857338Z node: v22.23.3
2026-10-04T15:24:47.2858343Z npm: 10.9.9
2026-10-04T15:24:47.2858969Z yarn: 1.22.22
2026-10-04T15:24:47.2860244Z ##[endgroup]
2026-10-04T15:24:47.2914141Z [command]/opt/hostedtoolcache/node/22.23.3/x64/bin/npm config get cache
2026-10-04T15:24:47.4662583Z /home/runner/.npm
2026-10-04T15:24:47.6105444Z Cache hit for: node-cache-Linux-x64-npm-6438cc70f01e36935f5c8c9cb620f6c972b229821dda55e94f5b735e54c263b7
2026-10-04T15:24:47.6189186Z (node:2098) [DEP0169] DeprecationWarning: `url.parse()` behavior is not standardized and prone to errors that have security implications. Use the WHATWG URL API instead. CVEs are not issued for `url.parse()` vulnerabilities.
2026-10-04T15:24:48.2658085Z Received 3980947 of 3980947 (100.0%), 7.8 MBs/sec
2026-10-04T15:24:48.2659208Z Cache Size: ~4 MB (3980947 B)
2026-10-04T15:24:48.2682276Z [command]/usr/bin/tar -xf /home/runner/work/_temp/04661d74-4895-4885-8dca-54de5974e738/cache.tzst -P -C /home/runner/work/neon-harbor/neon-harbor --use-compress-program unzstd
2026-10-04T15:24:48.2780013Z Cache restored successfully
2026-10-04T15:24:48.2784735Z Cache restored from key: node-cache-Linux-x64-npm-6438cc70f01e36935f5c8c9cb620f6c972b229821dda55e94f5b735e54c263b7
2026-10-04T15:24:48.2915616Z ##[group]Run npm ci
2026-10-04T15:24:48.2915967Z [36;1mnpm ci[0m
2026-10-04T15:24:48.3096347Z shell: /usr/bin/bash -e {0}
2026-10-04T15:24:48.3096850Z ##[endgroup]
2026-10-04T15:24:49.9373749Z 
2026-10-04T15:24:49.9381303Z added 3 packages, and audited 4 packages in 2s
2026-10-04T15:24:49.9381725Z 
2026-10-04T15:24:49.9382011Z found 0 vulnerabilities
2026-10-04T15:24:49.9599915Z ##[group]Run npm test
2026-10-04T15:24:49.9600257Z [36;1mnpm test[0m
2026-10-04T15:24:49.9641483Z shell: /usr/bin/bash -e {0}
2026-10-04T15:24:49.9641862Z ##[endgroup]
2026-10-04T15:24:50.0595436Z 
2026-10-04T15:24:50.0596116Z > neon-harbor@0.8.0 test
2026-10-04T15:24:50.0596641Z > node --test tests/*.test.js
2026-10-04T15:24:50.1131791Z 
2026-10-04T15:24:50.1132864Z TAP version 13
2026-10-04T15:24:50.2289809Z # Subtest: render interpolation removes fixed-step staircasing at 30/60/90/144 Hz and uneven cadences
2026-10-04T15:24:50.2319445Z ok 1 - render interpolation removes fixed-step staircasing at 30/60/90/144 Hz and uneven cadences
2026-10-04T15:24:50.2348971Z   ---
2026-10-04T15:24:50.2349564Z   duration_ms: 35.388635
2026-10-04T15:24:50.2378301Z   type: 'test'
2026-10-04T15:24:50.2398472Z   ...
2026-10-04T15:24:50.2414305Z # Subtest: yaw interpolation follows the shortest arc; ground, pitch and roll remain shared
2026-10-04T15:24:50.2469089Z ok 2 - yaw interpolation follows the shortest arc; ground, pitch and roll remain shared
2026-10-04T15:24:50.2498012Z   ---
2026-10-04T15:24:50.2528037Z   duration_ms: 0.530293
2026-10-04T15:24:50.2558476Z   type: 'test'
2026-10-04T15:24:50.2573051Z   ...
2026-10-04T15:24:50.2599057Z # Subtest: teleports and entering or leaving a vehicle never interpolate across the city
2026-10-04T15:24:50.2608573Z ok 3 - teleports and entering or leaving a vehicle never interpolate across the city
2026-10-04T15:24:50.2638235Z   ---
2026-10-04T15:24:50.2668323Z   duration_ms: 0.517371
2026-10-04T15:24:50.2668758Z   type: 'test'
2026-10-04T15:24:50.2669284Z   ...
2026-10-04T15:24:50.2669908Z # Subtest: rendered OBB interpolation cannot clip a corner between two legal headings
2026-10-04T15:24:50.2670748Z ok 4 - rendered OBB interpolation cannot clip a corner between two legal headings
2026-10-04T15:24:50.2671367Z   ---
2026-10-04T15:24:50.2671749Z   duration_ms: 0.638134
2026-10-04T15:24:50.2672694Z   type: 'test'
2026-10-04T15:24:50.2673041Z   ...
2026-10-04T15:24:50.2673658Z # Subtest: sequential legal vehicle moves cannot produce a colliding render interpolant
2026-10-04T15:24:50.2674604Z ok 5 - sequential legal vehicle moves cannot produce a colliding render interpolant
2026-10-04T15:24:50.2675198Z   ---
2026-10-04T15:24:50.2675576Z   duration_ms: 0.395118
2026-10-04T15:24:50.2675909Z   type: 'test'
2026-10-04T15:24:50.2676318Z   ...
2026-10-04T15:24:50.2676995Z # Subtest: moving-target exponential damping is cadence-independent at constant speed
2026-10-04T15:24:50.2708445Z ok 6 - moving-target exponential damping is cadence-independent at constant speed
2026-10-04T15:24:50.2708975Z   ---
2026-10-04T15:24:50.2709321Z   duration_ms: 0.451667
2026-10-04T15:24:50.2709639Z   type: 'test'
2026-10-04T15:24:50.2709915Z   ...
2026-10-04T15:24:50.2710536Z # Subtest: chase camera position, look target and yaw stay consistent at 30/60/144 Hz
2026-10-04T15:24:50.2711277Z ok 7 - chase camera position, look target and yaw stay consistent at 30/60/144 Hz
2026-10-04T15:24:50.2711799Z   ---
2026-10-04T15:24:50.2712172Z   duration_ms: 19.444469
2026-10-04T15:24:50.2712509Z   type: 'test'
2026-10-04T15:24:50.2712872Z   ...
2026-10-04T15:24:50.2713407Z # Subtest: camera follows the same bounded simulation time at 4 Hz and uneven slow frames
2026-10-04T15:24:50.2714217Z ok 8 - camera follows the same bounded simulation time at 4 Hz and uneven slow frames
2026-10-04T15:24:50.2714702Z   ---
2026-10-04T15:24:50.2715050Z   duration_ms: 8.052445
2026-10-04T15:24:50.2715410Z   type: 'test'
2026-10-04T15:24:50.2715698Z   ...
2026-10-04T15:24:50.2716372Z # Subtest: height-aware swept camera clears curbs, catches thin walls, and pads the near plane
2026-10-04T15:24:50.2717448Z ok 9 - height-aware swept camera clears curbs, catches thin walls, and pads the near plane
2026-10-04T15:24:50.2718012Z   ---
2026-10-04T15:24:50.2718388Z   duration_ms: 0.805613
2026-10-04T15:24:50.2718713Z   type: 'test'
2026-10-04T15:24:50.2719052Z   ...
2026-10-04T15:24:50.2720015Z # Subtest: camera focus inside foliage is moved to a legal pivot before the boom sweep
2026-10-04T15:24:50.2720910Z ok 10 - camera focus inside foliage is moved to a legal pivot before the boom sweep
2026-10-04T15:24:50.2721492Z   ---
2026-10-04T15:24:50.2721835Z   duration_ms: 0.649501
2026-10-04T15:24:50.2722215Z   type: 'test'
2026-10-04T15:24:50.2722523Z   ...
2026-10-04T15:24:50.2723169Z # Subtest: camera retracts without entering buildings and releases an obstruction gradually
2026-10-04T15:24:50.2723963Z ok 11 - camera retracts without entering buildings and releases an obstruction gradually
2026-10-04T15:24:50.2724514Z   ---
2026-10-04T15:24:50.2724830Z   duration_ms: 0.331418
2026-10-04T15:24:50.2725232Z   type: 'test'
2026-10-04T15:24:50.2725639Z   ...
2026-10-04T15:24:50.2726214Z # Subtest: camera takes shortest yaw arc and does not advance its pose with a zero timestep
2026-10-04T15:24:50.2727897Z ok 12 - camera takes shortest yaw arc and does not advance its pose with a zero timestep
2026-10-04T15:24:50.2728457Z   ---
2026-10-04T15:24:50.2728821Z   duration_ms: 0.933761
2026-10-04T15:24:50.2729148Z   type: 'test'
2026-10-04T15:24:50.2729439Z   ...
2026-10-04T15:25:09.2859721Z # Subtest: the northern resident network has legal doorstep routes, unobstructed station entrances and real crossing edges
2026-10-04T15:25:09.2882482Z ok 13 - the northern resident network has legal doorstep routes, unobstructed station entrances and real crossing edges
2026-10-04T15:25:09.2883813Z   ---
2026-10-04T15:25:09.2884329Z   duration_ms: 3942.724082
2026-10-04T15:25:09.2885004Z   type: 'test'
2026-10-04T15:25:09.2885496Z   ...
2026-10-04T15:25:09.2908808Z # Subtest: all 240 residents finish real work visits, use all four shared routes, return and rest in actual homes without stranded journeys
2026-10-04T15:25:09.2914090Z ok 14 - all 240 residents finish real work visits, use all four shared routes, return and rest in actual homes without stranded journeys
2026-10-04T15:25:09.2915837Z   ---
2026-10-04T15:25:09.2916379Z   duration_ms: 11361.232379
2026-10-04T15:25:09.2916874Z   type: 'test'
2026-10-04T15:25:09.2917628Z   ...
2026-10-04T15:25:09.2918751Z # Subtest: citizens enter a crossing only with enough green time, and traffic yields for the occupied lane and releases it after the walker leaves
2026-10-04T15:25:09.2920193Z ok 15 - citizens enter a crossing only with enough green time, and traffic yields for the occupied lane and releases it after the walker leaves
2026-10-04T15:25:09.2921180Z   ---
2026-10-04T15:25:09.2921639Z   duration_ms: 56.110525
2026-10-04T15:25:09.2922213Z   type: 'test'
2026-10-04T15:25:09.2922662Z   ...
2026-10-04T15:25:09.2923561Z # Subtest: working periods keep residents at their real posts and the night change starts a walk home without resetting position
2026-10-04T15:25:09.2924853Z ok 16 - working periods keep residents at their real posts and the night change starts a walk home without resetting position
2026-10-04T15:25:09.2925635Z   ---
2026-10-04T15:25:09.2926169Z   duration_ms: 1092.059866
2026-10-04T15:25:09.2926695Z   type: 'test'
2026-10-04T15:25:09.2927331Z   ...
2026-10-04T15:25:09.2928086Z # Subtest: every assigned home and workplace has a clear arrival and departure through its actual room door
2026-10-04T15:25:09.2948213Z ok 17 - every assigned home and workplace has a clear arrival and departure through its actual room door
2026-10-04T15:25:09.2949198Z   ---
2026-10-04T15:25:09.2949716Z   duration_ms: 593.780526
2026-10-04T15:25:09.2950269Z   type: 'test'
2026-10-04T15:25:09.2950892Z   ...
2026-10-04T15:25:09.2951857Z # Subtest: boarding paths align with real carriage doors and keep passengers out of carriage gaps and the ferry cabin
2026-10-04T15:25:09.2953120Z ok 18 - boarding paths align with real carriage doors and keep passengers out of carriage gaps and the ferry cabin
2026-10-04T15:25:09.2953907Z   ---
2026-10-04T15:25:09.2954434Z   duration_ms: 4.258948
2026-10-04T15:25:09.2954949Z   type: 'test'
2026-10-04T15:25:09.2955408Z   ...
2026-10-04T15:25:09.2956696Z # Subtest: elevated station lift poses have continuous movement, real landings and enough door time to walk aboard
2026-10-04T15:25:09.2958324Z ok 19 - elevated station lift poses have continuous movement, real landings and enough door time to walk aboard
2026-10-04T15:25:09.2959207Z   ---
2026-10-04T15:25:09.2959668Z   duration_ms: 1.700422
2026-10-04T15:25:09.2960186Z   type: 'test'
2026-10-04T15:25:09.2960671Z   ...
2026-10-04T15:25:16.3149858Z # Subtest: integrated building travel, continuous elevator and forced departure restore outdoor collision and cars
2026-10-04T15:25:16.3152814Z ok 20 - integrated building travel, continuous elevator and forced departure restore outdoor collision and cars
2026-10-04T15:25:16.3153732Z   ---
2026-10-04T15:25:16.3154277Z   duration_ms: 7367.460769
2026-10-04T15:25:16.3154773Z   type: 'test'
2026-10-04T15:25:16.3155407Z   ...
2026-10-04T15:25:16.3158563Z # Subtest: underground platform remains below street and transit motion does not trigger teleports or reindex every tick
2026-10-04T15:25:16.3189087Z ok 21 - underground platform remains below street and transit motion does not trigger teleports or reindex every tick
2026-10-04T15:25:16.3208501Z   ---
2026-10-04T15:25:16.3225177Z   duration_ms: 13515.948334
2026-10-04T15:25:16.3225917Z   type: 'test'
2026-10-04T15:25:16.3226549Z   ...
2026-10-04T15:25:16.3227525Z # Subtest: a saved journey from the north ferry restores at its own pier, including after departure
2026-10-04T15:25:16.3228745Z ok 22 - a saved journey from the north ferry restores at its own pier, including after departure
2026-10-04T15:25:16.3229705Z   ---
2026-10-04T15:25:16.3230330Z   duration_ms: 5194.495642
2026-10-04T15:25:16.3231097Z   type: 'test'
2026-10-04T15:25:16.3231706Z   ...
2026-10-04T15:25:16.3232691Z # Subtest: camera supports below-sea-level clearance and seated passenger views without roof-crossing chase booms
2026-10-04T15:25:16.3234046Z ok 23 - camera supports below-sea-level clearance and seated passenger views without roof-crossing chase booms
2026-10-04T15:25:16.3235718Z   ---
2026-10-04T15:25:16.3236230Z   duration_ms: 1.23723
2026-10-04T15:25:16.3236828Z   type: 'test'
2026-10-04T15:25:16.3237489Z   ...
2026-10-04T15:25:16.3763364Z # Subtest: collapsed city guide lists addresses without reading floor contents or constructing room rows
2026-10-04T15:25:16.3783113Z ok 24 - collapsed city guide lists addresses without reading floor contents or constructing room rows
2026-10-04T15:25:16.3886919Z   ---
2026-10-04T15:25:16.3938336Z   duration_ms: 5.009887
2026-10-04T15:25:16.3958124Z   type: 'test'
2026-10-04T15:25:16.3988052Z   ...
2026-10-04T15:25:16.4002472Z # Subtest: first disclosure resolves its current floor and room records once, including both compact rooms
2026-10-04T15:25:16.4003741Z ok 25 - first disclosure resolves its current floor and room records once, including both compact rooms
2026-10-04T15:25:16.4005804Z   ---
2026-10-04T15:25:16.4006266Z   duration_ms: 5.098165
2026-10-04T15:25:16.4006735Z   type: 'test'
2026-10-04T15:25:16.4007387Z   ...
2026-10-04T15:25:16.4008146Z # Subtest: search and district filtering preserve visit targets without resolving hidden floor programmes
2026-10-04T15:25:16.4009026Z ok 26 - search and district filtering preserve visit targets without resolving hidden floor programmes
2026-10-04T15:25:16.4009597Z   ---
2026-10-04T15:25:16.4010008Z   duration_ms: 2.435153
2026-10-04T15:25:16.4010393Z   type: 'test'
2026-10-04T15:25:16.4010816Z   ...
2026-10-04T15:25:16.4011488Z # Subtest: every address targets its own entrance and safely restores its exterior, traffic and save position
2026-10-04T15:25:16.4012284Z ok 27 - every address targets its own entrance and safely restores its exterior, traffic and save position
2026-10-04T15:25:16.4012907Z   ---
2026-10-04T15:25:16.4013276Z   duration_ms: 6253.99132
2026-10-04T15:25:16.4013682Z   type: 'test'
2026-10-04T15:25:16.4014029Z   ...
2026-10-04T15:25:16.4014781Z # Subtest: every occupied floor has finite positive solids, rooms inside its footprint, a clear arrival and continuous stair elevations
2026-10-04T15:25:16.4016315Z ok 28 - every occupied floor has finite positive solids, rooms inside its footprint, a clear arrival and continuous stair elevations
2026-10-04T15:25:16.4017012Z   ---
2026-10-04T15:25:16.4017833Z   duration_ms: 2639.444492
2026-10-04T15:25:16.4018288Z   type: 'test'
2026-10-04T15:25:16.4018705Z   ...
2026-10-04T15:25:16.4019328Z # Subtest: multiplayer accepts the actual eastern top floors and rejects out-of-world or nonfinite positions
2026-10-04T15:25:16.4020113Z ok 29 - multiplayer accepts the actual eastern top floors and rejects out-of-world or nonfinite positions
2026-10-04T15:25:16.4020788Z   ---
2026-10-04T15:25:16.4021156Z   duration_ms: 0.829683
2026-10-04T15:25:16.4021584Z   type: 'test'
2026-10-04T15:25:16.4021952Z   ...
2026-10-04T15:25:16.4022827Z # Subtest: a south shell stays hidden through an actual streamed load and restores valid culling bounds and fallback scenery on exit
2026-10-04T15:25:16.4024026Z ok 30 - a south shell stays hidden through an actual streamed load and restores valid culling bounds and fallback scenery on exit
2026-10-04T15:25:16.4024724Z   ---
2026-10-04T15:25:16.4025096Z   duration_ms: 188.528015
2026-10-04T15:25:16.4025489Z   type: 'test'
2026-10-04T15:25:16.4025891Z   ...
2026-10-04T15:25:16.4026547Z # Subtest: prepare fetches only nearby real district payloads and exposes resident metrics
2026-10-04T15:25:16.4027530Z ok 31 - prepare fetches only nearby real district payloads and exposes resident metrics
2026-10-04T15:25:16.4028051Z   ---
2026-10-04T15:25:16.4028406Z   duration_ms: 3.259112
2026-10-04T15:25:16.4028784Z   type: 'test'
2026-10-04T15:25:16.4029108Z   ...
2026-10-04T15:25:16.4029743Z # Subtest: directional prefetch anticipates travel while distance and hysteresis drive actual disposal
2026-10-04T15:25:16.4030629Z ok 32 - directional prefetch anticipates travel while distance and hysteresis drive actual disposal
2026-10-04T15:25:16.4031275Z   ---
2026-10-04T15:25:16.4031918Z   duration_ms: 4.42031
2026-10-04T15:25:16.4032271Z   type: 'test'
2026-10-04T15:25:16.4032665Z   ...
2026-10-04T15:25:16.4033260Z # Subtest: resident budget is a hard bound even when more targets are nearby
2026-10-04T15:25:16.4033944Z ok 33 - resident budget is a hard bound even when more targets are nearby
2026-10-04T15:25:16.4034459Z   ---
2026-10-04T15:25:16.4035525Z   duration_ms: 0.498062
2026-10-04T15:25:16.4035992Z   type: 'test'
2026-10-04T15:25:16.4036413Z   ...
2026-10-04T15:25:16.4037346Z # Subtest: failed near district remains failed until retry succeeds without pretending a proxy is full detail
2026-10-04T15:25:16.4038340Z ok 34 - failed near district remains failed until retry succeeds without pretending a proxy is full detail
2026-10-04T15:25:16.4039045Z   ---
2026-10-04T15:25:16.4039415Z   duration_ms: 0.535781
2026-10-04T15:25:16.4039826Z   type: 'test'
2026-10-04T15:25:16.4040278Z   ...
2026-10-04T15:25:16.4040918Z # Subtest: dispose settles prepare, releases late payloads, and never attaches after disposal
2026-10-04T15:25:16.4041846Z ok 35 - dispose settles prepare, releases late payloads, and never attaches after disposal
2026-10-04T15:25:16.4042529Z   ---
2026-10-04T15:25:16.4042924Z   duration_ms: 4.33063
2026-10-04T15:25:16.4043389Z   type: 'test'
2026-10-04T15:25:16.4043743Z   ...
2026-10-04T15:25:16.4044372Z # Subtest: cancelled district can be revisited before its aborted request settles
2026-10-04T15:25:16.4045217Z ok 36 - cancelled district can be revisited before its aborted request settles
2026-10-04T15:25:16.4045785Z   ---
2026-10-04T15:25:16.4046163Z   duration_ms: 2.227676
2026-10-04T15:25:16.4046606Z   type: 'test'
2026-10-04T15:25:16.4047007Z   ...
2026-10-04T15:25:16.4047802Z # Subtest: old request failure cannot overwrite the latest successful prepare state
2026-10-04T15:25:16.4048647Z ok 37 - old request failure cannot overwrite the latest successful prepare state
2026-10-04T15:25:16.4049250Z   ---
2026-10-04T15:25:16.4049660Z   duration_ms: 2.517879
2026-10-04T15:25:16.4050153Z   type: 'test'
2026-10-04T15:25:16.4050533Z   ...
2026-10-04T15:25:16.4051353Z # Subtest: chunk validation rejects malformed geometry before creating GPU resources
2026-10-04T15:25:16.4052187Z ok 38 - chunk validation rejects malformed geometry before creating GPU resources
2026-10-04T15:25:16.4052847Z   ---
2026-10-04T15:25:16.4053259Z   duration_ms: 0.428787
2026-10-04T15:25:16.4053676Z   type: 'test'
2026-10-04T15:25:16.4054039Z   ...
2026-10-04T15:25:16.4054710Z # Subtest: a normal 60 Hz steering arc cannot graze a building corner between two clear endpoints
2026-10-04T15:25:16.4055601Z ok 39 - a normal 60 Hz steering arc cannot graze a building corner between two clear endpoints
2026-10-04T15:25:16.4056169Z   ---
2026-10-04T15:25:16.4057594Z   duration_ms: 11.846617
2026-10-04T15:25:16.4067867Z   type: 'test'
2026-10-04T15:25:16.4068378Z   ...
2026-10-04T15:25:16.4069012Z # Subtest: a short diagonal translation cannot cut a building corner with clear endpoints
2026-10-04T15:25:16.4069974Z ok 40 - a short diagonal translation cannot cut a building corner with clear endpoints
2026-10-04T15:25:16.4070598Z   ---
2026-10-04T15:25:16.4070991Z   duration_ms: 3.729581
2026-10-04T15:25:16.4071435Z   type: 'test'
2026-10-04T15:25:16.4071842Z   ...
2026-10-04T15:25:16.4072515Z # Subtest: grazing the corner of another vehicle stays blocked between clear endpoints
2026-10-04T15:25:16.4073195Z ok 41 - grazing the corner of another vehicle stays blocked between clear endpoints
2026-10-04T15:25:16.4073739Z   ---
2026-10-04T15:25:16.4074231Z   duration_ms: 1.715774
2026-10-04T15:25:16.4074675Z   type: 'test'
2026-10-04T15:25:16.4075061Z   ...
2026-10-04T15:25:16.4075714Z # Subtest: the circular pedestrian footprint cannot cross a shallow rounded corner between samples
2026-10-04T15:25:16.4076670Z ok 42 - the circular pedestrian footprint cannot cross a shallow rounded corner between samples
2026-10-04T15:25:16.4077468Z   ---
2026-10-04T15:25:16.4077823Z   duration_ms: 7.564115
2026-10-04T15:25:16.4078593Z   type: 'test'
2026-10-04T15:25:16.4082069Z   ...
2026-10-04T15:25:16.4082818Z # Subtest: the prospective supported vehicle envelope and height participate in collision
2026-10-04T15:25:16.4083767Z ok 43 - the prospective supported vehicle envelope and height participate in collision
2026-10-04T15:25:16.4084359Z   ---
2026-10-04T15:25:16.4084789Z   duration_ms: 0.974615
2026-10-04T15:25:16.4085176Z   type: 'test'
2026-10-04T15:25:16.4085614Z   ...
2026-10-04T15:25:16.4086255Z # Subtest: stepping onto higher ground under an awning cannot eject an entity sideways
2026-10-04T15:25:16.4087070Z ok 44 - stepping onto higher ground under an awning cannot eject an entity sideways
2026-10-04T15:25:16.4090211Z   ---
2026-10-04T15:25:16.4090648Z   duration_ms: 0.365117
2026-10-04T15:25:16.4091088Z   type: 'test'
2026-10-04T15:25:16.4091451Z   ...
2026-10-04T15:25:16.4092161Z # Subtest: vehicle bounds contain the full rotated footprint and swap width/length at a quarter turn
2026-10-04T15:25:16.4093123Z ok 45 - vehicle bounds contain the full rotated footprint and swap width/length at a quarter turn
2026-10-04T15:25:16.4093954Z   ---
2026-10-04T15:25:16.4094312Z   duration_ms: 1.944152
2026-10-04T15:25:16.4094720Z   type: 'test'
2026-10-04T15:25:16.4095176Z   ...
2026-10-04T15:25:16.4095812Z # Subtest: SAT catches a vehicle nose beyond the old centre radius and its rotated outer corner
2026-10-04T15:25:16.4096741Z ok 46 - SAT catches a vehicle nose beyond the old centre radius and its rotated outer corner
2026-10-04T15:25:16.4097571Z   ---
2026-10-04T15:25:16.4097963Z   duration_ms: 0.482263
2026-10-04T15:25:16.4098356Z   type: 'test'
2026-10-04T15:25:16.4098783Z   ...
2026-10-04T15:25:16.4099456Z # Subtest: SAT reports a separation normal, permits touching and rejects separated rotated rectangles
2026-10-04T15:25:16.4100378Z ok 47 - SAT reports a separation normal, permits touching and rejects separated rotated rectangles
2026-10-04T15:25:16.4101043Z   ---
2026-10-04T15:25:16.4101412Z   duration_ms: 0.219628
2026-10-04T15:25:16.4101900Z   type: 'test'
2026-10-04T15:25:16.4102264Z   ...
2026-10-04T15:25:16.4103142Z # Subtest: circle/OBB checks the whole foot radius without treating clear diagonal corners as walls
2026-10-04T15:25:16.4104231Z ok 48 - circle/OBB checks the whole foot radius without treating clear diagonal corners as walls
2026-10-04T15:25:16.4104877Z   ---
2026-10-04T15:25:16.4105283Z   duration_ms: 0.307244
2026-10-04T15:25:16.4105656Z   type: 'test'
2026-10-04T15:25:16.4105974Z   ...
2026-10-04T15:25:16.4106601Z # Subtest: spatial queries find large colliders across cell edges, including negative coordinates, without duplicates
2026-10-04T15:25:16.4107879Z ok 49 - spatial queries find large colliders across cell edges, including negative coordinates, without duplicates
2026-10-04T15:25:16.4108555Z   ---
2026-10-04T15:25:16.4108960Z   duration_ms: 1.189932
2026-10-04T15:25:16.4109346Z   type: 'test'
2026-10-04T15:25:16.4109739Z   ...
2026-10-04T15:25:16.4110333Z # Subtest: a fast vehicle cannot tunnel through a thin wall, even across a long one-frame displacement
2026-10-04T15:25:16.4111077Z ok 50 - a fast vehicle cannot tunnel through a thin wall, even across a long one-frame displacement
2026-10-04T15:25:16.4111564Z   ---
2026-10-04T15:25:16.4111915Z   duration_ms: 7.725533
2026-10-04T15:25:16.4112263Z   type: 'test'
2026-10-04T15:25:16.4112562Z   ...
2026-10-04T15:25:16.4113164Z # Subtest: a rotation sweep cannot pass through a thin obstacle even when the final orientation would be clear
2026-10-04T15:25:16.4114004Z ok 51 - a rotation sweep cannot pass through a thin obstacle even when the final orientation would be clear
2026-10-04T15:25:16.4114741Z   ---
2026-10-04T15:25:16.4115140Z   duration_ms: 22.807532
2026-10-04T15:25:16.4115527Z   type: 'test'
2026-10-04T15:25:16.4115884Z   ...
2026-10-04T15:25:16.4116456Z # Subtest: continuous diagonal pressure slides along a wall without bouncing or oscillating
2026-10-04T15:25:16.4117481Z ok 52 - continuous diagonal pressure slides along a wall without bouncing or oscillating
2026-10-04T15:25:16.4118303Z   ---
2026-10-04T15:25:16.4118731Z   duration_ms: 6.458037
2026-10-04T15:25:16.4119130Z   type: 'test'
2026-10-04T15:25:16.4119585Z   ...
2026-10-04T15:25:16.4120233Z # Subtest: walking keeps the entire character circle outside a thin wall during a swept move
2026-10-04T15:25:16.4121051Z ok 53 - walking keeps the entire character circle outside a thin wall during a swept move
2026-10-04T15:25:16.4121559Z   ---
2026-10-04T15:25:16.4121905Z   duration_ms: 1.432733
2026-10-04T15:25:16.4122387Z   type: 'test'
2026-10-04T15:25:16.4122812Z   ...
2026-10-04T15:25:16.4123427Z # Subtest: parked and moving vehicles both block a swept vehicle without moving the other car
2026-10-04T15:25:16.4124264Z ok 54 - parked and moving vehicles both block a swept vehicle without moving the other car
2026-10-04T15:25:16.4124854Z   ---
2026-10-04T15:25:16.4125272Z   duration_ms: 6.983953
2026-10-04T15:25:16.4125674Z   type: 'test'
2026-10-04T15:25:16.4126092Z   ...
2026-10-04T15:25:16.4126757Z # Subtest: walking collides with parked cars and dynamic self references never block their own movement
2026-10-04T15:25:16.4127967Z ok 55 - walking collides with parked cars and dynamic self references never block their own movement
2026-10-04T15:25:16.4128549Z   ---
2026-10-04T15:25:16.4128927Z   duration_ms: 1.242771
2026-10-04T15:25:16.4129299Z   type: 'test'
2026-10-04T15:25:16.4129760Z   ...
2026-10-04T15:25:16.4130369Z # Subtest: a car stops for a pedestrian using the pedestrian full circular footprint
2026-10-04T15:25:16.4131073Z ok 56 - a car stops for a pedestrian using the pedestrian full circular footprint
2026-10-04T15:25:16.4131606Z   ---
2026-10-04T15:25:16.4132010Z   duration_ms: 4.05235
2026-10-04T15:25:16.4132399Z   type: 'test'
2026-10-04T15:25:16.4132783Z   ...
2026-10-04T15:25:16.4133540Z # Subtest: height filtering blocks building sides while allowing rooftop travel and passage beneath elevated solids
2026-10-04T15:25:16.4134571Z ok 57 - height filtering blocks building sides while allowing rooftop travel and passage beneath elevated solids
2026-10-04T15:25:16.4135421Z   ---
2026-10-04T15:25:16.4135859Z   duration_ms: 11.949025
2026-10-04T15:25:16.4136278Z   type: 'test'
2026-10-04T15:25:16.4136668Z   ...
2026-10-04T15:25:16.4137693Z # Subtest: world boundaries constrain the rotated vehicle footprint and full character radius
2026-10-04T15:25:16.4138588Z ok 58 - world boundaries constrain the rotated vehicle footprint and full character radius
2026-10-04T15:25:16.4139243Z   ---
2026-10-04T15:25:16.4139623Z   duration_ms: 12.950353
2026-10-04T15:25:16.4140173Z   type: 'test'
2026-10-04T15:25:16.4140642Z   ...
2026-10-04T15:25:16.4141250Z # Subtest: legacy overlapping poses are repaired once and remain stable while stationary
2026-10-04T15:25:16.4142099Z ok 59 - legacy overlapping poses are repaired once and remain stable while stationary
2026-10-04T15:25:16.4142713Z   ---
2026-10-04T15:25:16.4143080Z   duration_ms: 5.454437
2026-10-04T15:25:16.4143523Z   type: 'test'
2026-10-04T15:25:16.4143922Z   ...
2026-10-04T15:25:16.4144593Z # Subtest: camera-only foliage never becomes a physical wall at overlapping character height
2026-10-04T15:25:16.4145467Z ok 60 - camera-only foliage never becomes a physical wall at overlapping character height
2026-10-04T15:25:16.4146054Z   ---
2026-10-04T15:25:16.4146441Z   duration_ms: 2.502403
2026-10-04T15:25:16.4146925Z   type: 'test'
2026-10-04T15:25:16.4147546Z   ...
2026-10-04T15:25:16.4148283Z # Subtest: every compact building supports all-floor stair walks, furnished-room entries, lift return and street exit
2026-10-04T15:25:16.4149413Z ok 61 - every compact building supports all-floor stair walks, furnished-room entries, lift return and street exit
2026-10-04T15:25:16.4150051Z   ---
2026-10-04T15:25:16.4150432Z   duration_ms: 4399.489802
2026-10-04T15:25:16.4150877Z   type: 'test'
2026-10-04T15:25:16.4151245Z   ...
2026-10-04T15:25:16.4152026Z # Subtest: minimum compact shell keeps real stair openings, clear cabin approach and height-filtered exterior prompts
2026-10-04T15:25:16.4153228Z ok 62 - minimum compact shell keeps real stair openings, clear cabin approach and height-filtered exterior prompts
2026-10-04T15:25:16.4153943Z   ---
2026-10-04T15:25:16.4154349Z   duration_ms: 12.474459
2026-10-04T15:25:16.4154790Z   type: 'test'
2026-10-04T15:25:16.4155175Z   ...
2026-10-04T15:25:16.4155898Z # Subtest: east-bay room furnishings fit every shell and narrow floors preserve room, stair and lift routes
2026-10-04T15:25:16.4156863Z ok 63 - east-bay room furnishings fit every shell and narrow floors preserve room, stair and lift routes
2026-10-04T15:25:16.4157749Z   ---
2026-10-04T15:25:16.4158161Z   duration_ms: 6738.593587
2026-10-04T15:25:16.4158426Z   type: 'test'
2026-10-04T15:25:16.4158807Z   ...
2026-10-04T15:25:16.4159368Z # Subtest: every restored southern workplace has fitting functional furniture and a clear full-height room approach
2026-10-04T15:25:16.4160264Z ok 64 - every restored southern workplace has fitting functional furniture and a clear full-height room approach
2026-10-04T15:25:16.4160830Z   ---
2026-10-04T15:25:16.4161102Z   duration_ms: 101.602515
2026-10-04T15:25:16.4161418Z   type: 'test'
2026-10-04T15:25:16.4161679Z   ...
2026-10-04T15:25:16.4162221Z # Subtest: shared workplace layouts fit the minimum compact shell and support future taller freight buildings
2026-10-04T15:25:16.4163037Z ok 65 - shared workplace layouts fit the minimum compact shell and support future taller freight buildings
2026-10-04T15:25:16.4163657Z   ---
2026-10-04T15:25:16.4163931Z   duration_ms: 2.184742
2026-10-04T15:25:16.4164224Z   type: 'test'
2026-10-04T15:25:16.4164658Z   ...
2026-10-04T15:25:16.4165264Z # Subtest: existing shell uses survive stable address IDs and safer floor heights across both new shores
2026-10-04T15:25:16.4166144Z ok 66 - existing shell uses survive stable address IDs and safer floor heights across both new shores
2026-10-04T15:25:16.4166724Z   ---
2026-10-04T15:25:16.4167012Z   duration_ms: 5.432959
2026-10-04T15:25:16.4167594Z   type: 'test'
2026-10-04T15:25:16.4167939Z   ...
2026-10-04T15:25:16.4168851Z # Subtest: harbor shop overrides and residents actual homes remain distinct from the restored employment warehouses
2026-10-04T15:25:16.4169792Z ok 67 - harbor shop overrides and residents actual homes remain distinct from the restored employment warehouses
2026-10-04T15:25:16.4170418Z   ---
2026-10-04T15:25:16.4170691Z   duration_ms: 1.103684
2026-10-04T15:25:16.4171004Z   type: 'test'
2026-10-04T15:25:16.4171334Z   ...
2026-10-04T15:25:16.4172271Z # Subtest: bounded fixed-step clock preserves visible simulation time at 4–144 Hz
2026-10-04T15:25:16.4173045Z ok 68 - bounded fixed-step clock preserves visible simulation time at 4–144 Hz
2026-10-04T15:25:16.4173488Z   ---
2026-10-04T15:25:16.4173848Z   duration_ms: 5.010576
2026-10-04T15:25:16.4174171Z   type: 'test'
2026-10-04T15:25:16.4174453Z   ...
2026-10-04T15:25:16.4175017Z # Subtest: a long rendering stall runs at most 15 small steps without a future backlog
2026-10-04T15:25:16.4175761Z ok 69 - a long rendering stall runs at most 15 small steps without a future backlog
2026-10-04T15:25:16.4176262Z   ---
2026-10-04T15:25:16.4176586Z   duration_ms: 0.301936
2026-10-04T15:25:16.4176895Z   type: 'test'
2026-10-04T15:25:16.4177368Z   ...
2026-10-04T15:25:16.4177979Z # Subtest: pause and visibility resume discard inactive time without rewinding the rendered phase
2026-10-04T15:25:16.4178946Z ok 70 - pause and visibility resume discard inactive time without rewinding the rendered phase
2026-10-04T15:25:16.4179461Z   ---
2026-10-04T15:25:16.4179798Z   duration_ms: 0.209704
2026-10-04T15:25:16.4180121Z   type: 'test'
2026-10-04T15:25:16.4180383Z   ...
2026-10-04T15:25:16.4180922Z # Subtest: flat streets produce zero body pitch/roll and keep wheels on the road
2026-10-04T15:25:16.4181582Z ok 71 - flat streets produce zero body pitch/roll and keep wheels on the road
2026-10-04T15:25:16.4182070Z   ---
2026-10-04T15:25:16.4182404Z   duration_ms: 1.178123
2026-10-04T15:25:16.4182707Z   type: 'test'
2026-10-04T15:25:16.4183171Z   ...
2026-10-04T15:25:16.4183699Z # Subtest: a diagonal curb residual raises only the clearance missing from a fitted plane
2026-10-04T15:25:16.4184511Z ok 72 - a diagonal curb residual raises only the clearance missing from a fitted plane
2026-10-04T15:25:16.4185005Z   ---
2026-10-04T15:25:16.4186722Z   duration_ms: 1.07458
2026-10-04T15:25:16.4187068Z   type: 'test'
2026-10-04T15:25:16.4187622Z   ...
2026-10-04T15:25:16.4188250Z # Subtest: actual rendered tire vertices stay above the real city ramp at known curb problem positions
2026-10-04T15:25:16.4189113Z ok 73 - actual rendered tire vertices stay above the real city ramp at known curb problem positions
2026-10-04T15:25:16.4189674Z   ---
2026-10-04T15:25:16.4189966Z   duration_ms: 360.46197
2026-10-04T15:25:16.4190349Z   type: 'test'
2026-10-04T15:25:16.4190623Z   ...
2026-10-04T15:25:16.4191148Z # Subtest: slope collision envelope encloses every rendered car vertex including tilted mirrors
2026-10-04T15:25:16.4192002Z ok 74 - slope collision envelope encloses every rendered car vertex including tilted mirrors
2026-10-04T15:25:16.4192628Z   ---
2026-10-04T15:25:16.4195619Z   duration_ms: 137.082169
2026-10-04T15:25:16.4205356Z   type: 'test'
2026-10-04T15:25:16.4238367Z   ...
2026-10-04T15:25:16.4247894Z # Subtest: authored frontages attach to six actual occupied shells and keep High the default
2026-10-04T15:25:16.4278241Z ok 75 - authored frontages attach to six actual occupied shells and keep High the default
2026-10-04T15:25:16.4287691Z   ---
2026-10-04T15:25:16.4308033Z   duration_ms: 56.904297
2026-10-04T15:25:16.4330424Z   type: 'test'
2026-10-04T15:25:16.4358105Z   ...
2026-10-04T15:25:16.4386423Z # Subtest: clear original entrance approaches, frontage walking strip and road lanes are preserved
2026-10-04T15:25:16.4428355Z ok 76 - clear original entrance approaches, frontage walking strip and road lanes are preserved
2026-10-04T15:25:16.4429066Z   ---
2026-10-04T15:25:16.4429365Z   duration_ms: 17.704306
2026-10-04T15:25:16.4429745Z   type: 'test'
2026-10-04T15:25:16.4430092Z   ...
2026-10-04T15:25:16.4430974Z # Subtest: finite curved art geometry, metre projected scanned UVs and a bounded render budget
2026-10-04T15:25:16.4431752Z ok 77 - finite curved art geometry, metre projected scanned UVs and a bounded render budget
2026-10-04T15:25:16.4432323Z   ---
2026-10-04T15:25:16.4432612Z   duration_ms: 157.283447
2026-10-04T15:25:16.4432933Z   type: 'test'
2026-10-04T15:25:16.4433281Z   ...
2026-10-04T15:25:16.4433813Z # Subtest: near detail uses hysteresis, actually destroys buffers and restores far proxies
2026-10-04T15:25:16.4434554Z ok 78 - near detail uses hysteresis, actually destroys buffers and restores far proxies
2026-10-04T15:25:16.4435093Z   ---
2026-10-04T15:25:16.4435362Z   duration_ms: 84.068247
2026-10-04T15:25:16.4435708Z   type: 'test'
2026-10-04T15:25:16.4436044Z   ...
2026-10-04T15:25:16.4436641Z # Subtest: shared interior shell IDs hide both proxy and resident art, including later streamed loads
2026-10-04T15:25:16.4437673Z ok 79 - shared interior shell IDs hide both proxy and resident art, including later streamed loads
2026-10-04T15:25:16.4438249Z   ---
2026-10-04T15:25:16.4438549Z   duration_ms: 45.52226
2026-10-04T15:25:16.4438890Z   type: 'test'
2026-10-04T15:25:16.4439235Z   ...
2026-10-04T15:25:16.4439809Z # Subtest: locally served scanned material maps have recorded CC0 provenance and verified hashes
2026-10-04T15:25:16.4440574Z ok 80 - locally served scanned material maps have recorded CC0 provenance and verified hashes
2026-10-04T15:25:16.4441115Z   ---
2026-10-04T15:25:16.4441421Z   duration_ms: 15.253937
2026-10-04T15:25:16.4441780Z   type: 'test'
2026-10-04T15:25:16.4442063Z   ...
2026-10-04T15:25:16.4442719Z # Subtest: sample room craft fits actual furniture and overhead walls without adding circulation obstacles
2026-10-04T15:25:16.4443610Z ok 81 - sample room craft fits actual furniture and overhead walls without adding circulation obstacles
2026-10-04T15:25:16.4444225Z   ---
2026-10-04T15:25:16.4444533Z   duration_ms: 130.973479
2026-10-04T15:25:16.4445344Z   type: 'test'
2026-10-04T15:25:16.4445785Z   ...
2026-10-04T15:25:23.3728404Z # Subtest: sample binds twenty separate residents to actual homes, counter frontages and legal routes
2026-10-04T15:25:23.3729765Z ok 82 - sample binds twenty separate residents to actual homes, counter frontages and legal routes
2026-10-04T15:25:23.3731559Z   ---
2026-10-04T15:25:23.3743975Z   duration_ms: 348.929831
2026-10-04T15:25:23.3744574Z   type: 'test'
2026-10-04T15:25:23.3745238Z   ...
2026-10-04T15:25:23.3746055Z # Subtest: actual delivery moves finite stock, debits wholesale and escrow, and pays the player once at the recipient
2026-10-04T15:25:23.3747462Z ok 83 - actual delivery moves finite stock, debits wholesale and escrow, and pays the player once at the recipient
2026-10-04T15:25:23.3748162Z   ---
2026-10-04T15:25:23.3748565Z   duration_ms: 154.052083
2026-10-04T15:25:23.3749031Z   type: 'test'
2026-10-04T15:25:23.3749399Z   ...
2026-10-04T15:25:23.3750370Z # Subtest: stock availability and shop funds cause actual successful or blocked purchases
2026-10-04T15:25:23.3751302Z ok 84 - stock availability and shop funds cause actual successful or blocked purchases
2026-10-04T15:25:23.3778408Z   ---
2026-10-04T15:25:23.3794957Z   duration_ms: 120.485797
2026-10-04T15:25:23.3795754Z   type: 'test'
2026-10-04T15:25:23.3796166Z   ...
2026-10-04T15:25:23.3796965Z # Subtest: daily schedules complete home, work, shop and courier loops regardless of visible distance or indoor context
2026-10-04T15:25:23.3798467Z ok 85 - daily schedules complete home, work, shop and courier loops regardless of visible distance or indoor context
2026-10-04T15:25:23.3799146Z   ---
2026-10-04T15:25:23.3799642Z   duration_ms: 424.703014
2026-10-04T15:25:23.3800077Z   type: 'test'
2026-10-04T15:25:23.3800457Z   ...
2026-10-04T15:25:23.3801293Z # Subtest: fixed economic ticks and persisted paths resume deterministically without repeating wages or deliveries
2026-10-04T15:25:23.3803028Z ok 86 - fixed economic ticks and persisted paths resume deterministically without repeating wages or deliveries
2026-10-04T15:25:23.3803844Z   ---
2026-10-04T15:25:23.3804268Z   duration_ms: 525.111683
2026-10-04T15:25:23.3804709Z   type: 'test'
2026-10-04T15:25:23.3805095Z   ...
2026-10-04T15:25:23.3805880Z # Subtest: corrupt or foreign snapshots cannot mint stock, money, arbitrary positions or orphan delivery payouts
2026-10-04T15:25:23.3806961Z ok 87 - corrupt or foreign snapshots cannot mint stock, money, arbitrary positions or orphan delivery payouts
2026-10-04T15:25:23.3807919Z   ---
2026-10-04T15:25:23.3808340Z   duration_ms: 85.290152
2026-10-04T15:25:23.3808774Z   type: 'test'
2026-10-04T15:25:23.3809209Z   ...
2026-10-04T15:25:23.3809939Z # Subtest: warehouse commutes board real moving trams and physically alight onto legal final pavement routes
2026-10-04T15:25:23.3810954Z ok 88 - warehouse commutes board real moving trams and physically alight onto legal final pavement routes
2026-10-04T15:25:23.3811664Z   ---
2026-10-04T15:25:23.3812067Z   duration_ms: 680.436683
2026-10-04T15:25:23.3812524Z   type: 'test'
2026-10-04T15:25:23.3812873Z   ...
2026-10-04T15:25:23.3813574Z # Subtest: renderer streams at most twelve detailed instances while presentation never advances city state
2026-10-04T15:25:23.3814569Z ok 89 - renderer streams at most twelve detailed instances while presentation never advances city state
2026-10-04T15:25:23.3815188Z   ---
2026-10-04T15:25:23.3815602Z   duration_ms: 348.557309
2026-10-04T15:25:23.3816048Z   type: 'test'
2026-10-04T15:25:23.3816434Z   ...
2026-10-04T15:25:23.3817372Z # Subtest: restoring real in-flight fleet tickets preserves boarding, cargo and deterministic continuation
2026-10-04T15:25:23.3818420Z ok 90 - restoring real in-flight fleet tickets preserves boarding, cargo and deterministic continuation
2026-10-04T15:25:23.3819073Z   ---
2026-10-04T15:25:23.3819470Z   duration_ms: 542.24937
2026-10-04T15:25:23.3819923Z   type: 'test'
2026-10-04T15:25:23.3820451Z   ...
2026-10-04T15:25:23.3821455Z # Subtest: rewinding display time never repeats an elapsed wage slot or changes the money supply
2026-10-04T15:25:23.3822353Z ok 91 - rewinding display time never repeats an elapsed wage slot or changes the money supply
2026-10-04T15:25:23.3822937Z   ---
2026-10-04T15:25:23.3823402Z   duration_ms: 64.277358
2026-10-04T15:25:23.3823802Z   type: 'test'
2026-10-04T15:25:23.3824181Z   ...
2026-10-04T15:25:23.3824918Z # Subtest: player buys an actual stocked portion only from the staffed counter and game-owned cash funds the shop
2026-10-04T15:25:23.3825926Z ok 92 - player buys an actual stocked portion only from the staffed counter and game-owned cash funds the shop
2026-10-04T15:25:23.3826649Z   ---
2026-10-04T15:25:23.3827012Z   duration_ms: 216.126911
2026-10-04T15:25:23.3827908Z   type: 'test'
2026-10-04T15:25:23.3828327Z   ...
2026-10-04T15:25:23.3829043Z # Subtest: remote, unfunded, unstaffed, closed and sold-out retail requests never debit the game wallet
2026-10-04T15:25:23.3830017Z ok 93 - remote, unfunded, unstaffed, closed and sold-out retail requests never debit the game wallet
2026-10-04T15:25:23.3830695Z   ---
2026-10-04T15:25:23.3831110Z   duration_ms: 124.667406
2026-10-04T15:25:23.3831534Z   type: 'test'
2026-10-04T15:25:23.3831986Z   ...
2026-10-04T15:25:23.3832700Z # Subtest: runtime traffic clock controls crossing permission independently of persisted economic days
2026-10-04T15:25:23.3833730Z ok 94 - runtime traffic clock controls crossing permission independently of persisted economic days
2026-10-04T15:25:23.3834377Z   ---
2026-10-04T15:25:23.3834742Z   duration_ms: 125.448641
2026-10-04T15:25:23.3835256Z   type: 'test'
2026-10-04T15:25:23.3835631Z   ...
2026-10-04T15:25:23.3836449Z # Subtest: integrated E retail changes the sole game wallet and a saved inventory restores alongside its ledger
2026-10-04T15:25:23.3837721Z ok 95 - integrated E retail changes the sole game wallet and a saved inventory restores alongside its ledger
2026-10-04T15:25:23.3838457Z   ---
2026-10-04T15:25:23.3838853Z   duration_ms: 5898.731154
2026-10-04T15:25:23.3839496Z   type: 'test'
2026-10-04T15:25:23.3839889Z   ...
2026-10-04T15:25:23.4356949Z # Subtest: opposite-shore landmarks retain contrast across the full public harbour view
2026-10-04T15:25:23.4358692Z ok 96 - opposite-shore landmarks retain contrast across the full public harbour view
2026-10-04T15:25:23.4359473Z   ---
2026-10-04T15:25:23.4359930Z   duration_ms: 1.108321
2026-10-04T15:25:23.4360384Z   type: 'test'
2026-10-04T15:25:23.4360828Z   ...
2026-10-04T15:25:23.4361559Z # Subtest: water variants keep independent clocks, shared programs and working cloned shader hooks
2026-10-04T15:25:23.4362566Z ok 97 - water variants keep independent clocks, shared programs and working cloned shader hooks
2026-10-04T15:25:23.4363283Z   ---
2026-10-04T15:25:23.4363697Z   duration_ms: 1.106682
2026-10-04T15:25:23.4364126Z   type: 'test'
2026-10-04T15:25:23.4364559Z   ...
2026-10-04T15:25:23.4365245Z # Subtest: urban finishes separate dielectric glazing, rough mineral surfaces and metal frames
2026-10-04T15:25:23.4366316Z ok 98 - urban finishes separate dielectric glazing, rough mineral surfaces and metal frames
2026-10-04T15:25:23.4367001Z   ---
2026-10-04T15:25:23.4368195Z   duration_ms: 30.681339
2026-10-04T15:25:23.4368675Z   type: 'test'
2026-10-04T15:25:23.4369064Z   ...
2026-10-04T15:26:23.5602258Z # Subtest: normal city play boards bus, walks both decks, travels and alights at another physical stop
2026-10-04T15:26:23.5603141Z ok 99 - normal city play boards bus, walks both decks, travels and alights at another physical stop
2026-10-04T15:26:23.5618345Z   ---
2026-10-04T15:26:23.5618711Z   duration_ms: 7443.82893
2026-10-04T15:26:23.5619164Z   type: 'test'
2026-10-04T15:26:23.5619393Z   ...
2026-10-04T15:26:23.5619915Z # Subtest: normal city play boards tram, walks both decks, travels and alights at another physical stop
2026-10-04T15:26:23.5620745Z ok 100 - normal city play boards tram, walks both decks, travels and alights at another physical stop
2026-10-04T15:26:23.5621587Z   ---
2026-10-04T15:26:23.5621857Z   duration_ms: 11851.624026
2026-10-04T15:26:23.5622137Z   type: 'test'
2026-10-04T15:26:23.5622382Z   ...
2026-10-04T15:26:23.5622782Z # Subtest: normal city play boards ferry, walks both decks, travels and alights at another physical stop
2026-10-04T15:26:23.5623378Z ok 101 - normal city play boards ferry, walks both decks, travels and alights at another physical stop
2026-10-04T15:26:23.5623740Z   ---
2026-10-04T15:26:23.5623952Z   duration_ms: 13538.00844
2026-10-04T15:26:23.5624248Z   type: 'test'
2026-10-04T15:26:23.5624440Z   ...
2026-10-04T15:26:23.5624844Z # Subtest: interior visits preserve street traffic, sample service clocks and resident phases
2026-10-04T15:26:23.5625420Z ok 102 - interior visits preserve street traffic, sample service clocks and resident phases
2026-10-04T15:26:23.5625776Z   ---
2026-10-04T15:26:23.5625998Z   duration_ms: 1436.190103
2026-10-04T15:26:23.5626260Z   type: 'test'
2026-10-04T15:26:23.5626479Z   ...
2026-10-04T15:26:23.5626896Z # Subtest: safeSave restores real commuting tickets, economic paths and delayed dwell before another tick
2026-10-04T15:26:23.5627713Z ok 103 - safeSave restores real commuting tickets, economic paths and delayed dwell before another tick
2026-10-04T15:26:23.5628123Z   ---
2026-10-04T15:26:23.5628339Z   duration_ms: 26577.999282
2026-10-04T15:26:23.5628583Z   type: 'test'
2026-10-04T15:26:23.5628807Z   ...
2026-10-04T15:26:23.5629208Z # Subtest: fresh binding and malformed saved sample fields leave finite clean street state
2026-10-04T15:26:23.5629707Z ok 104 - fresh binding and malformed saved sample fields leave finite clean street state
2026-10-04T15:26:23.5630688Z   ---
2026-10-04T15:26:23.5630913Z   duration_ms: 1936.568581
2026-10-04T15:26:23.5631133Z   type: 'test'
2026-10-04T15:26:23.5631422Z   ...
2026-10-04T15:26:23.5631840Z # Subtest: fixed simulation and render updates remain separate, with bounded collector-height tram wires
2026-10-04T15:26:23.5632606Z ok 105 - fixed simulation and render updates remain separate, with bounded collector-height tram wires
2026-10-04T15:26:23.5633024Z   ---
2026-10-04T15:26:23.5633270Z   duration_ms: 2953.885857
2026-10-04T15:26:23.5633510Z   type: 'test'
2026-10-04T15:26:23.5633733Z   ...
2026-10-04T15:26:23.5634283Z # Subtest: a restored south-shore signal clock controls real cars, rendered lights and crossing residents while north traffic keeps its original clock
2026-10-04T15:26:23.5635057Z ok 106 - a restored south-shore signal clock controls real cars, rendered lights and crossing residents while north traffic keeps its original clock
2026-10-04T15:26:23.5635566Z   ---
2026-10-04T15:26:23.5635777Z   duration_ms: 170.279141
2026-10-04T15:26:23.5635996Z   type: 'test'
2026-10-04T15:26:23.5636247Z   ...
2026-10-04T15:26:23.5636674Z # Subtest: ordinary city steps yield the long bus to a real resident already crossing, including after save/load
2026-10-04T15:26:23.5637472Z ok 107 - ordinary city steps yield the long bus to a real resident already crossing, including after save/load
2026-10-04T15:26:23.5638050Z   ---
2026-10-04T15:26:23.5638331Z   duration_ms: 2674.589971
2026-10-04T15:26:23.5638652Z   type: 'test'
2026-10-04T15:26:23.5638974Z   ...
2026-10-04T15:26:23.6029499Z # Subtest: harbor towers occupy land behind a continuous shore and have authored geometric crowns
2026-10-04T15:26:23.6035079Z ok 108 - harbor towers occupy land behind a continuous shore and have authored geometric crowns
2026-10-04T15:26:23.6036130Z   ---
2026-10-04T15:26:23.6036635Z   duration_ms: 21.774949
2026-10-04T15:26:23.6037340Z   type: 'test'
2026-10-04T15:26:23.6039410Z   ...
2026-10-04T15:26:23.6040856Z # Subtest: the actual eye-level promenade camera sees multiple distinct towers across open water
2026-10-04T15:26:23.6041894Z ok 109 - the actual eye-level promenade camera sees multiple distinct towers across open water
2026-10-04T15:26:23.6042752Z   ---
2026-10-04T15:26:23.6043095Z   duration_ms: 58.027255
2026-10-04T15:26:23.6043633Z   type: 'test'
2026-10-04T15:26:23.6044502Z   ...
2026-10-04T15:26:23.6045356Z # Subtest: all three harbor viewpoints are reached on existing real pavement with the full player radius
2026-10-04T15:26:23.6046398Z ok 110 - all three harbor viewpoints are reached on existing real pavement with the full player radius
2026-10-04T15:26:23.6046972Z   ---
2026-10-04T15:26:23.6048987Z   duration_ms: 186.260757
2026-10-04T15:26:23.6049397Z   type: 'test'
2026-10-04T15:26:23.6049775Z   ...
2026-10-04T15:26:23.6050512Z # Subtest: walking inland across the former support edge stays on the rendered shore and mountain triangles
2026-10-04T15:26:23.6051580Z ok 111 - walking inland across the former support edge stays on the rendered shore and mountain triangles
2026-10-04T15:26:23.6052174Z   ---
2026-10-04T15:26:23.6052573Z   duration_ms: 227.609479
2026-10-04T15:26:23.6052994Z   type: 'test'
2026-10-04T15:26:23.6053312Z   ...
2026-10-04T15:26:23.6054058Z # Subtest: view distance streams and disposes real facade details without changing skyline massing or quality
2026-10-04T15:26:23.6054867Z ok 112 - view distance streams and disposes real facade details without changing skyline massing or quality
2026-10-04T15:26:23.6055337Z   ---
2026-10-04T15:26:23.6055618Z   duration_ms: 30.730186
2026-10-04T15:26:23.6055913Z   type: 'test'
2026-10-04T15:26:23.6056155Z   ...
2026-10-04T15:26:23.6056610Z # Subtest: small window bays use metre UVs and sparse office lights follow the world clock
2026-10-04T15:26:23.6057387Z ok 113 - small window bays use metre UVs and sparse office lights follow the world clock
2026-10-04T15:26:23.6057816Z   ---
2026-10-04T15:26:23.6058122Z   duration_ms: 15.747807
2026-10-04T15:26:23.6058390Z   type: 'test'
2026-10-04T15:26:23.6058628Z   ...
2026-10-04T15:26:23.6059091Z # Subtest: shared shore support ends at the visible coastline and preserves water outside it
2026-10-04T15:26:23.6059647Z ok 114 - shared shore support ends at the visible coastline and preserves water outside it
2026-10-04T15:26:23.6060075Z   ---
2026-10-04T15:26:23.6060339Z   duration_ms: 1.912842
2026-10-04T15:26:23.6060613Z   type: 'test'
2026-10-04T15:26:23.6061112Z   ...
2026-10-04T15:26:23.6061711Z # Subtest: client and multiplayer server support match raycast triangles on both sides of ridge diagonals
2026-10-04T15:26:23.6062433Z ok 115 - client and multiplayer server support match raycast triangles on both sides of ridge diagonals
2026-10-04T15:26:23.6062894Z   ---
2026-10-04T15:26:23.6063172Z   duration_ms: 187.152998
2026-10-04T15:26:23.6063448Z   type: 'test'
2026-10-04T15:26:23.6063685Z   ...
2026-10-04T15:26:23.6064151Z # Subtest: multiplayer support retains reachable infrastructure decks and the road beneath an underpass
2026-10-04T15:26:23.6064821Z ok 116 - multiplayer support retains reachable infrastructure decks and the road beneath an underpass
2026-10-04T15:26:23.6065270Z   ---
2026-10-04T15:26:23.6065598Z   duration_ms: 0.307021
2026-10-04T15:26:23.6065905Z   type: 'test'
2026-10-04T15:26:23.6066144Z   ...
2026-10-04T15:26:23.6066560Z # Subtest: every original service fits its existing street or water corridor for a whole circuit
2026-10-04T15:26:23.6067453Z ok 117 - every original service fits its existing street or water corridor for a whole circuit
2026-10-04T15:26:23.6067884Z   ---
2026-10-04T15:26:23.6068239Z   duration_ms: 1025.455382
2026-10-04T15:26:23.6068714Z   type: 'test'
2026-10-04T15:26:23.6069021Z   ...
2026-10-04T15:26:23.6069618Z # Subtest: bus: walk through the boarding door, upstairs, along the upper aisle and back downstairs
2026-10-04T15:26:23.6070571Z ok 118 - bus: walk through the boarding door, upstairs, along the upper aisle and back downstairs
2026-10-04T15:26:23.6071110Z   ---
2026-10-04T15:26:23.6071392Z   duration_ms: 93.170759
2026-10-04T15:26:23.6071804Z   type: 'test'
2026-10-04T15:26:23.6072142Z   ...
2026-10-04T15:26:23.6072715Z # Subtest: tram: walk through the boarding door, upstairs, along the upper aisle and back downstairs
2026-10-04T15:26:23.6073701Z ok 119 - tram: walk through the boarding door, upstairs, along the upper aisle and back downstairs
2026-10-04T15:26:23.6074276Z   ---
2026-10-04T15:26:23.6074541Z   duration_ms: 59.53895
2026-10-04T15:26:23.6074846Z   type: 'test'
2026-10-04T15:26:23.6075115Z   ...
2026-10-04T15:26:23.6075592Z # Subtest: ferry: walk through the boarding door, upstairs, along the upper aisle and back downstairs
2026-10-04T15:26:23.6076239Z ok 120 - ferry: walk through the boarding door, upstairs, along the upper aisle and back downstairs
2026-10-04T15:26:23.6076735Z   ---
2026-10-04T15:26:23.6076983Z   duration_ms: 111.24612
2026-10-04T15:26:23.6077441Z   type: 'test'
2026-10-04T15:26:23.6077769Z   ...
2026-10-04T15:26:23.6078284Z # Subtest: passenger seats, closed doors and end walls reject movement rather than pinning the passenger
2026-10-04T15:26:23.6078986Z ok 121 - passenger seats, closed doors and end walls reject movement rather than pinning the passenger
2026-10-04T15:26:23.6079560Z   ---
2026-10-04T15:26:23.6079884Z   duration_ms: 10.417181
2026-10-04T15:26:23.6080506Z   type: 'test'
2026-10-04T15:26:23.6080842Z   ...
2026-10-04T15:26:23.6081580Z # Subtest: ten minutes of independent timetables keep bus and tram bodies apart
2026-10-04T15:26:23.6082413Z ok 122 - ten minutes of independent timetables keep bus and tram bodies apart
2026-10-04T15:26:23.6082930Z   ---
2026-10-04T15:26:23.6083280Z   duration_ms: 356.525789
2026-10-04T15:26:23.6083755Z   type: 'test'
2026-10-04T15:26:23.6084135Z   ...
2026-10-04T15:26:23.6084733Z # Subtest: external traffic stops the bus before contact and the delayed timetable resumes
2026-10-04T15:26:23.6085545Z ok 123 - external traffic stops the bus before contact and the delayed timetable resumes
2026-10-04T15:26:23.6086048Z   ---
2026-10-04T15:26:23.6086294Z   duration_ms: 21.172807
2026-10-04T15:26:23.6086569Z   type: 'test'
2026-10-04T15:26:23.6086824Z   ...
2026-10-04T15:26:23.6087658Z # Subtest: saving restores stop dwell and delayed schedules without placing a load inside a vehicle
2026-10-04T15:26:23.6088357Z ok 124 - saving restores stop dwell and delayed schedules without placing a load inside a vehicle
2026-10-04T15:26:23.6089031Z   ---
2026-10-04T15:26:23.6089299Z   duration_ms: 18.349734
2026-10-04T15:26:23.6089544Z   type: 'test'
2026-10-04T15:26:23.6089860Z   ...
2026-10-04T15:26:23.6090364Z # Subtest: citizens board a real stop, travel in the moving cabin and alight at a different stop
2026-10-04T15:26:23.6090992Z ok 125 - citizens board a real stop, travel in the moving cabin and alight at a different stop
2026-10-04T15:26:23.6091416Z   ---
2026-10-04T15:26:23.6091692Z   duration_ms: 50.2522
2026-10-04T15:26:23.6092184Z   type: 'test'
2026-10-04T15:26:23.6092710Z   ...
2026-10-04T15:26:23.6093140Z # Subtest: a saved boarding token, door hold and citizen cabin pose continue after load
2026-10-04T15:26:23.6093952Z ok 126 - a saved boarding token, door hold and citizen cabin pose continue after load
2026-10-04T15:26:23.6094385Z   ---
2026-10-04T15:26:23.6094640Z   duration_ms: 19.442499
2026-10-04T15:26:23.6094885Z   type: 'test'
2026-10-04T15:26:23.6095228Z   ...
2026-10-04T15:26:23.6095721Z # Subtest: both ferry piers can be walked from real street height over the sea wall and match rendered support
2026-10-04T15:26:23.6096469Z ok 127 - both ferry piers can be walked from real street height over the sea wall and match rendered support
2026-10-04T15:26:23.6096979Z   ---
2026-10-04T15:26:23.6097469Z   duration_ms: 1071.604799
2026-10-04T15:26:23.6097829Z   type: 'test'
2026-10-04T15:26:23.6098221Z   ...
2026-10-04T15:26:23.6099042Z # Subtest: sixteen static batches retain all 101 original transforms, materials and shadow flags with independent bank bounds
2026-10-04T15:26:23.6100113Z ok 128 - sixteen static batches retain all 101 original transforms, materials and shadow flags with independent bank bounds
2026-10-04T15:26:23.6101194Z   ---
2026-10-04T15:26:23.6101446Z   duration_ms: 25.438273
2026-10-04T15:26:23.6101964Z   type: 'test'
2026-10-04T15:26:23.6102242Z   ...
2026-10-04T15:26:23.6102906Z # Subtest: static instances stay shared while ferry gangways, eleven canvas signs and the live fleet remain independent
2026-10-04T15:26:23.6103952Z ok 129 - static instances stay shared while ferry gangways, eleven canvas signs and the live fleet remain independent
2026-10-04T15:26:23.6104795Z   ---
2026-10-04T15:26:23.6105158Z   duration_ms: 67.223728
2026-10-04T15:26:23.6105455Z   type: 'test'
2026-10-04T15:26:23.6105763Z   ...
2026-10-04T15:26:23.6106363Z # Subtest: bus at its actual eight-metre curb lane brakes before red, restores its queue and resumes on green
2026-10-04T15:26:23.6107401Z ok 130 - bus at its actual eight-metre curb lane brakes before red, restores its queue and resumes on green
2026-10-04T15:26:23.6107943Z   ---
2026-10-04T15:26:23.6108220Z   duration_ms: 27.945492
2026-10-04T15:26:23.6108556Z   type: 'test'
2026-10-04T15:26:23.6108842Z   ...
2026-10-04T15:26:23.6109578Z # Subtest: tram at its actual eight-metre curb lane brakes before red, restores its queue and resumes on green
2026-10-04T15:26:23.6110366Z ok 131 - tram at its actual eight-metre curb lane brakes before red, restores its queue and resumes on green
2026-10-04T15:26:23.6110848Z   ---
2026-10-04T15:26:23.6111129Z   duration_ms: 29.201165
2026-10-04T15:26:23.6111375Z   type: 'test'
2026-10-04T15:26:23.6111653Z   ...
2026-10-04T15:26:23.6112217Z # Subtest: a vehicle already admitted through green clears a newly red junction after save/load
2026-10-04T15:26:23.6112934Z ok 132 - a vehicle already admitted through green clears a newly red junction after save/load
2026-10-04T15:26:23.6113368Z   ---
2026-10-04T15:26:23.6113692Z   duration_ms: 27.384758
2026-10-04T15:26:23.6113996Z   type: 'test'
2026-10-04T15:26:23.6114275Z   ...
2026-10-04T15:26:23.6114858Z # Subtest: the shared pedestrian stop-distance hook protects the bus front, persists its wait and excludes the ferry
2026-10-04T15:26:23.6115577Z ok 133 - the shared pedestrian stop-distance hook protects the bus front, persists its wait and excludes the ferry
2026-10-04T15:26:23.6116046Z   ---
2026-10-04T15:26:23.6116319Z   duration_ms: 40.084729
2026-10-04T15:26:23.6116571Z   type: 'test'
2026-10-04T15:26:23.6116934Z   ...
2026-10-04T15:26:23.6117945Z # Subtest: harbor assets have finite geometry and actual closed/open bounds inside their metre envelopes
2026-10-04T15:26:23.6118849Z ok 134 - harbor assets have finite geometry and actual closed/open bounds inside their metre envelopes
2026-10-04T15:26:23.6119369Z   ---
2026-10-04T15:26:23.6119694Z   duration_ms: 1045.644463
2026-10-04T15:26:23.6120003Z   type: 'test'
2026-10-04T15:26:23.6120313Z   ...
2026-10-04T15:26:23.6120920Z # Subtest: both decks, all portals and stair landings remain reachable by the declared passenger capsule
2026-10-04T15:26:23.6121663Z ok 135 - both decks, all portals and stair landings remain reachable by the declared passenger capsule
2026-10-04T15:26:23.6122117Z   ---
2026-10-04T15:26:23.6122432Z   duration_ms: 8.879152
2026-10-04T15:26:23.6122750Z   type: 'test'
2026-10-04T15:26:23.6123008Z   ...
2026-10-04T15:26:23.6123486Z # Subtest: open doorway geometry clears a full body at both jambs, and closed leaves block passage
2026-10-04T15:26:23.6124215Z ok 136 - open doorway geometry clears a full body at both jambs, and closed leaves block passage
2026-10-04T15:26:23.6124717Z   ---
2026-10-04T15:26:23.6124992Z   duration_ms: 467.661328
2026-10-04T15:26:23.6125297Z   type: 'test'
2026-10-04T15:26:23.6125583Z   ...
2026-10-04T15:26:23.6126082Z # Subtest: actual stair mesh and ceilings leave standing headroom across the entire companionway
2026-10-04T15:26:23.6126840Z ok 137 - actual stair mesh and ceilings leave standing headroom across the entire companionway
2026-10-04T15:26:23.6127478Z   ---
2026-10-04T15:26:23.6127838Z   duration_ms: 1551.725839
2026-10-04T15:26:23.6128227Z   type: 'test'
2026-10-04T15:26:23.6128558Z   ...
2026-10-04T15:26:23.6129117Z # Subtest: ferry support and side collision narrow with its bow rather than exposing square deck overhangs
2026-10-04T15:26:23.6130030Z ok 138 - ferry support and side collision narrow with its bow rather than exposing square deck overhangs
2026-10-04T15:26:23.6130639Z   ---
2026-10-04T15:26:23.6130896Z   duration_ms: 1.110151
2026-10-04T15:26:23.6131263Z   type: 'test'
2026-10-04T15:26:23.6131551Z   ...
2026-10-04T15:26:23.6132115Z # Subtest: LOD budgets, original provenance and material response are explicit and lighting updates are instance-local
2026-10-04T15:26:23.6133012Z ok 139 - LOD budgets, original provenance and material response are explicit and lighting updates are instance-local
2026-10-04T15:26:23.6133489Z   ---
2026-10-04T15:26:23.6133815Z   duration_ms: 16.840493
2026-10-04T15:26:23.6134149Z   type: 'test'
2026-10-04T15:26:23.6134439Z   ...
2026-10-04T15:26:23.6134989Z # Subtest: instance disposal is idempotent and preserves shared geometry used by remaining vehicles and all LODs
2026-10-04T15:26:23.6135865Z ok 140 - instance disposal is idempotent and preserves shared geometry used by remaining vehicles and all LODs
2026-10-04T15:26:23.6136529Z   ---
2026-10-04T15:26:23.6136896Z   duration_ms: 13.579973
2026-10-04T15:26:23.6137551Z   type: 'test'
2026-10-04T15:26:23.6137917Z   ...
2026-10-04T15:26:23.6138458Z # Subtest: closed cabin actually blocks the former gap above the door leaves
2026-10-04T15:26:23.6139503Z ok 141 - closed cabin actually blocks the former gap above the door leaves
2026-10-04T15:26:23.6139999Z   ---
2026-10-04T15:26:23.6140342Z   duration_ms: 102.029016
2026-10-04T15:26:23.6140860Z   type: 'test'
2026-10-04T15:26:23.6141267Z   ...
2026-10-04T15:26:23.6141853Z # Subtest: cabin occlusion follows actual camera bounds and restores city before doors open
2026-10-04T15:26:23.6142722Z ok 142 - cabin occlusion follows actual camera bounds and restores city before doors open
2026-10-04T15:26:23.6143266Z   ---
2026-10-04T15:26:23.6143574Z   duration_ms: 1628.736255
2026-10-04T15:26:23.6143917Z   type: 'test'
2026-10-04T15:26:23.6144192Z   ...
2026-10-04T15:26:23.6144774Z # Subtest: ordinary third-person camera retracts behind the safety door throughout the high lift ride
2026-10-04T15:26:23.6145702Z ok 143 - ordinary third-person camera retracts behind the safety door throughout the high lift ride
2026-10-04T15:26:23.6146359Z   ---
2026-10-04T15:26:23.6146723Z   duration_ms: 81.684666
2026-10-04T15:26:23.6147747Z   type: 'test'
2026-10-04T15:26:23.6148106Z   ...
2026-10-04T15:26:23.6148734Z # Subtest: moving lift carries the normal low-pitch camera at 60 Hz without a floor-level view
2026-10-04T15:26:23.6149595Z ok 144 - moving lift carries the normal low-pitch camera at 60 Hz without a floor-level view
2026-10-04T15:26:23.6150520Z   ---
2026-10-04T15:26:23.6150794Z   duration_ms: 60.830064
2026-10-04T15:26:23.6151122Z   type: 'test'
2026-10-04T15:26:23.6151468Z   ...
2026-10-04T15:26:23.6151950Z # Subtest: moving lift carries the normal low-pitch camera at 4 Hz without a floor-level view
2026-10-04T15:26:23.6152623Z ok 145 - moving lift carries the normal low-pitch camera at 4 Hz without a floor-level view
2026-10-04T15:26:23.6153133Z   ---
2026-10-04T15:26:23.6153428Z   duration_ms: 18.943372
2026-10-04T15:26:23.6153779Z   type: 'test'
2026-10-04T15:26:23.6154106Z   ...
2026-10-04T15:26:23.6154568Z # Subtest: west-link: a pedestrian walks up, across and down without height mutation
2026-10-04T15:26:23.6155241Z ok 146 - west-link: a pedestrian walks up, across and down without height mutation
2026-10-04T15:26:23.6155711Z   ---
2026-10-04T15:26:23.6156002Z   duration_ms: 894.557396
2026-10-04T15:26:23.6156304Z   type: 'test'
2026-10-04T15:26:23.6156624Z   ...
2026-10-04T15:26:23.6157327Z # {"maximum":8,"maximumStep":0.010181811998556611,"seconds":87.48333333332965}
2026-10-04T15:26:23.6157931Z # Subtest: west-link: a car drives both ramps and saves on a safe ground entrance
2026-10-04T15:26:23.6158575Z ok 147 - west-link: a car drives both ramps and saves on a safe ground entrance
2026-10-04T15:26:23.6158978Z   ---
2026-10-04T15:26:23.6159255Z   duration_ms: 776.019294
2026-10-04T15:26:23.6159648Z   type: 'test'
2026-10-04T15:26:23.6159885Z   ...
2026-10-04T15:26:23.6160368Z # {"maximum":8.001,"maximumStep":0.04337433879758379,"seconds":21.883333333333372}
2026-10-04T15:26:23.6161179Z # Subtest: east-link: a pedestrian walks up, across and down without height mutation
2026-10-04T15:26:23.6161825Z ok 148 - east-link: a pedestrian walks up, across and down without height mutation
2026-10-04T15:26:23.6162288Z   ---
2026-10-04T15:26:23.6162597Z   duration_ms: 745.903957
2026-10-04T15:26:23.6162909Z   type: 'test'
2026-10-04T15:26:23.6163188Z   ...
2026-10-04T15:26:23.6163682Z # {"maximum":9,"maximumStep":0.01049999775308752,"seconds":130.34999999999587}
2026-10-04T15:26:23.6164332Z # Subtest: east-link: a car drives both ramps and saves on a safe ground entrance
2026-10-04T15:26:23.6164934Z ok 149 - east-link: a car drives both ramps and saves on a safe ground entrance
2026-10-04T15:26:23.6165376Z   ---
2026-10-04T15:26:23.6165697Z   duration_ms: 988.242427
2026-10-04T15:26:23.6166057Z   type: 'test'
2026-10-04T15:26:23.6166298Z   ...
2026-10-04T15:26:23.6166788Z # {"maximum":9.001,"maximumStep":0.0447177873670066,"seconds":31.983333333332798}
2026-10-04T15:26:23.6167745Z # Subtest: a pedestrian reaches the public freight-port promenade and walks back over the sea wall
2026-10-04T15:26:23.6168473Z ok 150 - a pedestrian reaches the public freight-port promenade and walks back over the sea wall
2026-10-04T15:26:23.6168987Z   ---
2026-10-04T15:26:23.6169268Z   duration_ms: 204.096187
2026-10-04T15:26:23.6169584Z   type: 'test'
2026-10-04T15:26:23.6169891Z   ...
2026-10-04T15:26:23.6170680Z # {"outbound":{"maximum":2.4,"maximumStep":0.017683754768263338,"seconds":16.95000000000032},"inbound":{"maximum":2.4,"maximumStep":0.017683754768263338,"seconds":16.933333333332374}}
2026-10-04T15:26:23.6171524Z # Subtest: cars cross below both flyovers without being lifted onto the deck
2026-10-04T15:26:23.6172124Z ok 151 - cars cross below both flyovers without being lifted onto the deck
2026-10-04T15:26:23.6172518Z   ---
2026-10-04T15:26:23.6172802Z   duration_ms: 70.898682
2026-10-04T15:26:23.6173195Z   type: 'test'
2026-10-04T15:26:23.6173474Z   ...
2026-10-04T15:26:23.6174188Z # Subtest: added piers and street equipment leave existing north-shore traffic crossings open
2026-10-04T15:26:23.6174936Z ok 152 - added piers and street equipment leave existing north-shore traffic crossings open
2026-10-04T15:26:23.6175369Z   ---
2026-10-04T15:26:23.6175624Z   duration_ms: 408.485908
2026-10-04T15:26:23.6175921Z   type: 'test'
2026-10-04T15:26:23.6176236Z   ...
2026-10-04T15:26:23.6176751Z # Subtest: every address has an explicit entrance, frontage, roof, and unique physical signature
2026-10-04T15:26:23.6177540Z ok 153 - every address has an explicit entrance, frontage, roof, and unique physical signature
2026-10-04T15:26:23.6178046Z   ---
2026-10-04T15:26:23.6178290Z   duration_ms: 0.972841
2026-10-04T15:26:23.6178600Z   type: 'test'
2026-10-04T15:26:23.6178854Z   ...
2026-10-04T15:26:23.6179288Z # Subtest: all 192 authored display fronts are visible chunk geometry and clear the central approach
2026-10-04T15:26:23.6179976Z ok 154 - all 192 authored display fronts are visible chunk geometry and clear the central approach
2026-10-04T15:26:23.6180383Z   ---
2026-10-04T15:26:23.6180632Z   duration_ms: 2.494277
2026-10-04T15:26:23.6180963Z   type: 'test'
2026-10-04T15:26:23.6181216Z   ...
2026-10-04T15:26:23.6181663Z # Subtest: shop lettering preserves its physical aspect ratio and uses ordinary UV projection
2026-10-04T15:26:23.6182273Z ok 155 - shop lettering preserves its physical aspect ratio and uses ordinary UV projection
2026-10-04T15:26:23.6182723Z   ---
2026-10-04T15:26:23.6182958Z   duration_ms: 79.002145
2026-10-04T15:26:23.6183219Z   type: 'test'
2026-10-04T15:26:23.6184062Z   ...
2026-10-04T15:26:23.6184489Z # Subtest: upper facade ribs do not obscure retail signs or the entrance canopy
2026-10-04T15:26:23.6185066Z ok 156 - upper facade ribs do not obscure retail signs or the entrance canopy
2026-10-04T15:26:23.6185461Z   ---
2026-10-04T15:26:23.6185711Z   duration_ms: 9.982673
2026-10-04T15:26:23.6185975Z   type: 'test'
2026-10-04T15:26:23.6186349Z   ...
2026-10-04T15:26:23.6186798Z # Subtest: retail counters and collision agree at adult scale, with small goods resting on top
2026-10-04T15:26:23.6187652Z ok 157 - retail counters and collision agree at adult scale, with small goods resting on top
2026-10-04T15:26:23.6188105Z   ---
2026-10-04T15:26:23.6188341Z   duration_ms: 28.604676
2026-10-04T15:26:23.6188703Z   type: 'test'
2026-10-04T15:26:23.6188986Z   ...
2026-10-04T15:26:23.6189449Z # Subtest: human-scale motifs and curved components survive actual chunk export
2026-10-04T15:26:23.6190213Z ok 158 - human-scale motifs and curved components survive actual chunk export
2026-10-04T15:26:23.6190792Z   ---
2026-10-04T15:26:23.6191245Z   duration_ms: 162.673169
2026-10-04T15:26:23.6191532Z   type: 'test'
2026-10-04T15:26:23.6191802Z   ...
2026-10-04T15:26:23.6192277Z # Subtest: additional architectural detail stays streamed and within bounded chunk budgets
2026-10-04T15:26:23.6192903Z ok 159 - additional architectural detail stays streamed and within bounded chunk budgets
2026-10-04T15:26:23.6193346Z   ---
2026-10-04T15:26:23.6193585Z   duration_ms: 14.435926
2026-10-04T15:26:23.6193909Z   type: 'test'
2026-10-04T15:26:23.6194163Z   ...
2026-10-04T15:26:23.6194621Z # Subtest: architectural refinement retains the full wide lobby approach at every address
2026-10-04T15:26:23.6195235Z ok 160 - architectural refinement retains the full wide lobby approach at every address
2026-10-04T15:26:23.6195671Z   ---
2026-10-04T15:26:23.6195953Z   duration_ms: 6.386551
2026-10-04T15:26:23.6196211Z   type: 'test'
2026-10-04T15:26:23.6196447Z   ...
2026-10-04T15:26:23.6196961Z # Subtest: address-specific sign materials are disposed along with their streamed district
2026-10-04T15:26:23.6198022Z ok 161 - address-specific sign materials are disposed along with their streamed district
2026-10-04T15:26:23.6198831Z   ---
2026-10-04T15:26:23.6199244Z   duration_ms: 75.860896
2026-10-04T15:26:23.6199640Z   type: 'test'
2026-10-04T15:26:23.6199934Z   ...
2026-10-04T15:26:23.6200518Z # Subtest: an underpass and its upper carriageway stay independent at the same x/z
2026-10-04T15:26:23.6201138Z ok 162 - an underpass and its upper carriageway stay independent at the same x/z
2026-10-04T15:26:23.6201586Z   ---
2026-10-04T15:26:23.6201872Z   duration_ms: 8.068224
2026-10-04T15:26:23.6202133Z   type: 'test'
2026-10-04T15:26:23.6202411Z   ...
2026-10-04T15:26:23.6202964Z # Subtest: both directions of both ramps support a continuous pedestrian journey without an elevation snap
2026-10-04T15:26:23.6203626Z ok 163 - both directions of both ramps support a continuous pedestrian journey without an elevation snap
2026-10-04T15:26:23.6204123Z   ---
2026-10-04T15:26:23.6204390Z   duration_ms: 296.193015
2026-10-04T15:26:23.6204652Z   type: 'test'
2026-10-04T15:26:23.6204985Z   ...
2026-10-04T15:26:23.6205461Z # Subtest: four-wheel car support follows both complete flyovers without jumping level or striking a collider
2026-10-04T15:26:23.6206481Z ok 164 - four-wheel car support follows both complete flyovers without jumping level or striking a collider
2026-10-04T15:26:23.6207071Z   ---
2026-10-04T15:26:23.6207606Z   duration_ms: 468.339752
2026-10-04T15:26:23.6207946Z   type: 'test'
2026-10-04T15:26:23.6208222Z   ...
2026-10-04T15:26:23.6208872Z # Subtest: rendered carriageway tops agree with the analytical support profile to one centimetre
2026-10-04T15:26:23.6209764Z ok 165 - rendered carriageway tops agree with the analytical support profile to one centimetre
2026-10-04T15:26:23.6210464Z   ---
2026-10-04T15:26:23.6210771Z   duration_ms: 0.790041
2026-10-04T15:26:23.6211184Z   type: 'test'
2026-10-04T15:26:23.6211502Z   ...
2026-10-04T15:26:23.6212135Z # Subtest: cross-streets retain a clear path below the flyovers and bridge piers remain outside carriageways
2026-10-04T15:26:23.6213206Z ok 166 - cross-streets retain a clear path below the flyovers and bridge piers remain outside carriageways
2026-10-04T15:26:23.6213855Z   ---
2026-10-04T15:26:23.6214204Z   duration_ms: 14.817066
2026-10-04T15:26:23.6214737Z   type: 'test'
2026-10-04T15:26:23.6215017Z   ...
2026-10-04T15:26:23.6215701Z # Subtest: freight access rises continuously over the original seawall and reaches a real clear deck
2026-10-04T15:26:23.6216728Z ok 167 - freight access rises continuously over the original seawall and reaches a real clear deck
2026-10-04T15:26:23.6217483Z   ---
2026-10-04T15:26:23.6217845Z   duration_ms: 24.659962
2026-10-04T15:26:23.6218239Z   type: 'test'
2026-10-04T15:26:23.6218538Z   ...
2026-10-04T15:26:23.6219131Z # Subtest: station additions preserve every building entrance, transit entrance and ferry passage
2026-10-04T15:26:23.6220026Z ok 168 - station additions preserve every building entrance, transit entrance and ferry passage
2026-10-04T15:26:23.6220633Z   ---
2026-10-04T15:26:23.6220962Z   duration_ms: 6.730017
2026-10-04T15:26:23.6221338Z   type: 'test'
2026-10-04T15:26:23.6221622Z   ...
2026-10-04T15:26:23.6222307Z # Subtest: district culling hides distant detail while keeping local geometry and permanent collisions
2026-10-04T15:26:23.6223349Z ok 169 - district culling hides distant detail while keeping local geometry and permanent collisions
2026-10-04T15:26:23.6223981Z   ---
2026-10-04T15:26:23.6224272Z   duration_ms: 0.348791
2026-10-04T15:26:23.6224667Z   type: 'test'
2026-10-04T15:26:23.6224963Z   ...
2026-10-04T15:26:23.6225520Z # Subtest: entry signs face their approach routes and every sign has an opaque blank reverse
2026-10-04T15:26:23.6226219Z ok 170 - entry signs face their approach routes and every sign has an opaque blank reverse
2026-10-04T15:26:23.6226638Z   ---
2026-10-04T15:26:23.6226907Z   duration_ms: 20.815122
2026-10-04T15:26:23.6227637Z   type: 'test'
2026-10-04T15:26:23.6228248Z   ...
2026-10-04T15:26:23.6228960Z # Subtest: every one of 48 addresses has distinct furnished programmes, open entrances, and a walkable elevator route
2026-10-04T15:26:23.6229963Z ok 171 - every one of 48 addresses has distinct furnished programmes, open entrances, and a walkable elevator route
2026-10-04T15:26:23.6230555Z   ---
2026-10-04T15:26:23.6230930Z   duration_ms: 787.840605
2026-10-04T15:26:23.6231250Z   type: 'test'
2026-10-04T15:26:23.6231543Z   ...
2026-10-04T15:26:23.6232145Z # Subtest: all natural floor plans keep furniture collision aligned with visible geometry and guard upper-floor edges
2026-10-04T15:26:23.6232936Z ok 172 - all natural floor plans keep furniture collision aligned with visible geometry and guard upper-floor edges
2026-10-04T15:26:23.6233518Z   ---
2026-10-04T15:26:23.6233800Z   duration_ms: 1621.630287
2026-10-04T15:26:23.6234087Z   type: 'test'
2026-10-04T15:26:23.6234420Z   ...
2026-10-04T15:26:23.6234995Z # Subtest: the tallest lift carries a boarded passenger continuously, closes its doors, and arrives clear of furniture
2026-10-04T15:26:23.6235845Z ok 173 - the tallest lift carries a boarded passenger continuously, closes its doors, and arrives clear of furniture
2026-10-04T15:26:23.6236377Z   ---
2026-10-04T15:26:23.6236655Z   duration_ms: 51.494637
2026-10-04T15:26:23.6236967Z   type: 'test'
2026-10-04T15:26:23.6237457Z   ...
2026-10-04T15:26:23.6238093Z # Subtest: elevator selection validates the passenger still occupies the physical cabin and forced leave clears a moving ride
2026-10-04T15:26:23.6238956Z ok 174 - elevator selection validates the passenger still occupies the physical cabin and forced leave clears a moving ride
2026-10-04T15:26:23.6239543Z   ---
2026-10-04T15:26:23.6239813Z   duration_ms: 14.639225
2026-10-04T15:26:23.6240114Z   type: 'test'
2026-10-04T15:26:23.6240417Z   ...
2026-10-04T15:26:23.6240975Z # Subtest: interiors use textured shared finishes but transparent local glazing, and refresh copied player snapshots
2026-10-04T15:26:23.6241808Z ok 175 - interiors use textured shared finishes but transparent local glazing, and refresh copied player snapshots
2026-10-04T15:26:23.6242373Z   ---
2026-10-04T15:26:23.6242652Z   duration_ms: 19.422918
2026-10-04T15:26:23.6242939Z   type: 'test'
2026-10-04T15:26:23.6243219Z   ...
2026-10-04T15:26:23.6243920Z # Subtest: entering and leaving rooms preserves the global point-light shader budget without changing outdoor daylight
2026-10-04T15:26:23.6244738Z ok 176 - entering and leaving rooms preserves the global point-light shader budget without changing outdoor daylight
2026-10-04T15:26:23.6245291Z   ---
2026-10-04T15:26:23.6245558Z   duration_ms: 19.247469
2026-10-04T15:26:23.6245838Z   type: 'test'
2026-10-04T15:26:23.6246188Z   ...
2026-10-04T15:26:23.6246720Z # Subtest: every natural stair flight carries ordinary walking up and down all occupied floors without teleporting
2026-10-04T15:26:23.6247677Z ok 177 - every natural stair flight carries ordinary walking up and down all occupied floors without teleporting
2026-10-04T15:26:23.6248183Z   ---
2026-10-04T15:26:23.6248468Z   duration_ms: 15930.861139
2026-10-04T15:26:23.6248803Z   type: 'test'
2026-10-04T15:26:23.6249085Z   ...
2026-10-04T15:26:23.6249618Z # Subtest: stair treads, nosings, landings and cutouts agree with continuous-world support geometry
2026-10-04T15:26:23.6250328Z ok 178 - stair treads, nosings, landings and cutouts agree with continuous-world support geometry
2026-10-04T15:26:23.6250923Z   ---
2026-10-04T15:26:23.6251216Z   duration_ms: 4138.398681
2026-10-04T15:26:23.6251482Z   type: 'test'
2026-10-04T15:26:23.6251807Z   ...
2026-10-04T15:26:23.6252297Z # Subtest: the upper stair opening guards its wrong end without a four-metre ground-height snap
2026-10-04T15:26:23.6252987Z ok 179 - the upper stair opening guards its wrong end without a four-metre ground-height snap
2026-10-04T15:26:23.6253478Z   ---
2026-10-04T15:26:23.6253746Z   duration_ms: 16.562524
2026-10-04T15:26:23.6254049Z   type: 'test'
2026-10-04T15:26:23.6254293Z   ...
2026-10-04T15:26:23.6254958Z # Subtest: hidden enclosed floors keep their collision and furnishings resident while the stair opening reveals adjacent floors
2026-10-04T15:26:23.6255775Z ok 180 - hidden enclosed floors keep their collision and furnishings resident while the stair opening reveals adjacent floors
2026-10-04T15:26:23.6256358Z   ---
2026-10-04T15:26:23.6256717Z   duration_ms: 4.678238
2026-10-04T15:26:23.6257008Z   type: 'test'
2026-10-04T15:26:23.6257488Z   ...
2026-10-04T15:26:23.6258008Z # Subtest: painted corridor ceilings sit below the stone slab above instead of exposing its underside
2026-10-04T15:26:23.6258732Z ok 181 - painted corridor ceilings sit below the stone slab above instead of exposing its underside
2026-10-04T15:26:23.6259202Z   ---
2026-10-04T15:26:23.6259503Z   duration_ms: 36.534079
2026-10-04T15:26:23.6259798Z   type: 'test'
2026-10-04T15:26:23.6260069Z   ...
2026-10-04T15:26:23.6260679Z # Subtest: occupied finishes retain matte microtexture and modest indirect light with the same two-point-light budget
2026-10-04T15:26:23.6261459Z ok 182 - occupied finishes retain matte microtexture and modest indirect light with the same two-point-light budget
2026-10-04T15:26:23.6261973Z   ---
2026-10-04T15:26:23.6262283Z   duration_ms: 19.303901
2026-10-04T15:26:23.6262572Z   type: 'test'
2026-10-04T15:26:23.6262870Z   ...
2026-10-04T15:26:23.6263401Z # Subtest: all 48 closed pedestrian routes remain on pavements and outside every building envelope
2026-10-04T15:26:23.6264118Z ok 183 - all 48 closed pedestrian routes remain on pavements and outside every building envelope
2026-10-04T15:26:23.6264561Z   ---
2026-10-04T15:26:23.6264833Z   duration_ms: 108.417047
2026-10-04T15:26:23.6265140Z   type: 'test'
2026-10-04T15:26:23.6265428Z   ...
2026-10-04T15:26:23.6265991Z # Subtest: population has continuous persistent identities, social groups and eight original wardrobes
2026-10-04T15:26:23.6266679Z ok 184 - population has continuous persistent identities, social groups and eight original wardrobes
2026-10-04T15:26:23.6267289Z   ---
2026-10-04T15:26:23.6267622Z   duration_ms: 411.722839
2026-10-04T15:26:23.6267939Z   type: 'test'
2026-10-04T15:26:23.6268239Z   ...
2026-10-04T15:26:23.6268745Z # Subtest: distance streaming enforces entity budgets and unloads the entire crowd beyond the city
2026-10-04T15:26:23.6269560Z ok 185 - distance streaming enforces entity budgets and unloads the entire crowd beyond the city
2026-10-04T15:26:23.6270032Z   ---
2026-10-04T15:26:23.6270342Z   duration_ms: 167.833958
2026-10-04T15:26:23.6270641Z   type: 'test'
2026-10-04T15:26:23.6270915Z   ...
2026-10-04T15:26:23.6271528Z # Subtest: pause freezes resident positions and animation time, and nearby conversations return actual local directions
2026-10-04T15:26:23.6272392Z ok 186 - pause freezes resident positions and animation time, and nearby conversations return actual local directions
2026-10-04T15:26:23.6272948Z   ---
2026-10-04T15:26:23.6273256Z   duration_ms: 11.870581
2026-10-04T15:26:23.6273533Z   type: 'test'
2026-10-04T15:26:23.6273809Z   ...
2026-10-04T15:26:23.6274336Z # Subtest: pedestrians wait for a stopped vehicle on their route without tunnelling into its body
2026-10-04T15:26:23.6275054Z ok 187 - pedestrians wait for a stopped vehicle on their route without tunnelling into its body
2026-10-04T15:26:23.6275498Z   ---
2026-10-04T15:26:23.6275793Z   duration_ms: 37.400227
2026-10-04T15:26:23.6276128Z   type: 'test'
2026-10-04T15:26:23.6276397Z   ...
2026-10-04T15:26:23.6276911Z # Subtest: wardrobe variants share cached geometry while retaining compatible animated knees and elbows
2026-10-04T15:26:23.6277868Z ok 188 - wardrobe variants share cached geometry while retaining compatible animated knees and elbows
2026-10-04T15:26:23.6278331Z   ---
2026-10-04T15:26:23.6278638Z   duration_ms: 7.958642
2026-10-04T15:26:23.6278956Z   type: 'test'
2026-10-04T15:26:23.6279255Z   ...
2026-10-04T15:26:23.6279798Z # Subtest: local collision queries match a full-population reference after movement and reuse stable body records
2026-10-04T15:26:23.6280646Z ok 189 - local collision queries match a full-population reference after movement and reuse stable body records
2026-10-04T15:26:23.6281144Z   ---
2026-10-04T15:26:23.6281379Z   duration_ms: 67.046118
2026-10-04T15:26:23.6281730Z   type: 'test'
2026-10-04T15:26:23.6282002Z   ...
2026-10-04T15:26:23.6282640Z # Subtest: all citizens have stable distinct names, district occupations and four changing daily purposes
2026-10-04T15:26:23.6283446Z ok 190 - all citizens have stable distinct names, district occupations and four changing daily purposes
2026-10-04T15:26:23.6283905Z   ---
2026-10-04T15:26:23.6284186Z   duration_ms: 10.667249
2026-10-04T15:26:23.6284493Z   type: 'test'
2026-10-04T15:26:23.6284786Z   ...
2026-10-04T15:26:23.6285332Z # Subtest: street activities are finite, social residents resume walking, and hour changes never teleport people
2026-10-04T15:26:23.6286170Z ok 191 - street activities are finite, social residents resume walking, and hour changes never teleport people
2026-10-04T15:26:23.6286667Z   ---
2026-10-04T15:26:23.6286922Z   duration_ms: 349.607714
2026-10-04T15:26:23.6287456Z   type: 'test'
2026-10-04T15:26:23.6287783Z   ...
2026-10-04T15:26:23.6288455Z # Subtest: repeated conversations expose identity, current purpose and actual local floors instead of one repeated tip
2026-10-04T15:26:23.6289315Z ok 192 - repeated conversations expose identity, current purpose and actual local floors instead of one repeated tip
2026-10-04T15:26:23.6289858Z   ---
2026-10-04T15:26:23.6290113Z   duration_ms: 3.329928
2026-10-04T15:26:23.6290418Z   type: 'test'
2026-10-04T15:26:23.6290718Z   ...
2026-10-04T15:26:23.6291235Z # Subtest: occupational props retain hand attachment, cache geometry, and fit varied anatomical bodies
2026-10-04T15:26:23.6292019Z ok 193 - occupational props retain hand attachment, cache geometry, and fit varied anatomical bodies
2026-10-04T15:26:23.6292504Z   ---
2026-10-04T15:26:23.6292741Z   duration_ms: 1.823104
2026-10-04T15:26:23.6293092Z   type: 'test'
2026-10-04T15:26:23.6293382Z   ...
2026-10-04T15:26:23.6293973Z # Subtest: real bus-bay residents stay outside the avenue and parked vehicles without adding population or fake boarding
2026-10-04T15:26:23.6294801Z ok 194 - real bus-bay residents stay outside the avenue and parked vehicles without adding population or fake boarding
2026-10-04T15:26:23.6295418Z   ---
2026-10-04T15:26:23.6295702Z   duration_ms: 72.845602
2026-10-04T15:26:23.6296030Z   type: 'test'
2026-10-04T15:26:23.6296322Z   ...
2026-10-04T15:26:23.6296770Z # Subtest: all natural floors name distinct functional areas without substituting furniture for rooms
2026-10-04T15:26:23.6298139Z ok 195 - all natural floors name distinct functional areas without substituting furniture for rooms
2026-10-04T15:26:23.6298618Z   ---
2026-10-04T15:26:23.6298880Z   duration_ms: 7.858165
2026-10-04T15:26:23.6299196Z   type: 'test'
2026-10-04T15:26:23.6299466Z   ...
2026-10-04T15:26:23.6299970Z # Subtest: every natural-floor room threshold remain reachable through the central aisle and real door openings
2026-10-04T15:26:23.6300680Z ok 196 - every natural-floor room threshold remain reachable through the central aisle and real door openings
2026-10-04T15:26:23.6301189Z   ---
2026-10-04T15:26:23.6301447Z   duration_ms: 6133.144531
2026-10-04T15:26:23.6301713Z   type: 'test'
2026-10-04T15:26:23.6302008Z   ...
2026-10-04T15:26:23.6302527Z # Subtest: distinct programmes contain their recognizable specialist equipment and real domestic subdivisions
2026-10-04T15:26:23.6303239Z ok 197 - distinct programmes contain their recognizable specialist equipment and real domestic subdivisions
2026-10-04T15:26:23.6303716Z   ---
2026-10-04T15:26:23.6303939Z   duration_ms: 599.213074
2026-10-04T15:26:23.6304238Z   type: 'test'
2026-10-04T15:26:23.6304510Z   ...
2026-10-04T15:26:23.6305046Z # Subtest: soft furniture batches share geometry and materials while snapshot exposes navigable room metadata
2026-10-04T15:26:23.6305722Z ok 198 - soft furniture batches share geometry and materials while snapshot exposes navigable room metadata
2026-10-04T15:26:23.6306174Z   ---
2026-10-04T15:26:23.6306433Z   duration_ms: 82.115353
2026-10-04T15:26:23.6306731Z   type: 'test'
2026-10-04T15:26:23.6307021Z   ...
2026-10-04T15:26:23.6307580Z # Subtest: domestic room dimensions reflect furnished homes rather than unused public halls
2026-10-04T15:26:23.6308288Z ok 199 - domestic room dimensions reflect furnished homes rather than unused public halls
2026-10-04T15:26:23.6308770Z   ---
2026-10-04T15:26:23.6308994Z   duration_ms: 7.431665
2026-10-04T15:26:23.6309277Z   type: 'test'
2026-10-04T15:26:23.6309542Z   ...
2026-10-04T15:26:23.6310021Z # Subtest: eight hospital rooms have clean bounded interiors and medical furniture within real walls
2026-10-04T15:26:23.6310856Z ok 200 - eight hospital rooms have clean bounded interiors and medical furniture within real walls
2026-10-04T15:26:23.6311304Z   ---
2026-10-04T15:26:23.6311543Z   duration_ms: 2.423493
2026-10-04T15:26:23.6311801Z   type: 'test'
2026-10-04T15:26:23.6312182Z   ...
2026-10-04T15:26:23.6312673Z # Subtest: hospital visitors can reach counters, seats, beds, handwashing and rehabilitation equipment and return
2026-10-04T15:26:23.6313387Z ok 201 - hospital visitors can reach counters, seats, beds, handwashing and rehabilitation equipment and return
2026-10-04T15:26:23.6313919Z   ---
2026-10-04T15:26:23.6314164Z   duration_ms: 27.300731
2026-10-04T15:26:23.6314443Z   type: 'test'
2026-10-04T15:26:23.6314677Z   ...
2026-10-04T15:26:23.6315188Z # Subtest: all enclosed occupied rooms have human-scale enclosures and furnishings within their walls
2026-10-04T15:26:23.6315829Z ok 202 - all enclosed occupied rooms have human-scale enclosures and furnishings within their walls
2026-10-04T15:26:23.6316296Z   ---
2026-10-04T15:26:23.6316537Z   duration_ms: 902.919839
2026-10-04T15:26:23.6316798Z   type: 'test'
2026-10-04T15:26:23.6317045Z   ...
2026-10-04T15:26:23.6317729Z # Subtest: public arrival and corridor spaces contain legible orientation, seating and programme-specific displays
2026-10-04T15:26:23.6318490Z ok 203 - public arrival and corridor spaces contain legible orientation, seating and programme-specific displays
2026-10-04T15:26:23.6319217Z   ---
2026-10-04T15:26:23.6319471Z   duration_ms: 484.038054
2026-10-04T15:26:23.6319766Z   type: 'test'
2026-10-04T15:26:23.6320190Z   ...
2026-10-04T15:26:23.6320691Z # Subtest: metro: enter, wait, board, travel and disembark at the next station
2026-10-04T15:26:23.6321192Z ok 204 - metro: enter, wait, board, travel and disembark at the next station
2026-10-04T15:26:23.6321531Z   ---
2026-10-04T15:26:23.6321840Z   duration_ms: 45.293881
2026-10-04T15:26:23.6322098Z   type: 'test'
2026-10-04T15:26:23.6322336Z   ...
2026-10-04T15:26:23.6322759Z # Subtest: light-rail: enter, wait, board, travel and disembark at the next station
2026-10-04T15:26:23.6323337Z ok 205 - light-rail: enter, wait, board, travel and disembark at the next station
2026-10-04T15:26:23.6323744Z   ---
2026-10-04T15:26:23.6323988Z   duration_ms: 2.454142
2026-10-04T15:26:23.6324295Z   type: 'test'
2026-10-04T15:26:23.6324545Z   ...
2026-10-04T15:26:23.6324974Z # Subtest: high-speed: enter, wait, board, travel and disembark at the next station
2026-10-04T15:26:23.6325549Z ok 206 - high-speed: enter, wait, board, travel and disembark at the next station
2026-10-04T15:26:23.6325918Z   ---
2026-10-04T15:26:23.6326260Z   duration_ms: 6.060442
2026-10-04T15:26:23.6326528Z   type: 'test'
2026-10-04T15:26:23.6326795Z   ...
2026-10-04T15:26:23.6327327Z # Subtest: ferry: enter, wait, board, travel and disembark at the next station
2026-10-04T15:26:23.6327899Z ok 207 - ferry: enter, wait, board, travel and disembark at the next station
2026-10-04T15:26:23.6328261Z   ---
2026-10-04T15:26:23.6328498Z   duration_ms: 6.860284
2026-10-04T15:26:23.6328821Z   type: 'test'
2026-10-04T15:26:23.6329056Z   ...
2026-10-04T15:26:23.6329491Z # Subtest: all ten stations have an initial visible service and maximum waiting time under 25 seconds
2026-10-04T15:26:23.6330152Z ok 208 - all ten stations have an initial visible service and maximum waiting time under 25 seconds
2026-10-04T15:26:23.6330541Z   ---
2026-10-04T15:26:23.6330813Z   duration_ms: 20.970839
2026-10-04T15:26:23.6331102Z   type: 'test'
2026-10-04T15:26:23.6331393Z   ...
2026-10-04T15:26:23.6331926Z # Subtest: underground platforms preserve their own floor height and cannot activate from the street
2026-10-04T15:26:23.6332620Z ok 209 - underground platforms preserve their own floor height and cannot activate from the street
2026-10-04T15:26:23.6333040Z   ---
2026-10-04T15:26:23.6333269Z   duration_ms: 1.009932
2026-10-04T15:26:23.6333562Z   type: 'test'
2026-10-04T15:26:23.6333791Z   ...
2026-10-04T15:26:23.6334218Z # Subtest: leave and reset return a platform or moving passenger to a safe street entrance
2026-10-04T15:26:23.6334829Z ok 210 - leave and reset return a platform or moving passenger to a safe street entrance
2026-10-04T15:26:23.6335197Z   ---
2026-10-04T15:26:23.6335455Z   duration_ms: 2.251991
2026-10-04T15:26:23.6335754Z   type: 'test'
2026-10-04T15:26:23.6335998Z   ...
2026-10-04T15:26:23.6336400Z # Subtest: large or invalid frame increments preserve deterministic finite vehicle poses
2026-10-04T15:26:23.6336977Z ok 211 - large or invalid frame increments preserve deterministic finite vehicle poses
2026-10-04T15:26:23.6337673Z   ---
2026-10-04T15:26:23.6337939Z   duration_ms: 12.126714
2026-10-04T15:26:23.6338212Z   type: 'test'
2026-10-04T15:26:23.6338470Z   ...
2026-10-04T15:26:23.6338944Z # Subtest: boarding requires reaching the marked platform area and an open stationary vehicle
2026-10-04T15:26:23.6339746Z ok 212 - boarding requires reaching the marked platform area and an open stationary vehicle
2026-10-04T15:26:23.6340258Z   ---
2026-10-04T15:26:23.6340526Z   duration_ms: 0.973129
2026-10-04T15:26:23.6340778Z   type: 'test'
2026-10-04T15:26:23.6341051Z   ...
2026-10-04T15:26:23.6341533Z # Subtest: station architecture and fleet share instanced resources and cull remote underground vehicles
2026-10-04T15:26:23.6342179Z ok 213 - station architecture and fleet share instanced resources and cull remote underground vehicles
2026-10-04T15:26:23.6342646Z   ---
2026-10-04T15:26:23.6342884Z   duration_ms: 131.773871
2026-10-04T15:26:23.6343154Z   type: 'test'
2026-10-04T15:26:23.6343533Z   ...
2026-10-04T15:26:23.6344166Z # Subtest: underground and elevated station roofs clip a steep camera boom without altering walking collision
2026-10-04T15:26:23.6344869Z ok 214 - underground and elevated station roofs clip a steep camera boom without altering walking collision
2026-10-04T15:26:23.6345745Z   ---
2026-10-04T15:26:23.6346027Z   duration_ms: 4.80348
2026-10-04T15:26:23.6346637Z   type: 'test'
2026-10-04T15:26:23.6346917Z   ...
2026-10-04T15:26:23.6347808Z # Subtest: ferry entrance signage supports stay above an approaching pedestrian camera
2026-10-04T15:26:23.6348777Z ok 215 - ferry entrance signage supports stay above an approaching pedestrian camera
2026-10-04T15:26:23.6349575Z   ---
2026-10-04T15:26:23.6349821Z   duration_ms: 49.03711
2026-10-04T15:26:23.6350088Z   type: 'test'
2026-10-04T15:26:23.6350347Z   ...
2026-10-04T15:26:23.6350776Z # Subtest: every station returns the player to rendered street ground clear of all world obstacles
2026-10-04T15:26:23.6352253Z ok 216 - every station returns the player to rendered street ground clear of all world obstacles
2026-10-04T15:26:23.6352687Z   ---
2026-10-04T15:26:23.6353352Z   duration_ms: 675.140013
2026-10-04T15:26:23.6353610Z   type: 'test'
2026-10-04T15:26:23.6354244Z   ...
2026-10-04T15:26:23.6355130Z # Subtest: the ferry passenger stands on the forward deck clear of furniture with an unobstructed forward view
2026-10-04T15:26:23.6355868Z ok 217 - the ferry passenger stands on the forward deck clear of furniture with an unobstructed forward view
2026-10-04T15:26:23.6356358Z   ---
2026-10-04T15:26:23.6356658Z   duration_ms: 35.420975
2026-10-04T15:26:23.6356954Z   type: 'test'
2026-10-04T15:26:23.6357331Z   ...
2026-10-04T15:26:23.6357792Z # Subtest: ferry entrance sign planes retract the default chase boom on both landward exits
2026-10-04T15:26:23.6358419Z ok 218 - ferry entrance sign planes retract the default chase boom on both landward exits
2026-10-04T15:26:23.6358813Z   ---
2026-10-04T15:26:23.6359108Z   duration_ms: 41.44631
2026-10-04T15:26:23.6359416Z   type: 'test'
2026-10-04T15:26:23.6359652Z   ...
2026-10-04T15:26:23.6360289Z # Subtest: all three metro stations can be walked down and back up with the real player capsule and no teleport
2026-10-04T15:26:23.6360986Z ok 219 - all three metro stations can be walked down and back up with the real player capsule and no teleport
2026-10-04T15:26:23.6361434Z   ---
2026-10-04T15:26:23.6361693Z   duration_ms: 184.052598
2026-10-04T15:26:23.6361963Z   type: 'test'
2026-10-04T15:26:23.6362191Z   ...
2026-10-04T15:26:23.6362690Z # Subtest: metro upper streets, lower platforms and switchback stairs keep their independent heights
2026-10-04T15:26:23.6363332Z ok 220 - metro upper streets, lower platforms and switchback stairs keep their independent heights
2026-10-04T15:26:23.6363741Z   ---
2026-10-04T15:26:23.6364011Z   duration_ms: 0.305532
2026-10-04T15:26:23.6364280Z   type: 'test'
2026-10-04T15:26:23.6364530Z   ...
2026-10-04T15:26:23.6365015Z # Subtest: metro gate turns remain walkable in both directions throughout the bounded endpoint margin
2026-10-04T15:26:23.6365632Z ok 221 - metro gate turns remain walkable in both directions throughout the bounded endpoint margin
2026-10-04T15:26:23.6366062Z   ---
2026-10-04T15:26:23.6366345Z   duration_ms: 67.025157
2026-10-04T15:26:23.6366618Z   type: 'test'
2026-10-04T15:26:23.6366847Z   ...
2026-10-04T15:26:23.6367513Z # Subtest: rendered metro treads match the physical walking slope within one riser, with clear headroom
2026-10-04T15:26:23.6368170Z ok 222 - rendered metro treads match the physical walking slope within one riser, with clear headroom
2026-10-04T15:26:23.6368591Z   ---
2026-10-04T15:26:23.6368863Z   duration_ms: 362.243131
2026-10-04T15:26:23.6369120Z   type: 'test'
2026-10-04T15:26:23.6369368Z   ...
2026-10-04T15:26:23.6369850Z # Subtest: upper metro stairs see a solid retaining wall above the covered landing instead of the world underside
2026-10-04T15:26:23.6370565Z ok 223 - upper metro stairs see a solid retaining wall above the covered landing instead of the world underside
2026-10-04T15:26:23.6371094Z   ---
2026-10-04T15:26:23.6371365Z   duration_ms: 105.834114
2026-10-04T15:26:23.6371630Z   type: 'test'
2026-10-04T15:26:23.6371886Z   ...
2026-10-04T15:26:23.6372396Z # Subtest: every animated train-door batch has a stable conservative envelope for both open and closed poses
2026-10-04T15:26:23.6373224Z ok 224 - every animated train-door batch has a stable conservative envelope for both open and closed poses
2026-10-04T15:26:23.6373649Z   ---
2026-10-04T15:26:23.6373898Z   duration_ms: 21.18774
2026-10-04T15:26:23.6374196Z   type: 'test'
2026-10-04T15:26:23.6374430Z   ...
2026-10-04T15:26:23.6374894Z # Subtest: offscreen above-ground train doors cull for a metro viewer while doors inside the view remain
2026-10-04T15:26:23.6375553Z ok 225 - offscreen above-ground train doors cull for a metro viewer while doors inside the view remain
2026-10-04T15:26:23.6376003Z   ---
2026-10-04T15:26:23.6376232Z   duration_ms: 15.470316
2026-10-04T15:26:23.6376535Z   type: 'test'
2026-10-04T15:26:23.6376765Z   ...
2026-10-04T15:26:23.6377430Z # Subtest: 48 permanent addresses have unique identity, continuous natural storeys, and distinct programmes
2026-10-04T15:26:23.6378183Z ok 226 - 48 permanent addresses have unique identity, continuous natural storeys, and distinct programmes
2026-10-04T15:26:23.6378692Z   ---
2026-10-04T15:26:23.6378938Z   duration_ms: 2.802619
2026-10-04T15:26:23.6379212Z   type: 'test'
2026-10-04T15:26:23.6379490Z   ...
2026-10-04T15:26:23.6379878Z # Subtest: every south entrance has a physical street approach and a door opening
2026-10-04T15:26:23.6380445Z ok 227 - every south entrance has a physical street approach and a door opening
2026-10-04T15:26:23.6380803Z   ---
2026-10-04T15:26:23.6381021Z   duration_ms: 8.179636
2026-10-04T15:26:23.6381357Z   type: 'test'
2026-10-04T15:26:23.6381590Z   ...
2026-10-04T15:26:23.6382011Z # Subtest: permanent road lanes remain free of building collision with unloaded districts
2026-10-04T15:26:23.6382687Z ok 228 - permanent road lanes remain free of building collision with unloaded districts
2026-10-04T15:26:23.6383097Z   ---
2026-10-04T15:26:23.6383347Z   duration_ms: 13.719796
2026-10-04T15:26:23.6383618Z   type: 'test'
2026-10-04T15:26:23.6383875Z   ...
2026-10-04T15:26:23.6384257Z # Subtest: bridge deck joins both shores continuously, with no abrupt end slope
2026-10-04T15:26:23.6384833Z ok 229 - bridge deck joins both shores continuously, with no abrupt end slope
2026-10-04T15:26:23.6385189Z   ---
2026-10-04T15:26:23.6385467Z   duration_ms: 0.351087
2026-10-04T15:26:23.6385752Z   type: 'test'
2026-10-04T15:26:23.6386040Z   ...
2026-10-04T15:26:23.6386445Z # Subtest: north ferry, metro, light rail and high-speed station approaches stay open
2026-10-04T15:26:23.6387037Z ok 230 - north ferry, metro, light rail and high-speed station approaches stay open
2026-10-04T15:26:23.6387668Z   ---
2026-10-04T15:26:23.6387919Z   duration_ms: 0.296669
2026-10-04T15:26:23.6388195Z   type: 'test'
2026-10-04T15:26:23.6388478Z   ...
2026-10-04T15:26:23.6388899Z # Subtest: export contains twelve real validated chunks with independent detailed geometry
2026-10-04T15:26:23.6389473Z ok 231 - export contains twelve real validated chunks with independent detailed geometry
2026-10-04T15:26:23.6389918Z   ---
2026-10-04T15:26:23.6390135Z   duration_ms: 25.966678
2026-10-04T15:26:23.6390423Z   type: 'test'
2026-10-04T15:26:23.6390685Z   ...
2026-10-04T15:26:23.6391070Z # Subtest: entering one address hides just its shell and exiting restores it
2026-10-04T15:26:23.6391584Z ok 232 - entering one address hides just its shell and exiting restores it
2026-10-04T15:26:23.6391979Z   ---
2026-10-04T15:26:23.6392221Z   duration_ms: 42.044325
2026-10-04T15:26:23.6392476Z   type: 'test'
2026-10-04T15:26:23.6392753Z   ...
2026-10-04T15:26:23.6393169Z # Subtest: runtime fetches nearby JSON and actually disposes detail after moving away
2026-10-04T15:26:23.6393715Z ok 233 - runtime fetches nearby JSON and actually disposes detail after moving away
2026-10-04T15:26:23.6394202Z   ---
2026-10-04T15:26:23.6394424Z   duration_ms: 56.880982
2026-10-04T15:26:23.6394724Z   type: 'test'
2026-10-04T15:26:23.6394961Z   ...
2026-10-04T15:26:23.6395398Z # Subtest: streaming startup retains no authored detail transforms before any fetch
2026-10-04T15:26:23.6395932Z ok 234 - streaming startup retains no authored detail transforms before any fetch
2026-10-04T15:26:23.6396277Z   ---
2026-10-04T15:26:23.6396589Z   duration_ms: 12.038136
2026-10-04T15:26:23.6396843Z   type: 'test'
2026-10-04T15:26:23.6397087Z   ...
2026-10-04T15:26:23.6397762Z # Subtest: paving keeps every doorway covered while an occupied lobby has exactly one visible y=0 floor
2026-10-04T15:26:23.6398411Z ok 235 - paving keeps every doorway covered while an occupied lobby has exactly one visible y=0 floor
2026-10-04T15:26:23.6398866Z   ---
2026-10-04T15:26:23.6399117Z   duration_ms: 960.649925
2026-10-04T15:26:23.6399410Z   type: 'test'
2026-10-04T15:26:23.6399645Z   ...
2026-10-04T15:26:23.6400201Z # Subtest: distance LOD preserves the hero car and reduces distant geometry without changing its collision envelope
2026-10-04T15:26:23.6400910Z ok 236 - distance LOD preserves the hero car and reduces distant geometry without changing its collision envelope
2026-10-04T15:26:23.6401333Z   ---
2026-10-04T15:26:23.6401622Z   duration_ms: 249.38352
2026-10-04T15:26:23.6401884Z   type: 'test'
2026-10-04T15:26:23.6402151Z   ...
2026-10-04T15:26:23.6402648Z # Subtest: distant pedestrians retain animated joints and original human dimensions
2026-10-04T15:26:23.6403214Z ok 237 - distant pedestrians retain animated joints and original human dimensions
2026-10-04T15:26:23.6403598Z   ---
2026-10-04T15:26:23.6403898Z   duration_ms: 72.562759
2026-10-04T15:26:23.6404204Z   type: 'test'
2026-10-04T15:26:23.6404437Z   ...
2026-10-04T15:26:23.6404907Z # Subtest: removing a car disposes owned paint and lights while preserving shared LOD geometry
2026-10-04T15:26:23.6405500Z ok 238 - removing a car disposes owned paint and lights while preserving shared LOD geometry
2026-10-04T15:26:23.6405976Z   ---
2026-10-04T15:26:23.6406266Z   duration_ms: 89.073433
2026-10-04T15:26:23.6406522Z   type: 'test'
2026-10-04T15:26:23.6406770Z   ...
2026-10-04T15:26:23.6407396Z # Subtest: real room service joins two clients, streams movement/chat, isolates rooms and rejects invalid packets
2026-10-04T15:26:23.6408158Z ok 239 - real room service joins two clients, streams movement/chat, isolates rooms and rejects invalid packets
2026-10-04T15:26:23.6408603Z   ---
2026-10-04T15:26:23.6408837Z   duration_ms: 453.127647
2026-10-04T15:26:23.6409138Z   type: 'test'
2026-10-04T15:26:23.6409387Z   ...
2026-10-04T15:26:23.6409736Z # Subtest: vehicle claims are exclusive and leaving releases ownership
2026-10-04T15:26:23.6410255Z ok 240 - vehicle claims are exclusive and leaving releases ownership
2026-10-04T15:26:23.6410576Z   ---
2026-10-04T15:26:23.6410830Z   duration_ms: 18.828593
2026-10-04T15:26:23.6411137Z   type: 'test'
2026-10-04T15:26:23.6411382Z   ...
2026-10-04T15:26:23.6411867Z # Subtest: room capacity is enforced and peer interpolation follows shortest angles without interpolating travel
2026-10-04T15:26:23.6412608Z ok 241 - room capacity is enforced and peer interpolation follows shortest angles without interpolating travel
2026-10-04T15:26:23.6413054Z   ---
2026-10-04T15:26:23.6413301Z   duration_ms: 18.704039
2026-10-04T15:26:23.6413601Z   type: 'test'
2026-10-04T15:26:23.6413836Z   ...
2026-10-04T15:26:23.6414263Z # Subtest: traffic follows the same street route while the player uses an indoor collision context
2026-10-04T15:26:23.6414926Z ok 242 - traffic follows the same street route while the player uses an indoor collision context
2026-10-04T15:26:23.6415323Z   ---
2026-10-04T15:26:23.6415582Z   duration_ms: 1973.327271
2026-10-04T15:26:23.6415873Z   type: 'test'
2026-10-04T15:26:23.6416111Z   ...
2026-10-04T15:26:23.6416533Z # Subtest: background traffic restores indoor data after an invalid road update throws
2026-10-04T15:26:23.6417223Z ok 243 - background traffic restores indoor data after an invalid road update throws
2026-10-04T15:26:23.6417748Z   ---
2026-10-04T15:26:23.6418003Z   duration_ms: 1.448904
2026-10-04T15:26:23.6418348Z   type: 'test'
2026-10-04T15:26:23.6418605Z   ...
2026-10-04T15:26:23.6419033Z # Subtest: precision input crosses a 1.6 metre doorway at four rendered frames per second
2026-10-04T15:26:23.6419630Z ok 244 - precision input crosses a 1.6 metre doorway at four rendered frames per second
2026-10-04T15:26:23.6420069Z   ---
2026-10-04T15:26:23.6420381Z   duration_ms: 16.954292
2026-10-04T15:26:23.6420662Z   type: 'test'
2026-10-04T15:26:23.6420964Z   ...
2026-10-04T15:26:23.6421437Z # Subtest: normal and sprint speeds stay intact; precision overrides sprint without draining stamina
2026-10-04T15:26:23.6422070Z ok 245 - normal and sprint speeds stay intact; precision overrides sprint without draining stamina
2026-10-04T15:26:23.6422578Z   ---
2026-10-04T15:26:23.6422832Z   duration_ms: 5.198075
2026-10-04T15:26:23.6423135Z   type: 'test'
2026-10-04T15:26:23.6423431Z   ...
2026-10-04T15:26:23.6423889Z # Subtest: double-decker hull blocks feet above sedan height and preserves its actual span
2026-10-04T15:26:23.6424512Z ok 246 - double-decker hull blocks feet above sedan height and preserves its actual span
2026-10-04T15:26:23.6424938Z   ---
2026-10-04T15:26:23.6425233Z   duration_ms: 1.067629
2026-10-04T15:26:23.6425513Z   type: 'test'
2026-10-04T15:26:23.6425899Z   ...
2026-10-04T15:26:23.6426340Z # Subtest: fresh saves have bounded values; corrupt and incompatible saves recover safely
2026-10-04T15:26:23.6426915Z ok 247 - fresh saves have bounded values; corrupt and incompatible saves recover safely
2026-10-04T15:26:23.6427611Z   ---
2026-10-04T15:26:23.6427865Z   duration_ms: 1.365487
2026-10-04T15:26:23.6428206Z   type: 'test'
2026-10-04T15:26:23.6428477Z   ...
2026-10-04T15:26:23.6428850Z # Subtest: walking respects camera orientation, bounds and solid buildings
2026-10-04T15:26:23.6429357Z ok 248 - walking respects camera orientation, bounds and solid buildings
2026-10-04T15:26:23.6429828Z   ---
2026-10-04T15:26:23.6430095Z   duration_ms: 33.748181
2026-10-04T15:26:23.6430358Z   type: 'test'
2026-10-04T15:26:23.6430600Z   ...
2026-10-04T15:26:23.6431269Z # Subtest: diagonal movement is normalized and sprint consumes stamina
2026-10-04T15:26:23.6431767Z ok 249 - diagonal movement is normalized and sprint consumes stamina
2026-10-04T15:26:23.6432137Z   ---
2026-10-04T15:26:23.6432737Z   duration_ms: 24.768422
2026-10-04T15:26:23.6433021Z   type: 'test'
2026-10-04T15:26:23.6433272Z   ...
2026-10-04T15:26:23.6434041Z # Subtest: strafe-right follows the rendered camera right vector in both directions
2026-10-04T15:26:23.6434611Z ok 250 - strafe-right follows the rendered camera right vector in both directions
2026-10-04T15:26:23.6434983Z   ---
2026-10-04T15:26:23.6435262Z   duration_ms: 5.348371
2026-10-04T15:26:23.6435532Z   type: 'test'
2026-10-04T15:26:23.6435813Z   ...
2026-10-04T15:26:23.6436245Z # Subtest: jump lands, and holding jump does not repeatedly bounce
2026-10-04T15:26:23.6436691Z ok 251 - jump lands, and holding jump does not repeatedly bounce
2026-10-04T15:26:23.6437046Z   ---
2026-10-04T15:26:23.6437516Z   duration_ms: 7.405172
2026-10-04T15:26:23.6437799Z   type: 'test'
2026-10-04T15:26:23.6438041Z   ...
2026-10-04T15:26:23.6438453Z # Subtest: entering requires proximity; exiting needs low speed and an unobstructed location
2026-10-04T15:26:23.6439140Z ok 252 - entering requires proximity; exiting needs low speed and an unobstructed location
2026-10-04T15:26:23.6439541Z   ---
2026-10-04T15:26:23.6439787Z   duration_ms: 2.055086
2026-10-04T15:26:23.6440082Z   type: 'test'
2026-10-04T15:26:23.6440326Z   ...
2026-10-04T15:26:23.6440682Z # Subtest: fast vehicles cannot tunnel through a thin wall
2026-10-04T15:26:23.6441121Z ok 253 - fast vehicles cannot tunnel through a thin wall
2026-10-04T15:26:23.6441457Z   ---
2026-10-04T15:26:23.6441688Z   duration_ms: 15.792294
2026-10-04T15:26:23.6442004Z   type: 'test'
2026-10-04T15:26:23.6442339Z   ...
2026-10-04T15:26:23.6442693Z # Subtest: braking reduces speed, reversing and steering remain bounded
2026-10-04T15:26:23.6443239Z ok 254 - braking reduces speed, reversing and steering remain bounded
2026-10-04T15:26:23.6443585Z   ---
2026-10-04T15:26:23.6443858Z   duration_ms: 34.42929
2026-10-04T15:26:23.6444144Z   type: 'test'
2026-10-04T15:26:23.6444382Z   ...
2026-10-04T15:26:23.6444745Z # Subtest: courier checkpoints require a vehicle and correct order
2026-10-04T15:26:23.6445197Z ok 255 - courier checkpoints require a vehicle and correct order
2026-10-04T15:26:23.6561304Z   ---
2026-10-04T15:26:23.6561537Z   duration_ms: 2.017873
2026-10-04T15:26:23.6561739Z   type: 'test'
2026-10-04T15:26:23.6561904Z   ...
2026-10-04T15:26:23.6562243Z # Subtest: first clear pays exactly once, including after save/reload and replay
2026-10-04T15:26:23.6562694Z ok 256 - first clear pays exactly once, including after save/reload and replay
2026-10-04T15:26:23.6562982Z   ---
2026-10-04T15:26:23.6563160Z   duration_ms: 3.396134
2026-10-04T15:26:23.6563409Z   type: 'test'
2026-10-04T15:26:23.6563575Z   ...
2026-10-04T15:26:23.6563885Z # Subtest: expired missions fail without rewards and cancellation permits retry
2026-10-04T15:26:23.6564328Z ok 257 - expired missions fail without rewards and cancellation permits retry
2026-10-04T15:26:23.6564614Z   ---
2026-10-04T15:26:23.6564766Z   duration_ms: 3.484236
2026-10-04T15:26:23.6564936Z   type: 'test'
2026-10-04T15:26:23.6565089Z   ...
2026-10-04T15:26:23.6565399Z # Subtest: escape mission waits for wanted to clear before permitting the finish
2026-10-04T15:26:23.6565837Z ok 258 - escape mission waits for wanted to clear before permitting the finish
2026-10-04T15:26:23.6566107Z   ---
2026-10-04T15:26:23.6566270Z   duration_ms: 159.696743
2026-10-04T15:26:23.6566451Z   type: 'test'
2026-10-04T15:26:23.6566606Z   ...
2026-10-04T15:26:23.6566965Z # Subtest: shots consume ammunition, hit cars only along clear sightlines, and trigger pursuit
2026-10-04T15:26:23.6568451Z ok 259 - shots consume ammunition, hit cars only along clear sightlines, and trigger pursuit
2026-10-04T15:26:23.6568793Z   ---
2026-10-04T15:26:23.6568960Z   duration_ms: 9.759563
2026-10-04T15:26:23.6569140Z   type: 'test'
2026-10-04T15:26:23.6569295Z   ...
2026-10-04T15:26:23.6569566Z # Subtest: empty magazine reloads without negative ammunition
2026-10-04T15:26:23.6569918Z ok 260 - empty magazine reloads without negative ammunition
2026-10-04T15:26:23.6570154Z   ---
2026-10-04T15:26:23.6570307Z   duration_ms: 57.568252
2026-10-04T15:26:23.6570496Z   type: 'test'
2026-10-04T15:26:23.6570659Z   ...
2026-10-04T15:26:23.6570963Z # Subtest: wanted decays outside patrol sight and stays active inside sight
2026-10-04T15:26:23.6571420Z ok 261 - wanted decays outside patrol sight and stays active inside sight
2026-10-04T15:26:23.6571696Z   ---
2026-10-04T15:26:23.6571860Z   duration_ms: 362.349309
2026-10-04T15:26:23.6572047Z   type: 'test'
2026-10-04T15:26:23.6572209Z   ...
2026-10-04T15:26:23.6572494Z # Subtest: police movement remains on roads and cannot cross buildings
2026-10-04T15:26:23.6572938Z ok 262 - police movement remains on roads and cannot cross buildings
2026-10-04T15:26:23.6573207Z   ---
2026-10-04T15:26:23.6573371Z   duration_ms: 234.953148
2026-10-04T15:26:23.6573560Z   type: 'test'
2026-10-04T15:26:23.6573729Z   ...
2026-10-04T15:26:23.6574022Z # Subtest: traffic moves on its route and a vehicle collision raises wanted
2026-10-04T15:26:23.6574436Z ok 263 - traffic moves on its route and a vehicle collision raises wanted
2026-10-04T15:26:23.6574720Z   ---
2026-10-04T15:26:23.6574872Z   duration_ms: 17.97949
2026-10-04T15:26:23.6575041Z   type: 'test'
2026-10-04T15:26:23.6575196Z   ...
2026-10-04T15:26:23.6575487Z # Subtest: recovery clears transient state and charges only available funds
2026-10-04T15:26:23.6575894Z ok 264 - recovery clears transient state and charges only available funds
2026-10-04T15:26:23.6576154Z   ---
2026-10-04T15:26:23.6576313Z   duration_ms: 1.886832
2026-10-04T15:26:23.6576561Z   type: 'test'
2026-10-04T15:26:23.6576714Z   ...
2026-10-04T15:26:23.6577021Z # Subtest: repair charges only when needed and disallows repairs during pursuit
2026-10-04T15:26:23.6577585Z ok 265 - repair charges only when needed and disallows repairs during pursuit
2026-10-04T15:26:23.6577900Z   ---
2026-10-04T15:26:23.6578069Z   duration_ms: 2.791312
2026-10-04T15:26:23.6578290Z   type: 'test'
2026-10-04T15:26:23.6578506Z   ...
2026-10-04T15:26:23.6578809Z # Subtest: repair never charges a healthy pedestrian with no nearby vehicle
2026-10-04T15:26:23.6579223Z ok 266 - repair never charges a healthy pedestrian with no nearby vehicle
2026-10-04T15:26:23.6579494Z   ---
2026-10-04T15:26:23.6579640Z   duration_ms: 0.751241
2026-10-04T15:26:23.6579815Z   type: 'test'
2026-10-04T15:26:23.6579963Z   ...
2026-10-04T15:26:23.6580272Z # Subtest: reset restores a fresh game and discarded runtime state is absent from saves
2026-10-04T15:26:23.6580747Z ok 267 - reset restores a fresh game and discarded runtime state is absent from saves
2026-10-04T15:26:23.6581038Z   ---
2026-10-04T15:26:23.6581195Z   duration_ms: 1.821155
2026-10-04T15:26:23.6581361Z   type: 'test'
2026-10-04T15:26:23.6581515Z   ...
2026-10-04T15:26:23.6581890Z # Subtest: vehicle bumpers remain solid during a damage cooldown without oscillating while throttle is held
2026-10-04T15:26:23.6582457Z ok 268 - vehicle bumpers remain solid during a damage cooldown without oscillating while throttle is held
2026-10-04T15:26:23.6582794Z   ---
2026-10-04T15:26:23.6582952Z   duration_ms: 134.331014
2026-10-04T15:26:23.6583135Z   type: 'test'
2026-10-04T15:26:23.6583290Z   ...
2026-10-04T15:26:23.6583508Z # Subtest: parked cars block a walking character with their full bumper footprint
2026-10-04T15:26:23.6583726Z ok 269 - parked cars block a walking character with their full bumper footprint
2026-10-04T15:26:23.6583794Z   ---
2026-10-04T15:26:23.6583866Z   duration_ms: 10.067644
2026-10-04T15:26:23.6583936Z   type: 'test'
2026-10-04T15:26:23.6584001Z   ...
2026-10-04T15:26:23.6584232Z # Subtest: walking ignores a destroyed invisible vehicle
2026-10-04T15:26:23.6584382Z ok 270 - walking ignores a destroyed invisible vehicle
2026-10-04T15:26:23.6584450Z   ---
2026-10-04T15:26:23.6584526Z   duration_ms: 4.747295
2026-10-04T15:26:23.6584591Z   type: 'test'
2026-10-04T15:26:23.6584652Z   ...
2026-10-04T15:26:23.6584843Z # Subtest: entering a nearby car cannot teleport through a thin wall
2026-10-04T15:26:23.6585022Z ok 271 - entering a nearby car cannot teleport through a thin wall
2026-10-04T15:26:23.6585091Z   ---
2026-10-04T15:26:23.6585169Z   duration_ms: 1.233554
2026-10-04T15:26:23.6585242Z   type: 'test'
2026-10-04T15:26:23.6585302Z   ...
2026-10-04T15:26:23.6585586Z # Subtest: an exit destination beyond a thin wall is rejected even if the destination itself is clear
2026-10-04T15:26:23.6585857Z ok 272 - an exit destination beyond a thin wall is rejected even if the destination itself is clear
2026-10-04T15:26:23.6585919Z   ---
2026-10-04T15:26:23.6585998Z   duration_ms: 1.663965
2026-10-04T15:26:23.6586071Z   type: 'test'
2026-10-04T15:26:23.6586131Z   ...
2026-10-04T15:26:23.6586423Z # Subtest: unsafe saved positions use a validated fallback, including when the default spawn is blocked
2026-10-04T15:26:23.6586698Z ok 273 - unsafe saved positions use a validated fallback, including when the default spawn is blocked
2026-10-04T15:26:23.6586764Z   ---
2026-10-04T15:26:23.6586837Z   duration_ms: 1.955237
2026-10-04T15:26:23.6586908Z   type: 'test'
2026-10-04T15:26:23.6586976Z   ...
2026-10-04T15:26:23.6587325Z # Subtest: oncoming NPC traffic stops at contact instead of passing through other traffic
2026-10-04T15:26:23.6587573Z ok 274 - oncoming NPC traffic stops at contact instead of passing through other traffic
2026-10-04T15:26:23.6587637Z   ---
2026-10-04T15:26:23.6587715Z   duration_ms: 69.160145
2026-10-04T15:26:23.6587779Z   type: 'test'
2026-10-04T15:26:23.6587845Z   ...
2026-10-04T15:26:23.6588074Z # Subtest: jumping beneath a canopy clamps upward motion without horizontal ejection
2026-10-04T15:26:23.6588355Z ok 275 - jumping beneath a canopy clamps upward motion without horizontal ejection
2026-10-04T15:26:23.6588429Z   ---
2026-10-04T15:26:23.6588505Z   duration_ms: 8.461152
2026-10-04T15:26:23.6588573Z   type: 'test'
2026-10-04T15:26:23.6588644Z   ...
2026-10-04T15:26:23.6588906Z # Subtest: a jump can land on a low solid, remain supported and jump again without being ejected
2026-10-04T15:26:23.6589155Z ok 276 - a jump can land on a low solid, remain supported and jump again without being ejected
2026-10-04T15:26:23.6589215Z   ---
2026-10-04T15:26:23.6589293Z   duration_ms: 11.871073
2026-10-04T15:26:23.6589364Z   type: 'test'
2026-10-04T15:26:23.6589425Z   ...
2026-10-04T15:26:23.6589710Z # Subtest: an entirely obstructed world fails explicitly instead of placing the player inside a wall
2026-10-04T15:26:23.6589973Z ok 277 - an entirely obstructed world fails explicitly instead of placing the player inside a wall
2026-10-04T15:26:23.6590039Z   ---
2026-10-04T15:26:23.6590110Z   duration_ms: 53.36828
2026-10-04T15:26:23.6590185Z   type: 'test'
2026-10-04T15:26:23.6590254Z   ...
2026-10-04T15:26:23.6590491Z # Subtest: boarding respects the road level when a vehicle is directly below the player
2026-10-04T15:26:23.6590727Z ok 278 - boarding respects the road level when a vehicle is directly below the player
2026-10-04T15:26:23.6590799Z   ---
2026-10-04T15:26:23.6590872Z   duration_ms: 0.729089
2026-10-04T15:26:23.6590943Z   type: 'test'
2026-10-04T15:26:23.6591006Z   ...
2026-10-04T15:26:23.6591253Z # Subtest: exiting an elevated vehicle sweeps the door at deck height and stays on the deck
2026-10-04T15:26:23.6591487Z ok 279 - exiting an elevated vehicle sweeps the door at deck height and stays on the deck
2026-10-04T15:26:23.6591551Z   ---
2026-10-04T15:26:23.6591623Z   duration_ms: 3.868061
2026-10-04T15:26:23.6591687Z   type: 'test'
2026-10-04T15:26:23.6591755Z   ...
2026-10-04T15:26:23.6591978Z # Subtest: a driver cannot exit onto a different road level beyond the bridge edge
2026-10-04T15:26:23.6592241Z ok 280 - a driver cannot exit onto a different road level beyond the bridge edge
2026-10-04T15:26:23.6592307Z   ---
2026-10-04T15:26:23.6592386Z   duration_ms: 1.898446
2026-10-04T15:26:23.6592462Z   type: 'test'
2026-10-04T15:26:23.6592524Z   ...
2026-10-04T15:26:23.6592790Z # Subtest: stair opening removes the terrain itself and retains adjacent sloped surface and UVs
2026-10-04T15:26:23.6593038Z ok 281 - stair opening removes the terrain itself and retains adjacent sloped surface and UVs
2026-10-04T15:26:23.6593097Z   ---
2026-10-04T15:26:23.6593168Z   duration_ms: 4.618323
2026-10-04T15:26:23.6593238Z   type: 'test'
2026-10-04T15:26:23.6593299Z   ...
2026-10-04T15:26:23.6593581Z # Subtest: all three real world metro stair apertures are open to the sky while adjacent pavement remains
2026-10-04T15:26:23.6593856Z ok 282 - all three real world metro stair apertures are open to the sky while adjacent pavement remains
2026-10-04T15:26:23.6593920Z   ---
2026-10-04T15:26:23.6593994Z   duration_ms: 614.449621
2026-10-04T15:26:23.6594061Z   type: 'test'
2026-10-04T15:26:23.6594123Z   ...
2026-10-04T15:26:23.6594396Z # Subtest: traffic uses opposite separated lanes and follows rounded corners without getting stuck
2026-10-04T15:26:23.6594655Z ok 283 - traffic uses opposite separated lanes and follows rounded corners without getting stuck
2026-10-04T15:26:23.6594719Z   ---
2026-10-04T15:26:23.6594796Z   duration_ms: 1169.898473
2026-10-04T15:26:23.6594860Z   type: 'test'
2026-10-04T15:26:23.6594923Z   ...
2026-10-04T15:26:23.6595224Z # Subtest: drivers brake for a queue before collision, let another lane pass and do not enter a blocked junction
2026-10-04T15:26:23.6595511Z ok 284 - drivers brake for a queue before collision, let another lane pass and do not enter a blocked junction
2026-10-04T15:26:23.6595575Z   ---
2026-10-04T15:26:23.6595651Z   duration_ms: 0.316356
2026-10-04T15:26:23.6595723Z   type: 'test'
2026-10-04T15:26:23.6595784Z   ...
2026-10-04T15:26:23.6596089Z # Subtest: each junction has mutually exclusive green phases and an all-red clearance interval
2026-10-04T15:26:23.6596340Z ok 285 - each junction has mutually exclusive green phases and an all-red clearance interval
2026-10-04T15:26:23.6596401Z   ---
2026-10-04T15:26:23.6596477Z   duration_ms: 0.533936
2026-10-04T15:26:23.6596546Z   type: 'test'
2026-10-04T15:26:23.6596613Z   ...
2026-10-04T15:26:23.6596913Z # Subtest: the complete southern fleet keeps moving past parked intersection cars for three simulated minutes
2026-10-04T15:26:23.6597389Z ok 286 - the complete southern fleet keeps moving past parked intersection cars for three simulated minutes
2026-10-04T15:26:23.6597465Z   ---
2026-10-04T15:26:23.6597541Z   duration_ms: 10718.360236
2026-10-04T15:26:23.6597613Z   type: 'test'
2026-10-04T15:26:23.6597680Z   ...
2026-10-04T15:26:23.6597958Z # Subtest: generated-city courier is completable with walking and real driving before its deadline
2026-10-04T15:26:23.6598222Z ok 287 - generated-city courier is completable with walking and real driving before its deadline
2026-10-04T15:26:23.6598299Z   ---
2026-10-04T15:26:23.6598382Z   duration_ms: 896.008024
2026-10-04T15:26:23.6598446Z   type: 'test'
2026-10-04T15:26:23.6598513Z   ...
2026-10-04T15:26:23.6598807Z # {"seconds":13.783333333333685,"reached":2,"minimumHealth":100,"maximumWanted":0,"maximumPatrols":0}
2026-10-04T15:26:23.6599069Z # Subtest: generated-city timed circuit is completable through every checkpoint with real steering
2026-10-04T15:26:23.6599332Z ok 288 - generated-city timed circuit is completable through every checkpoint with real steering
2026-10-04T15:26:23.6599404Z   ---
2026-10-04T15:26:23.6599487Z   duration_ms: 4378.161043
2026-10-04T15:26:23.6599553Z   type: 'test'
2026-10-04T15:26:23.6599619Z   ...
2026-10-04T15:26:23.6599931Z # {"seconds":46.59999999999854,"reached":4,"minimumHealth":76.17862340525166,"maximumWanted":1,"maximumPatrols":2}
2026-10-04T15:26:23.6600214Z # Subtest: generated-city getaway can trigger pursuit, lose real patrols and return without teleporting
2026-10-04T15:26:23.6600581Z ok 289 - generated-city getaway can trigger pursuit, lose real patrols and return without teleporting
2026-10-04T15:26:23.6600648Z   ---
2026-10-04T15:26:23.6600730Z   duration_ms: 7580.411205
2026-10-04T15:26:23.6600795Z   type: 'test'
2026-10-04T15:26:23.6600856Z   ...
2026-10-04T15:26:23.6601125Z # {"seconds":74.69999999999695,"reached":5,"minimumHealth":100,"maximumWanted":2,"maximumPatrols":3}
2026-10-04T15:26:23.6601396Z # Subtest: asphalt surfaces tile the real road grid at one height without overlapping intersections
2026-10-04T15:26:23.6601661Z ok 290 - asphalt surfaces tile the real road grid at one height without overlapping intersections
2026-10-04T15:26:23.6601733Z   ---
2026-10-04T15:26:23.6601815Z   duration_ms: 2.465134
2026-10-04T15:26:23.6601885Z   type: 'test'
2026-10-04T15:26:23.6601957Z   ...
2026-10-04T15:26:23.6602267Z # Subtest: ground-height query agrees with rendered triangles at ramps, pavement, park paths and promenade
2026-10-04T15:26:23.6602563Z ok 291 - ground-height query agrees with rendered triangles at ramps, pavement, park paths and promenade
2026-10-04T15:26:23.6602635Z   ---
2026-10-04T15:26:23.6602717Z   duration_ms: 13.61674
2026-10-04T15:26:23.6602804Z   type: 'test'
2026-10-04T15:26:23.6602868Z   ...
2026-10-04T15:26:23.6603143Z # Subtest: all registered obstacles have finite height and cover their actual instance geometry
2026-10-04T15:26:23.6603403Z ok 292 - all registered obstacles have finite height and cover their actual instance geometry
2026-10-04T15:26:23.6603465Z   ---
2026-10-04T15:26:23.6603548Z   duration_ms: 12.374131
2026-10-04T15:26:23.6603619Z   type: 'test'
2026-10-04T15:26:23.6603679Z   ...
2026-10-04T15:26:23.6603914Z # Subtest: Node and browser texture paths emit identical physical and camera geometry
2026-10-04T15:26:23.6604144Z ok 293 - Node and browser texture paths emit identical physical and camera geometry
2026-10-04T15:26:23.6604216Z   ---
2026-10-04T15:26:23.6604290Z   duration_ms: 243.070568
2026-10-04T15:26:23.6604414Z   type: 'test'
2026-10-04T15:26:23.6604492Z   ...
2026-10-04T15:26:23.6604831Z # Subtest: shared vehicle and character dimensions enclose actual rendered geometry including mirrors and police lights
2026-10-04T15:26:23.6605165Z ok 294 - shared vehicle and character dimensions enclose actual rendered geometry including mirrors and police lights
2026-10-04T15:26:23.6605236Z   ---
2026-10-04T15:26:23.6605316Z   duration_ms: 543.351578
2026-10-04T15:26:23.6605383Z   type: 'test'
2026-10-04T15:26:23.6605457Z   ...
2026-10-04T15:26:23.6605751Z # Subtest: all decorative sidewalk routes remain clear of grounded obstacles and sample the real pavement
2026-10-04T15:26:23.6606029Z ok 295 - all decorative sidewalk routes remain clear of grounded obstacles and sample the real pavement
2026-10-04T15:26:23.6606103Z   ---
2026-10-04T15:26:23.6606184Z   duration_ms: 242.966121
2026-10-04T15:26:23.6606257Z   type: 'test'
2026-10-04T15:26:23.6606320Z   ...
2026-10-04T15:26:23.6606644Z # Subtest: world finish composes existing hooks, preserves physical values and runs once in real instance metres
2026-10-04T15:26:23.6606948Z ok 296 - world finish composes existing hooks, preserves physical values and runs once in real instance metres
2026-10-04T15:26:23.6607014Z   ---
2026-10-04T15:26:23.6607093Z   duration_ms: 2.626043
2026-10-04T15:26:23.6607363Z   type: 'test'
2026-10-04T15:26:23.6607454Z   ...
2026-10-04T15:26:23.6607831Z # Subtest: southern street and eastern shore retain checkpoint mineral and metal coverage without modifying glazing shaders
2026-10-04T15:26:23.6608177Z ok 297 - southern street and eastern shore retain checkpoint mineral and metal coverage without modifying glazing shaders
2026-10-04T15:26:23.6608248Z   ---
2026-10-04T15:26:23.6608320Z   duration_ms: 365.259116
2026-10-04T15:26:23.6608396Z   type: 'test'
2026-10-04T15:26:23.6608462Z   ...
2026-10-04T15:26:23.6608686Z # Subtest: browser facade texture projection survives the added world grain shader
2026-10-04T15:26:23.6608969Z ok 298 - browser facade texture projection survives the added world grain shader
2026-10-04T15:26:23.6609040Z   ---
2026-10-04T15:26:23.6609125Z   duration_ms: 278.731168
2026-10-04T15:26:23.6609192Z   type: 'test'
2026-10-04T15:26:23.6609263Z   ...
2026-10-04T15:26:23.6609339Z 1..298
2026-10-04T15:26:23.6609410Z # tests 298
2026-10-04T15:26:23.6609487Z # suites 0
2026-10-04T15:26:23.6609561Z # pass 298
2026-10-04T15:26:23.6609627Z # fail 0
2026-10-04T15:26:23.6609707Z # cancelled 0
2026-10-04T15:26:23.6609782Z # skipped 0
2026-10-04T15:26:23.6609846Z # todo 0
2026-10-04T15:26:23.6609942Z # duration_ms 93507.939405
2026-10-04T15:26:23.6636614Z ##[group]Run npm run build
2026-10-04T15:26:23.6636737Z [36;1mnpm run build[0m
2026-10-04T15:26:23.6673636Z shell: /usr/bin/bash -e {0}
2026-10-04T15:26:23.6673731Z ##[endgroup]
2026-10-04T15:26:23.7504933Z 
2026-10-04T15:26:23.7505427Z > neon-harbor@0.8.0 build
2026-10-04T15:26:23.7505597Z > node tools/build.mjs
2026-10-04T15:26:23.7505610Z 
2026-10-04T15:26:24.0945631Z Built 58 city districts (6888 KiB) at /home/runner/work/neon-harbor/neon-harbor/assets/city/chunks/
2026-10-04T15:26:24.2672906Z Built 12 north-shore districts (6603 KiB) at /home/runner/work/neon-harbor/neon-harbor/assets/metropolis/chunks/
2026-10-04T15:26:24.4221679Z Built static game at /home/runner/work/neon-harbor/neon-harbor/dist
2026-10-04T15:26:24.4393766Z ##[group]Run npx playwright install --with-deps chromium
2026-10-04T15:26:24.4394072Z [36;1mnpx playwright install --with-deps chromium[0m
2026-10-04T15:26:24.4429810Z shell: /usr/bin/bash -e {0}
2026-10-04T15:26:24.4430040Z ##[endgroup]
2026-10-04T15:26:24.9949448Z Installing dependencies...
2026-10-04T15:26:24.9995669Z Switching to root user to install dependencies...
2026-10-04T15:26:25.0601164Z Get:1 file:/etc/apt/apt-mirrors.txt Mirrorlist [144 B]
2026-10-04T15:26:25.0967720Z Get:6 https://packages.microsoft.com/ubuntu/24.04/prod noble InRelease [3600 B]
2026-10-04T15:26:25.1064644Z Hit:2 http://azure.archive.ubuntu.com/ubuntu noble InRelease
2026-10-04T15:26:25.1073540Z Get:3 http://azure.archive.ubuntu.com/ubuntu noble-updates InRelease [126 kB]
2026-10-04T15:26:25.1120147Z Get:4 http://azure.archive.ubuntu.com/ubuntu noble-backports InRelease [126 kB]
2026-10-04T15:26:25.1150801Z Get:5 http://azure.archive.ubuntu.com/ubuntu noble-security InRelease [126 kB]
2026-10-04T15:26:25.1611554Z Get:7 https://packages.microsoft.com/ubuntu/24.04/prod noble/main armhf Packages [12.6 kB]
2026-10-04T15:26:25.1712118Z Get:8 https://packages.microsoft.com/ubuntu/24.04/prod noble/main arm64 Packages [458 kB]
2026-10-04T15:26:25.1777858Z Get:9 https://packages.microsoft.com/ubuntu/24.04/prod noble/main amd64 Packages [511 kB]
2026-10-04T15:26:25.2386080Z Get:10 http://azure.archive.ubuntu.com/ubuntu noble-updates/main amd64 Packages [1364 kB]
2026-10-04T15:26:25.2448572Z Get:11 http://azure.archive.ubuntu.com/ubuntu noble-updates/main Translation-en [304 kB]
2026-10-04T15:26:25.2459784Z Get:12 http://azure.archive.ubuntu.com/ubuntu noble-updates/main amd64 Components [181 kB]
2026-10-04T15:26:25.2475541Z Get:13 http://azure.archive.ubuntu.com/ubuntu noble-updates/universe amd64 Packages [1699 kB]
2026-10-04T15:26:25.2547328Z Get:14 http://azure.archive.ubuntu.com/ubuntu noble-updates/universe Translation-en [341 kB]
2026-10-04T15:26:25.2565653Z Get:15 http://azure.archive.ubuntu.com/ubuntu noble-updates/universe amd64 Components [388 kB]
2026-10-04T15:26:25.2585138Z Get:16 http://azure.archive.ubuntu.com/ubuntu noble-updates/restricted amd64 Packages [1720 kB]
2026-10-04T15:26:25.2670265Z Get:17 http://azure.archive.ubuntu.com/ubuntu noble-updates/restricted Translation-en [394 kB]
2026-10-04T15:26:25.2677939Z Get:18 http://azure.archive.ubuntu.com/ubuntu noble-updates/multiverse amd64 Components [940 B]
2026-10-04T15:26:25.2800852Z Get:19 http://azure.archive.ubuntu.com/ubuntu noble-backports/main amd64 Components [5776 B]
2026-10-04T15:26:25.3222385Z Get:20 http://azure.archive.ubuntu.com/ubuntu noble-backports/universe amd64 Components [12.6 kB]
2026-10-04T15:26:25.3231191Z Get:21 http://azure.archive.ubuntu.com/ubuntu noble-security/main amd64 Packages [1069 kB]
2026-10-04T15:26:25.3271218Z Get:22 http://azure.archive.ubuntu.com/ubuntu noble-security/main Translation-en [221 kB]
2026-10-04T15:26:25.3288267Z Get:23 http://azure.archive.ubuntu.com/ubuntu noble-security/main amd64 Components [46.4 kB]
2026-10-04T15:26:25.3318977Z Get:24 http://azure.archive.ubuntu.com/ubuntu noble-security/universe amd64 Packages [1216 kB]
2026-10-04T15:26:25.3339615Z Get:25 http://azure.archive.ubuntu.com/ubuntu noble-security/universe Translation-en [244 kB]
2026-10-04T15:26:25.3352768Z Get:26 http://azure.archive.ubuntu.com/ubuntu noble-security/universe amd64 Components [76.4 kB]
2026-10-04T15:26:25.3361786Z Get:27 http://azure.archive.ubuntu.com/ubuntu noble-security/restricted amd64 Packages [1566 kB]
2026-10-04T15:26:25.3420175Z Get:28 http://azure.archive.ubuntu.com/ubuntu noble-security/restricted Translation-en [361 kB]
2026-10-04T15:26:31.7187996Z Fetched 12.6 MB in 1s (11.6 MB/s)
2026-10-04T15:26:32.4209402Z Reading package lists...
2026-10-04T15:26:32.4487017Z Reading package lists...
2026-10-04T15:26:32.6106755Z Building dependency tree...
2026-10-04T15:26:32.6114348Z Reading state information...
2026-10-04T15:26:32.7517398Z libasound2t64 is already the newest version (1.2.11-1ubuntu0.3).
2026-10-04T15:26:32.7538876Z libasound2t64 set to manually installed.
2026-10-04T15:26:32.7539876Z libatk-bridge2.0-0t64 is already the newest version (2.52.0-1build1).
2026-10-04T15:26:32.7540486Z libatk-bridge2.0-0t64 set to manually installed.
2026-10-04T15:26:32.7541113Z libatk1.0-0t64 is already the newest version (2.52.0-1build1).
2026-10-04T15:26:32.7544559Z libatk1.0-0t64 set to manually installed.
2026-10-04T15:26:32.7545212Z libatspi2.0-0t64 is already the newest version (2.52.0-1build1).
2026-10-04T15:26:32.7545791Z libatspi2.0-0t64 set to manually installed.
2026-10-04T15:26:32.7547928Z libcairo2 is already the newest version (1.18.0-3build1).
2026-10-04T15:26:32.7548755Z libcairo2 set to manually installed.
2026-10-04T15:26:32.7549339Z libcups2t64 is already the newest version (2.4.7-1.2ubuntu7.14).
2026-10-04T15:26:32.7549903Z libcups2t64 set to manually installed.
2026-10-04T15:26:32.7550476Z libdbus-1-3 is already the newest version (1.14.10-4ubuntu4.1).
2026-10-04T15:26:32.7577716Z libdbus-1-3 set to manually installed.
2026-10-04T15:26:32.7588603Z libdrm2 is already the newest version (2.4.125-1ubuntu0.1~24.04.2).
2026-10-04T15:26:32.7589175Z libdrm2 set to manually installed.
2026-10-04T15:26:32.7589666Z libglib2.0-0t64 is already the newest version (2.80.0-6ubuntu3.9).
2026-10-04T15:26:32.7590155Z libglib2.0-0t64 set to manually installed.
2026-10-04T15:26:32.7590650Z libnspr4 is already the newest version (2:4.35-1.1build1).
2026-10-04T15:26:32.7591089Z libnspr4 set to manually installed.
2026-10-04T15:26:32.7591617Z libnss3 is already the newest version (2:3.98-1ubuntu0.2).
2026-10-04T15:26:32.7592094Z libnss3 set to manually installed.
2026-10-04T15:26:32.7592612Z libpango-1.0-0 is already the newest version (1.52.1+ds-1build1).
2026-10-04T15:26:32.7593090Z libpango-1.0-0 set to manually installed.
2026-10-04T15:26:32.7593556Z libx11-6 is already the newest version (2:1.8.7-1build1).
2026-10-04T15:26:32.7593980Z libx11-6 set to manually installed.
2026-10-04T15:26:32.7594416Z libxcb1 is already the newest version (1.15-1ubuntu2).
2026-10-04T15:26:32.7594836Z libxcb1 set to manually installed.
2026-10-04T15:26:32.7595343Z libxcomposite1 is already the newest version (1:0.4.5-1build3).
2026-10-04T15:26:32.7595824Z libxcomposite1 set to manually installed.
2026-10-04T15:26:32.7596315Z libxdamage1 is already the newest version (1:1.1.6-1build1).
2026-10-04T15:26:32.7596771Z libxdamage1 set to manually installed.
2026-10-04T15:26:32.7597462Z libxext6 is already the newest version (2:1.3.4-1build2).
2026-10-04T15:26:32.7597921Z libxext6 set to manually installed.
2026-10-04T15:26:32.7598387Z libxfixes3 is already the newest version (1:6.0.0-2build1).
2026-10-04T15:26:32.7598857Z libxfixes3 set to manually installed.
2026-10-04T15:26:32.7599322Z libxkbcommon0 is already the newest version (1.6.0-1build1).
2026-10-04T15:26:32.7599792Z libxkbcommon0 set to manually installed.
2026-10-04T15:26:32.7600256Z libxrandr2 is already the newest version (2:1.5.2-2build1).
2026-10-04T15:26:32.7600713Z libxrandr2 set to manually installed.
2026-10-04T15:26:32.7601178Z xvfb is already the newest version (2:21.1.12-1ubuntu1.8).
2026-10-04T15:26:32.7601801Z fonts-noto-color-emoji is already the newest version (2.047-0ubuntu0.24.04.1).
2026-10-04T15:26:32.7602441Z libfontconfig1 is already the newest version (2.15.0-1.1ubuntu2).
2026-10-04T15:26:32.7602932Z libfontconfig1 set to manually installed.
2026-10-04T15:26:32.7603442Z libfreetype6 is already the newest version (2.13.2+dfsg-1ubuntu0.1).
2026-10-04T15:26:32.7603929Z libfreetype6 set to manually installed.
2026-10-04T15:26:32.7604416Z fonts-liberation is already the newest version (1:2.1.5-3).
2026-10-04T15:26:32.7604880Z fonts-liberation set to manually installed.
2026-10-04T15:26:32.7605363Z The following additional packages will be installed:
2026-10-04T15:26:32.7605938Z   libgl1-mesa-dri libglx-mesa0 mesa-libgallium xfonts-encodings xfonts-utils
2026-10-04T15:26:32.7606424Z Recommended packages:
2026-10-04T15:26:32.7606744Z   fonts-ipafont-mincho fonts-tlwg-loma
2026-10-04T15:26:32.7703828Z The following NEW packages will be installed:
2026-10-04T15:26:32.7704448Z   fonts-freefont-ttf fonts-ipafont-gothic fonts-tlwg-loma-otf fonts-unifont
2026-10-04T15:26:32.7710367Z   fonts-wqy-zenhei xfonts-cyrillic xfonts-encodings xfonts-scalable
2026-10-04T15:26:32.7710814Z   xfonts-utils
2026-10-04T15:26:32.7715085Z The following packages will be upgraded:
2026-10-04T15:26:32.7720392Z   libgbm1 libgl1-mesa-dri libglx-mesa0 mesa-libgallium
2026-10-04T15:26:32.7853743Z 4 upgraded, 9 newly installed, 0 to remove and 21 not upgraded.
2026-10-04T15:26:32.7854132Z Need to get 32.1 MB of archives.
2026-10-04T15:26:32.7854582Z After this operation, 79.5 MB of additional disk space will be used.
2026-10-04T15:26:32.7855387Z Get:1 file:/etc/apt/apt-mirrors.txt Mirrorlist [144 B]
2026-10-04T15:26:32.8415736Z Get:2 http://azure.archive.ubuntu.com/ubuntu noble/universe amd64 fonts-ipafont-gothic all 00303-21ubuntu1 [3513 kB]
2026-10-04T15:26:32.8987452Z Get:3 http://azure.archive.ubuntu.com/ubuntu noble/main amd64 fonts-freefont-ttf all 20211204+svn4273-2 [5641 kB]
2026-10-04T15:26:32.9747400Z Get:4 http://azure.archive.ubuntu.com/ubuntu noble/universe amd64 fonts-tlwg-loma-otf all 1:0.7.3-1 [107 kB]
2026-10-04T15:26:33.0078508Z Get:5 http://azure.archive.ubuntu.com/ubuntu noble/universe amd64 fonts-unifont all 1:15.1.01-1build1 [2993 kB]
2026-10-04T15:26:33.0556682Z Get:6 http://azure.archive.ubuntu.com/ubuntu noble/universe amd64 fonts-wqy-zenhei all 0.9.45-8 [7472 kB]
2026-10-04T15:26:33.1492567Z Get:7 http://azure.archive.ubuntu.com/ubuntu noble-updates/main amd64 libgl1-mesa-dri amd64 25.2.8-0ubuntu0.24.04.4 [38.0 kB]
2026-10-04T15:26:33.1768401Z Get:8 http://azure.archive.ubuntu.com/ubuntu noble-updates/main amd64 libglx-mesa0 amd64 25.2.8-0ubuntu0.24.04.4 [110 kB]
2026-10-04T15:26:33.2075544Z Get:9 http://azure.archive.ubuntu.com/ubuntu noble-updates/main amd64 libgbm1 amd64 25.2.8-0ubuntu0.24.04.4 [34.2 kB]
2026-10-04T15:26:33.2377553Z Get:10 http://azure.archive.ubuntu.com/ubuntu noble-updates/main amd64 mesa-libgallium amd64 25.2.8-0ubuntu0.24.04.4 [10.8 MB]
2026-10-04T15:26:33.3701993Z Get:11 http://azure.archive.ubuntu.com/ubuntu noble/main amd64 xfonts-encodings all 1:1.0.5-0ubuntu2 [578 kB]
2026-10-04T15:26:33.4052816Z Get:12 http://azure.archive.ubuntu.com/ubuntu noble/main amd64 xfonts-utils amd64 1:7.7+6build3 [94.4 kB]
2026-10-04T15:26:33.4354940Z Get:13 http://azure.archive.ubuntu.com/ubuntu noble/universe amd64 xfonts-cyrillic all 1:1.0.5+nmu1 [384 kB]
2026-10-04T15:26:33.4686006Z Get:14 http://azure.archive.ubuntu.com/ubuntu noble/main amd64 xfonts-scalable all 1:1.0.3-1.3 [304 kB]
2026-10-04T15:26:33.6669795Z Fetched 32.1 MB in 1s (46.3 MB/s)
2026-10-04T15:26:33.6854729Z Selecting previously unselected package fonts-ipafont-gothic.
2026-10-04T15:26:33.7039308Z (Reading database ... 
2026-10-04T15:26:33.7039542Z (Reading database ... 5%
2026-10-04T15:26:33.7039802Z (Reading database ... 10%
2026-10-04T15:26:33.7039988Z (Reading database ... 15%
2026-10-04T15:26:33.7040211Z (Reading database ... 20%
2026-10-04T15:26:33.7040433Z (Reading database ... 25%
2026-10-04T15:26:33.7040606Z (Reading database ... 30%
2026-10-04T15:26:33.7040786Z (Reading database ... 35%
2026-10-04T15:26:33.7040960Z (Reading database ... 40%
2026-10-04T15:26:33.7041130Z (Reading database ... 45%
2026-10-04T15:26:33.7041308Z (Reading database ... 50%
2026-10-04T15:26:33.7078942Z (Reading database ... 55%
2026-10-04T15:26:33.8039974Z (Reading database ... 60%
2026-10-04T15:26:34.0085270Z (Reading database ... 65%
2026-10-04T15:26:34.2511434Z (Reading database ... 70%
2026-10-04T15:26:34.4006193Z (Reading database ... 75%
2026-10-04T15:26:34.5499816Z (Reading database ... 80%
2026-10-04T15:26:34.6590700Z (Reading database ... 85%
2026-10-04T15:26:34.8084842Z (Reading database ... 90%
2026-10-04T15:26:34.9114203Z (Reading database ... 95%
2026-10-04T15:26:34.9114689Z (Reading database ... 100%
2026-10-04T15:26:34.9115190Z (Reading database ... 202296 files and directories currently installed.)
2026-10-04T15:26:34.9157735Z Preparing to unpack .../00-fonts-ipafont-gothic_00303-21ubuntu1_all.deb ...
2026-10-04T15:26:34.9247373Z Unpacking fonts-ipafont-gothic (00303-21ubuntu1) ...
2026-10-04T15:26:35.1529152Z Selecting previously unselected package fonts-freefont-ttf.
2026-10-04T15:26:35.1630535Z Preparing to unpack .../01-fonts-freefont-ttf_20211204+svn4273-2_all.deb ...
2026-10-04T15:26:35.1640206Z Unpacking fonts-freefont-ttf (20211204+svn4273-2) ...
2026-10-04T15:26:35.2523285Z Selecting previously unselected package fonts-tlwg-loma-otf.
2026-10-04T15:26:35.2626103Z Preparing to unpack .../02-fonts-tlwg-loma-otf_1%3a0.7.3-1_all.deb ...
2026-10-04T15:26:35.2638065Z Unpacking fonts-tlwg-loma-otf (1:0.7.3-1) ...
2026-10-04T15:26:35.2819804Z Selecting previously unselected package fonts-unifont.
2026-10-04T15:26:35.2933503Z Preparing to unpack .../03-fonts-unifont_1%3a15.1.01-1build1_all.deb ...
2026-10-04T15:26:35.2946595Z Unpacking fonts-unifont (1:15.1.01-1build1) ...
2026-10-04T15:26:35.4725339Z Selecting previously unselected package fonts-wqy-zenhei.
2026-10-04T15:26:35.4828578Z Preparing to unpack .../04-fonts-wqy-zenhei_0.9.45-8_all.deb ...
2026-10-04T15:26:35.4909685Z Unpacking fonts-wqy-zenhei (0.9.45-8) ...
2026-10-04T15:26:35.9477543Z Preparing to unpack .../05-libgl1-mesa-dri_25.2.8-0ubuntu0.24.04.4_amd64.deb ...
2026-10-04T15:26:35.9602269Z Unpacking libgl1-mesa-dri:amd64 (25.2.8-0ubuntu0.24.04.4) over (25.2.8-0ubuntu0.24.04.2) ...
2026-10-04T15:26:36.0037003Z Preparing to unpack .../06-libglx-mesa0_25.2.8-0ubuntu0.24.04.4_amd64.deb ...
2026-10-04T15:26:36.0074856Z Unpacking libglx-mesa0:amd64 (25.2.8-0ubuntu0.24.04.4) over (25.2.8-0ubuntu0.24.04.2) ...
2026-10-04T15:26:36.0416043Z Preparing to unpack .../07-libgbm1_25.2.8-0ubuntu0.24.04.4_amd64.deb ...
2026-10-04T15:26:36.0443008Z Unpacking libgbm1:amd64 (25.2.8-0ubuntu0.24.04.4) over (25.2.8-0ubuntu0.24.04.2) ...
2026-10-04T15:26:36.0778576Z Preparing to unpack .../08-mesa-libgallium_25.2.8-0ubuntu0.24.04.4_amd64.deb ...
2026-10-04T15:26:36.0810162Z Unpacking mesa-libgallium:amd64 (25.2.8-0ubuntu0.24.04.4) over (25.2.8-0ubuntu0.24.04.2) ...
2026-10-04T15:26:36.4241628Z Selecting previously unselected package xfonts-encodings.
2026-10-04T15:26:36.4352550Z Preparing to unpack .../09-xfonts-encodings_1%3a1.0.5-0ubuntu2_all.deb ...
2026-10-04T15:26:36.4362773Z Unpacking xfonts-encodings (1:1.0.5-0ubuntu2) ...
2026-10-04T15:26:36.4572740Z Selecting previously unselected package xfonts-utils.
2026-10-04T15:26:36.4673070Z Preparing to unpack .../10-xfonts-utils_1%3a7.7+6build3_amd64.deb ...
2026-10-04T15:26:36.4681619Z Unpacking xfonts-utils (1:7.7+6build3) ...
2026-10-04T15:26:36.4961395Z Selecting previously unselected package xfonts-cyrillic.
2026-10-04T15:26:36.5061091Z Preparing to unpack .../11-xfonts-cyrillic_1%3a1.0.5+nmu1_all.deb ...
2026-10-04T15:26:36.5071591Z Unpacking xfonts-cyrillic (1:1.0.5+nmu1) ...
2026-10-04T15:26:36.5321144Z Selecting previously unselected package xfonts-scalable.
2026-10-04T15:26:36.5419204Z Preparing to unpack .../12-xfonts-scalable_1%3a1.0.3-1.3_all.deb ...
2026-10-04T15:26:36.5428587Z Unpacking xfonts-scalable (1:1.0.3-1.3) ...
2026-10-04T15:26:36.5842292Z Setting up mesa-libgallium:amd64 (25.2.8-0ubuntu0.24.04.4) ...
2026-10-04T15:26:36.5867068Z Setting up libgbm1:amd64 (25.2.8-0ubuntu0.24.04.4) ...
2026-10-04T15:26:36.5894217Z Setting up libgl1-mesa-dri:amd64 (25.2.8-0ubuntu0.24.04.4) ...
2026-10-04T15:26:36.5955451Z Setting up fonts-wqy-zenhei (0.9.45-8) ...
2026-10-04T15:26:36.6055077Z Setting up fonts-freefont-ttf (20211204+svn4273-2) ...
2026-10-04T15:26:36.6081260Z Setting up fonts-tlwg-loma-otf (1:0.7.3-1) ...
2026-10-04T15:26:36.6106377Z Setting up xfonts-encodings (1:1.0.5-0ubuntu2) ...
2026-10-04T15:26:36.6129953Z Setting up fonts-ipafont-gothic (00303-21ubuntu1) ...
2026-10-04T15:26:36.6183344Z update-alternatives: using /usr/share/fonts/opentype/ipafont-gothic/ipag.ttf to provide /usr/share/fonts/truetype/fonts-japanese-gothic.ttf (fonts-japanese-gothic.ttf) in auto mode
2026-10-04T15:26:36.6199194Z Setting up fonts-unifont (1:15.1.01-1build1) ...
2026-10-04T15:26:36.6219431Z Setting up libglx-mesa0:amd64 (25.2.8-0ubuntu0.24.04.4) ...
2026-10-04T15:26:36.6239993Z Setting up xfonts-utils (1:7.7+6build3) ...
2026-10-04T15:26:36.6275995Z Setting up xfonts-cyrillic (1:1.0.5+nmu1) ...
2026-10-04T15:26:36.6492262Z Setting up xfonts-scalable (1:1.0.3-1.3) ...
2026-10-04T15:26:36.6689617Z Processing triggers for libc-bin (2.39-0ubuntu8.9) ...
2026-10-04T15:26:36.8518861Z Processing triggers for man-db (2.12.0-4build2) ...
2026-10-04T15:26:36.8540774Z Not building database; man-db/auto-update is not 'true'.
2026-10-04T15:26:36.8554297Z Processing triggers for fontconfig (2.15.0-1.1ubuntu2) ...
2026-10-04T15:26:37.3770256Z 
2026-10-04T15:26:37.3770755Z Running kernel seems to be up-to-date.
2026-10-04T15:26:37.3771041Z 
2026-10-04T15:26:37.3771204Z No services need to be restarted.
2026-10-04T15:26:37.3771394Z 
2026-10-04T15:26:37.3771540Z No containers need to be restarted.
2026-10-04T15:26:37.3771728Z 
2026-10-04T15:26:37.3771948Z No user sessions are running outdated binaries.
2026-10-04T15:26:37.3772164Z 
2026-10-04T15:26:37.3772438Z No VM guests are running outdated hypervisor (qemu) binaries on this host.
2026-10-04T15:26:38.0516329Z Downloading Chrome for Testing 151.0.7922.34 (playwright chromium v1234) from https://cdn.playwright.dev/builds/cft/151.0.7922.34/linux64/chrome-linux64.zip
2026-10-04T15:26:38.9966181Z |                                                                                |   0% of 184.3 MiB
2026-10-04T15:26:39.2696183Z |■■■■■■■■                                                                        |  10% of 184.3 MiB
2026-10-04T15:26:39.3230806Z |■■■■■■■■■■■■■■■■                                                                |  20% of 184.3 MiB
2026-10-04T15:26:39.3654697Z |■■■■■■■■■■■■■■■■■■■■■■■■                                                        |  30% of 184.3 MiB
2026-10-04T15:26:39.4049548Z |■■■■■■■■■■■■■■■■■■■■■■■■■■■■■■■■                                                |  40% of 184.3 MiB
2026-10-04T15:26:39.4454083Z |■■■■■■■■■■■■■■■■■■■■■■■■■■■■■■■■■■■■■■■■                                        |  50% of 184.3 MiB
2026-10-04T15:26:39.4970333Z |■■■■■■■■■■■■■■■■■■■■■■■■■■■■■■■■■■■■■■■■■■■■■■■■                                |  60% of 184.3 MiB
2026-10-04T15:26:39.5420753Z |■■■■■■■■■■■■■■■■■■■■■■■■■■■■■■■■■■■■■■■■■■■■■■■■■■■■■■■■                        |  70% of 184.3 MiB
2026-10-04T15:26:39.5893908Z |■■■■■■■■■■■■■■■■■■■■■■■■■■■■■■■■■■■■■■■■■■■■■■■■■■■■■■■■■■■■■■■■                |  80% of 184.3 MiB
2026-10-04T15:26:39.6367880Z |■■■■■■■■■■■■■■■■■■■■■■■■■■■■■■■■■■■■■■■■■■■■■■■■■■■■■■■■■■■■■■■■■■■■■■■■        |  90% of 184.3 MiB
2026-10-04T15:26:39.6904195Z |■■■■■■■■■■■■■■■■■■■■■■■■■■■■■■■■■■■■■■■■■■■■■■■■■■■■■■■■■■■■■■■■■■■■■■■■■■■■■■■■| 100% of 184.3 MiB
2026-10-04T15:26:42.3701232Z Chrome for Testing 151.0.7922.34 (playwright chromium v1234) downloaded to /home/runner/.cache/ms-playwright/chromium-1234
2026-10-04T15:26:42.3704040Z Downloading FFmpeg (playwright ffmpeg v1011) from https://cdn.playwright.dev/dbazure/download/playwright/builds/ffmpeg/1011/ffmpeg-linux.zip
2026-10-04T15:26:43.2968464Z |                                                                                |   0% of 2.3 MiB
2026-10-04T15:26:43.3165534Z |■■■■■■■■                                                                        |  10% of 2.3 MiB
2026-10-04T15:26:43.3321188Z |■■■■■■■■■■■■■■■■                                                                |  20% of 2.3 MiB
2026-10-04T15:26:43.3372168Z |■■■■■■■■■■■■■■■■■■■■■■■■                                                        |  30% of 2.3 MiB
2026-10-04T15:26:43.3444082Z |■■■■■■■■■■■■■■■■■■■■■■■■■■■■■■■■                                                |  40% of 2.3 MiB
2026-10-04T15:26:43.3514373Z |■■■■■■■■■■■■■■■■■■■■■■■■■■■■■■■■■■■■■■■■                                        |  50% of 2.3 MiB
2026-10-04T15:26:43.3541614Z |■■■■■■■■■■■■■■■■■■■■■■■■■■■■■■■■■■■■■■■■■■■■■■■■                                |  60% of 2.3 MiB
2026-10-04T15:26:43.3603315Z |■■■■■■■■■■■■■■■■■■■■■■■■■■■■■■■■■■■■■■■■■■■■■■■■■■■■■■■■                        |  70% of 2.3 MiB
2026-10-04T15:26:43.3619892Z |■■■■■■■■■■■■■■■■■■■■■■■■■■■■■■■■■■■■■■■■■■■■■■■■■■■■■■■■■■■■■■■■                |  80% of 2.3 MiB
2026-10-04T15:26:43.3637961Z |■■■■■■■■■■■■■■■■■■■■■■■■■■■■■■■■■■■■■■■■■■■■■■■■■■■■■■■■■■■■■■■■■■■■■■■■        |  90% of 2.3 MiB
2026-10-04T15:26:43.3694558Z |■■■■■■■■■■■■■■■■■■■■■■■■■■■■■■■■■■■■■■■■■■■■■■■■■■■■■■■■■■■■■■■■■■■■■■■■■■■■■■■■| 100% of 2.3 MiB
2026-10-04T15:26:43.4176327Z FFmpeg (playwright ffmpeg v1011) downloaded to /home/runner/.cache/ms-playwright/ffmpeg-1011
2026-10-04T15:26:43.4179336Z Downloading Chrome Headless Shell 151.0.7922.34 (playwright chromium-headless-shell v1234) from https://cdn.playwright.dev/builds/cft/151.0.7922.34/linux64/chrome-headless-shell-linux64.zip
2026-10-04T15:26:44.3993242Z |                                                                                |   0% of 114.7 MiB
2026-10-04T15:26:44.7392136Z |■■■■■■■■                                                                        |  10% of 114.7 MiB
2026-10-04T15:26:44.7861123Z |■■■■■■■■■■■■■■■■                                                                |  20% of 114.7 MiB
2026-10-04T15:26:44.8304741Z |■■■■■■■■■■■■■■■■■■■■■■■■                                                        |  30% of 114.7 MiB
2026-10-04T15:26:44.8563899Z |■■■■■■■■■■■■■■■■■■■■■■■■■■■■■■■■                                                |  40% of 114.7 MiB
2026-10-04T15:26:44.8954835Z |■■■■■■■■■■■■■■■■■■■■■■■■■■■■■■■■■■■■■■■■                                        |  50% of 114.7 MiB
2026-10-04T15:26:44.9317476Z |■■■■■■■■■■■■■■■■■■■■■■■■■■■■■■■■■■■■■■■■■■■■■■■■                                |  60% of 114.7 MiB
2026-10-04T15:26:44.9644778Z |■■■■■■■■■■■■■■■■■■■■■■■■■■■■■■■■■■■■■■■■■■■■■■■■■■■■■■■■                        |  70% of 114.7 MiB
2026-10-04T15:26:44.9991573Z |■■■■■■■■■■■■■■■■■■■■■■■■■■■■■■■■■■■■■■■■■■■■■■■■■■■■■■■■■■■■■■■■                |  80% of 114.7 MiB
2026-10-04T15:26:45.0380568Z |■■■■■■■■■■■■■■■■■■■■■■■■■■■■■■■■■■■■■■■■■■■■■■■■■■■■■■■■■■■■■■■■■■■■■■■■        |  90% of 114.7 MiB
2026-10-04T15:26:45.0884037Z |■■■■■■■■■■■■■■■■■■■■■■■■■■■■■■■■■■■■■■■■■■■■■■■■■■■■■■■■■■■■■■■■■■■■■■■■■■■■■■■■| 100% of 114.7 MiB
2026-10-04T15:26:47.0494649Z Chrome Headless Shell 151.0.7922.34 (playwright chromium-headless-shell v1234) downloaded to /home/runner/.cache/ms-playwright/chromium_headless_shell-1234
2026-10-04T15:26:47.0675160Z ##[group]Run npx playwright test tests/e2e/harbor-sample.spec.js --fully-parallel --shard=2/2
2026-10-04T15:26:47.0675648Z [36;1mnpx playwright test tests/e2e/harbor-sample.spec.js --fully-parallel --shard=2/2[0m
2026-10-04T15:26:47.0709668Z shell: /usr/bin/bash -e {0}
2026-10-04T15:26:47.0710045Z ##[endgroup]
2026-10-04T15:26:47.9514530Z 
2026-10-04T15:26:47.9515080Z Running 2 tests using 1 worker, shard 2 of 2
2026-10-04T15:26:47.9515365Z 
2026-10-04T15:27:29.7470829Z {"stage":"ferry-boarded","vehicleId":"harbor-ferry-1","stopId":"harbor-ferry-south","time":5.116666666666654,"local":{"x":-2.7,"y":1.3,"z":-7.2,"yaw":0}}
2026-10-04T15:27:45.4717456Z {"stage":"ferry-upper-waypoint","target":{"x":0,"z":-7.2},"local":{"x":-0.02249999999999558,"y":1.3,"z":-7.2,"yaw":1.5707963267948966},"time":9.416666666666714}
2026-10-04T15:28:16.5637090Z {"stage":"ferry-upper-waypoint","target":{"x":0,"z":5.57},"local":{"x":-0.00024105303299627127,"y":1.3,"z":5.547477492039442,"yaw":0.001914359688375278},"time":17.41666666666696}
2026-10-04T15:28:57.3809139Z {"stage":"ferry-upper-waypoint","target":{"x":1.78,"y":1.3,"z":5.57},"local":{"x":1.7614289502083214,"y":1.3,"z":5.584266839160867,"yaw":1.5455582131430263},"time":28.566666666666325}
2026-10-04T15:29:54.1033397Z {"stage":"ferry-upper-waypoint","target":{"x":1.78,"z":3.0900000000000003,"y":2.5},"local":{"x":1.7809564139044232,"y":2.485400258770576,"z":3.1150628891105123,"yaw":-3.1038308174959313},"time":42.31666666666555}
2026-10-04T15:30:42.9141855Z {"stage":"ferry-upper-waypoint","target":{"x":1.78,"y":3.7,"z":0.6100000000000001},"local":{"x":1.7798550292438573,"y":3.7,"z":0.6150632576519696,"yaw":-3.1412108198748983},"time":50.89999999999839}
2026-10-04T15:31:09.6152970Z {"stage":"ferry-upper-waypoint","target":{"x":0,"z":0.6100000000000001,"y":3.7},"local":{"x":0.0048619534842473935,"y":3.7,"z":0.6101070613894273,"yaw":-1.5736410403212127},"time":54.46666666666486}
2026-10-04T15:32:43.5832267Z {"stage":"ferry-lower-waypoint","target":{"x":1.78,"y":3.7,"z":0.6100000000000001},"local":{"x":1.7843503466124429,"y":3.7,"z":0.6090581038325946,"yaw":1.888148895819478},"time":71.83333333333054}
2026-10-04T15:33:24.7229756Z {"stage":"ferry-lower-waypoint","target":{"x":1.78,"z":3.0900000000000003,"y":2.5},"local":{"x":1.779815058627313,"y":2.5049359838764795,"z":3.0815265610120437,"yaw":0.02083208006740087},"time":83.93333333332986}
2026-10-04T15:33:52.1889523Z {"stage":"ferry-lower-waypoint","target":{"x":1.78,"y":1.3,"z":5.57},"local":{"x":1.780077991665268,"y":1.3,"z":5.521526508057095,"yaw":0.0000743286031539052},"time":92.31666666666271}
2026-10-04T15:34:05.3378901Z {"stage":"ferry-lower-waypoint","target":{"x":0,"z":5.57,"y":1.3},"local":{"x":-0.004259063911037184,"y":1.3,"z":5.570116913343276,"yaw":-1.5411580980389223},"time":95.51666666666253}
2026-10-04T15:35:16.3294395Z {"stage":"ferry-lower-waypoint","target":{"x":0,"z":-7.2,"y":1.3},"local":{"x":0.01706886114299303,"y":1.3,"z":-7.189345847836791,"yaw":-2.891936730421833},"time":109.83333333332838}
2026-10-04T15:36:51.6429253Z {"stage":"ferry-lower-waypoint","target":{"x":-2.7,"y":1.3,"z":-7.2},"local":{"x":-2.7431982947133813,"y":1.3,"z":-7.198636376047689,"yaw":-1.5387794955315361},"time":124.63333333332754}
2026-10-04T15:36:53.9330719Z {"stage":"ferry-alighted","destination":"harbor-ferry-north","time":124.63333333332754,"position":{"x":220,"y":1.3,"z":-380.5,"yaw":0}}
2026-10-04T15:36:58.9970792Z   ✓  1 tests/e2e/harbor-sample.spec.js:136:3 › ferry: public boarding, physical upper-deck stairs, travel and lower-door alighting (10.2m)
2026-10-04T15:37:36.2300461Z {"stage":"cargo-funded-and-saved","jobId":"harbor-order-1","quantity":8,"escrow":12,"time":0.49999999999999994}
2026-10-04T15:39:37.3372112Z {"stage":"cargo-delivered-and-saved","jobId":"harbor-order-1","cash":1212,"time":25.833333333333147}
2026-10-04T15:42:53.6910161Z   ✓  2 tests/e2e/harbor-sample.spec.js:213:1 › funded cargo and a real purchase persist across reload, with physical delivery and the actual High shop room (5.9m)
2026-10-04T15:42:59.7349982Z 
2026-10-04T15:42:59.7353017Z   Slow test file: tests/e2e/harbor-sample.spec.js (16.1m)
2026-10-04T15:42:59.7353734Z   Consider running tests from slow files in parallel. See: https://playwright.dev/docs/test-parallel
2026-10-04T15:42:59.7354247Z   2 passed (16.2m)
2026-10-04T15:42:59.8573492Z ##[group]Run actions/upload-artifact@v4
2026-10-04T15:42:59.8573757Z with:
2026-10-04T15:42:59.8573968Z   name: browser-test-results-harbor-sample-2
2026-10-04T15:42:59.8574293Z   path: playwright-report/
test-results/

2026-10-04T15:42:59.8574551Z   if-no-files-found: ignore
2026-10-04T15:42:59.8574763Z   compression-level: 6
2026-10-04T15:42:59.8574950Z   overwrite: false
2026-10-04T15:42:59.8575141Z   include-hidden-files: false
2026-10-04T15:42:59.8575398Z ##[endgroup]
2026-10-04T15:42:59.9942372Z (node:3628) [DEP0040] DeprecationWarning: The `punycode` module is deprecated. Please use a userland alternative instead.
2026-10-04T15:42:59.9943003Z (Use `node --trace-deprecation ...` to show where the warning was created)
2026-10-04T15:43:00.0038071Z Multiple search paths detected. Calculating the least common ancestor of all paths
2026-10-04T15:43:00.0039733Z The least common ancestor is /home/runner/work/neon-harbor/neon-harbor. This will be the root directory of the artifact
2026-10-04T15:43:00.0040853Z With the provided path, there will be 25 files uploaded
2026-10-04T15:43:00.0041689Z Artifact name is valid!
2026-10-04T15:43:00.0042129Z Root directory input is valid!
2026-10-04T15:43:00.2938211Z Beginning upload of artifact content to blob storage
2026-10-04T15:43:00.4208995Z (node:3628) [DEP0169] DeprecationWarning: `url.parse()` behavior is not standardized and prone to errors that have security implications. Use the WHATWG URL API instead. CVEs are not issued for `url.parse()` vulnerabilities.
2026-10-04T15:43:00.7520638Z Uploaded bytes 1854908
2026-10-04T15:43:00.7920505Z Finished uploading artifact content to blob storage!
2026-10-04T15:43:00.7921339Z SHA256 digest of uploaded artifact zip is 0920277107756d77a4248dde3434e93f47ce93569901e867a8d89b272666ac8b
2026-10-04T15:43:00.7922904Z Finalizing artifact upload
2026-10-04T15:43:01.0450603Z Artifact browser-test-results-harbor-sample-2.zip successfully finalized. Artifact ID 11307747210
2026-10-04T15:43:01.0451446Z Artifact browser-test-results-harbor-sample-2 has been successfully uploaded! Final size is 1854908 bytes. Artifact ID is 11307747210
2026-10-04T15:43:01.0454077Z Artifact download URL: https://github.com/qifalab/neon-harbor/actions/runs/37212886714/artifacts/11307747210
2026-10-04T15:43:01.0606061Z Post job cleanup.
2026-10-04T15:43:01.1641985Z (node:3641) [DEP0040] DeprecationWarning: The `punycode` module is deprecated. Please use a userland alternative instead.
2026-10-04T15:43:01.1642683Z (Use `node --trace-deprecation ...` to show where the warning was created)
2026-10-04T15:43:01.1644641Z Cache hit occurred on the primary key node-cache-Linux-x64-npm-6438cc70f01e36935f5c8c9cb620f6c972b229821dda55e94f5b735e54c263b7, not saving cache.
2026-10-04T15:43:01.1749506Z Post job cleanup.
2026-10-04T15:43:01.2485950Z [command]/usr/bin/git version
2026-10-04T15:43:01.2519157Z git version 2.55.0
2026-10-04T15:43:01.2546618Z Temporarily overriding HOME='/home/runner/work/_temp/694d6d00-411e-4f03-80e5-dbdd22d6f535' before making global git config changes
2026-10-04T15:43:01.2548103Z Adding repository directory to the temporary git global config as a safe directory
2026-10-04T15:43:01.2560704Z [command]/usr/bin/git config --global --add safe.directory /home/runner/work/neon-harbor/neon-harbor
2026-10-04T15:43:01.2604482Z [command]/usr/bin/git config --local --name-only --get-regexp core\.sshCommand
2026-10-04T15:43:01.2635200Z [command]/usr/bin/git submodule foreach --recursive sh -c "git config --local --name-only --get-regexp 'core\.sshCommand' && git config --local --unset-all 'core.sshCommand' || :"
2026-10-04T15:43:01.2816190Z [command]/usr/bin/git config --local --name-only --get-regexp http\.https\:\/\/github\.com\/\.extraheader
2026-10-04T15:43:01.2840418Z http.https://github.com/.extraheader
2026-10-04T15:43:01.2855522Z [command]/usr/bin/git config --local --unset-all http.https://github.com/.extraheader
2026-10-04T15:43:01.2882862Z [command]/usr/bin/git submodule foreach --recursive sh -c "git config --local --name-only --get-regexp 'http\.https\:\/\/github\.com\/\.extraheader' && git config --local --unset-all 'http.https://github.com/.extraheader' || :"
2026-10-04T15:43:01.3060279Z [command]/usr/bin/git config --local --name-only --get-regexp ^includeIf\.gitdir:
2026-10-04T15:43:01.3098100Z [command]/usr/bin/git submodule foreach --recursive git config --local --show-origin --name-only --get-regexp remote.origin.url
2026-10-04T15:43:01.3487899Z Cleaning up orphan processes
2026-10-04T15:43:01.3716490Z ##[warning]Node.js 20 is deprecated. The following actions target Node.js 20 but are being forced to run on Node.js 24: actions/checkout@v4, actions/setup-node@v4, actions/upload-artifact@v4. For more information see: https://github.blog/changelog/2025-09-19-deprecation-of-node-20-on-github-actions-runners/
