2026-10-04T15:24:39.6203437Z Current runner version: '2.337.0'
2026-10-04T15:24:39.6225387Z ##[group]Runner Image Provisioner
2026-10-04T15:24:39.6226125Z Hosted Compute Agent
2026-10-04T15:24:39.6226784Z Version: 20260901.588
2026-10-04T15:24:39.6227343Z Commit: f88ec8081b781fac6c440065ac7ff9e710ce3d0b
2026-10-04T15:24:39.6228001Z Build Date: 2026-09-01T19:56:44Z
2026-10-04T15:24:39.6228603Z Worker ID: {b89ed7fc-fedc-437e-9f14-823ab254403e}
2026-10-04T15:24:39.6229185Z Azure Region: westcentralus
2026-10-04T15:24:39.6229656Z ##[endgroup]
2026-10-04T15:24:39.6230862Z ##[group]Operating System
2026-10-04T15:24:39.6231432Z Ubuntu
2026-10-04T15:24:39.6231929Z 24.04.5
2026-10-04T15:24:39.6232358Z LTS
2026-10-04T15:24:39.6232770Z ##[endgroup]
2026-10-04T15:24:39.6233283Z ##[group]Runner Image
2026-10-04T15:24:39.6234033Z Image: ubuntu-24.04
2026-10-04T15:24:39.6234834Z Version: 20260927.320.1
2026-10-04T15:24:39.6235877Z Included Software: https://github.com/actions/runner-images/blob/ubuntu24/20260927.320/images/ubuntu/Ubuntu2404-Readme.md
2026-10-04T15:24:39.6237206Z Image Release: https://github.com/actions/runner-images/releases/tag/ubuntu24%2F20260927.320
2026-10-04T15:24:39.6237985Z ##[endgroup]
2026-10-04T15:24:39.6238928Z ##[group]GITHUB_TOKEN Permissions
2026-10-04T15:24:39.6240698Z Contents: read
2026-10-04T15:24:39.6241232Z Metadata: read
2026-10-04T15:24:39.6241736Z ##[endgroup]
2026-10-04T15:24:39.6243427Z Secret source: Actions
2026-10-04T15:24:39.6244470Z Cache mode: write
2026-10-04T15:24:39.6245031Z Prepare workflow directory
2026-10-04T15:24:39.6515465Z Prepare all required actions
2026-10-04T15:24:39.6555858Z Getting action download info
2026-10-04T15:24:39.9619166Z Download action repository 'actions/checkout@v4' (SHA:11d5960a326750d5838078e36cf38b85af677262)
2026-10-04T15:24:40.0565986Z Download action repository 'actions/setup-node@v4' (SHA:49933ea5288caeca8642d1e84afbd3f7d6820020)
2026-10-04T15:24:40.1584101Z Download action repository 'actions/upload-artifact@v4' (SHA:ea165f8d65b6e75b540449e92b4886f43607fa02)
2026-10-04T15:24:40.3857731Z Complete job name: Build and gameplay tests (living-city)
2026-10-04T15:24:40.4399118Z ##[group]Run actions/checkout@v4
2026-10-04T15:24:40.4399760Z with:
2026-10-04T15:24:40.4400121Z   repository: qifalab/neon-harbor
2026-10-04T15:24:40.4403342Z   token: ***
2026-10-04T15:24:40.4403894Z   ssh-strict: true
2026-10-04T15:24:40.4404243Z   ssh-user: git
2026-10-04T15:24:40.4404598Z   persist-credentials: true
2026-10-04T15:24:40.4404988Z   clean: true
2026-10-04T15:24:40.4405353Z   sparse-checkout-cone-mode: true
2026-10-04T15:24:40.4405756Z   fetch-depth: 1
2026-10-04T15:24:40.4406093Z   fetch-tags: false
2026-10-04T15:24:40.4406444Z   show-progress: true
2026-10-04T15:24:40.4406792Z   lfs: false
2026-10-04T15:24:40.4407116Z   submodules: false
2026-10-04T15:24:40.4407471Z   set-safe-directory: true
2026-10-04T15:24:40.4407878Z   allow-unsafe-pr-checkout: false
2026-10-04T15:24:40.4408439Z ##[endgroup]
2026-10-04T15:24:40.5238209Z Syncing repository: qifalab/neon-harbor
2026-10-04T15:24:40.5240171Z ##[group]Getting Git version info
2026-10-04T15:24:40.5241085Z Working directory is '/home/runner/work/neon-harbor/neon-harbor'
2026-10-04T15:24:40.5242020Z [command]/usr/bin/git version
2026-10-04T15:24:40.5302839Z git version 2.55.0
2026-10-04T15:24:40.5321762Z ##[endgroup]
2026-10-04T15:24:40.5341917Z Temporarily overriding HOME='/home/runner/work/_temp/15582001-2141-4aaa-a1b9-a0c96126c5a5' before making global git config changes
2026-10-04T15:24:40.5353348Z Adding repository directory to the temporary git global config as a safe directory
2026-10-04T15:24:40.5355018Z [command]/usr/bin/git config --global --add safe.directory /home/runner/work/neon-harbor/neon-harbor
2026-10-04T15:24:40.5386244Z Deleting the contents of '/home/runner/work/neon-harbor/neon-harbor'
2026-10-04T15:24:40.5394118Z ##[group]Initializing the repository
2026-10-04T15:24:40.5403865Z [command]/usr/bin/git init /home/runner/work/neon-harbor/neon-harbor
2026-10-04T15:24:40.5558481Z hint: Using 'master' as the name for the initial branch. This default branch name
2026-10-04T15:24:40.5560173Z hint: will change to "main" in Git 3.0. To configure the initial branch name
2026-10-04T15:24:40.5561361Z hint: to use in all of your new repositories, which will suppress this warning,
2026-10-04T15:24:40.5562576Z hint: call:
2026-10-04T15:24:40.5563075Z hint:
2026-10-04T15:24:40.5563838Z hint: 	git config --global init.defaultBranch <name>
2026-10-04T15:24:40.5564597Z hint:
2026-10-04T15:24:40.5565297Z hint: Names commonly chosen instead of 'master' are 'main', 'trunk' and
2026-10-04T15:24:40.5566444Z hint: 'development'. The just-created branch can be renamed via this command:
2026-10-04T15:24:40.5567342Z hint:
2026-10-04T15:24:40.5567825Z hint: 	git branch -m <name>
2026-10-04T15:24:40.5568386Z hint:
2026-10-04T15:24:40.5569145Z hint: Disable this message with "git config set advice.defaultBranchName false"
2026-10-04T15:24:40.5574756Z Initialized empty Git repository in /home/runner/work/neon-harbor/neon-harbor/.git/
2026-10-04T15:24:40.5582918Z [command]/usr/bin/git remote add origin https://github.com/qifalab/neon-harbor
2026-10-04T15:24:40.5633020Z ##[endgroup]
2026-10-04T15:24:40.5634422Z ##[group]Disabling automatic garbage collection
2026-10-04T15:24:40.5636644Z [command]/usr/bin/git config --local gc.auto 0
2026-10-04T15:24:40.5666107Z ##[endgroup]
2026-10-04T15:24:40.5666995Z ##[group]Setting up auth
2026-10-04T15:24:40.5671761Z [command]/usr/bin/git config --local --name-only --get-regexp core\.sshCommand
2026-10-04T15:24:40.5701020Z [command]/usr/bin/git submodule foreach --recursive sh -c "git config --local --name-only --get-regexp 'core\.sshCommand' && git config --local --unset-all 'core.sshCommand' || :"
2026-10-04T15:24:40.6291194Z [command]/usr/bin/git config --local --name-only --get-regexp http\.https\:\/\/github\.com\/\.extraheader
2026-10-04T15:24:40.6321613Z [command]/usr/bin/git submodule foreach --recursive sh -c "git config --local --name-only --get-regexp 'http\.https\:\/\/github\.com\/\.extraheader' && git config --local --unset-all 'http.https://github.com/.extraheader' || :"
2026-10-04T15:24:40.6516932Z [command]/usr/bin/git config --local --name-only --get-regexp ^includeIf\.gitdir:
2026-10-04T15:24:40.6549520Z [command]/usr/bin/git submodule foreach --recursive git config --local --show-origin --name-only --get-regexp remote.origin.url
2026-10-04T15:24:40.6753846Z [command]/usr/bin/git config --local http.https://github.com/.extraheader AUTHORIZATION: basic ***
2026-10-04T15:24:40.6790515Z ##[endgroup]
2026-10-04T15:24:40.6791687Z ##[group]Fetching the repository
2026-10-04T15:24:40.6799237Z [command]/usr/bin/git -c protocol.version=2 fetch --no-tags --prune --no-recurse-submodules --depth=1 origin +0330df7ee1042d0f211304b042e01cdf6a0b4d44:refs/remotes/origin/main
2026-10-04T15:24:46.5720052Z From https://github.com/qifalab/neon-harbor
2026-10-04T15:24:46.5722178Z  * [new ref]         0330df7ee1042d0f211304b042e01cdf6a0b4d44 -> origin/main
2026-10-04T15:24:46.5726901Z ##[endgroup]
2026-10-04T15:24:46.5728276Z ##[group]Determining the checkout info
2026-10-04T15:24:46.5729987Z ##[endgroup]
2026-10-04T15:24:46.5730939Z [command]/usr/bin/git sparse-checkout disable
2026-10-04T15:24:46.5780430Z [command]/usr/bin/git config --local --unset-all extensions.worktreeConfig
2026-10-04T15:24:46.5809400Z ##[group]Checking out the ref
2026-10-04T15:24:46.5813088Z [command]/usr/bin/git checkout --progress --force -B main refs/remotes/origin/main
2026-10-04T15:24:46.7561572Z Switched to a new branch 'main'
2026-10-04T15:24:46.7564484Z branch 'main' set up to track 'origin/main'.
2026-10-04T15:24:46.7592811Z ##[endgroup]
2026-10-04T15:24:46.7632829Z [command]/usr/bin/git log -1 --format=%H
2026-10-04T15:24:46.7656403Z 0330df7ee1042d0f211304b042e01cdf6a0b4d44
2026-10-04T15:24:46.7964421Z ##[group]Run actions/setup-node@v4
2026-10-04T15:24:46.8022197Z with:
2026-10-04T15:24:46.8022975Z   node-version: 22
2026-10-04T15:24:46.8023900Z   cache: npm
2026-10-04T15:24:46.8024570Z   always-auth: false
2026-10-04T15:24:46.8025312Z   check-latest: false
2026-10-04T15:24:46.8033554Z   token: ***
2026-10-04T15:24:46.8034302Z ##[endgroup]
2026-10-04T15:24:46.9222549Z Found in cache @ /opt/hostedtoolcache/node/22.23.3/x64
2026-10-04T15:24:46.9225532Z (node:2137) [DEP0040] DeprecationWarning: The `punycode` module is deprecated. Please use a userland alternative instead.
2026-10-04T15:24:46.9228489Z (Use `node --trace-deprecation ...` to show where the warning was created)
2026-10-04T15:24:46.9230390Z ##[group]Environment details
2026-10-04T15:24:47.2881877Z node: v22.23.3
2026-10-04T15:24:47.2882419Z npm: 10.9.9
2026-10-04T15:24:47.2926793Z yarn: 1.22.22
2026-10-04T15:24:47.2927891Z ##[endgroup]
2026-10-04T15:24:47.2928565Z [command]/opt/hostedtoolcache/node/22.23.3/x64/bin/npm config get cache
2026-10-04T15:24:47.4145658Z /home/runner/.npm
2026-10-04T15:24:47.6039486Z Cache hit for: node-cache-Linux-x64-npm-6438cc70f01e36935f5c8c9cb620f6c972b229821dda55e94f5b735e54c263b7
2026-10-04T15:24:47.6127067Z (node:2137) [DEP0169] DeprecationWarning: `url.parse()` behavior is not standardized and prone to errors that have security implications. Use the WHATWG URL API instead. CVEs are not issued for `url.parse()` vulnerabilities.
2026-10-04T15:24:48.5350903Z Received 3980947 of 3980947 (100.0%), 5.5 MBs/sec
2026-10-04T15:24:48.5351463Z Cache Size: ~4 MB (3980947 B)
2026-10-04T15:24:48.5373795Z [command]/usr/bin/tar -xf /home/runner/work/_temp/aebd6b44-632f-4a5e-aa70-3e544673b6de/cache.tzst -P -C /home/runner/work/neon-harbor/neon-harbor --use-compress-program unzstd
2026-10-04T15:24:48.5470140Z Cache restored successfully
2026-10-04T15:24:48.5475832Z Cache restored from key: node-cache-Linux-x64-npm-6438cc70f01e36935f5c8c9cb620f6c972b229821dda55e94f5b735e54c263b7
2026-10-04T15:24:48.5665280Z ##[group]Run npm ci
2026-10-04T15:24:48.5665529Z [36;1mnpm ci[0m
2026-10-04T15:24:48.6248518Z shell: /usr/bin/bash -e {0}
2026-10-04T15:24:48.6248893Z ##[endgroup]
2026-10-04T15:24:49.6034552Z 
2026-10-04T15:24:49.6040154Z added 3 packages, and audited 4 packages in 926ms
2026-10-04T15:24:49.6040611Z 
2026-10-04T15:24:49.6040820Z found 0 vulnerabilities
2026-10-04T15:24:49.6373558Z ##[group]Run npm test
2026-10-04T15:24:49.6374182Z [36;1mnpm test[0m
2026-10-04T15:24:49.6431842Z shell: /usr/bin/bash -e {0}
2026-10-04T15:24:49.6432072Z ##[endgroup]
2026-10-04T15:24:49.7700882Z 
2026-10-04T15:24:49.7701738Z > neon-harbor@0.8.0 test
2026-10-04T15:24:49.7702244Z > node --test tests/*.test.js
2026-10-04T15:24:49.7702542Z 
2026-10-04T15:24:49.8215379Z TAP version 13
2026-10-04T15:24:49.9552065Z # Subtest: render interpolation removes fixed-step staircasing at 30/60/90/144 Hz and uneven cadences
2026-10-04T15:24:49.9584637Z ok 1 - render interpolation removes fixed-step staircasing at 30/60/90/144 Hz and uneven cadences
2026-10-04T15:24:49.9615039Z   ---
2026-10-04T15:24:49.9622688Z   duration_ms: 61.384073
2026-10-04T15:24:49.9623363Z   type: 'test'
2026-10-04T15:24:49.9624032Z   ...
2026-10-04T15:24:49.9624910Z # Subtest: yaw interpolation follows the shortest arc; ground, pitch and roll remain shared
2026-10-04T15:24:49.9626162Z ok 2 - yaw interpolation follows the shortest arc; ground, pitch and roll remain shared
2026-10-04T15:24:49.9626918Z   ---
2026-10-04T15:24:49.9627359Z   duration_ms: 0.479818
2026-10-04T15:24:49.9627854Z   type: 'test'
2026-10-04T15:24:49.9628281Z   ...
2026-10-04T15:24:49.9629109Z # Subtest: teleports and entering or leaving a vehicle never interpolate across the city
2026-10-04T15:24:49.9630173Z ok 3 - teleports and entering or leaving a vehicle never interpolate across the city
2026-10-04T15:24:49.9630869Z   ---
2026-10-04T15:24:49.9631280Z   duration_ms: 2.537206
2026-10-04T15:24:49.9631752Z   type: 'test'
2026-10-04T15:24:49.9632191Z   ...
2026-10-04T15:24:49.9632964Z # Subtest: rendered OBB interpolation cannot clip a corner between two legal headings
2026-10-04T15:24:49.9634244Z ok 4 - rendered OBB interpolation cannot clip a corner between two legal headings
2026-10-04T15:24:49.9635106Z   ---
2026-10-04T15:24:49.9635580Z   duration_ms: 0.52127
2026-10-04T15:24:49.9636558Z   type: 'test'
2026-10-04T15:24:49.9637009Z   ...
2026-10-04T15:24:49.9637803Z # Subtest: sequential legal vehicle moves cannot produce a colliding render interpolant
2026-10-04T15:24:49.9638859Z ok 5 - sequential legal vehicle moves cannot produce a colliding render interpolant
2026-10-04T15:24:49.9639593Z   ---
2026-10-04T15:24:49.9640039Z   duration_ms: 0.358386
2026-10-04T15:24:49.9640518Z   type: 'test'
2026-10-04T15:24:49.9641040Z   ...
2026-10-04T15:24:49.9641823Z # Subtest: moving-target exponential damping is cadence-independent at constant speed
2026-10-04T15:24:49.9642948Z ok 6 - moving-target exponential damping is cadence-independent at constant speed
2026-10-04T15:24:49.9643882Z   ---
2026-10-04T15:24:49.9644358Z   duration_ms: 0.433628
2026-10-04T15:24:49.9644849Z   type: 'test'
2026-10-04T15:24:49.9645285Z   ...
2026-10-04T15:24:49.9646053Z # Subtest: chase camera position, look target and yaw stay consistent at 30/60/144 Hz
2026-10-04T15:24:49.9647141Z ok 7 - chase camera position, look target and yaw stay consistent at 30/60/144 Hz
2026-10-04T15:24:49.9647886Z   ---
2026-10-04T15:24:49.9648332Z   duration_ms: 22.306175
2026-10-04T15:24:49.9648851Z   type: 'test'
2026-10-04T15:24:49.9649308Z   ...
2026-10-04T15:24:49.9650066Z # Subtest: camera follows the same bounded simulation time at 4 Hz and uneven slow frames
2026-10-04T15:24:49.9651185Z ok 8 - camera follows the same bounded simulation time at 4 Hz and uneven slow frames
2026-10-04T15:24:49.9651922Z   ---
2026-10-04T15:24:49.9652380Z   duration_ms: 5.091918
2026-10-04T15:24:49.9652862Z   type: 'test'
2026-10-04T15:24:49.9653309Z   ...
2026-10-04T15:24:49.9654419Z # Subtest: height-aware swept camera clears curbs, catches thin walls, and pads the near plane
2026-10-04T15:24:49.9655583Z ok 9 - height-aware swept camera clears curbs, catches thin walls, and pads the near plane
2026-10-04T15:24:49.9656356Z   ---
2026-10-04T15:24:49.9656813Z   duration_ms: 0.790573
2026-10-04T15:24:49.9657291Z   type: 'test'
2026-10-04T15:24:49.9657737Z   ...
2026-10-04T15:24:49.9658878Z # Subtest: camera focus inside foliage is moved to a legal pivot before the boom sweep
2026-10-04T15:24:49.9660037Z ok 10 - camera focus inside foliage is moved to a legal pivot before the boom sweep
2026-10-04T15:24:49.9660756Z   ---
2026-10-04T15:24:49.9661223Z   duration_ms: 0.637894
2026-10-04T15:24:49.9661691Z   type: 'test'
2026-10-04T15:24:49.9662117Z   ...
2026-10-04T15:24:49.9662928Z # Subtest: camera retracts without entering buildings and releases an obstruction gradually
2026-10-04T15:24:49.9664134Z ok 11 - camera retracts without entering buildings and releases an obstruction gradually
2026-10-04T15:24:49.9664852Z   ---
2026-10-04T15:24:49.9665285Z   duration_ms: 0.327029
2026-10-04T15:24:49.9665752Z   type: 'test'
2026-10-04T15:24:49.9666216Z   ...
2026-10-04T15:24:49.9667084Z # Subtest: camera takes shortest yaw arc and does not advance its pose with a zero timestep
2026-10-04T15:24:49.9668271Z ok 12 - camera takes shortest yaw arc and does not advance its pose with a zero timestep
2026-10-04T15:24:49.9669045Z   ---
2026-10-04T15:24:49.9669474Z   duration_ms: 0.86245
2026-10-04T15:24:49.9669939Z   type: 'test'
2026-10-04T15:24:49.9670360Z   ...
2026-10-04T15:25:13.9505610Z # Subtest: the northern resident network has legal doorstep routes, unobstructed station entrances and real crossing edges
2026-10-04T15:25:13.9517132Z ok 13 - the northern resident network has legal doorstep routes, unobstructed station entrances and real crossing edges
2026-10-04T15:25:13.9517971Z   ---
2026-10-04T15:25:13.9518843Z   duration_ms: 4651.655963
2026-10-04T15:25:13.9519202Z   type: 'test'
2026-10-04T15:25:13.9519481Z   ...
2026-10-04T15:25:13.9520475Z # Subtest: all 240 residents finish real work visits, use all four shared routes, return and rest in actual homes without stranded journeys
2026-10-04T15:25:13.9521945Z ok 14 - all 240 residents finish real work visits, use all four shared routes, return and rest in actual homes without stranded journeys
2026-10-04T15:25:13.9523397Z   ---
2026-10-04T15:25:13.9524245Z   duration_ms: 15113.538113
2026-10-04T15:25:13.9524605Z   type: 'test'
2026-10-04T15:25:13.9524879Z   ...
2026-10-04T15:25:13.9525856Z # Subtest: citizens enter a crossing only with enough green time, and traffic yields for the occupied lane and releases it after the walker leaves
2026-10-04T15:25:13.9527372Z ok 15 - citizens enter a crossing only with enough green time, and traffic yields for the occupied lane and releases it after the walker leaves
2026-10-04T15:25:13.9528188Z   ---
2026-10-04T15:25:13.9528469Z   duration_ms: 60.026535
2026-10-04T15:25:13.9528792Z   type: 'test'
2026-10-04T15:25:13.9529069Z   ...
2026-10-04T15:25:13.9529981Z # Subtest: working periods keep residents at their real posts and the night change starts a walk home without resetting position
2026-10-04T15:25:13.9531330Z ok 16 - working periods keep residents at their real posts and the night change starts a walk home without resetting position
2026-10-04T15:25:13.9532071Z   ---
2026-10-04T15:25:13.9532368Z   duration_ms: 1418.164111
2026-10-04T15:25:13.9532704Z   type: 'test'
2026-10-04T15:25:13.9532972Z   ...
2026-10-04T15:25:13.9533807Z # Subtest: every assigned home and workplace has a clear arrival and departure through its actual room door
2026-10-04T15:25:13.9534808Z ok 17 - every assigned home and workplace has a clear arrival and departure through its actual room door
2026-10-04T15:25:13.9535382Z   ---
2026-10-04T15:25:13.9535636Z   duration_ms: 574.101419
2026-10-04T15:25:13.9535942Z   type: 'test'
2026-10-04T15:25:13.9536282Z   ...
2026-10-04T15:25:13.9536987Z # Subtest: boarding paths align with real carriage doors and keep passengers out of carriage gaps and the ferry cabin
2026-10-04T15:25:13.9538140Z ok 18 - boarding paths align with real carriage doors and keep passengers out of carriage gaps and the ferry cabin
2026-10-04T15:25:13.9538796Z   ---
2026-10-04T15:25:13.9539049Z   duration_ms: 1.964287
2026-10-04T15:25:13.9539356Z   type: 'test'
2026-10-04T15:25:13.9539612Z   ...
2026-10-04T15:25:13.9540640Z # Subtest: elevated station lift poses have continuous movement, real landings and enough door time to walk aboard
2026-10-04T15:25:13.9541784Z ok 19 - elevated station lift poses have continuous movement, real landings and enough door time to walk aboard
2026-10-04T15:25:13.9542431Z   ---
2026-10-04T15:25:13.9542685Z   duration_ms: 1.852769
2026-10-04T15:25:13.9542980Z   type: 'test'
2026-10-04T15:25:13.9543234Z   ...
2026-10-04T15:25:20.7792049Z # Subtest: integrated building travel, continuous elevator and forced departure restore outdoor collision and cars
2026-10-04T15:25:20.7796605Z ok 20 - integrated building travel, continuous elevator and forced departure restore outdoor collision and cars
2026-10-04T15:25:20.7797264Z   ---
2026-10-04T15:25:20.7797657Z   duration_ms: 8933.655818
2026-10-04T15:25:20.7798123Z   type: 'test'
2026-10-04T15:25:20.7798541Z   ...
2026-10-04T15:25:20.7800021Z # Subtest: underground platform remains below street and transit motion does not trigger teleports or reindex every tick
2026-10-04T15:25:20.7801581Z ok 21 - underground platform remains below street and transit motion does not trigger teleports or reindex every tick
2026-10-04T15:25:20.7802460Z   ---
2026-10-04T15:25:20.7802899Z   duration_ms: 15676.760701
2026-10-04T15:25:20.7803367Z   type: 'test'
2026-10-04T15:25:20.7803969Z   ...
2026-10-04T15:25:20.7804771Z # Subtest: a saved journey from the north ferry restores at its own pier, including after departure
2026-10-04T15:25:20.7805947Z ok 22 - a saved journey from the north ferry restores at its own pier, including after departure
2026-10-04T15:25:20.7806732Z   ---
2026-10-04T15:25:20.7807179Z   duration_ms: 6213.468115
2026-10-04T15:25:20.7807655Z   type: 'test'
2026-10-04T15:25:20.7808105Z   ...
2026-10-04T15:25:20.7809090Z # Subtest: camera supports below-sea-level clearance and seated passenger views without roof-crossing chase booms
2026-10-04T15:25:20.7810451Z ok 23 - camera supports below-sea-level clearance and seated passenger views without roof-crossing chase booms
2026-10-04T15:25:20.7811765Z   ---
2026-10-04T15:25:20.7812243Z   duration_ms: 0.860706
2026-10-04T15:25:20.7812724Z   type: 'test'
2026-10-04T15:25:20.7813149Z   ...
2026-10-04T15:25:20.8338486Z # Subtest: collapsed city guide lists addresses without reading floor contents or constructing room rows
2026-10-04T15:25:20.8339879Z ok 24 - collapsed city guide lists addresses without reading floor contents or constructing room rows
2026-10-04T15:25:20.8340735Z   ---
2026-10-04T15:25:20.8341203Z   duration_ms: 5.858645
2026-10-04T15:25:20.8341646Z   type: 'test'
2026-10-04T15:25:20.8342050Z   ...
2026-10-04T15:25:20.8342918Z # Subtest: first disclosure resolves its current floor and room records once, including both compact rooms
2026-10-04T15:25:20.8344226Z ok 25 - first disclosure resolves its current floor and room records once, including both compact rooms
2026-10-04T15:25:20.8344947Z   ---
2026-10-04T15:25:20.8345357Z   duration_ms: 6.94451
2026-10-04T15:25:20.8345784Z   type: 'test'
2026-10-04T15:25:20.8346227Z   ...
2026-10-04T15:25:20.8347068Z # Subtest: search and district filtering preserve visit targets without resolving hidden floor programmes
2026-10-04T15:25:20.8348230Z ok 26 - search and district filtering preserve visit targets without resolving hidden floor programmes
2026-10-04T15:25:20.8348946Z   ---
2026-10-04T15:25:20.8349342Z   duration_ms: 12.605821
2026-10-04T15:25:20.8349781Z   type: 'test'
2026-10-04T15:25:20.8350186Z   ...
2026-10-04T15:25:20.8351041Z # Subtest: every address targets its own entrance and safely restores its exterior, traffic and save position
2026-10-04T15:25:20.8352204Z ok 27 - every address targets its own entrance and safely restores its exterior, traffic and save position
2026-10-04T15:25:20.8352942Z   ---
2026-10-04T15:25:20.8353338Z   duration_ms: 5176.353543
2026-10-04T15:25:20.8353979Z   type: 'test'
2026-10-04T15:25:20.8354487Z   ...
2026-10-04T15:25:20.8355488Z # Subtest: every occupied floor has finite positive solids, rooms inside its footprint, a clear arrival and continuous stair elevations
2026-10-04T15:25:20.8370867Z ok 28 - every occupied floor has finite positive solids, rooms inside its footprint, a clear arrival and continuous stair elevations
2026-10-04T15:25:20.8394422Z   ---
2026-10-04T15:25:20.8417032Z   duration_ms: 4003.335938
2026-10-04T15:25:20.8417682Z   type: 'test'
2026-10-04T15:25:20.8418202Z   ...
2026-10-04T15:25:20.8419202Z # Subtest: multiplayer accepts the actual eastern top floors and rejects out-of-world or nonfinite positions
2026-10-04T15:25:20.8420586Z ok 29 - multiplayer accepts the actual eastern top floors and rejects out-of-world or nonfinite positions
2026-10-04T15:25:20.8421417Z   ---
2026-10-04T15:25:20.8421822Z   duration_ms: 0.897824
2026-10-04T15:25:20.8422387Z   type: 'test'
2026-10-04T15:25:20.8422791Z   ...
2026-10-04T15:25:20.8423994Z # Subtest: a south shell stays hidden through an actual streamed load and restores valid culling bounds and fallback scenery on exit
2026-10-04T15:25:20.8425641Z ok 30 - a south shell stays hidden through an actual streamed load and restores valid culling bounds and fallback scenery on exit
2026-10-04T15:25:20.8426592Z   ---
2026-10-04T15:25:20.8427077Z   duration_ms: 232.166065
2026-10-04T15:25:20.8427586Z   type: 'test'
2026-10-04T15:25:20.8428000Z   ...
2026-10-04T15:25:20.8428847Z # Subtest: prepare fetches only nearby real district payloads and exposes resident metrics
2026-10-04T15:25:20.8430027Z ok 31 - prepare fetches only nearby real district payloads and exposes resident metrics
2026-10-04T15:25:20.8430854Z   ---
2026-10-04T15:25:20.8431381Z   duration_ms: 4.279801
2026-10-04T15:25:20.8431914Z   type: 'test'
2026-10-04T15:25:20.8432388Z   ...
2026-10-04T15:25:20.8433337Z # Subtest: directional prefetch anticipates travel while distance and hysteresis drive actual disposal
2026-10-04T15:25:20.8434785Z ok 32 - directional prefetch anticipates travel while distance and hysteresis drive actual disposal
2026-10-04T15:25:20.8435608Z   ---
2026-10-04T15:25:20.8436436Z   duration_ms: 6.870549
2026-10-04T15:25:20.8436949Z   type: 'test'
2026-10-04T15:25:20.8437403Z   ...
2026-10-04T15:25:20.8438138Z # Subtest: resident budget is a hard bound even when more targets are nearby
2026-10-04T15:25:20.8439115Z ok 33 - resident budget is a hard bound even when more targets are nearby
2026-10-04T15:25:20.8439849Z   ---
2026-10-04T15:25:20.8440269Z   duration_ms: 0.555733
2026-10-04T15:25:20.8440826Z   type: 'test'
2026-10-04T15:25:20.8441224Z   ...
2026-10-04T15:25:20.8494994Z # Subtest: failed near district remains failed until retry succeeds without pretending a proxy is full detail
2026-10-04T15:25:20.8496388Z ok 34 - failed near district remains failed until retry succeeds without pretending a proxy is full detail
2026-10-04T15:25:20.8497169Z   ---
2026-10-04T15:25:20.8497606Z   duration_ms: 0.647937
2026-10-04T15:25:20.8498053Z   type: 'test'
2026-10-04T15:25:20.8498457Z   ...
2026-10-04T15:25:20.8499220Z # Subtest: dispose settles prepare, releases late payloads, and never attaches after disposal
2026-10-04T15:25:20.8500301Z ok 35 - dispose settles prepare, releases late payloads, and never attaches after disposal
2026-10-04T15:25:20.8500994Z   ---
2026-10-04T15:25:20.8501399Z   duration_ms: 3.851528
2026-10-04T15:25:20.8501829Z   type: 'test'
2026-10-04T15:25:20.8502237Z   ...
2026-10-04T15:25:20.8502907Z # Subtest: cancelled district can be revisited before its aborted request settles
2026-10-04T15:25:20.8503987Z ok 36 - cancelled district can be revisited before its aborted request settles
2026-10-04T15:25:20.8504645Z   ---
2026-10-04T15:25:20.8505040Z   duration_ms: 5.290989
2026-10-04T15:25:20.8505480Z   type: 'test'
2026-10-04T15:25:20.8505893Z   ...
2026-10-04T15:25:20.8506580Z # Subtest: old request failure cannot overwrite the latest successful prepare state
2026-10-04T15:25:20.8507555Z ok 37 - old request failure cannot overwrite the latest successful prepare state
2026-10-04T15:25:20.8508183Z   ---
2026-10-04T15:25:20.8508588Z   duration_ms: 2.491353
2026-10-04T15:25:20.8509031Z   type: 'test'
2026-10-04T15:25:20.8509413Z   ...
2026-10-04T15:25:20.8510400Z # Subtest: chunk validation rejects malformed geometry before creating GPU resources
2026-10-04T15:25:20.8511449Z ok 38 - chunk validation rejects malformed geometry before creating GPU resources
2026-10-04T15:25:20.8512121Z   ---
2026-10-04T15:25:20.8512515Z   duration_ms: 0.484281
2026-10-04T15:25:20.8512931Z   type: 'test'
2026-10-04T15:25:20.8513506Z   ...
2026-10-04T15:25:20.8514357Z # Subtest: a normal 60 Hz steering arc cannot graze a building corner between two clear endpoints
2026-10-04T15:25:20.8515530Z ok 39 - a normal 60 Hz steering arc cannot graze a building corner between two clear endpoints
2026-10-04T15:25:20.8516305Z   ---
2026-10-04T15:25:20.8516772Z   duration_ms: 15.601321
2026-10-04T15:25:20.8517234Z   type: 'test'
2026-10-04T15:25:20.8517660Z   ...
2026-10-04T15:25:20.8518379Z # Subtest: a short diagonal translation cannot cut a building corner with clear endpoints
2026-10-04T15:25:20.8519406Z ok 40 - a short diagonal translation cannot cut a building corner with clear endpoints
2026-10-04T15:25:20.8520098Z   ---
2026-10-04T15:25:20.8520511Z   duration_ms: 12.280936
2026-10-04T15:25:20.8520971Z   type: 'test'
2026-10-04T15:25:20.8521387Z   ...
2026-10-04T15:25:20.8522112Z # Subtest: grazing the corner of another vehicle stays blocked between clear endpoints
2026-10-04T15:25:20.8523132Z ok 41 - grazing the corner of another vehicle stays blocked between clear endpoints
2026-10-04T15:25:20.8523955Z   ---
2026-10-04T15:25:20.8524464Z   duration_ms: 2.339404
2026-10-04T15:25:20.8524950Z   type: 'test'
2026-10-04T15:25:20.8525356Z   ...
2026-10-04T15:25:20.8526147Z # Subtest: the circular pedestrian footprint cannot cross a shallow rounded corner between samples
2026-10-04T15:25:20.8527228Z ok 42 - the circular pedestrian footprint cannot cross a shallow rounded corner between samples
2026-10-04T15:25:20.8527980Z   ---
2026-10-04T15:25:20.8528394Z   duration_ms: 15.550937
2026-10-04T15:25:20.8528846Z   type: 'test'
2026-10-04T15:25:20.8529586Z   ...
2026-10-04T15:25:20.8530391Z # Subtest: the prospective supported vehicle envelope and height participate in collision
2026-10-04T15:25:20.8531541Z ok 43 - the prospective supported vehicle envelope and height participate in collision
2026-10-04T15:25:20.8532296Z   ---
2026-10-04T15:25:20.8532753Z   duration_ms: 1.308875
2026-10-04T15:25:20.8533237Z   type: 'test'
2026-10-04T15:25:20.8533830Z   ...
2026-10-04T15:25:20.8534570Z # Subtest: stepping onto higher ground under an awning cannot eject an entity sideways
2026-10-04T15:25:20.8535436Z ok 44 - stepping onto higher ground under an awning cannot eject an entity sideways
2026-10-04T15:25:20.8536063Z   ---
2026-10-04T15:25:20.8536436Z   duration_ms: 5.503423
2026-10-04T15:25:20.8536865Z   type: 'test'
2026-10-04T15:25:20.8537268Z   ...
2026-10-04T15:25:20.8538022Z # Subtest: vehicle bounds contain the full rotated footprint and swap width/length at a quarter turn
2026-10-04T15:25:20.8539120Z ok 45 - vehicle bounds contain the full rotated footprint and swap width/length at a quarter turn
2026-10-04T15:25:20.8539831Z   ---
2026-10-04T15:25:20.8540223Z   duration_ms: 2.225891
2026-10-04T15:25:20.8540639Z   type: 'test'
2026-10-04T15:25:20.8541024Z   ...
2026-10-04T15:25:20.8541700Z # Subtest: SAT catches a vehicle nose beyond the old centre radius and its rotated outer corner
2026-10-04T15:25:20.8564357Z ok 46 - SAT catches a vehicle nose beyond the old centre radius and its rotated outer corner
2026-10-04T15:25:20.8565114Z   ---
2026-10-04T15:25:20.8565556Z   duration_ms: 0.595345
2026-10-04T15:25:20.8566039Z   type: 'test'
2026-10-04T15:25:20.8566460Z   ...
2026-10-04T15:25:20.8567313Z # Subtest: SAT reports a separation normal, permits touching and rejects separated rotated rectangles
2026-10-04T15:25:20.8568578Z ok 47 - SAT reports a separation normal, permits touching and rejects separated rotated rectangles
2026-10-04T15:25:20.8569392Z   ---
2026-10-04T15:25:20.8569865Z   duration_ms: 0.289926
2026-10-04T15:25:20.8570373Z   type: 'test'
2026-10-04T15:25:20.8570778Z   ...
2026-10-04T15:25:20.8571818Z # Subtest: circle/OBB checks the whole foot radius without treating clear diagonal corners as walls
2026-10-04T15:25:20.8573027Z ok 48 - circle/OBB checks the whole foot radius without treating clear diagonal corners as walls
2026-10-04T15:25:20.8573959Z   ---
2026-10-04T15:25:20.8574417Z   duration_ms: 0.325421
2026-10-04T15:25:20.8574896Z   type: 'test'
2026-10-04T15:25:20.8575337Z   ...
2026-10-04T15:25:20.8576261Z # Subtest: spatial queries find large colliders across cell edges, including negative coordinates, without duplicates
2026-10-04T15:25:20.8577775Z ok 49 - spatial queries find large colliders across cell edges, including negative coordinates, without duplicates
2026-10-04T15:25:20.8578640Z   ---
2026-10-04T15:25:20.8579082Z   duration_ms: 1.379506
2026-10-04T15:25:20.8579564Z   type: 'test'
2026-10-04T15:25:20.8580000Z   ...
2026-10-04T15:25:20.8580839Z # Subtest: a fast vehicle cannot tunnel through a thin wall, even across a long one-frame displacement
2026-10-04T15:25:20.8582163Z ok 50 - a fast vehicle cannot tunnel through a thin wall, even across a long one-frame displacement
2026-10-04T15:25:20.8582931Z   ---
2026-10-04T15:25:20.8583324Z   duration_ms: 9.770985
2026-10-04T15:25:20.8583882Z   type: 'test'
2026-10-04T15:25:20.8584274Z   ...
2026-10-04T15:25:20.8585116Z # Subtest: a rotation sweep cannot pass through a thin obstacle even when the final orientation would be clear
2026-10-04T15:25:20.8586297Z ok 51 - a rotation sweep cannot pass through a thin obstacle even when the final orientation would be clear
2026-10-04T15:25:20.8587060Z   ---
2026-10-04T15:25:20.8587462Z   duration_ms: 29.561204
2026-10-04T15:25:20.8587890Z   type: 'test'
2026-10-04T15:25:20.8588267Z   ...
2026-10-04T15:25:20.8589026Z # Subtest: continuous diagonal pressure slides along a wall without bouncing or oscillating
2026-10-04T15:25:20.8590061Z ok 52 - continuous diagonal pressure slides along a wall without bouncing or oscillating
2026-10-04T15:25:20.8591058Z   ---
2026-10-04T15:25:20.8591454Z   duration_ms: 10.643025
2026-10-04T15:25:20.8591867Z   type: 'test'
2026-10-04T15:25:20.8592246Z   ...
2026-10-04T15:25:20.8592977Z # Subtest: walking keeps the entire character circle outside a thin wall during a swept move
2026-10-04T15:25:20.8594169Z ok 53 - walking keeps the entire character circle outside a thin wall during a swept move
2026-10-04T15:25:20.8594865Z   ---
2026-10-04T15:25:20.8595259Z   duration_ms: 1.801629
2026-10-04T15:25:20.8595688Z   type: 'test'
2026-10-04T15:25:20.8596070Z   ...
2026-10-04T15:25:20.8596818Z # Subtest: parked and moving vehicles both block a swept vehicle without moving the other car
2026-10-04T15:25:20.8597883Z ok 54 - parked and moving vehicles both block a swept vehicle without moving the other car
2026-10-04T15:25:20.8598604Z   ---
2026-10-04T15:25:20.8598991Z   duration_ms: 6.898333
2026-10-04T15:25:20.8599425Z   type: 'test'
2026-10-04T15:25:20.8599817Z   ...
2026-10-04T15:25:20.8600625Z # Subtest: walking collides with parked cars and dynamic self references never block their own movement
2026-10-04T15:25:20.8601808Z ok 55 - walking collides with parked cars and dynamic self references never block their own movement
2026-10-04T15:25:20.8602541Z   ---
2026-10-04T15:25:20.8602943Z   duration_ms: 3.548894
2026-10-04T15:25:20.8603384Z   type: 'test'
2026-10-04T15:25:20.8603955Z   ...
2026-10-04T15:25:20.8604641Z # Subtest: a car stops for a pedestrian using the pedestrian full circular footprint
2026-10-04T15:25:20.8605589Z ok 56 - a car stops for a pedestrian using the pedestrian full circular footprint
2026-10-04T15:25:20.8606222Z   ---
2026-10-04T15:25:20.8606601Z   duration_ms: 5.886454
2026-10-04T15:25:20.8607016Z   type: 'test'
2026-10-04T15:25:20.8632060Z   ...
2026-10-04T15:25:20.8633081Z # Subtest: height filtering blocks building sides while allowing rooftop travel and passage beneath elevated solids
2026-10-04T15:25:20.8634609Z ok 57 - height filtering blocks building sides while allowing rooftop travel and passage beneath elevated solids
2026-10-04T15:25:20.8635678Z   ---
2026-10-04T15:25:20.8636111Z   duration_ms: 17.21808
2026-10-04T15:25:20.8636552Z   type: 'test'
2026-10-04T15:25:20.8636954Z   ...
2026-10-04T15:25:20.8637716Z # Subtest: world boundaries constrain the rotated vehicle footprint and full character radius
2026-10-04T15:25:20.8638800Z ok 58 - world boundaries constrain the rotated vehicle footprint and full character radius
2026-10-04T15:25:20.8639491Z   ---
2026-10-04T15:25:20.8639877Z   duration_ms: 29.395824
2026-10-04T15:25:20.8640300Z   type: 'test'
2026-10-04T15:25:20.8640681Z   ...
2026-10-04T15:25:20.8641391Z # Subtest: legacy overlapping poses are repaired once and remain stable while stationary
2026-10-04T15:25:20.8642407Z ok 59 - legacy overlapping poses are repaired once and remain stable while stationary
2026-10-04T15:25:20.8643105Z   ---
2026-10-04T15:25:20.8643510Z   duration_ms: 6.522964
2026-10-04T15:25:20.8644109Z   type: 'test'
2026-10-04T15:25:20.8644522Z   ...
2026-10-04T15:25:20.8645295Z # Subtest: camera-only foliage never becomes a physical wall at overlapping character height
2026-10-04T15:25:20.8646354Z ok 60 - camera-only foliage never becomes a physical wall at overlapping character height
2026-10-04T15:25:20.8647054Z   ---
2026-10-04T15:25:20.8647440Z   duration_ms: 0.903108
2026-10-04T15:25:20.8647880Z   type: 'test'
2026-10-04T15:25:20.8648281Z   ...
2026-10-04T15:25:20.8649166Z # Subtest: every compact building supports all-floor stair walks, furnished-room entries, lift return and street exit
2026-10-04T15:25:20.8650435Z ok 61 - every compact building supports all-floor stair walks, furnished-room entries, lift return and street exit
2026-10-04T15:25:20.8651201Z   ---
2026-10-04T15:25:20.8651587Z   duration_ms: 5297.034943
2026-10-04T15:25:20.8652019Z   type: 'test'
2026-10-04T15:25:20.8652511Z   ...
2026-10-04T15:25:20.8653356Z # Subtest: minimum compact shell keeps real stair openings, clear cabin approach and height-filtered exterior prompts
2026-10-04T15:25:20.8655630Z ok 62 - minimum compact shell keeps real stair openings, clear cabin approach and height-filtered exterior prompts
2026-10-04T15:25:20.8656478Z   ---
2026-10-04T15:25:20.8656872Z   duration_ms: 13.3754
2026-10-04T15:25:20.8657285Z   type: 'test'
2026-10-04T15:25:20.8657668Z   ...
2026-10-04T15:25:20.8658472Z # Subtest: east-bay room furnishings fit every shell and narrow floors preserve room, stair and lift routes
2026-10-04T15:25:20.8659667Z ok 63 - east-bay room furnishings fit every shell and narrow floors preserve room, stair and lift routes
2026-10-04T15:25:20.8660409Z   ---
2026-10-04T15:25:20.8660805Z   duration_ms: 7795.173767
2026-10-04T15:25:20.8661254Z   type: 'test'
2026-10-04T15:25:20.8661640Z   ...
2026-10-04T15:25:20.8662543Z # Subtest: every restored southern workplace has fitting functional furniture and a clear full-height room approach
2026-10-04T15:25:20.8664029Z ok 64 - every restored southern workplace has fitting functional furniture and a clear full-height room approach
2026-10-04T15:25:20.8664901Z   ---
2026-10-04T15:25:20.8665320Z   duration_ms: 139.248156
2026-10-04T15:25:20.8665762Z   type: 'test'
2026-10-04T15:25:20.8666148Z   ...
2026-10-04T15:25:20.8666989Z # Subtest: shared workplace layouts fit the minimum compact shell and support future taller freight buildings
2026-10-04T15:25:20.8668244Z ok 65 - shared workplace layouts fit the minimum compact shell and support future taller freight buildings
2026-10-04T15:25:20.8669016Z   ---
2026-10-04T15:25:20.8669416Z   duration_ms: 2.495766
2026-10-04T15:25:20.8669834Z   type: 'test'
2026-10-04T15:25:20.8670217Z   ...
2026-10-04T15:25:20.8671010Z # Subtest: existing shell uses survive stable address IDs and safer floor heights across both new shores
2026-10-04T15:25:20.8672194Z ok 66 - existing shell uses survive stable address IDs and safer floor heights across both new shores
2026-10-04T15:25:20.8672911Z   ---
2026-10-04T15:25:20.8673285Z   duration_ms: 4.514885
2026-10-04T15:25:20.8673844Z   type: 'test'
2026-10-04T15:25:20.8674247Z   ...
2026-10-04T15:25:20.8675332Z # Subtest: harbor shop overrides and residents actual homes remain distinct from the restored employment warehouses
2026-10-04T15:25:20.8676584Z ok 67 - harbor shop overrides and residents actual homes remain distinct from the restored employment warehouses
2026-10-04T15:25:20.8677363Z   ---
2026-10-04T15:25:20.8677743Z   duration_ms: 0.745612
2026-10-04T15:25:20.8678159Z   type: 'test'
2026-10-04T15:25:20.8678543Z   ...
2026-10-04T15:25:20.8679536Z # Subtest: bounded fixed-step clock preserves visible simulation time at 4–144 Hz
2026-10-04T15:25:20.8680565Z ok 68 - bounded fixed-step clock preserves visible simulation time at 4–144 Hz
2026-10-04T15:25:20.8681217Z   ---
2026-10-04T15:25:20.8681587Z   duration_ms: 7.536713
2026-10-04T15:25:20.8682002Z   type: 'test'
2026-10-04T15:25:20.8682385Z   ...
2026-10-04T15:25:20.8683071Z # Subtest: a long rendering stall runs at most 15 small steps without a future backlog
2026-10-04T15:25:20.8684193Z ok 69 - a long rendering stall runs at most 15 small steps without a future backlog
2026-10-04T15:25:20.8684852Z   ---
2026-10-04T15:25:20.8685239Z   duration_ms: 0.308094
2026-10-04T15:25:20.8685656Z   type: 'test'
2026-10-04T15:25:20.8686048Z   ...
2026-10-04T15:25:20.8686832Z # Subtest: pause and visibility resume discard inactive time without rewinding the rendered phase
2026-10-04T15:25:20.8687929Z ok 70 - pause and visibility resume discard inactive time without rewinding the rendered phase
2026-10-04T15:25:20.8688645Z   ---
2026-10-04T15:25:20.8689027Z   duration_ms: 0.216195
2026-10-04T15:25:20.8689450Z   type: 'test'
2026-10-04T15:25:20.8689840Z   ...
2026-10-04T15:25:20.8690507Z # Subtest: flat streets produce zero body pitch/roll and keep wheels on the road
2026-10-04T15:25:20.8691438Z ok 71 - flat streets produce zero body pitch/roll and keep wheels on the road
2026-10-04T15:25:20.8692060Z   ---
2026-10-04T15:25:20.8692441Z   duration_ms: 0.935719
2026-10-04T15:25:20.8692869Z   type: 'test'
2026-10-04T15:25:20.8693528Z   ...
2026-10-04T15:25:20.8694403Z # Subtest: a diagonal curb residual raises only the clearance missing from a fitted plane
2026-10-04T15:25:20.8695461Z ok 72 - a diagonal curb residual raises only the clearance missing from a fitted plane
2026-10-04T15:25:20.8696125Z   ---
2026-10-04T15:25:20.8696515Z   duration_ms: 0.822218
2026-10-04T15:25:20.8696950Z   type: 'test'
2026-10-04T15:25:20.8697342Z   ...
2026-10-04T15:25:20.8698145Z # Subtest: actual rendered tire vertices stay above the real city ramp at known curb problem positions
2026-10-04T15:25:20.8699311Z ok 73 - actual rendered tire vertices stay above the real city ramp at known curb problem positions
2026-10-04T15:25:20.8700031Z   ---
2026-10-04T15:25:20.8700448Z   duration_ms: 342.161238
2026-10-04T15:25:20.8700890Z   type: 'test'
2026-10-04T15:25:20.8701282Z   ...
2026-10-04T15:25:20.8702112Z # Subtest: slope collision envelope encloses every rendered car vertex including tilted mirrors
2026-10-04T15:25:20.8703214Z ok 74 - slope collision envelope encloses every rendered car vertex including tilted mirrors
2026-10-04T15:25:20.8704027Z   ---
2026-10-04T15:25:20.8704395Z   duration_ms: 116.74441
2026-10-04T15:25:20.8704813Z   type: 'test'
2026-10-04T15:25:20.8705188Z   ...
2026-10-04T15:25:20.8705891Z # Subtest: authored frontages attach to six actual occupied shells and keep High the default
2026-10-04T15:25:20.8706938Z ok 75 - authored frontages attach to six actual occupied shells and keep High the default
2026-10-04T15:25:20.8707614Z   ---
2026-10-04T15:25:20.8708006Z   duration_ms: 45.438839
2026-10-04T15:25:20.8708437Z   type: 'test'
2026-10-04T15:25:20.8708816Z   ...
2026-10-04T15:25:20.8709586Z # Subtest: clear original entrance approaches, frontage walking strip and road lanes are preserved
2026-10-04T15:25:20.8710715Z ok 76 - clear original entrance approaches, frontage walking strip and road lanes are preserved
2026-10-04T15:25:20.8711436Z   ---
2026-10-04T15:25:20.8711831Z   duration_ms: 22.007864
2026-10-04T15:25:20.8712264Z   type: 'test'
2026-10-04T15:25:20.8712657Z   ...
2026-10-04T15:25:20.8713589Z # Subtest: finite curved art geometry, metre projected scanned UVs and a bounded render budget
2026-10-04T15:25:20.8714802Z ok 77 - finite curved art geometry, metre projected scanned UVs and a bounded render budget
2026-10-04T15:25:20.8715489Z   ---
2026-10-04T15:25:20.8715859Z   duration_ms: 165.047731
2026-10-04T15:25:20.8716288Z   type: 'test'
2026-10-04T15:25:20.8716675Z   ...
2026-10-04T15:25:20.8717397Z # Subtest: near detail uses hysteresis, actually destroys buffers and restores far proxies
2026-10-04T15:25:20.8718426Z ok 78 - near detail uses hysteresis, actually destroys buffers and restores far proxies
2026-10-04T15:25:20.8719120Z   ---
2026-10-04T15:25:20.8719506Z   duration_ms: 106.874135
2026-10-04T15:25:20.8719937Z   type: 'test'
2026-10-04T15:25:20.8720327Z   ...
2026-10-04T15:25:20.8721117Z # Subtest: shared interior shell IDs hide both proxy and resident art, including later streamed loads
2026-10-04T15:25:20.8722267Z ok 79 - shared interior shell IDs hide both proxy and resident art, including later streamed loads
2026-10-04T15:25:20.8723001Z   ---
2026-10-04T15:25:20.8723391Z   duration_ms: 48.739857
2026-10-04T15:25:20.8723938Z   type: 'test'
2026-10-04T15:25:20.8724334Z   ...
2026-10-04T15:25:20.8725127Z # Subtest: locally served scanned material maps have recorded CC0 provenance and verified hashes
2026-10-04T15:25:20.8726229Z ok 80 - locally served scanned material maps have recorded CC0 provenance and verified hashes
2026-10-04T15:25:20.8726942Z   ---
2026-10-04T15:25:20.8727327Z   duration_ms: 11.295686
2026-10-04T15:25:20.8727745Z   type: 'test'
2026-10-04T15:25:20.8728126Z   ...
2026-10-04T15:25:20.8728907Z # Subtest: sample room craft fits actual furniture and overhead walls without adding circulation obstacles
2026-10-04T15:25:20.8730028Z ok 81 - sample room craft fits actual furniture and overhead walls without adding circulation obstacles
2026-10-04T15:25:20.8730720Z   ---
2026-10-04T15:25:20.8731094Z   duration_ms: 129.424455
2026-10-04T15:25:20.8731911Z   type: 'test'
2026-10-04T15:25:20.8734697Z   ...
2026-10-04T15:25:29.2668698Z # Subtest: sample binds twenty separate residents to actual homes, counter frontages and legal routes
2026-10-04T15:25:29.2690750Z ok 82 - sample binds twenty separate residents to actual homes, counter frontages and legal routes
2026-10-04T15:25:29.2704873Z   ---
2026-10-04T15:25:29.2705369Z   duration_ms: 348.585244
2026-10-04T15:25:29.2705943Z   type: 'test'
2026-10-04T15:25:29.2706382Z   ...
2026-10-04T15:25:29.2707317Z # Subtest: actual delivery moves finite stock, debits wholesale and escrow, and pays the player once at the recipient
2026-10-04T15:25:29.2708676Z ok 83 - actual delivery moves finite stock, debits wholesale and escrow, and pays the player once at the recipient
2026-10-04T15:25:29.2709488Z   ---
2026-10-04T15:25:29.2709898Z   duration_ms: 127.736376
2026-10-04T15:25:29.2710365Z   type: 'test'
2026-10-04T15:25:29.2710772Z   ...
2026-10-04T15:25:29.2711549Z # Subtest: stock availability and shop funds cause actual successful or blocked purchases
2026-10-04T15:25:29.2712605Z ok 84 - stock availability and shop funds cause actual successful or blocked purchases
2026-10-04T15:25:29.2713309Z   ---
2026-10-04T15:25:29.2713870Z   duration_ms: 118.851529
2026-10-04T15:25:29.2714333Z   type: 'test'
2026-10-04T15:25:29.2714735Z   ...
2026-10-04T15:25:29.2735071Z # Subtest: daily schedules complete home, work, shop and courier loops regardless of visible distance or indoor context
2026-10-04T15:25:29.2745470Z ok 85 - daily schedules complete home, work, shop and courier loops regardless of visible distance or indoor context
2026-10-04T15:25:29.2754547Z   ---
2026-10-04T15:25:29.2755000Z   duration_ms: 447.324052
2026-10-04T15:25:29.2755489Z   type: 'test'
2026-10-04T15:25:29.2757047Z   ...
2026-10-04T15:25:29.2758025Z # Subtest: fixed economic ticks and persisted paths resume deterministically without repeating wages or deliveries
2026-10-04T15:25:29.2760119Z ok 86 - fixed economic ticks and persisted paths resume deterministically without repeating wages or deliveries
2026-10-04T15:25:29.2761026Z   ---
2026-10-04T15:25:29.2761445Z   duration_ms: 548.696906
2026-10-04T15:25:29.2761907Z   type: 'test'
2026-10-04T15:25:29.2762326Z   ...
2026-10-04T15:25:29.2763213Z # Subtest: corrupt or foreign snapshots cannot mint stock, money, arbitrary positions or orphan delivery payouts
2026-10-04T15:25:29.2764688Z ok 87 - corrupt or foreign snapshots cannot mint stock, money, arbitrary positions or orphan delivery payouts
2026-10-04T15:25:29.2765503Z   ---
2026-10-04T15:25:29.2765919Z   duration_ms: 75.383325
2026-10-04T15:25:29.2766372Z   type: 'test'
2026-10-04T15:25:29.2766824Z   ...
2026-10-04T15:25:29.2767755Z # Subtest: warehouse commutes board real moving trams and physically alight onto legal final pavement routes
2026-10-04T15:25:29.2768858Z ok 88 - warehouse commutes board real moving trams and physically alight onto legal final pavement routes
2026-10-04T15:25:29.2769564Z   ---
2026-10-04T15:25:29.2769995Z   duration_ms: 654.439054
2026-10-04T15:25:29.2770453Z   type: 'test'
2026-10-04T15:25:29.2770855Z   ...
2026-10-04T15:25:29.2771636Z # Subtest: renderer streams at most twelve detailed instances while presentation never advances city state
2026-10-04T15:25:29.2772921Z ok 89 - renderer streams at most twelve detailed instances while presentation never advances city state
2026-10-04T15:25:29.2773873Z   ---
2026-10-04T15:25:29.2774315Z   duration_ms: 421.630895
2026-10-04T15:25:29.2774781Z   type: 'test'
2026-10-04T15:25:29.2775224Z   ...
2026-10-04T15:25:29.2776100Z # Subtest: restoring real in-flight fleet tickets preserves boarding, cargo and deterministic continuation
2026-10-04T15:25:29.2777357Z ok 90 - restoring real in-flight fleet tickets preserves boarding, cargo and deterministic continuation
2026-10-04T15:25:29.2778145Z   ---
2026-10-04T15:25:29.2778557Z   duration_ms: 601.345458
2026-10-04T15:25:29.2779030Z   type: 'test'
2026-10-04T15:25:29.2779451Z   ...
2026-10-04T15:25:29.2780556Z # Subtest: rewinding display time never repeats an elapsed wage slot or changes the money supply
2026-10-04T15:25:29.2781732Z ok 91 - rewinding display time never repeats an elapsed wage slot or changes the money supply
2026-10-04T15:25:29.2782464Z   ---
2026-10-04T15:25:29.2782872Z   duration_ms: 73.989616
2026-10-04T15:25:29.2783333Z   type: 'test'
2026-10-04T15:25:29.2783968Z   ...
2026-10-04T15:25:29.2784865Z # Subtest: player buys an actual stocked portion only from the staffed counter and game-owned cash funds the shop
2026-10-04T15:25:29.2786182Z ok 92 - player buys an actual stocked portion only from the staffed counter and game-owned cash funds the shop
2026-10-04T15:25:29.2786975Z   ---
2026-10-04T15:25:29.2787385Z   duration_ms: 302.311161
2026-10-04T15:25:29.2787846Z   type: 'test'
2026-10-04T15:25:29.2788255Z   ...
2026-10-04T15:25:29.2789095Z # Subtest: remote, unfunded, unstaffed, closed and sold-out retail requests never debit the game wallet
2026-10-04T15:25:29.2790314Z ok 93 - remote, unfunded, unstaffed, closed and sold-out retail requests never debit the game wallet
2026-10-04T15:25:29.2791083Z   ---
2026-10-04T15:25:29.2791486Z   duration_ms: 225.783628
2026-10-04T15:25:29.2791948Z   type: 'test'
2026-10-04T15:25:29.2792352Z   ...
2026-10-04T15:25:29.2793196Z # Subtest: runtime traffic clock controls crossing permission independently of persisted economic days
2026-10-04T15:25:29.2794612Z ok 94 - runtime traffic clock controls crossing permission independently of persisted economic days
2026-10-04T15:25:29.2795375Z   ---
2026-10-04T15:25:29.2795780Z   duration_ms: 145.486515
2026-10-04T15:25:29.2796262Z   type: 'test'
2026-10-04T15:25:29.2796670Z   ...
2026-10-04T15:25:29.2797546Z # Subtest: integrated E retail changes the sole game wallet and a saved inventory restores alongside its ledger
2026-10-04T15:25:29.2798826Z ok 95 - integrated E retail changes the sole game wallet and a saved inventory restores alongside its ledger
2026-10-04T15:25:29.2799607Z   ---
2026-10-04T15:25:29.2800035Z   duration_ms: 7189.001798
2026-10-04T15:25:29.2800721Z   type: 'test'
2026-10-04T15:25:29.2801143Z   ...
2026-10-04T15:25:29.3471220Z # Subtest: opposite-shore landmarks retain contrast across the full public harbour view
2026-10-04T15:25:29.3472742Z ok 96 - opposite-shore landmarks retain contrast across the full public harbour view
2026-10-04T15:25:29.3473515Z   ---
2026-10-04T15:25:29.3474138Z   duration_ms: 1.828212
2026-10-04T15:25:29.3474783Z   type: 'test'
2026-10-04T15:25:29.3475199Z   ...
2026-10-04T15:25:29.3476034Z # Subtest: water variants keep independent clocks, shared programs and working cloned shader hooks
2026-10-04T15:25:29.3477211Z ok 97 - water variants keep independent clocks, shared programs and working cloned shader hooks
2026-10-04T15:25:29.3477954Z   ---
2026-10-04T15:25:29.3478371Z   duration_ms: 1.654279
2026-10-04T15:25:29.3478825Z   type: 'test'
2026-10-04T15:25:29.3479236Z   ...
2026-10-04T15:25:29.3480039Z # Subtest: urban finishes separate dielectric glazing, rough mineral surfaces and metal frames
2026-10-04T15:25:29.3481212Z ok 98 - urban finishes separate dielectric glazing, rough mineral surfaces and metal frames
2026-10-04T15:25:29.3481944Z   ---
2026-10-04T15:25:29.3482374Z   duration_ms: 29.781764
2026-10-04T15:25:29.3482832Z   type: 'test'
2026-10-04T15:25:29.3483243Z   ...
2026-10-04T15:26:40.8692558Z # Subtest: normal city play boards bus, walks both decks, travels and alights at another physical stop
2026-10-04T15:26:40.8693576Z ok 99 - normal city play boards bus, walks both decks, travels and alights at another physical stop
2026-10-04T15:26:40.8697089Z   ---
2026-10-04T15:26:40.8697657Z   duration_ms: 8759.664477
2026-10-04T15:26:40.8698142Z   type: 'test'
2026-10-04T15:26:40.8698578Z   ...
2026-10-04T15:26:40.8699394Z # Subtest: normal city play boards tram, walks both decks, travels and alights at another physical stop
2026-10-04T15:26:40.8700470Z ok 100 - normal city play boards tram, walks both decks, travels and alights at another physical stop
2026-10-04T15:26:40.8701806Z   ---
2026-10-04T15:26:40.8702258Z   duration_ms: 15729.874618
2026-10-04T15:26:40.8702771Z   type: 'test'
2026-10-04T15:26:40.8703209Z   ...
2026-10-04T15:26:40.8704301Z # Subtest: normal city play boards ferry, walks both decks, travels and alights at another physical stop
2026-10-04T15:26:40.8705548Z ok 101 - normal city play boards ferry, walks both decks, travels and alights at another physical stop
2026-10-04T15:26:40.8706345Z   ---
2026-10-04T15:26:40.8706792Z   duration_ms: 16486.252917
2026-10-04T15:26:40.8707282Z   type: 'test'
2026-10-04T15:26:40.8707719Z   ...
2026-10-04T15:26:40.8708492Z # Subtest: interior visits preserve street traffic, sample service clocks and resident phases
2026-10-04T15:26:40.8709639Z ok 102 - interior visits preserve street traffic, sample service clocks and resident phases
2026-10-04T15:26:40.8710391Z   ---
2026-10-04T15:26:40.8710866Z   duration_ms: 1746.782484
2026-10-04T15:26:40.8711365Z   type: 'test'
2026-10-04T15:26:40.8711798Z   ...
2026-10-04T15:26:40.8712724Z # Subtest: safeSave restores real commuting tickets, economic paths and delayed dwell before another tick
2026-10-04T15:26:40.8714143Z ok 103 - safeSave restores real commuting tickets, economic paths and delayed dwell before another tick
2026-10-04T15:26:40.8714953Z   ---
2026-10-04T15:26:40.8715394Z   duration_ms: 30127.834008
2026-10-04T15:26:40.8715887Z   type: 'test'
2026-10-04T15:26:40.8716322Z   ...
2026-10-04T15:26:40.8717073Z # Subtest: fresh binding and malformed saved sample fields leave finite clean street state
2026-10-04T15:26:40.8718068Z ok 104 - fresh binding and malformed saved sample fields leave finite clean street state
2026-10-04T15:26:40.8718763Z   ---
2026-10-04T15:26:40.8719174Z   duration_ms: 2278.043685
2026-10-04T15:26:40.8719620Z   type: 'test'
2026-10-04T15:26:40.8720046Z   ...
2026-10-04T15:26:40.8720881Z # Subtest: fixed simulation and render updates remain separate, with bounded collector-height tram wires
2026-10-04T15:26:40.8722360Z ok 105 - fixed simulation and render updates remain separate, with bounded collector-height tram wires
2026-10-04T15:26:40.8723195Z   ---
2026-10-04T15:26:40.8723783Z   duration_ms: 3449.947602
2026-10-04T15:26:40.8724269Z   type: 'test'
2026-10-04T15:26:40.8724706Z   ...
2026-10-04T15:26:40.8725841Z # Subtest: a restored south-shore signal clock controls real cars, rendered lights and crossing residents while north traffic keeps its original clock
2026-10-04T15:26:40.8727510Z ok 106 - a restored south-shore signal clock controls real cars, rendered lights and crossing residents while north traffic keeps its original clock
2026-10-04T15:26:40.8728553Z   ---
2026-10-04T15:26:40.8729016Z   duration_ms: 230.10188
2026-10-04T15:26:40.8729520Z   type: 'test'
2026-10-04T15:26:40.8729968Z   ...
2026-10-04T15:26:40.8730859Z # Subtest: ordinary city steps yield the long bus to a real resident already crossing, including after save/load
2026-10-04T15:26:40.8732192Z ok 107 - ordinary city steps yield the long bus to a real resident already crossing, including after save/load
2026-10-04T15:26:40.8733040Z   ---
2026-10-04T15:26:40.8733365Z   duration_ms: 3078.030468
2026-10-04T15:26:40.8733807Z   type: 'test'
2026-10-04T15:26:40.8734117Z   ...
2026-10-04T15:26:40.9302593Z # Subtest: harbor towers occupy land behind a continuous shore and have authored geometric crowns
2026-10-04T15:26:40.9304242Z ok 108 - harbor towers occupy land behind a continuous shore and have authored geometric crowns
2026-10-04T15:26:40.9305014Z   ---
2026-10-04T15:26:40.9305437Z   duration_ms: 24.65452
2026-10-04T15:26:40.9305897Z   type: 'test'
2026-10-04T15:26:40.9306315Z   ...
2026-10-04T15:26:40.9307115Z # Subtest: the actual eye-level promenade camera sees multiple distinct towers across open water
2026-10-04T15:26:40.9308248Z ok 109 - the actual eye-level promenade camera sees multiple distinct towers across open water
2026-10-04T15:26:40.9308985Z   ---
2026-10-04T15:26:40.9309390Z   duration_ms: 62.359973
2026-10-04T15:26:40.9309844Z   type: 'test'
2026-10-04T15:26:40.9310691Z   ...
2026-10-04T15:26:40.9311548Z # Subtest: all three harbor viewpoints are reached on existing real pavement with the full player radius
2026-10-04T15:26:40.9312741Z ok 110 - all three harbor viewpoints are reached on existing real pavement with the full player radius
2026-10-04T15:26:40.9313476Z   ---
2026-10-04T15:26:40.9314050Z   duration_ms: 216.241551
2026-10-04T15:26:40.9314434Z   type: 'test'
2026-10-04T15:26:40.9314730Z   ...
2026-10-04T15:26:40.9315290Z # Subtest: walking inland across the former support edge stays on the rendered shore and mountain triangles
2026-10-04T15:26:40.9316043Z ok 111 - walking inland across the former support edge stays on the rendered shore and mountain triangles
2026-10-04T15:26:40.9316528Z   ---
2026-10-04T15:26:40.9316827Z   duration_ms: 313.557858
2026-10-04T15:26:40.9317139Z   type: 'test'
2026-10-04T15:26:40.9317425Z   ...
2026-10-04T15:26:40.9317973Z # Subtest: view distance streams and disposes real facade details without changing skyline massing or quality
2026-10-04T15:26:40.9318791Z ok 112 - view distance streams and disposes real facade details without changing skyline massing or quality
2026-10-04T15:26:40.9319274Z   ---
2026-10-04T15:26:40.9319561Z   duration_ms: 34.942718
2026-10-04T15:26:40.9319866Z   type: 'test'
2026-10-04T15:26:40.9320142Z   ...
2026-10-04T15:26:40.9320613Z # Subtest: small window bays use metre UVs and sparse office lights follow the world clock
2026-10-04T15:26:40.9321238Z ok 113 - small window bays use metre UVs and sparse office lights follow the world clock
2026-10-04T15:26:40.9321677Z   ---
2026-10-04T15:26:40.9321963Z   duration_ms: 17.151323
2026-10-04T15:26:40.9322272Z   type: 'test'
2026-10-04T15:26:40.9322562Z   ...
2026-10-04T15:26:40.9323035Z # Subtest: shared shore support ends at the visible coastline and preserves water outside it
2026-10-04T15:26:40.9324307Z ok 114 - shared shore support ends at the visible coastline and preserves water outside it
2026-10-04T15:26:40.9324971Z   ---
2026-10-04T15:26:40.9325324Z   duration_ms: 1.558306
2026-10-04T15:26:40.9325725Z   type: 'test'
2026-10-04T15:26:40.9326331Z   ...
2026-10-04T15:26:40.9327088Z # Subtest: client and multiplayer server support match raycast triangles on both sides of ridge diagonals
2026-10-04T15:26:40.9328233Z ok 115 - client and multiplayer server support match raycast triangles on both sides of ridge diagonals
2026-10-04T15:26:40.9328834Z   ---
2026-10-04T15:26:40.9329077Z   duration_ms: 168.147277
2026-10-04T15:26:40.9329359Z   type: 'test'
2026-10-04T15:26:40.9329608Z   ...
2026-10-04T15:26:40.9330259Z # Subtest: multiplayer support retains reachable infrastructure decks and the road beneath an underpass
2026-10-04T15:26:40.9331254Z ok 116 - multiplayer support retains reachable infrastructure decks and the road beneath an underpass
2026-10-04T15:26:40.9331834Z   ---
2026-10-04T15:26:40.9332072Z   duration_ms: 0.270066
2026-10-04T15:26:40.9332342Z   type: 'test'
2026-10-04T15:26:40.9332575Z   ...
2026-10-04T15:26:40.9333183Z # Subtest: every original service fits its existing street or water corridor for a whole circuit
2026-10-04T15:26:40.9334209Z ok 117 - every original service fits its existing street or water corridor for a whole circuit
2026-10-04T15:26:40.9334740Z   ---
2026-10-04T15:26:40.9334989Z   duration_ms: 1216.921199
2026-10-04T15:26:40.9335273Z   type: 'test'
2026-10-04T15:26:40.9335500Z   ...
2026-10-04T15:26:40.9336097Z # Subtest: bus: walk through the boarding door, upstairs, along the upper aisle and back downstairs
2026-10-04T15:26:40.9337004Z ok 118 - bus: walk through the boarding door, upstairs, along the upper aisle and back downstairs
2026-10-04T15:26:40.9337534Z   ---
2026-10-04T15:26:40.9337775Z   duration_ms: 105.725076
2026-10-04T15:26:40.9338052Z   type: 'test'
2026-10-04T15:26:40.9338286Z   ...
2026-10-04T15:26:40.9338895Z # Subtest: tram: walk through the boarding door, upstairs, along the upper aisle and back downstairs
2026-10-04T15:26:40.9339829Z ok 119 - tram: walk through the boarding door, upstairs, along the upper aisle and back downstairs
2026-10-04T15:26:40.9340617Z   ---
2026-10-04T15:26:40.9340859Z   duration_ms: 71.560389
2026-10-04T15:26:40.9341150Z   type: 'test'
2026-10-04T15:26:40.9341388Z   ...
2026-10-04T15:26:40.9341989Z # Subtest: ferry: walk through the boarding door, upstairs, along the upper aisle and back downstairs
2026-10-04T15:26:40.9342916Z ok 120 - ferry: walk through the boarding door, upstairs, along the upper aisle and back downstairs
2026-10-04T15:26:40.9343457Z   ---
2026-10-04T15:26:40.9343802Z   duration_ms: 141.439006
2026-10-04T15:26:40.9344092Z   type: 'test'
2026-10-04T15:26:40.9344392Z   ...
2026-10-04T15:26:40.9345033Z # Subtest: passenger seats, closed doors and end walls reject movement rather than pinning the passenger
2026-10-04T15:26:40.9346006Z ok 121 - passenger seats, closed doors and end walls reject movement rather than pinning the passenger
2026-10-04T15:26:40.9346563Z   ---
2026-10-04T15:26:40.9346791Z   duration_ms: 8.02365
2026-10-04T15:26:40.9347066Z   type: 'test'
2026-10-04T15:26:40.9347303Z   ...
2026-10-04T15:26:40.9347799Z # Subtest: ten minutes of independent timetables keep bus and tram bodies apart
2026-10-04T15:26:40.9348529Z ok 122 - ten minutes of independent timetables keep bus and tram bodies apart
2026-10-04T15:26:40.9348996Z   ---
2026-10-04T15:26:40.9349232Z   duration_ms: 493.071383
2026-10-04T15:26:40.9349510Z   type: 'test'
2026-10-04T15:26:40.9349752Z   ...
2026-10-04T15:26:40.9350139Z # Subtest: external traffic stops the bus before contact and the delayed timetable resumes
2026-10-04T15:26:40.9350653Z ok 123 - external traffic stops the bus before contact and the delayed timetable resumes
2026-10-04T15:26:40.9350974Z   ---
2026-10-04T15:26:40.9351139Z   duration_ms: 27.912955
2026-10-04T15:26:40.9351324Z   type: 'test'
2026-10-04T15:26:40.9351587Z   ...
2026-10-04T15:26:40.9352197Z # Subtest: saving restores stop dwell and delayed schedules without placing a load inside a vehicle
2026-10-04T15:26:40.9353120Z ok 124 - saving restores stop dwell and delayed schedules without placing a load inside a vehicle
2026-10-04T15:26:40.9353940Z   ---
2026-10-04T15:26:40.9354190Z   duration_ms: 15.305343
2026-10-04T15:26:40.9354470Z   type: 'test'
2026-10-04T15:26:40.9354700Z   ...
2026-10-04T15:26:40.9355289Z # Subtest: citizens board a real stop, travel in the moving cabin and alight at a different stop
2026-10-04T15:26:40.9356179Z ok 125 - citizens board a real stop, travel in the moving cabin and alight at a different stop
2026-10-04T15:26:40.9356708Z   ---
2026-10-04T15:26:40.9356952Z   duration_ms: 70.542046
2026-10-04T15:26:40.9357225Z   type: 'test'
2026-10-04T15:26:40.9357462Z   ...
2026-10-04T15:26:40.9358000Z # Subtest: a saved boarding token, door hold and citizen cabin pose continue after load
2026-10-04T15:26:40.9358797Z ok 126 - a saved boarding token, door hold and citizen cabin pose continue after load
2026-10-04T15:26:40.9359286Z   ---
2026-10-04T15:26:40.9359522Z   duration_ms: 22.918335
2026-10-04T15:26:40.9359802Z   type: 'test'
2026-10-04T15:26:40.9360041Z   ...
2026-10-04T15:26:40.9360686Z # Subtest: both ferry piers can be walked from real street height over the sea wall and match rendered support
2026-10-04T15:26:40.9361694Z ok 127 - both ferry piers can be walked from real street height over the sea wall and match rendered support
2026-10-04T15:26:40.9362260Z   ---
2026-10-04T15:26:40.9362494Z   duration_ms: 1168.061478
2026-10-04T15:26:40.9362782Z   type: 'test'
2026-10-04T15:26:40.9363013Z   ...
2026-10-04T15:26:40.9363869Z # Subtest: sixteen static batches retain all 101 original transforms, materials and shadow flags with independent bank bounds
2026-10-04T15:26:40.9365063Z ok 128 - sixteen static batches retain all 101 original transforms, materials and shadow flags with independent bank bounds
2026-10-04T15:26:40.9365712Z   ---
2026-10-04T15:26:40.9365942Z   duration_ms: 28.862985
2026-10-04T15:26:40.9366273Z   type: 'test'
2026-10-04T15:26:40.9366512Z   ...
2026-10-04T15:26:40.9367221Z # Subtest: static instances stay shared while ferry gangways, eleven canvas signs and the live fleet remain independent
2026-10-04T15:26:40.9368496Z ok 129 - static instances stay shared while ferry gangways, eleven canvas signs and the live fleet remain independent
2026-10-04T15:26:40.9369134Z   ---
2026-10-04T15:26:40.9369394Z   duration_ms: 75.673963
2026-10-04T15:26:40.9369673Z   type: 'test'
2026-10-04T15:26:40.9369918Z   ...
2026-10-04T15:26:40.9370563Z # Subtest: bus at its actual eight-metre curb lane brakes before red, restores its queue and resumes on green
2026-10-04T15:26:40.9371549Z ok 130 - bus at its actual eight-metre curb lane brakes before red, restores its queue and resumes on green
2026-10-04T15:26:40.9372125Z   ---
2026-10-04T15:26:40.9372356Z   duration_ms: 33.505204
2026-10-04T15:26:40.9372584Z   type: 'test'
2026-10-04T15:26:40.9372846Z   ...
2026-10-04T15:26:40.9373489Z # Subtest: tram at its actual eight-metre curb lane brakes before red, restores its queue and resumes on green
2026-10-04T15:26:40.9374582Z ok 131 - tram at its actual eight-metre curb lane brakes before red, restores its queue and resumes on green
2026-10-04T15:26:40.9375167Z   ---
2026-10-04T15:26:40.9375409Z   duration_ms: 38.996572
2026-10-04T15:26:40.9375688Z   type: 'test'
2026-10-04T15:26:40.9375928Z   ...
2026-10-04T15:26:40.9376528Z # Subtest: a vehicle already admitted through green clears a newly red junction after save/load
2026-10-04T15:26:40.9377415Z ok 132 - a vehicle already admitted through green clears a newly red junction after save/load
2026-10-04T15:26:40.9377942Z   ---
2026-10-04T15:26:40.9378192Z   duration_ms: 35.737946
2026-10-04T15:26:40.9378469Z   type: 'test'
2026-10-04T15:26:40.9378706Z   ...
2026-10-04T15:26:40.9379415Z # Subtest: the shared pedestrian stop-distance hook protects the bus front, persists its wait and excludes the ferry
2026-10-04T15:26:40.9380505Z ok 133 - the shared pedestrian stop-distance hook protects the bus front, persists its wait and excludes the ferry
2026-10-04T15:26:40.9381118Z   ---
2026-10-04T15:26:40.9381356Z   duration_ms: 51.179885
2026-10-04T15:26:40.9381630Z   type: 'test'
2026-10-04T15:26:40.9382014Z   ...
2026-10-04T15:26:40.9382655Z # Subtest: harbor assets have finite geometry and actual closed/open bounds inside their metre envelopes
2026-10-04T15:26:40.9383730Z ok 134 - harbor assets have finite geometry and actual closed/open bounds inside their metre envelopes
2026-10-04T15:26:40.9384293Z   ---
2026-10-04T15:26:40.9384536Z   duration_ms: 1417.010382
2026-10-04T15:26:40.9384825Z   type: 'test'
2026-10-04T15:26:40.9385064Z   ...
2026-10-04T15:26:40.9385687Z # Subtest: both decks, all portals and stair landings remain reachable by the declared passenger capsule
2026-10-04T15:26:40.9386648Z ok 135 - both decks, all portals and stair landings remain reachable by the declared passenger capsule
2026-10-04T15:26:40.9387199Z   ---
2026-10-04T15:26:40.9387436Z   duration_ms: 8.230483
2026-10-04T15:26:40.9387720Z   type: 'test'
2026-10-04T15:26:40.9387954Z   ...
2026-10-04T15:26:40.9388537Z # Subtest: open doorway geometry clears a full body at both jambs, and closed leaves block passage
2026-10-04T15:26:40.9389444Z ok 136 - open doorway geometry clears a full body at both jambs, and closed leaves block passage
2026-10-04T15:26:40.9389970Z   ---
2026-10-04T15:26:40.9390136Z   duration_ms: 307.782693
2026-10-04T15:26:40.9390329Z   type: 'test'
2026-10-04T15:26:40.9390490Z   ...
2026-10-04T15:26:40.9390848Z # Subtest: actual stair mesh and ceilings leave standing headroom across the entire companionway
2026-10-04T15:26:40.9391378Z ok 137 - actual stair mesh and ceilings leave standing headroom across the entire companionway
2026-10-04T15:26:40.9391700Z   ---
2026-10-04T15:26:40.9391860Z   duration_ms: 1226.144075
2026-10-04T15:26:40.9392046Z   type: 'test'
2026-10-04T15:26:40.9392211Z   ...
2026-10-04T15:26:40.9392608Z # Subtest: ferry support and side collision narrow with its bow rather than exposing square deck overhangs
2026-10-04T15:26:40.9393192Z ok 138 - ferry support and side collision narrow with its bow rather than exposing square deck overhangs
2026-10-04T15:26:40.9394153Z   ---
2026-10-04T15:26:40.9394421Z   duration_ms: 0.902078
2026-10-04T15:26:40.9394718Z   type: 'test'
2026-10-04T15:26:40.9394990Z   ...
2026-10-04T15:26:40.9395766Z # Subtest: LOD budgets, original provenance and material response are explicit and lighting updates are instance-local
2026-10-04T15:26:40.9396950Z ok 139 - LOD budgets, original provenance and material response are explicit and lighting updates are instance-local
2026-10-04T15:26:40.9397622Z   ---
2026-10-04T15:26:40.9397879Z   duration_ms: 29.39914
2026-10-04T15:26:40.9398181Z   type: 'test'
2026-10-04T15:26:40.9398440Z   ...
2026-10-04T15:26:40.9399182Z # Subtest: instance disposal is idempotent and preserves shared geometry used by remaining vehicles and all LODs
2026-10-04T15:26:40.9400319Z ok 140 - instance disposal is idempotent and preserves shared geometry used by remaining vehicles and all LODs
2026-10-04T15:26:40.9400956Z   ---
2026-10-04T15:26:40.9401226Z   duration_ms: 17.393341
2026-10-04T15:26:40.9401543Z   type: 'test'
2026-10-04T15:26:40.9401808Z   ...
2026-10-04T15:26:40.9402334Z # Subtest: closed cabin actually blocks the former gap above the door leaves
2026-10-04T15:26:40.9403093Z ok 141 - closed cabin actually blocks the former gap above the door leaves
2026-10-04T15:26:40.9403573Z   ---
2026-10-04T15:26:40.9404015Z   duration_ms: 104.396478
2026-10-04T15:26:40.9404319Z   type: 'test'
2026-10-04T15:26:40.9404605Z   ...
2026-10-04T15:26:40.9405215Z # Subtest: cabin occlusion follows actual camera bounds and restores city before doors open
2026-10-04T15:26:40.9406121Z ok 142 - cabin occlusion follows actual camera bounds and restores city before doors open
2026-10-04T15:26:40.9406677Z   ---
2026-10-04T15:26:40.9406938Z   duration_ms: 1894.057814
2026-10-04T15:26:40.9407258Z   type: 'test'
2026-10-04T15:26:40.9407516Z   ...
2026-10-04T15:26:40.9408182Z # Subtest: ordinary third-person camera retracts behind the safety door throughout the high lift ride
2026-10-04T15:26:40.9409425Z ok 143 - ordinary third-person camera retracts behind the safety door throughout the high lift ride
2026-10-04T15:26:40.9410034Z   ---
2026-10-04T15:26:40.9410295Z   duration_ms: 102.379371
2026-10-04T15:26:40.9410608Z   type: 'test'
2026-10-04T15:26:40.9410869Z   ...
2026-10-04T15:26:40.9411479Z # Subtest: moving lift carries the normal low-pitch camera at 60 Hz without a floor-level view
2026-10-04T15:26:40.9412407Z ok 144 - moving lift carries the normal low-pitch camera at 60 Hz without a floor-level view
2026-10-04T15:26:40.9412957Z   ---
2026-10-04T15:26:40.9413216Z   duration_ms: 67.781558
2026-10-04T15:26:40.9413528Z   type: 'test'
2026-10-04T15:26:40.9413934Z   ...
2026-10-04T15:26:40.9414537Z # Subtest: moving lift carries the normal low-pitch camera at 4 Hz without a floor-level view
2026-10-04T15:26:40.9415442Z ok 145 - moving lift carries the normal low-pitch camera at 4 Hz without a floor-level view
2026-10-04T15:26:40.9416035Z   ---
2026-10-04T15:26:40.9416306Z   duration_ms: 21.6429
2026-10-04T15:26:40.9416612Z   type: 'test'
2026-10-04T15:26:40.9416885Z   ...
2026-10-04T15:26:40.9417456Z # Subtest: west-link: a pedestrian walks up, across and down without height mutation
2026-10-04T15:26:40.9418294Z ok 146 - west-link: a pedestrian walks up, across and down without height mutation
2026-10-04T15:26:40.9418813Z   ---
2026-10-04T15:26:40.9419071Z   duration_ms: 1084.322646
2026-10-04T15:26:40.9419381Z   type: 'test'
2026-10-04T15:26:40.9419649Z   ...
2026-10-04T15:26:40.9420178Z # {"maximum":8,"maximumStep":0.010181811998556611,"seconds":87.48333333332965}
2026-10-04T15:26:40.9420960Z # Subtest: west-link: a car drives both ramps and saves on a safe ground entrance
2026-10-04T15:26:40.9421752Z ok 147 - west-link: a car drives both ramps and saves on a safe ground entrance
2026-10-04T15:26:40.9422245Z   ---
2026-10-04T15:26:40.9422508Z   duration_ms: 817.984756
2026-10-04T15:26:40.9422815Z   type: 'test'
2026-10-04T15:26:40.9423085Z   ...
2026-10-04T15:26:40.9423727Z # {"maximum":8.001,"maximumStep":0.04337433879758379,"seconds":21.883333333333372}
2026-10-04T15:26:40.9424756Z # Subtest: east-link: a pedestrian walks up, across and down without height mutation
2026-10-04T15:26:40.9425590Z ok 148 - east-link: a pedestrian walks up, across and down without height mutation
2026-10-04T15:26:40.9426102Z   ---
2026-10-04T15:26:40.9426364Z   duration_ms: 1133.098683
2026-10-04T15:26:40.9426679Z   type: 'test'
2026-10-04T15:26:40.9426933Z   ...
2026-10-04T15:26:40.9427441Z # {"maximum":9,"maximumStep":0.01049999775308752,"seconds":130.34999999999587}
2026-10-04T15:26:40.9428212Z # Subtest: east-link: a car drives both ramps and saves on a safe ground entrance
2026-10-04T15:26:40.9428973Z ok 149 - east-link: a car drives both ramps and saves on a safe ground entrance
2026-10-04T15:26:40.9429450Z   ---
2026-10-04T15:26:40.9429928Z   duration_ms: 1001.945376
2026-10-04T15:26:40.9430382Z   type: 'test'
2026-10-04T15:26:40.9430786Z   ...
2026-10-04T15:26:40.9431506Z # {"maximum":9.001,"maximumStep":0.0447177873670066,"seconds":31.983333333332798}
2026-10-04T15:26:40.9432568Z # Subtest: a pedestrian reaches the public freight-port promenade and walks back over the sea wall
2026-10-04T15:26:40.9433923Z ok 150 - a pedestrian reaches the public freight-port promenade and walks back over the sea wall
2026-10-04T15:26:40.9434672Z   ---
2026-10-04T15:26:40.9435077Z   duration_ms: 218.547531
2026-10-04T15:26:40.9435590Z   type: 'test'
2026-10-04T15:26:40.9436066Z   ...
2026-10-04T15:26:40.9450138Z # {"outbound":{"maximum":2.4,"maximumStep":0.017683754768263338,"seconds":16.95000000000032},"inbound":{"maximum":2.4,"maximumStep":0.017683754768263338,"seconds":16.933333333332374}}
2026-10-04T15:26:40.9451340Z # Subtest: cars cross below both flyovers without being lifted onto the deck
2026-10-04T15:26:40.9451982Z ok 151 - cars cross below both flyovers without being lifted onto the deck
2026-10-04T15:26:40.9452463Z   ---
2026-10-04T15:26:40.9452721Z   duration_ms: 92.116121
2026-10-04T15:26:40.9453002Z   type: 'test'
2026-10-04T15:26:40.9453257Z   ...
2026-10-04T15:26:40.9454164Z # Subtest: added piers and street equipment leave existing north-shore traffic crossings open
2026-10-04T15:26:40.9455092Z ok 152 - added piers and street equipment leave existing north-shore traffic crossings open
2026-10-04T15:26:40.9455656Z   ---
2026-10-04T15:26:40.9455923Z   duration_ms: 488.405585
2026-10-04T15:26:40.9456232Z   type: 'test'
2026-10-04T15:26:40.9456515Z   ...
2026-10-04T15:26:40.9457161Z # Subtest: every address has an explicit entrance, frontage, roof, and unique physical signature
2026-10-04T15:26:40.9458126Z ok 153 - every address has an explicit entrance, frontage, roof, and unique physical signature
2026-10-04T15:26:40.9458680Z   ---
2026-10-04T15:26:40.9458953Z   duration_ms: 1.158695
2026-10-04T15:26:40.9459239Z   type: 'test'
2026-10-04T15:26:40.9459504Z   ...
2026-10-04T15:26:40.9460161Z # Subtest: all 192 authored display fronts are visible chunk geometry and clear the central approach
2026-10-04T15:26:40.9461143Z ok 154 - all 192 authored display fronts are visible chunk geometry and clear the central approach
2026-10-04T15:26:40.9461725Z   ---
2026-10-04T15:26:40.9462005Z   duration_ms: 4.029528
2026-10-04T15:26:40.9462302Z   type: 'test'
2026-10-04T15:26:40.9462535Z   ...
2026-10-04T15:26:40.9463181Z # Subtest: shop lettering preserves its physical aspect ratio and uses ordinary UV projection
2026-10-04T15:26:40.9464291Z ok 155 - shop lettering preserves its physical aspect ratio and uses ordinary UV projection
2026-10-04T15:26:40.9464871Z   ---
2026-10-04T15:26:40.9465130Z   duration_ms: 49.244568
2026-10-04T15:26:40.9465462Z   type: 'test'
2026-10-04T15:26:40.9465726Z   ...
2026-10-04T15:26:40.9466327Z # Subtest: upper facade ribs do not obscure retail signs or the entrance canopy
2026-10-04T15:26:40.9467155Z ok 156 - upper facade ribs do not obscure retail signs or the entrance canopy
2026-10-04T15:26:40.9467622Z   ---
2026-10-04T15:26:40.9467886Z   duration_ms: 10.860775
2026-10-04T15:26:40.9468201Z   type: 'test'
2026-10-04T15:26:40.9468653Z   ...
2026-10-04T15:26:40.9469291Z # Subtest: retail counters and collision agree at adult scale, with small goods resting on top
2026-10-04T15:26:40.9470239Z ok 157 - retail counters and collision agree at adult scale, with small goods resting on top
2026-10-04T15:26:40.9470792Z   ---
2026-10-04T15:26:40.9471035Z   duration_ms: 27.715805
2026-10-04T15:26:40.9471318Z   type: 'test'
2026-10-04T15:26:40.9471569Z   ...
2026-10-04T15:26:40.9472090Z # Subtest: human-scale motifs and curved components survive actual chunk export
2026-10-04T15:26:40.9472871Z ok 158 - human-scale motifs and curved components survive actual chunk export
2026-10-04T15:26:40.9473328Z   ---
2026-10-04T15:26:40.9473566Z   duration_ms: 188.812189
2026-10-04T15:26:40.9474014Z   type: 'test'
2026-10-04T15:26:40.9474257Z   ...
2026-10-04T15:26:40.9474747Z # Subtest: additional architectural detail stays streamed and within bounded chunk budgets
2026-10-04T15:26:40.9475741Z ok 159 - additional architectural detail stays streamed and within bounded chunk budgets
2026-10-04T15:26:40.9476381Z   ---
2026-10-04T15:26:40.9476660Z   duration_ms: 18.191363
2026-10-04T15:26:40.9476937Z   type: 'test'
2026-10-04T15:26:40.9477169Z   ...
2026-10-04T15:26:40.9477697Z # Subtest: architectural refinement retains the full wide lobby approach at every address
2026-10-04T15:26:40.9478483Z ok 160 - architectural refinement retains the full wide lobby approach at every address
2026-10-04T15:26:40.9478984Z   ---
2026-10-04T15:26:40.9479216Z   duration_ms: 11.040956
2026-10-04T15:26:40.9479488Z   type: 'test'
2026-10-04T15:26:40.9479726Z   ...
2026-10-04T15:26:40.9480315Z # Subtest: address-specific sign materials are disposed along with their streamed district
2026-10-04T15:26:40.9481091Z ok 161 - address-specific sign materials are disposed along with their streamed district
2026-10-04T15:26:40.9481601Z   ---
2026-10-04T15:26:40.9481835Z   duration_ms: 88.754279
2026-10-04T15:26:40.9482101Z   type: 'test'
2026-10-04T15:26:40.9482328Z   ...
2026-10-04T15:26:40.9482998Z # Subtest: an underpass and its upper carriageway stay independent at the same x/z
2026-10-04T15:26:40.9483881Z ok 162 - an underpass and its upper carriageway stay independent at the same x/z
2026-10-04T15:26:40.9484347Z   ---
2026-10-04T15:26:40.9484573Z   duration_ms: 4.586767
2026-10-04T15:26:40.9484840Z   type: 'test'
2026-10-04T15:26:40.9485070Z   ...
2026-10-04T15:26:40.9485716Z # Subtest: both directions of both ramps support a continuous pedestrian journey without an elevation snap
2026-10-04T15:26:40.9486734Z ok 163 - both directions of both ramps support a continuous pedestrian journey without an elevation snap
2026-10-04T15:26:40.9487315Z   ---
2026-10-04T15:26:40.9487566Z   duration_ms: 480.611474
2026-10-04T15:26:40.9487858Z   type: 'test'
2026-10-04T15:26:40.9488100Z   ...
2026-10-04T15:26:40.9488776Z # Subtest: four-wheel car support follows both complete flyovers without jumping level or striking a collider
2026-10-04T15:26:40.9489827Z ok 164 - four-wheel car support follows both complete flyovers without jumping level or striking a collider
2026-10-04T15:26:40.9490434Z   ---
2026-10-04T15:26:40.9490680Z   duration_ms: 559.812498
2026-10-04T15:26:40.9490967Z   type: 'test'
2026-10-04T15:26:40.9491213Z   ...
2026-10-04T15:26:40.9491812Z # Subtest: rendered carriageway tops agree with the analytical support profile to one centimetre
2026-10-04T15:26:40.9492744Z ok 165 - rendered carriageway tops agree with the analytical support profile to one centimetre
2026-10-04T15:26:40.9493297Z   ---
2026-10-04T15:26:40.9493533Z   duration_ms: 0.831893
2026-10-04T15:26:40.9493955Z   type: 'test'
2026-10-04T15:26:40.9494195Z   ...
2026-10-04T15:26:40.9494874Z # Subtest: cross-streets retain a clear path below the flyovers and bridge piers remain outside carriageways
2026-10-04T15:26:40.9496069Z ok 166 - cross-streets retain a clear path below the flyovers and bridge piers remain outside carriageways
2026-10-04T15:26:40.9496632Z   ---
2026-10-04T15:26:40.9496869Z   duration_ms: 23.843553
2026-10-04T15:26:40.9497358Z   type: 'test'
2026-10-04T15:26:40.9497611Z   ...
2026-10-04T15:26:40.9498192Z # Subtest: freight access rises continuously over the original seawall and reaches a real clear deck
2026-10-04T15:26:40.9499200Z ok 167 - freight access rises continuously over the original seawall and reaches a real clear deck
2026-10-04T15:26:40.9499760Z   ---
2026-10-04T15:26:40.9500003Z   duration_ms: 27.766085
2026-10-04T15:26:40.9500288Z   type: 'test'
2026-10-04T15:26:40.9500544Z   ...
2026-10-04T15:26:40.9501180Z # Subtest: station additions preserve every building entrance, transit entrance and ferry passage
2026-10-04T15:26:40.9502112Z ok 168 - station additions preserve every building entrance, transit entrance and ferry passage
2026-10-04T15:26:40.9502650Z   ---
2026-10-04T15:26:40.9502886Z   duration_ms: 6.175756
2026-10-04T15:26:40.9503100Z   type: 'test'
2026-10-04T15:26:40.9503267Z   ...
2026-10-04T15:26:40.9503846Z # Subtest: district culling hides distant detail while keeping local geometry and permanent collisions
2026-10-04T15:26:40.9504438Z ok 169 - district culling hides distant detail while keeping local geometry and permanent collisions
2026-10-04T15:26:40.9504784Z   ---
2026-10-04T15:26:40.9504950Z   duration_ms: 0.350948
2026-10-04T15:26:40.9505132Z   type: 'test'
2026-10-04T15:26:40.9505293Z   ...
2026-10-04T15:26:40.9505647Z # Subtest: entry signs face their approach routes and every sign has an opaque blank reverse
2026-10-04T15:26:40.9506167Z ok 170 - entry signs face their approach routes and every sign has an opaque blank reverse
2026-10-04T15:26:40.9506484Z   ---
2026-10-04T15:26:40.9506651Z   duration_ms: 20.156501
2026-10-04T15:26:40.9506837Z   type: 'test'
2026-10-04T15:26:40.9506992Z   ...
2026-10-04T15:26:40.9507419Z # Subtest: every one of 48 addresses has distinct furnished programmes, open entrances, and a walkable elevator route
2026-10-04T15:26:40.9508078Z ok 171 - every one of 48 addresses has distinct furnished programmes, open entrances, and a walkable elevator route
2026-10-04T15:26:40.9508456Z   ---
2026-10-04T15:26:40.9508755Z   duration_ms: 788.943547
2026-10-04T15:26:40.9508957Z   type: 'test'
2026-10-04T15:26:40.9509120Z   ...
2026-10-04T15:26:40.9509558Z # Subtest: all natural floor plans keep furniture collision aligned with visible geometry and guard upper-floor edges
2026-10-04T15:26:40.9510222Z ok 172 - all natural floor plans keep furniture collision aligned with visible geometry and guard upper-floor edges
2026-10-04T15:26:40.9510595Z   ---
2026-10-04T15:26:40.9510755Z   duration_ms: 1774.159574
2026-10-04T15:26:40.9510956Z   type: 'test'
2026-10-04T15:26:40.9511115Z   ...
2026-10-04T15:26:40.9511549Z # Subtest: the tallest lift carries a boarded passenger continuously, closes its doors, and arrives clear of furniture
2026-10-04T15:26:40.9512209Z ok 173 - the tallest lift carries a boarded passenger continuously, closes its doors, and arrives clear of furniture
2026-10-04T15:26:40.9512601Z   ---
2026-10-04T15:26:40.9512770Z   duration_ms: 51.645407
2026-10-04T15:26:40.9512973Z   type: 'test'
2026-10-04T15:26:40.9513133Z   ...
2026-10-04T15:26:40.9513729Z # Subtest: elevator selection validates the passenger still occupies the physical cabin and forced leave clears a moving ride
2026-10-04T15:26:40.9514467Z ok 174 - elevator selection validates the passenger still occupies the physical cabin and forced leave clears a moving ride
2026-10-04T15:26:40.9514867Z   ---
2026-10-04T15:26:40.9515026Z   duration_ms: 10.839324
2026-10-04T15:26:40.9515204Z   type: 'test'
2026-10-04T15:26:40.9515364Z   ...
2026-10-04T15:26:40.9515795Z # Subtest: interiors use textured shared finishes but transparent local glazing, and refresh copied player snapshots
2026-10-04T15:26:40.9516445Z ok 175 - interiors use textured shared finishes but transparent local glazing, and refresh copied player snapshots
2026-10-04T15:26:40.9516823Z   ---
2026-10-04T15:26:40.9516984Z   duration_ms: 30.417619
2026-10-04T15:26:40.9517160Z   type: 'test'
2026-10-04T15:26:40.9517322Z   ...
2026-10-04T15:26:40.9517868Z # Subtest: entering and leaving rooms preserves the global point-light shader budget without changing outdoor daylight
2026-10-04T15:26:40.9518523Z ok 176 - entering and leaving rooms preserves the global point-light shader budget without changing outdoor daylight
2026-10-04T15:26:40.9518901Z   ---
2026-10-04T15:26:40.9519055Z   duration_ms: 22.359253
2026-10-04T15:26:40.9519229Z   type: 'test'
2026-10-04T15:26:40.9519389Z   ...
2026-10-04T15:26:40.9519801Z # Subtest: every natural stair flight carries ordinary walking up and down all occupied floors without teleporting
2026-10-04T15:26:40.9520431Z ok 177 - every natural stair flight carries ordinary walking up and down all occupied floors without teleporting
2026-10-04T15:26:40.9520802Z   ---
2026-10-04T15:26:40.9520958Z   duration_ms: 16342.266443
2026-10-04T15:26:40.9521146Z   type: 'test'
2026-10-04T15:26:40.9521303Z   ...
2026-10-04T15:26:40.9521683Z # Subtest: stair treads, nosings, landings and cutouts agree with continuous-world support geometry
2026-10-04T15:26:40.9522239Z ok 178 - stair treads, nosings, landings and cutouts agree with continuous-world support geometry
2026-10-04T15:26:40.9522665Z   ---
2026-10-04T15:26:40.9522916Z   duration_ms: 4457.166912
2026-10-04T15:26:40.9523140Z   type: 'test'
2026-10-04T15:26:40.9523393Z   ...
2026-10-04T15:26:40.9524074Z # Subtest: the upper stair opening guards its wrong end without a four-metre ground-height snap
2026-10-04T15:26:40.9525055Z ok 179 - the upper stair opening guards its wrong end without a four-metre ground-height snap
2026-10-04T15:26:40.9525554Z   ---
2026-10-04T15:26:40.9525857Z   duration_ms: 22.627588
2026-10-04T15:26:40.9526053Z   type: 'test'
2026-10-04T15:26:40.9526244Z   ...
2026-10-04T15:26:40.9526707Z # Subtest: hidden enclosed floors keep their collision and furnishings resident while the stair opening reveals adjacent floors
2026-10-04T15:26:40.9527439Z ok 180 - hidden enclosed floors keep their collision and furnishings resident while the stair opening reveals adjacent floors
2026-10-04T15:26:40.9527854Z   ---
2026-10-04T15:26:40.9528171Z   duration_ms: 6.983564
2026-10-04T15:26:40.9528368Z   type: 'test'
2026-10-04T15:26:40.9528526Z   ...
2026-10-04T15:26:40.9528906Z # Subtest: painted corridor ceilings sit below the stone slab above instead of exposing its underside
2026-10-04T15:26:40.9529476Z ok 181 - painted corridor ceilings sit below the stone slab above instead of exposing its underside
2026-10-04T15:26:40.9529822Z   ---
2026-10-04T15:26:40.9529983Z   duration_ms: 58.949915
2026-10-04T15:26:40.9530172Z   type: 'test'
2026-10-04T15:26:40.9530329Z   ...
2026-10-04T15:26:40.9530764Z # Subtest: occupied finishes retain matte microtexture and modest indirect light with the same two-point-light budget
2026-10-04T15:26:40.9531437Z ok 182 - occupied finishes retain matte microtexture and modest indirect light with the same two-point-light budget
2026-10-04T15:26:40.9531815Z   ---
2026-10-04T15:26:40.9531971Z   duration_ms: 12.120939
2026-10-04T15:26:40.9532158Z   type: 'test'
2026-10-04T15:26:40.9532377Z   ...
2026-10-04T15:26:40.9532989Z # Subtest: all 48 closed pedestrian routes remain on pavements and outside every building envelope
2026-10-04T15:26:40.9534063Z ok 183 - all 48 closed pedestrian routes remain on pavements and outside every building envelope
2026-10-04T15:26:40.9534642Z   ---
2026-10-04T15:26:40.9534892Z   duration_ms: 143.195902
2026-10-04T15:26:40.9535180Z   type: 'test'
2026-10-04T15:26:40.9535436Z   ...
2026-10-04T15:26:40.9536100Z # Subtest: population has continuous persistent identities, social groups and eight original wardrobes
2026-10-04T15:26:40.9537127Z ok 184 - population has continuous persistent identities, social groups and eight original wardrobes
2026-10-04T15:26:40.9537732Z   ---
2026-10-04T15:26:40.9537979Z   duration_ms: 613.205477
2026-10-04T15:26:40.9538260Z   type: 'test'
2026-10-04T15:26:40.9538507Z   ...
2026-10-04T15:26:40.9539134Z # Subtest: distance streaming enforces entity budgets and unloads the entire crowd beyond the city
2026-10-04T15:26:40.9540288Z ok 185 - distance streaming enforces entity budgets and unloads the entire crowd beyond the city
2026-10-04T15:26:40.9540871Z   ---
2026-10-04T15:26:40.9541116Z   duration_ms: 200.098636
2026-10-04T15:26:40.9541398Z   type: 'test'
2026-10-04T15:26:40.9541635Z   ...
2026-10-04T15:26:40.9542393Z # Subtest: pause freezes resident positions and animation time, and nearby conversations return actual local directions
2026-10-04T15:26:40.9543557Z ok 186 - pause freezes resident positions and animation time, and nearby conversations return actual local directions
2026-10-04T15:26:40.9544296Z   ---
2026-10-04T15:26:40.9544553Z   duration_ms: 15.557169
2026-10-04T15:26:40.9544838Z   type: 'test'
2026-10-04T15:26:40.9545103Z   ...
2026-10-04T15:26:40.9545736Z # Subtest: pedestrians wait for a stopped vehicle on their route without tunnelling into its body
2026-10-04T15:26:40.9546697Z ok 187 - pedestrians wait for a stopped vehicle on their route without tunnelling into its body
2026-10-04T15:26:40.9547254Z   ---
2026-10-04T15:26:40.9547496Z   duration_ms: 38.689476
2026-10-04T15:26:40.9547763Z   type: 'test'
2026-10-04T15:26:40.9547988Z   ...
2026-10-04T15:26:40.9548609Z # Subtest: wardrobe variants share cached geometry while retaining compatible animated knees and elbows
2026-10-04T15:26:40.9549534Z ok 188 - wardrobe variants share cached geometry while retaining compatible animated knees and elbows
2026-10-04T15:26:40.9550062Z   ---
2026-10-04T15:26:40.9550280Z   duration_ms: 7.826917
2026-10-04T15:26:40.9550542Z   type: 'test'
2026-10-04T15:26:40.9550772Z   ...
2026-10-04T15:26:40.9551418Z # Subtest: local collision queries match a full-population reference after movement and reuse stable body records
2026-10-04T15:26:40.9552458Z ok 189 - local collision queries match a full-population reference after movement and reuse stable body records
2026-10-04T15:26:40.9553080Z   ---
2026-10-04T15:26:40.9553319Z   duration_ms: 44.860599
2026-10-04T15:26:40.9553588Z   type: 'test'
2026-10-04T15:26:40.9553946Z   ...
2026-10-04T15:26:40.9554776Z # Subtest: all citizens have stable distinct names, district occupations and four changing daily purposes
2026-10-04T15:26:40.9555768Z ok 190 - all citizens have stable distinct names, district occupations and four changing daily purposes
2026-10-04T15:26:40.9556354Z   ---
2026-10-04T15:26:40.9556590Z   duration_ms: 3.397627
2026-10-04T15:26:40.9556855Z   type: 'test'
2026-10-04T15:26:40.9557102Z   ...
2026-10-04T15:26:40.9557798Z # Subtest: street activities are finite, social residents resume walking, and hour changes never teleport people
2026-10-04T15:26:40.9558865Z ok 191 - street activities are finite, social residents resume walking, and hour changes never teleport people
2026-10-04T15:26:40.9559490Z   ---
2026-10-04T15:26:40.9559735Z   duration_ms: 377.478469
2026-10-04T15:26:40.9560016Z   type: 'test'
2026-10-04T15:26:40.9560257Z   ...
2026-10-04T15:26:40.9561016Z # Subtest: repeated conversations expose identity, current purpose and actual local floors instead of one repeated tip
2026-10-04T15:26:40.9562191Z ok 192 - repeated conversations expose identity, current purpose and actual local floors instead of one repeated tip
2026-10-04T15:26:40.9562823Z   ---
2026-10-04T15:26:40.9563070Z   duration_ms: 4.048928
2026-10-04T15:26:40.9563347Z   type: 'test'
2026-10-04T15:26:40.9563586Z   ...
2026-10-04T15:26:40.9564357Z # Subtest: occupational props retain hand attachment, cache geometry, and fit varied anatomical bodies
2026-10-04T15:26:40.9565354Z ok 193 - occupational props retain hand attachment, cache geometry, and fit varied anatomical bodies
2026-10-04T15:26:40.9565920Z   ---
2026-10-04T15:26:40.9566213Z   duration_ms: 6.098194
2026-10-04T15:26:40.9566487Z   type: 'test'
2026-10-04T15:26:40.9566723Z   ...
2026-10-04T15:26:40.9567213Z # Subtest: real bus-bay residents stay outside the avenue and parked vehicles without adding population or fake boarding
2026-10-04T15:26:40.9567878Z ok 194 - real bus-bay residents stay outside the avenue and parked vehicles without adding population or fake boarding
2026-10-04T15:26:40.9568396Z   ---
2026-10-04T15:26:40.9568564Z   duration_ms: 109.454843
2026-10-04T15:26:40.9568751Z   type: 'test'
2026-10-04T15:26:40.9568911Z   ...
2026-10-04T15:26:40.9569300Z # Subtest: all natural floors name distinct functional areas without substituting furniture for rooms
2026-10-04T15:26:40.9570293Z ok 195 - all natural floors name distinct functional areas without substituting furniture for rooms
2026-10-04T15:26:40.9570837Z   ---
2026-10-04T15:26:40.9571070Z   duration_ms: 11.641392
2026-10-04T15:26:40.9571362Z   type: 'test'
2026-10-04T15:26:40.9571603Z   ...
2026-10-04T15:26:40.9572144Z # Subtest: every natural-floor room threshold remain reachable through the central aisle and real door openings
2026-10-04T15:26:40.9572785Z ok 196 - every natural-floor room threshold remain reachable through the central aisle and real door openings
2026-10-04T15:26:40.9573152Z   ---
2026-10-04T15:26:40.9573315Z   duration_ms: 8171.568304
2026-10-04T15:26:40.9573519Z   type: 'test'
2026-10-04T15:26:40.9573858Z   ...
2026-10-04T15:26:40.9574394Z # Subtest: distinct programmes contain their recognizable specialist equipment and real domestic subdivisions
2026-10-04T15:26:40.9575027Z ok 197 - distinct programmes contain their recognizable specialist equipment and real domestic subdivisions
2026-10-04T15:26:40.9575391Z   ---
2026-10-04T15:26:40.9575551Z   duration_ms: 664.280144
2026-10-04T15:26:40.9575736Z   type: 'test'
2026-10-04T15:26:40.9575906Z   ...
2026-10-04T15:26:40.9576307Z # Subtest: soft furniture batches share geometry and materials while snapshot exposes navigable room metadata
2026-10-04T15:26:40.9576912Z ok 198 - soft furniture batches share geometry and materials while snapshot exposes navigable room metadata
2026-10-04T15:26:40.9577275Z   ---
2026-10-04T15:26:40.9577436Z   duration_ms: 107.180702
2026-10-04T15:26:40.9577619Z   type: 'test'
2026-10-04T15:26:40.9577791Z   ...
2026-10-04T15:26:40.9578140Z # Subtest: domestic room dimensions reflect furnished homes rather than unused public halls
2026-10-04T15:26:40.9578808Z ok 199 - domestic room dimensions reflect furnished homes rather than unused public halls
2026-10-04T15:26:40.9579138Z   ---
2026-10-04T15:26:40.9579293Z   duration_ms: 4.393823
2026-10-04T15:26:40.9579476Z   type: 'test'
2026-10-04T15:26:40.9579631Z   ...
2026-10-04T15:26:40.9580003Z # Subtest: eight hospital rooms have clean bounded interiors and medical furniture within real walls
2026-10-04T15:26:40.9580559Z ok 200 - eight hospital rooms have clean bounded interiors and medical furniture within real walls
2026-10-04T15:26:40.9580908Z   ---
2026-10-04T15:26:40.9581063Z   duration_ms: 2.202155
2026-10-04T15:26:40.9581234Z   type: 'test'
2026-10-04T15:26:40.9581399Z   ...
2026-10-04T15:26:40.9581811Z # Subtest: hospital visitors can reach counters, seats, beds, handwashing and rehabilitation equipment and return
2026-10-04T15:26:40.9582431Z ok 201 - hospital visitors can reach counters, seats, beds, handwashing and rehabilitation equipment and return
2026-10-04T15:26:40.9582802Z   ---
2026-10-04T15:26:40.9582962Z   duration_ms: 19.760986
2026-10-04T15:26:40.9583148Z   type: 'test'
2026-10-04T15:26:40.9583312Z   ...
2026-10-04T15:26:40.9583857Z # Subtest: all enclosed occupied rooms have human-scale enclosures and furnishings within their walls
2026-10-04T15:26:40.9584428Z ok 202 - all enclosed occupied rooms have human-scale enclosures and furnishings within their walls
2026-10-04T15:26:40.9584783Z   ---
2026-10-04T15:26:40.9584946Z   duration_ms: 662.703906
2026-10-04T15:26:40.9585133Z   type: 'test'
2026-10-04T15:26:40.9585289Z   ...
2026-10-04T15:26:40.9585732Z # Subtest: public arrival and corridor spaces contain legible orientation, seating and programme-specific displays
2026-10-04T15:26:40.9586377Z ok 203 - public arrival and corridor spaces contain legible orientation, seating and programme-specific displays
2026-10-04T15:26:40.9586745Z   ---
2026-10-04T15:26:40.9586906Z   duration_ms: 284.948147
2026-10-04T15:26:40.9587253Z   type: 'test'
2026-10-04T15:26:40.9587409Z   ...
2026-10-04T15:26:40.9587720Z # Subtest: metro: enter, wait, board, travel and disembark at the next station
2026-10-04T15:26:40.9588150Z ok 204 - metro: enter, wait, board, travel and disembark at the next station
2026-10-04T15:26:40.9588423Z   ---
2026-10-04T15:26:40.9588580Z   duration_ms: 65.797984
2026-10-04T15:26:40.9588759Z   type: 'test'
2026-10-04T15:26:40.9588911Z   ...
2026-10-04T15:26:40.9589223Z # Subtest: light-rail: enter, wait, board, travel and disembark at the next station
2026-10-04T15:26:40.9589685Z ok 205 - light-rail: enter, wait, board, travel and disembark at the next station
2026-10-04T15:26:40.9589969Z   ---
2026-10-04T15:26:40.9590124Z   duration_ms: 3.413949
2026-10-04T15:26:40.9590308Z   type: 'test'
2026-10-04T15:26:40.9590464Z   ...
2026-10-04T15:26:40.9590772Z # Subtest: high-speed: enter, wait, board, travel and disembark at the next station
2026-10-04T15:26:40.9591226Z ok 206 - high-speed: enter, wait, board, travel and disembark at the next station
2026-10-04T15:26:40.9591516Z   ---
2026-10-04T15:26:40.9591669Z   duration_ms: 4.828793
2026-10-04T15:26:40.9591851Z   type: 'test'
2026-10-04T15:26:40.9592002Z   ...
2026-10-04T15:26:40.9592295Z # Subtest: ferry: enter, wait, board, travel and disembark at the next station
2026-10-04T15:26:40.9592710Z ok 207 - ferry: enter, wait, board, travel and disembark at the next station
2026-10-04T15:26:40.9592986Z   ---
2026-10-04T15:26:40.9593141Z   duration_ms: 3.644065
2026-10-04T15:26:40.9593312Z   type: 'test'
2026-10-04T15:26:40.9593471Z   ...
2026-10-04T15:26:40.9594041Z # Subtest: all ten stations have an initial visible service and maximum waiting time under 25 seconds
2026-10-04T15:26:40.9594608Z ok 208 - all ten stations have an initial visible service and maximum waiting time under 25 seconds
2026-10-04T15:26:40.9594946Z   ---
2026-10-04T15:26:40.9595100Z   duration_ms: 24.160738
2026-10-04T15:26:40.9595279Z   type: 'test'
2026-10-04T15:26:40.9595446Z   ...
2026-10-04T15:26:40.9595953Z # Subtest: underground platforms preserve their own floor height and cannot activate from the street
2026-10-04T15:26:40.9596529Z ok 209 - underground platforms preserve their own floor height and cannot activate from the street
2026-10-04T15:26:40.9596885Z   ---
2026-10-04T15:26:40.9597042Z   duration_ms: 1.462451
2026-10-04T15:26:40.9597220Z   type: 'test'
2026-10-04T15:26:40.9597376Z   ...
2026-10-04T15:26:40.9597720Z # Subtest: leave and reset return a platform or moving passenger to a safe street entrance
2026-10-04T15:26:40.9598212Z ok 210 - leave and reset return a platform or moving passenger to a safe street entrance
2026-10-04T15:26:40.9598515Z   ---
2026-10-04T15:26:40.9598676Z   duration_ms: 1.750515
2026-10-04T15:26:40.9598850Z   type: 'test'
2026-10-04T15:26:40.9599003Z   ...
2026-10-04T15:26:40.9599335Z # Subtest: large or invalid frame increments preserve deterministic finite vehicle poses
2026-10-04T15:26:40.9599819Z ok 211 - large or invalid frame increments preserve deterministic finite vehicle poses
2026-10-04T15:26:40.9600124Z   ---
2026-10-04T15:26:40.9600281Z   duration_ms: 14.526111
2026-10-04T15:26:40.9600465Z   type: 'test'
2026-10-04T15:26:40.9600617Z   ...
2026-10-04T15:26:40.9600963Z # Subtest: boarding requires reaching the marked platform area and an open stationary vehicle
2026-10-04T15:26:40.9601495Z ok 212 - boarding requires reaching the marked platform area and an open stationary vehicle
2026-10-04T15:26:40.9601815Z   ---
2026-10-04T15:26:40.9601974Z   duration_ms: 1.115028
2026-10-04T15:26:40.9602162Z   type: 'test'
2026-10-04T15:26:40.9602318Z   ...
2026-10-04T15:26:40.9602710Z # Subtest: station architecture and fleet share instanced resources and cull remote underground vehicles
2026-10-04T15:26:40.9603305Z ok 213 - station architecture and fleet share instanced resources and cull remote underground vehicles
2026-10-04T15:26:40.9603783Z   ---
2026-10-04T15:26:40.9603944Z   duration_ms: 106.807175
2026-10-04T15:26:40.9604134Z   type: 'test'
2026-10-04T15:26:40.9604407Z   ...
2026-10-04T15:26:40.9604813Z # Subtest: underground and elevated station roofs clip a steep camera boom without altering walking collision
2026-10-04T15:26:40.9605419Z ok 214 - underground and elevated station roofs clip a steep camera boom without altering walking collision
2026-10-04T15:26:40.9605782Z   ---
2026-10-04T15:26:40.9605938Z   duration_ms: 2.841507
2026-10-04T15:26:40.9606110Z   type: 'test'
2026-10-04T15:26:40.9606269Z   ...
2026-10-04T15:26:40.9606602Z # Subtest: ferry entrance signage supports stay above an approaching pedestrian camera
2026-10-04T15:26:40.9607086Z ok 215 - ferry entrance signage supports stay above an approaching pedestrian camera
2026-10-04T15:26:40.9607394Z   ---
2026-10-04T15:26:40.9607549Z   duration_ms: 60.289563
2026-10-04T15:26:40.9607723Z   type: 'test'
2026-10-04T15:26:40.9607882Z   ...
2026-10-04T15:26:40.9608236Z # Subtest: every station returns the player to rendered street ground clear of all world obstacles
2026-10-04T15:26:40.9608777Z ok 216 - every station returns the player to rendered street ground clear of all world obstacles
2026-10-04T15:26:40.9609108Z   ---
2026-10-04T15:26:40.9609258Z   duration_ms: 812.413182
2026-10-04T15:26:40.9609434Z   type: 'test'
2026-10-04T15:26:40.9609584Z   ...
2026-10-04T15:26:40.9609987Z # Subtest: the ferry passenger stands on the forward deck clear of furniture with an unobstructed forward view
2026-10-04T15:26:40.9610586Z ok 217 - the ferry passenger stands on the forward deck clear of furniture with an unobstructed forward view
2026-10-04T15:26:40.9610937Z   ---
2026-10-04T15:26:40.9611097Z   duration_ms: 33.398524
2026-10-04T15:26:40.9611274Z   type: 'test'
2026-10-04T15:26:40.9611425Z   ...
2026-10-04T15:26:40.9611776Z # Subtest: ferry entrance sign planes retract the default chase boom on both landward exits
2026-10-04T15:26:40.9612289Z ok 218 - ferry entrance sign planes retract the default chase boom on both landward exits
2026-10-04T15:26:40.9612603Z   ---
2026-10-04T15:26:40.9612767Z   duration_ms: 28.01505
2026-10-04T15:26:40.9612945Z   type: 'test'
2026-10-04T15:26:40.9613209Z   ...
2026-10-04T15:26:40.9613736Z # Subtest: all three metro stations can be walked down and back up with the real player capsule and no teleport
2026-10-04T15:26:40.9614647Z ok 219 - all three metro stations can be walked down and back up with the real player capsule and no teleport
2026-10-04T15:26:40.9615006Z   ---
2026-10-04T15:26:40.9615169Z   duration_ms: 165.643009
2026-10-04T15:26:40.9615361Z   type: 'test'
2026-10-04T15:26:40.9615522Z   ...
2026-10-04T15:26:40.9615896Z # Subtest: metro upper streets, lower platforms and switchback stairs keep their independent heights
2026-10-04T15:26:40.9616464Z ok 220 - metro upper streets, lower platforms and switchback stairs keep their independent heights
2026-10-04T15:26:40.9616799Z   ---
2026-10-04T15:26:40.9616953Z   duration_ms: 0.254443
2026-10-04T15:26:40.9617135Z   type: 'test'
2026-10-04T15:26:40.9617291Z   ...
2026-10-04T15:26:40.9617665Z # Subtest: metro gate turns remain walkable in both directions throughout the bounded endpoint margin
2026-10-04T15:26:40.9618234Z ok 221 - metro gate turns remain walkable in both directions throughout the bounded endpoint margin
2026-10-04T15:26:40.9618565Z   ---
2026-10-04T15:26:40.9618722Z   duration_ms: 66.609346
2026-10-04T15:26:40.9618905Z   type: 'test'
2026-10-04T15:26:40.9619066Z   ...
2026-10-04T15:26:40.9619447Z # Subtest: rendered metro treads match the physical walking slope within one riser, with clear headroom
2026-10-04T15:26:40.9620012Z ok 222 - rendered metro treads match the physical walking slope within one riser, with clear headroom
2026-10-04T15:26:40.9620355Z   ---
2026-10-04T15:26:40.9620511Z   duration_ms: 551.826954
2026-10-04T15:26:40.9620689Z   type: 'test'
2026-10-04T15:26:40.9620847Z   ...
2026-10-04T15:26:40.9621254Z # Subtest: upper metro stairs see a solid retaining wall above the covered landing instead of the world underside
2026-10-04T15:26:40.9621869Z ok 223 - upper metro stairs see a solid retaining wall above the covered landing instead of the world underside
2026-10-04T15:26:40.9622365Z   ---
2026-10-04T15:26:40.9622523Z   duration_ms: 185.477734
2026-10-04T15:26:40.9622701Z   type: 'test'
2026-10-04T15:26:40.9622851Z   ...
2026-10-04T15:26:40.9623260Z # Subtest: every animated train-door batch has a stable conservative envelope for both open and closed poses
2026-10-04T15:26:40.9624020Z ok 224 - every animated train-door batch has a stable conservative envelope for both open and closed poses
2026-10-04T15:26:40.9624374Z   ---
2026-10-04T15:26:40.9624539Z   duration_ms: 24.017761
2026-10-04T15:26:40.9624719Z   type: 'test'
2026-10-04T15:26:40.9624882Z   ...
2026-10-04T15:26:40.9625279Z # Subtest: offscreen above-ground train doors cull for a metro viewer while doors inside the view remain
2026-10-04T15:26:40.9625854Z ok 225 - offscreen above-ground train doors cull for a metro viewer while doors inside the view remain
2026-10-04T15:26:40.9626197Z   ---
2026-10-04T15:26:40.9626356Z   duration_ms: 21.625228
2026-10-04T15:26:40.9626535Z   type: 'test'
2026-10-04T15:26:40.9626690Z   ...
2026-10-04T15:26:40.9627091Z # Subtest: 48 permanent addresses have unique identity, continuous natural storeys, and distinct programmes
2026-10-04T15:26:40.9627689Z ok 226 - 48 permanent addresses have unique identity, continuous natural storeys, and distinct programmes
2026-10-04T15:26:40.9628084Z   ---
2026-10-04T15:26:40.9628250Z   duration_ms: 2.137008
2026-10-04T15:26:40.9628433Z   type: 'test'
2026-10-04T15:26:40.9628589Z   ...
2026-10-04T15:26:40.9628906Z # Subtest: every south entrance has a physical street approach and a door opening
2026-10-04T15:26:40.9629372Z ok 227 - every south entrance has a physical street approach and a door opening
2026-10-04T15:26:40.9629664Z   ---
2026-10-04T15:26:40.9629818Z   duration_ms: 2.32451
2026-10-04T15:26:40.9629999Z   type: 'test'
2026-10-04T15:26:40.9630156Z   ...
2026-10-04T15:26:40.9630494Z # Subtest: permanent road lanes remain free of building collision with unloaded districts
2026-10-04T15:26:40.9631116Z ok 228 - permanent road lanes remain free of building collision with unloaded districts
2026-10-04T15:26:40.9631440Z   ---
2026-10-04T15:26:40.9631601Z   duration_ms: 10.272957
2026-10-04T15:26:40.9631787Z   type: 'test'
2026-10-04T15:26:40.9631941Z   ...
2026-10-04T15:26:40.9632248Z # Subtest: bridge deck joins both shores continuously, with no abrupt end slope
2026-10-04T15:26:40.9632690Z ok 229 - bridge deck joins both shores continuously, with no abrupt end slope
2026-10-04T15:26:40.9632982Z   ---
2026-10-04T15:26:40.9633138Z   duration_ms: 0.268414
2026-10-04T15:26:40.9633310Z   type: 'test'
2026-10-04T15:26:40.9633471Z   ...
2026-10-04T15:26:40.9633958Z # Subtest: north ferry, metro, light rail and high-speed station approaches stay open
2026-10-04T15:26:40.9634443Z ok 230 - north ferry, metro, light rail and high-speed station approaches stay open
2026-10-04T15:26:40.9634749Z   ---
2026-10-04T15:26:40.9634904Z   duration_ms: 0.182445
2026-10-04T15:26:40.9635080Z   type: 'test'
2026-10-04T15:26:40.9635248Z   ...
2026-10-04T15:26:40.9635594Z # Subtest: export contains twelve real validated chunks with independent detailed geometry
2026-10-04T15:26:40.9636099Z ok 231 - export contains twelve real validated chunks with independent detailed geometry
2026-10-04T15:26:40.9636410Z   ---
2026-10-04T15:26:40.9636575Z   duration_ms: 23.907465
2026-10-04T15:26:40.9636757Z   type: 'test'
2026-10-04T15:26:40.9636910Z   ...
2026-10-04T15:26:40.9637213Z # Subtest: entering one address hides just its shell and exiting restores it
2026-10-04T15:26:40.9637643Z ok 232 - entering one address hides just its shell and exiting restores it
2026-10-04T15:26:40.9637922Z   ---
2026-10-04T15:26:40.9638082Z   duration_ms: 46.346148
2026-10-04T15:26:40.9638261Z   type: 'test'
2026-10-04T15:26:40.9638412Z   ...
2026-10-04T15:26:40.9638733Z # Subtest: runtime fetches nearby JSON and actually disposes detail after moving away
2026-10-04T15:26:40.9639212Z ok 233 - runtime fetches nearby JSON and actually disposes detail after moving away
2026-10-04T15:26:40.9639647Z   ---
2026-10-04T15:26:40.9639811Z   duration_ms: 72.906317
2026-10-04T15:26:40.9639995Z   type: 'test'
2026-10-04T15:26:40.9640151Z   ...
2026-10-04T15:26:40.9640468Z # Subtest: streaming startup retains no authored detail transforms before any fetch
2026-10-04T15:26:40.9640943Z ok 234 - streaming startup retains no authored detail transforms before any fetch
2026-10-04T15:26:40.9641239Z   ---
2026-10-04T15:26:40.9641392Z   duration_ms: 25.381935
2026-10-04T15:26:40.9641572Z   type: 'test'
2026-10-04T15:26:40.9641723Z   ...
2026-10-04T15:26:40.9642105Z # Subtest: paving keeps every doorway covered while an occupied lobby has exactly one visible y=0 floor
2026-10-04T15:26:40.9642689Z ok 235 - paving keeps every doorway covered while an occupied lobby has exactly one visible y=0 floor
2026-10-04T15:26:40.9643032Z   ---
2026-10-04T15:26:40.9643195Z   duration_ms: 1764.839818
2026-10-04T15:26:40.9643382Z   type: 'test'
2026-10-04T15:26:40.9643546Z   ...
2026-10-04T15:26:40.9644131Z # Subtest: distance LOD preserves the hero car and reduces distant geometry without changing its collision envelope
2026-10-04T15:26:40.9644784Z ok 236 - distance LOD preserves the hero car and reduces distant geometry without changing its collision envelope
2026-10-04T15:26:40.9645172Z   ---
2026-10-04T15:26:40.9645339Z   duration_ms: 364.309941
2026-10-04T15:26:40.9645522Z   type: 'test'
2026-10-04T15:26:40.9645678Z   ...
2026-10-04T15:26:40.9646008Z # Subtest: distant pedestrians retain animated joints and original human dimensions
2026-10-04T15:26:40.9646480Z ok 237 - distant pedestrians retain animated joints and original human dimensions
2026-10-04T15:26:40.9646783Z   ---
2026-10-04T15:26:40.9646941Z   duration_ms: 97.394375
2026-10-04T15:26:40.9647120Z   type: 'test'
2026-10-04T15:26:40.9647273Z   ...
2026-10-04T15:26:40.9647638Z # Subtest: removing a car disposes owned paint and lights while preserving shared LOD geometry
2026-10-04T15:26:40.9648160Z ok 238 - removing a car disposes owned paint and lights while preserving shared LOD geometry
2026-10-04T15:26:40.9648613Z   ---
2026-10-04T15:26:40.9648783Z   duration_ms: 167.235964
2026-10-04T15:26:40.9648965Z   type: 'test'
2026-10-04T15:26:40.9649120Z   ...
2026-10-04T15:26:40.9649540Z # Subtest: real room service joins two clients, streams movement/chat, isolates rooms and rejects invalid packets
2026-10-04T15:26:40.9650163Z ok 239 - real room service joins two clients, streams movement/chat, isolates rooms and rejects invalid packets
2026-10-04T15:26:40.9650523Z   ---
2026-10-04T15:26:40.9650681Z   duration_ms: 592.999689
2026-10-04T15:26:40.9650856Z   type: 'test'
2026-10-04T15:26:40.9651009Z   ...
2026-10-04T15:26:40.9651299Z # Subtest: vehicle claims are exclusive and leaving releases ownership
2026-10-04T15:26:40.9651710Z ok 240 - vehicle claims are exclusive and leaving releases ownership
2026-10-04T15:26:40.9651984Z   ---
2026-10-04T15:26:40.9652140Z   duration_ms: 20.632454
2026-10-04T15:26:40.9652330Z   type: 'test'
2026-10-04T15:26:40.9652491Z   ...
2026-10-04T15:26:40.9652907Z # Subtest: room capacity is enforced and peer interpolation follows shortest angles without interpolating travel
2026-10-04T15:26:40.9653535Z ok 241 - room capacity is enforced and peer interpolation follows shortest angles without interpolating travel
2026-10-04T15:26:40.9654057Z   ---
2026-10-04T15:26:40.9654220Z   duration_ms: 18.555557
2026-10-04T15:26:40.9654410Z   type: 'test'
2026-10-04T15:26:40.9654569Z   ...
2026-10-04T15:26:40.9654940Z # Subtest: traffic follows the same street route while the player uses an indoor collision context
2026-10-04T15:26:40.9655494Z ok 242 - traffic follows the same street route while the player uses an indoor collision context
2026-10-04T15:26:40.9655826Z   ---
2026-10-04T15:26:40.9655983Z   duration_ms: 2427.556868
2026-10-04T15:26:40.9656167Z   type: 'test'
2026-10-04T15:26:40.9656325Z   ...
2026-10-04T15:26:40.9656657Z # Subtest: background traffic restores indoor data after an invalid road update throws
2026-10-04T15:26:40.9657279Z ok 243 - background traffic restores indoor data after an invalid road update throws
2026-10-04T15:26:40.9657594Z   ---
2026-10-04T15:26:40.9657752Z   duration_ms: 1.046886
2026-10-04T15:26:40.9657927Z   type: 'test'
2026-10-04T15:26:40.9658085Z   ...
2026-10-04T15:26:40.9658418Z # Subtest: precision input crosses a 1.6 metre doorway at four rendered frames per second
2026-10-04T15:26:40.9658910Z ok 244 - precision input crosses a 1.6 metre doorway at four rendered frames per second
2026-10-04T15:26:40.9659223Z   ---
2026-10-04T15:26:40.9659379Z   duration_ms: 12.086807
2026-10-04T15:26:40.9659558Z   type: 'test'
2026-10-04T15:26:40.9659710Z   ...
2026-10-04T15:26:40.9660099Z # Subtest: normal and sprint speeds stay intact; precision overrides sprint without draining stamina
2026-10-04T15:26:40.9660669Z ok 245 - normal and sprint speeds stay intact; precision overrides sprint without draining stamina
2026-10-04T15:26:40.9661004Z   ---
2026-10-04T15:26:40.9661165Z   duration_ms: 3.315542
2026-10-04T15:26:40.9661347Z   type: 'test'
2026-10-04T15:26:40.9661501Z   ...
2026-10-04T15:26:40.9661854Z # Subtest: double-decker hull blocks feet above sedan height and preserves its actual span
2026-10-04T15:26:40.9662366Z ok 246 - double-decker hull blocks feet above sedan height and preserves its actual span
2026-10-04T15:26:40.9662678Z   ---
2026-10-04T15:26:40.9662838Z   duration_ms: 1.68073
2026-10-04T15:26:40.9663019Z   type: 'test'
2026-10-04T15:26:40.9663177Z   ...
2026-10-04T15:26:40.9663509Z # Subtest: fresh saves have bounded values; corrupt and incompatible saves recover safely
2026-10-04T15:26:40.9664164Z ok 247 - fresh saves have bounded values; corrupt and incompatible saves recover safely
2026-10-04T15:26:40.9664478Z   ---
2026-10-04T15:26:40.9664633Z   duration_ms: 2.398191
2026-10-04T15:26:40.9664816Z   type: 'test'
2026-10-04T15:26:40.9664972Z   ...
2026-10-04T15:26:40.9665271Z # Subtest: walking respects camera orientation, bounds and solid buildings
2026-10-04T15:26:40.9665703Z ok 248 - walking respects camera orientation, bounds and solid buildings
2026-10-04T15:26:40.9666095Z   ---
2026-10-04T15:26:40.9666279Z   duration_ms: 54.039311
2026-10-04T15:26:40.9666470Z   type: 'test'
2026-10-04T15:26:40.9666631Z   ...
2026-10-04T15:26:40.9666918Z # Subtest: diagonal movement is normalized and sprint consumes stamina
2026-10-04T15:26:40.9667318Z ok 249 - diagonal movement is normalized and sprint consumes stamina
2026-10-04T15:26:40.9667598Z   ---
2026-10-04T15:26:40.9667757Z   duration_ms: 38.298893
2026-10-04T15:26:40.9667941Z   type: 'test'
2026-10-04T15:26:40.9668104Z   ...
2026-10-04T15:26:40.9668425Z # Subtest: strafe-right follows the rendered camera right vector in both directions
2026-10-04T15:26:40.9668903Z ok 250 - strafe-right follows the rendered camera right vector in both directions
2026-10-04T15:26:40.9669204Z   ---
2026-10-04T15:26:40.9669358Z   duration_ms: 8.257752
2026-10-04T15:26:40.9669534Z   type: 'test'
2026-10-04T15:26:40.9669695Z   ...
2026-10-04T15:26:40.9669962Z # Subtest: jump lands, and holding jump does not repeatedly bounce
2026-10-04T15:26:40.9670343Z ok 251 - jump lands, and holding jump does not repeatedly bounce
2026-10-04T15:26:40.9670596Z   ---
2026-10-04T15:26:40.9670757Z   duration_ms: 8.151493
2026-10-04T15:26:40.9670932Z   type: 'test'
2026-10-04T15:26:40.9671085Z   ...
2026-10-04T15:26:40.9671604Z # Subtest: entering requires proximity; exiting needs low speed and an unobstructed location
2026-10-04T15:26:40.9672406Z ok 252 - entering requires proximity; exiting needs low speed and an unobstructed location
2026-10-04T15:26:40.9672839Z   ---
2026-10-04T15:26:40.9673079Z   duration_ms: 4.879065
2026-10-04T15:26:40.9673459Z   type: 'test'
2026-10-04T15:26:40.9673831Z   ...
2026-10-04T15:26:40.9682251Z # Subtest: fast vehicles cannot tunnel through a thin wall
2026-10-04T15:26:40.9682627Z ok 253 - fast vehicles cannot tunnel through a thin wall
2026-10-04T15:26:40.9682878Z   ---
2026-10-04T15:26:40.9683049Z   duration_ms: 21.590947
2026-10-04T15:26:40.9683419Z   type: 'test'
2026-10-04T15:26:40.9683591Z   ...
2026-10-04T15:26:40.9684071Z # Subtest: braking reduces speed, reversing and steering remain bounded
2026-10-04T15:26:40.9684504Z ok 254 - braking reduces speed, reversing and steering remain bounded
2026-10-04T15:26:40.9684779Z   ---
2026-10-04T15:26:40.9684946Z   duration_ms: 34.103606
2026-10-04T15:26:40.9685134Z   type: 'test'
2026-10-04T15:26:40.9685293Z   ...
2026-10-04T15:26:40.9685571Z # Subtest: courier checkpoints require a vehicle and correct order
2026-10-04T15:26:40.9685959Z ok 255 - courier checkpoints require a vehicle and correct order
2026-10-04T15:26:40.9686216Z   ---
2026-10-04T15:26:40.9686376Z   duration_ms: 6.371112
2026-10-04T15:26:40.9686559Z   type: 'test'
2026-10-04T15:26:40.9686722Z   ...
2026-10-04T15:26:40.9687034Z # Subtest: first clear pays exactly once, including after save/reload and replay
2026-10-04T15:26:40.9687483Z ok 256 - first clear pays exactly once, including after save/reload and replay
2026-10-04T15:26:40.9687774Z   ---
2026-10-04T15:26:40.9687937Z   duration_ms: 4.88156
2026-10-04T15:26:40.9688116Z   type: 'test'
2026-10-04T15:26:40.9688278Z   ...
2026-10-04T15:26:40.9688587Z # Subtest: expired missions fail without rewards and cancellation permits retry
2026-10-04T15:26:40.9689034Z ok 257 - expired missions fail without rewards and cancellation permits retry
2026-10-04T15:26:40.9689318Z   ---
2026-10-04T15:26:40.9689482Z   duration_ms: 1.309732
2026-10-04T15:26:40.9689662Z   type: 'test'
2026-10-04T15:26:40.9689816Z   ...
2026-10-04T15:26:40.9690132Z # Subtest: escape mission waits for wanted to clear before permitting the finish
2026-10-04T15:26:40.9690575Z ok 258 - escape mission waits for wanted to clear before permitting the finish
2026-10-04T15:26:40.9690858Z   ---
2026-10-04T15:26:40.9691018Z   duration_ms: 192.348008
2026-10-04T15:26:40.9691203Z   type: 'test'
2026-10-04T15:26:40.9691356Z   ...
2026-10-04T15:26:40.9691715Z # Subtest: shots consume ammunition, hit cars only along clear sightlines, and trigger pursuit
2026-10-04T15:26:40.9692408Z ok 259 - shots consume ammunition, hit cars only along clear sightlines, and trigger pursuit
2026-10-04T15:26:40.9692737Z   ---
2026-10-04T15:26:40.9692895Z   duration_ms: 12.947904
2026-10-04T15:26:40.9693082Z   type: 'test'
2026-10-04T15:26:40.9693237Z   ...
2026-10-04T15:26:40.9693497Z # Subtest: empty magazine reloads without negative ammunition
2026-10-04T15:26:40.9694038Z ok 260 - empty magazine reloads without negative ammunition
2026-10-04T15:26:40.9694297Z   ---
2026-10-04T15:26:40.9694458Z   duration_ms: 89.589996
2026-10-04T15:26:40.9694648Z   type: 'test'
2026-10-04T15:26:40.9694803Z   ...
2026-10-04T15:26:40.9695103Z # Subtest: wanted decays outside patrol sight and stays active inside sight
2026-10-04T15:26:40.9695534Z ok 261 - wanted decays outside patrol sight and stays active inside sight
2026-10-04T15:26:40.9695820Z   ---
2026-10-04T15:26:40.9695978Z   duration_ms: 452.635642
2026-10-04T15:26:40.9696159Z   type: 'test'
2026-10-04T15:26:40.9696319Z   ...
2026-10-04T15:26:40.9696608Z # Subtest: police movement remains on roads and cannot cross buildings
2026-10-04T15:26:40.9697004Z ok 262 - police movement remains on roads and cannot cross buildings
2026-10-04T15:26:40.9697274Z   ---
2026-10-04T15:26:40.9697434Z   duration_ms: 203.03864
2026-10-04T15:26:40.9697615Z   type: 'test'
2026-10-04T15:26:40.9697778Z   ...
2026-10-04T15:26:40.9698072Z # Subtest: traffic moves on its route and a vehicle collision raises wanted
2026-10-04T15:26:40.9698487Z ok 263 - traffic moves on its route and a vehicle collision raises wanted
2026-10-04T15:26:40.9698765Z   ---
2026-10-04T15:26:40.9698927Z   duration_ms: 15.36996
2026-10-04T15:26:40.9699106Z   type: 'test'
2026-10-04T15:26:40.9699260Z   ...
2026-10-04T15:26:40.9699558Z # Subtest: recovery clears transient state and charges only available funds
2026-10-04T15:26:40.9699972Z ok 264 - recovery clears transient state and charges only available funds
2026-10-04T15:26:40.9700250Z   ---
2026-10-04T15:26:40.9700412Z   duration_ms: 2.113562
2026-10-04T15:26:40.9700705Z   type: 'test'
2026-10-04T15:26:40.9700865Z   ...
2026-10-04T15:26:40.9701174Z # Subtest: repair charges only when needed and disallows repairs during pursuit
2026-10-04T15:26:40.9701627Z ok 265 - repair charges only when needed and disallows repairs during pursuit
2026-10-04T15:26:40.9701914Z   ---
2026-10-04T15:26:40.9702069Z   duration_ms: 4.698594
2026-10-04T15:26:40.9702245Z   type: 'test'
2026-10-04T15:26:40.9702398Z   ...
2026-10-04T15:26:40.9702689Z # Subtest: repair never charges a healthy pedestrian with no nearby vehicle
2026-10-04T15:26:40.9703107Z ok 266 - repair never charges a healthy pedestrian with no nearby vehicle
2026-10-04T15:26:40.9703375Z   ---
2026-10-04T15:26:40.9703528Z   duration_ms: 0.902799
2026-10-04T15:26:40.9703853Z   type: 'test'
2026-10-04T15:26:40.9704011Z   ...
2026-10-04T15:26:40.9704350Z # Subtest: reset restores a fresh game and discarded runtime state is absent from saves
2026-10-04T15:26:40.9704842Z ok 267 - reset restores a fresh game and discarded runtime state is absent from saves
2026-10-04T15:26:40.9705165Z   ---
2026-10-04T15:26:40.9705322Z   duration_ms: 6.659626
2026-10-04T15:26:40.9705495Z   type: 'test'
2026-10-04T15:26:40.9705657Z   ...
2026-10-04T15:26:40.9706050Z # Subtest: vehicle bumpers remain solid during a damage cooldown without oscillating while throttle is held
2026-10-04T15:26:40.9706655Z ok 268 - vehicle bumpers remain solid during a damage cooldown without oscillating while throttle is held
2026-10-04T15:26:40.9707009Z   ---
2026-10-04T15:26:40.9707170Z   duration_ms: 213.524583
2026-10-04T15:26:40.9707358Z   type: 'test'
2026-10-04T15:26:40.9707523Z   ...
2026-10-04T15:26:40.9707756Z # Subtest: parked cars block a walking character with their full bumper footprint
2026-10-04T15:26:40.9707982Z ok 269 - parked cars block a walking character with their full bumper footprint
2026-10-04T15:26:40.9708051Z   ---
2026-10-04T15:26:40.9708127Z   duration_ms: 13.12501
2026-10-04T15:26:40.9708204Z   type: 'test'
2026-10-04T15:26:40.9708279Z   ...
2026-10-04T15:26:40.9708554Z # Subtest: walking ignores a destroyed invisible vehicle
2026-10-04T15:26:40.9708718Z ok 270 - walking ignores a destroyed invisible vehicle
2026-10-04T15:26:40.9708792Z   ---
2026-10-04T15:26:40.9708878Z   duration_ms: 11.554411
2026-10-04T15:26:40.9708957Z   type: 'test'
2026-10-04T15:26:40.9709030Z   ...
2026-10-04T15:26:40.9709240Z # Subtest: entering a nearby car cannot teleport through a thin wall
2026-10-04T15:26:40.9709429Z ok 271 - entering a nearby car cannot teleport through a thin wall
2026-10-04T15:26:40.9709504Z   ---
2026-10-04T15:26:40.9709586Z   duration_ms: 1.588061
2026-10-04T15:26:40.9709656Z   type: 'test'
2026-10-04T15:26:40.9709727Z   ...
2026-10-04T15:26:40.9710029Z # Subtest: an exit destination beyond a thin wall is rejected even if the destination itself is clear
2026-10-04T15:26:40.9710311Z ok 272 - an exit destination beyond a thin wall is rejected even if the destination itself is clear
2026-10-04T15:26:40.9710376Z   ---
2026-10-04T15:26:40.9710462Z   duration_ms: 2.462797
2026-10-04T15:26:40.9710539Z   type: 'test'
2026-10-04T15:26:40.9710602Z   ...
2026-10-04T15:26:40.9710915Z # Subtest: unsafe saved positions use a validated fallback, including when the default spawn is blocked
2026-10-04T15:26:40.9711206Z ok 273 - unsafe saved positions use a validated fallback, including when the default spawn is blocked
2026-10-04T15:26:40.9711279Z   ---
2026-10-04T15:26:40.9711355Z   duration_ms: 2.3913
2026-10-04T15:26:40.9711430Z   type: 'test'
2026-10-04T15:26:40.9711502Z   ...
2026-10-04T15:26:40.9711762Z # Subtest: oncoming NPC traffic stops at contact instead of passing through other traffic
2026-10-04T15:26:40.9712009Z ok 274 - oncoming NPC traffic stops at contact instead of passing through other traffic
2026-10-04T15:26:40.9712078Z   ---
2026-10-04T15:26:40.9712159Z   duration_ms: 110.409635
2026-10-04T15:26:40.9712228Z   type: 'test'
2026-10-04T15:26:40.9712297Z   ...
2026-10-04T15:26:40.9712542Z # Subtest: jumping beneath a canopy clamps upward motion without horizontal ejection
2026-10-04T15:26:40.9712877Z ok 275 - jumping beneath a canopy clamps upward motion without horizontal ejection
2026-10-04T15:26:40.9712949Z   ---
2026-10-04T15:26:40.9713029Z   duration_ms: 9.689087
2026-10-04T15:26:40.9713100Z   type: 'test'
2026-10-04T15:26:40.9713174Z   ...
2026-10-04T15:26:40.9713451Z # Subtest: a jump can land on a low solid, remain supported and jump again without being ejected
2026-10-04T15:26:40.9713847Z ok 276 - a jump can land on a low solid, remain supported and jump again without being ejected
2026-10-04T15:26:40.9713914Z   ---
2026-10-04T15:26:40.9714002Z   duration_ms: 11.392802
2026-10-04T15:26:40.9714079Z   type: 'test'
2026-10-04T15:26:40.9714142Z   ...
2026-10-04T15:26:40.9714446Z # Subtest: an entirely obstructed world fails explicitly instead of placing the player inside a wall
2026-10-04T15:26:40.9714730Z ok 277 - an entirely obstructed world fails explicitly instead of placing the player inside a wall
2026-10-04T15:26:40.9714808Z   ---
2026-10-04T15:26:40.9714885Z   duration_ms: 58.692683
2026-10-04T15:26:40.9714966Z   type: 'test'
2026-10-04T15:26:40.9715038Z   ...
2026-10-04T15:26:40.9715285Z # Subtest: boarding respects the road level when a vehicle is directly below the player
2026-10-04T15:26:40.9715525Z ok 278 - boarding respects the road level when a vehicle is directly below the player
2026-10-04T15:26:40.9715595Z   ---
2026-10-04T15:26:40.9715669Z   duration_ms: 1.006486
2026-10-04T15:26:40.9715745Z   type: 'test'
2026-10-04T15:26:40.9715816Z   ...
2026-10-04T15:26:40.9716084Z # Subtest: exiting an elevated vehicle sweeps the door at deck height and stays on the deck
2026-10-04T15:26:40.9716331Z ok 279 - exiting an elevated vehicle sweeps the door at deck height and stays on the deck
2026-10-04T15:26:40.9716402Z   ---
2026-10-04T15:26:40.9716479Z   duration_ms: 1.766149
2026-10-04T15:26:40.9716549Z   type: 'test'
2026-10-04T15:26:40.9716620Z   ...
2026-10-04T15:26:40.9716856Z # Subtest: a driver cannot exit onto a different road level beyond the bridge edge
2026-10-04T15:26:40.9717180Z ok 280 - a driver cannot exit onto a different road level beyond the bridge edge
2026-10-04T15:26:40.9717259Z   ---
2026-10-04T15:26:40.9717341Z   duration_ms: 0.970932
2026-10-04T15:26:40.9717416Z   type: 'test'
2026-10-04T15:26:40.9717482Z   ...
2026-10-04T15:26:40.9717766Z # Subtest: stair opening removes the terrain itself and retains adjacent sloped surface and UVs
2026-10-04T15:26:40.9718033Z ok 281 - stair opening removes the terrain itself and retains adjacent sloped surface and UVs
2026-10-04T15:26:40.9718098Z   ---
2026-10-04T15:26:40.9718177Z   duration_ms: 4.111099
2026-10-04T15:26:40.9718253Z   type: 'test'
2026-10-04T15:26:40.9718326Z   ...
2026-10-04T15:26:40.9718654Z # Subtest: all three real world metro stair apertures are open to the sky while adjacent pavement remains
2026-10-04T15:26:40.9718945Z ok 282 - all three real world metro stair apertures are open to the sky while adjacent pavement remains
2026-10-04T15:26:40.9719020Z   ---
2026-10-04T15:26:40.9719100Z   duration_ms: 748.217444
2026-10-04T15:26:40.9719172Z   type: 'test'
2026-10-04T15:26:40.9719247Z   ...
2026-10-04T15:26:40.9719540Z # Subtest: traffic uses opposite separated lanes and follows rounded corners without getting stuck
2026-10-04T15:26:40.9719820Z ok 283 - traffic uses opposite separated lanes and follows rounded corners without getting stuck
2026-10-04T15:26:40.9719883Z   ---
2026-10-04T15:26:40.9719964Z   duration_ms: 1544.052187
2026-10-04T15:26:40.9720041Z   type: 'test'
2026-10-04T15:26:40.9720104Z   ...
2026-10-04T15:26:40.9720436Z # Subtest: drivers brake for a queue before collision, let another lane pass and do not enter a blocked junction
2026-10-04T15:26:40.9720752Z ok 284 - drivers brake for a queue before collision, let another lane pass and do not enter a blocked junction
2026-10-04T15:26:40.9720816Z   ---
2026-10-04T15:26:40.9720895Z   duration_ms: 0.344519
2026-10-04T15:26:40.9720970Z   type: 'test'
2026-10-04T15:26:40.9721041Z   ...
2026-10-04T15:26:40.9721415Z # Subtest: each junction has mutually exclusive green phases and an all-red clearance interval
2026-10-04T15:26:40.9721682Z ok 285 - each junction has mutually exclusive green phases and an all-red clearance interval
2026-10-04T15:26:40.9721751Z   ---
2026-10-04T15:26:40.9721822Z   duration_ms: 0.455495
2026-10-04T15:26:40.9721898Z   type: 'test'
2026-10-04T15:26:40.9721968Z   ...
2026-10-04T15:26:40.9722295Z # Subtest: the complete southern fleet keeps moving past parked intersection cars for three simulated minutes
2026-10-04T15:26:40.9722599Z ok 286 - the complete southern fleet keeps moving past parked intersection cars for three simulated minutes
2026-10-04T15:26:40.9722670Z   ---
2026-10-04T15:26:40.9722754Z   duration_ms: 10713.033414
2026-10-04T15:26:40.9722823Z   type: 'test'
2026-10-04T15:26:40.9722895Z   ...
2026-10-04T15:26:40.9723192Z # Subtest: generated-city courier is completable with walking and real driving before its deadline
2026-10-04T15:26:40.9723469Z ok 287 - generated-city courier is completable with walking and real driving before its deadline
2026-10-04T15:26:40.9723542Z   ---
2026-10-04T15:26:40.9723744Z   duration_ms: 1210.361976
2026-10-04T15:26:40.9723823Z   type: 'test'
2026-10-04T15:26:40.9723891Z   ...
2026-10-04T15:26:40.9724203Z # {"seconds":13.783333333333685,"reached":2,"minimumHealth":100,"maximumWanted":0,"maximumPatrols":0}
2026-10-04T15:26:40.9724498Z # Subtest: generated-city timed circuit is completable through every checkpoint with real steering
2026-10-04T15:26:40.9724772Z ok 288 - generated-city timed circuit is completable through every checkpoint with real steering
2026-10-04T15:26:40.9724845Z   ---
2026-10-04T15:26:40.9724926Z   duration_ms: 6929.410603
2026-10-04T15:26:40.9725002Z   type: 'test'
2026-10-04T15:26:40.9725067Z   ...
2026-10-04T15:26:40.9725403Z # {"seconds":46.59999999999854,"reached":4,"minimumHealth":76.17862340525166,"maximumWanted":1,"maximumPatrols":2}
2026-10-04T15:26:40.9725722Z # Subtest: generated-city getaway can trigger pursuit, lose real patrols and return without teleporting
2026-10-04T15:26:40.9726120Z ok 289 - generated-city getaway can trigger pursuit, lose real patrols and return without teleporting
2026-10-04T15:26:40.9726196Z   ---
2026-10-04T15:26:40.9726281Z   duration_ms: 8624.715214
2026-10-04T15:26:40.9726359Z   type: 'test'
2026-10-04T15:26:40.9726426Z   ...
2026-10-04T15:26:40.9726717Z # {"seconds":74.69999999999695,"reached":5,"minimumHealth":100,"maximumWanted":2,"maximumPatrols":3}
2026-10-04T15:26:40.9727009Z # Subtest: asphalt surfaces tile the real road grid at one height without overlapping intersections
2026-10-04T15:26:40.9727279Z ok 290 - asphalt surfaces tile the real road grid at one height without overlapping intersections
2026-10-04T15:26:40.9727355Z   ---
2026-10-04T15:26:40.9727435Z   duration_ms: 3.742164
2026-10-04T15:26:40.9727513Z   type: 'test'
2026-10-04T15:26:40.9727581Z   ...
2026-10-04T15:26:40.9727908Z # Subtest: ground-height query agrees with rendered triangles at ramps, pavement, park paths and promenade
2026-10-04T15:26:40.9728222Z ok 291 - ground-height query agrees with rendered triangles at ramps, pavement, park paths and promenade
2026-10-04T15:26:40.9728288Z   ---
2026-10-04T15:26:40.9728368Z   duration_ms: 17.70138
2026-10-04T15:26:40.9728441Z   type: 'test'
2026-10-04T15:26:40.9728505Z   ...
2026-10-04T15:26:40.9728793Z # Subtest: all registered obstacles have finite height and cover their actual instance geometry
2026-10-04T15:26:40.9729064Z ok 292 - all registered obstacles have finite height and cover their actual instance geometry
2026-10-04T15:26:40.9729136Z   ---
2026-10-04T15:26:40.9729214Z   duration_ms: 13.679936
2026-10-04T15:26:40.9729289Z   type: 'test'
2026-10-04T15:26:40.9729360Z   ...
2026-10-04T15:26:40.9729605Z # Subtest: Node and browser texture paths emit identical physical and camera geometry
2026-10-04T15:26:40.9729845Z ok 293 - Node and browser texture paths emit identical physical and camera geometry
2026-10-04T15:26:40.9729915Z   ---
2026-10-04T15:26:40.9730097Z   duration_ms: 347.310494
2026-10-04T15:26:40.9730172Z   type: 'test'
2026-10-04T15:26:40.9730245Z   ...
2026-10-04T15:26:40.9730613Z # Subtest: shared vehicle and character dimensions enclose actual rendered geometry including mirrors and police lights
2026-10-04T15:26:40.9730955Z ok 294 - shared vehicle and character dimensions enclose actual rendered geometry including mirrors and police lights
2026-10-04T15:26:40.9731026Z   ---
2026-10-04T15:26:40.9731105Z   duration_ms: 590.635212
2026-10-04T15:26:40.9731174Z   type: 'test'
2026-10-04T15:26:40.9731247Z   ...
2026-10-04T15:26:40.9731561Z # Subtest: all decorative sidewalk routes remain clear of grounded obstacles and sample the real pavement
2026-10-04T15:26:40.9731862Z ok 295 - all decorative sidewalk routes remain clear of grounded obstacles and sample the real pavement
2026-10-04T15:26:40.9731927Z   ---
2026-10-04T15:26:40.9732007Z   duration_ms: 299.518572
2026-10-04T15:26:40.9732081Z   type: 'test'
2026-10-04T15:26:40.9732147Z   ...
2026-10-04T15:26:40.9732489Z # Subtest: world finish composes existing hooks, preserves physical values and runs once in real instance metres
2026-10-04T15:26:40.9732811Z ok 296 - world finish composes existing hooks, preserves physical values and runs once in real instance metres
2026-10-04T15:26:40.9732881Z   ---
2026-10-04T15:26:40.9732956Z   duration_ms: 3.029481
2026-10-04T15:26:40.9733031Z   type: 'test'
2026-10-04T15:26:40.9733098Z   ...
2026-10-04T15:26:40.9733466Z # Subtest: southern street and eastern shore retain checkpoint mineral and metal coverage without modifying glazing shaders
2026-10-04T15:26:40.9734000Z ok 297 - southern street and eastern shore retain checkpoint mineral and metal coverage without modifying glazing shaders
2026-10-04T15:26:40.9734073Z   ---
2026-10-04T15:26:40.9734152Z   duration_ms: 480.911847
2026-10-04T15:26:40.9734222Z   type: 'test'
2026-10-04T15:26:40.9734294Z   ...
2026-10-04T15:26:40.9734544Z # Subtest: browser facade texture projection survives the added world grain shader
2026-10-04T15:26:40.9734883Z ok 298 - browser facade texture projection survives the added world grain shader
2026-10-04T15:26:40.9734961Z   ---
2026-10-04T15:26:40.9735045Z   duration_ms: 375.26494
2026-10-04T15:26:40.9735114Z   type: 'test'
2026-10-04T15:26:40.9735184Z   ...
2026-10-04T15:26:40.9735257Z 1..298
2026-10-04T15:26:40.9735332Z # tests 298
2026-10-04T15:26:40.9735398Z # suites 0
2026-10-04T15:26:40.9735472Z # pass 298
2026-10-04T15:26:40.9735543Z # fail 0
2026-10-04T15:26:40.9735616Z # cancelled 0
2026-10-04T15:26:40.9735691Z # skipped 0
2026-10-04T15:26:40.9735760Z # todo 0
2026-10-04T15:26:40.9735849Z # duration_ms 111131.095148
2026-10-04T15:26:40.9762152Z ##[group]Run npm run build
2026-10-04T15:26:40.9762263Z [36;1mnpm run build[0m
2026-10-04T15:26:40.9816910Z shell: /usr/bin/bash -e {0}
2026-10-04T15:26:40.9816996Z ##[endgroup]
2026-10-04T15:26:41.0632159Z 
2026-10-04T15:26:41.0632760Z > neon-harbor@0.8.0 build
2026-10-04T15:26:41.0632946Z > node tools/build.mjs
2026-10-04T15:26:41.0632991Z 
2026-10-04T15:26:41.4457222Z Built 58 city districts (6888 KiB) at /home/runner/work/neon-harbor/neon-harbor/assets/city/chunks/
2026-10-04T15:26:41.6630544Z Built 12 north-shore districts (6603 KiB) at /home/runner/work/neon-harbor/neon-harbor/assets/metropolis/chunks/
2026-10-04T15:26:41.8053965Z Built static game at /home/runner/work/neon-harbor/neon-harbor/dist
2026-10-04T15:26:41.8282079Z ##[group]Run npx playwright install --with-deps chromium
2026-10-04T15:26:41.8282433Z [36;1mnpx playwright install --with-deps chromium[0m
2026-10-04T15:26:41.8338534Z shell: /usr/bin/bash -e {0}
2026-10-04T15:26:41.8338755Z ##[endgroup]
2026-10-04T15:26:42.4329078Z Installing dependencies...
2026-10-04T15:26:42.4378280Z Switching to root user to install dependencies...
2026-10-04T15:26:42.5223764Z Get:1 file:/etc/apt/apt-mirrors.txt Mirrorlist [144 B]
2026-10-04T15:26:42.5643109Z Get:6 https://packages.microsoft.com/ubuntu/24.04/prod noble InRelease [3600 B]
2026-10-04T15:26:42.6226260Z Get:7 https://packages.microsoft.com/ubuntu/24.04/prod noble/main arm64 Packages [458 kB]
2026-10-04T15:26:42.6347468Z Get:8 https://packages.microsoft.com/ubuntu/24.04/prod noble/main amd64 Packages [511 kB]
2026-10-04T15:26:42.6398698Z Get:9 https://packages.microsoft.com/ubuntu/24.04/prod noble/main armhf Packages [12.6 kB]
2026-10-04T15:26:42.7813441Z Hit:2 http://azure.archive.ubuntu.com/ubuntu noble InRelease
2026-10-04T15:26:42.7829611Z Get:3 http://azure.archive.ubuntu.com/ubuntu noble-updates InRelease [126 kB]
2026-10-04T15:26:42.7870459Z Get:4 http://azure.archive.ubuntu.com/ubuntu noble-backports InRelease [126 kB]
2026-10-04T15:26:42.7897047Z Get:5 http://azure.archive.ubuntu.com/ubuntu noble-security InRelease [126 kB]
2026-10-04T15:26:42.8708311Z Get:10 http://azure.archive.ubuntu.com/ubuntu noble-updates/main amd64 Packages [1364 kB]
2026-10-04T15:26:42.8834835Z Get:11 http://azure.archive.ubuntu.com/ubuntu noble-updates/main Translation-en [304 kB]
2026-10-04T15:26:42.8864588Z Get:12 http://azure.archive.ubuntu.com/ubuntu noble-updates/main amd64 Components [181 kB]
2026-10-04T15:26:42.8892288Z Get:13 http://azure.archive.ubuntu.com/ubuntu noble-updates/universe amd64 Packages [1699 kB]
2026-10-04T15:26:42.8966573Z Get:14 http://azure.archive.ubuntu.com/ubuntu noble-updates/universe Translation-en [341 kB]
2026-10-04T15:26:42.8994662Z Get:15 http://azure.archive.ubuntu.com/ubuntu noble-updates/universe amd64 Components [388 kB]
2026-10-04T15:26:42.9054568Z Get:16 http://azure.archive.ubuntu.com/ubuntu noble-updates/restricted amd64 Packages [1720 kB]
2026-10-04T15:26:42.9115808Z Get:17 http://azure.archive.ubuntu.com/ubuntu noble-updates/restricted Translation-en [394 kB]
2026-10-04T15:26:42.9132885Z Get:18 http://azure.archive.ubuntu.com/ubuntu noble-updates/multiverse amd64 Components [940 B]
2026-10-04T15:26:42.9304136Z Get:19 http://azure.archive.ubuntu.com/ubuntu noble-backports/main amd64 Components [5776 B]
2026-10-04T15:26:42.9729661Z Get:20 http://azure.archive.ubuntu.com/ubuntu noble-backports/universe amd64 Components [12.6 kB]
2026-10-04T15:26:42.9741438Z Get:21 http://azure.archive.ubuntu.com/ubuntu noble-security/main amd64 Packages [1069 kB]
2026-10-04T15:26:42.9787085Z Get:22 http://azure.archive.ubuntu.com/ubuntu noble-security/main Translation-en [221 kB]
2026-10-04T15:26:42.9802837Z Get:23 http://azure.archive.ubuntu.com/ubuntu noble-security/main amd64 Components [46.4 kB]
2026-10-04T15:26:42.9815087Z Get:24 http://azure.archive.ubuntu.com/ubuntu noble-security/universe amd64 Packages [1216 kB]
2026-10-04T15:26:42.9884645Z Get:25 http://azure.archive.ubuntu.com/ubuntu noble-security/universe Translation-en [244 kB]
2026-10-04T15:26:42.9926673Z Get:26 http://azure.archive.ubuntu.com/ubuntu noble-security/universe amd64 Components [76.4 kB]
2026-10-04T15:26:42.9947549Z Get:27 http://azure.archive.ubuntu.com/ubuntu noble-security/restricted amd64 Packages [1566 kB]
2026-10-04T15:26:43.0116594Z Get:28 http://azure.archive.ubuntu.com/ubuntu noble-security/restricted Translation-en [361 kB]
2026-10-04T15:26:50.4350475Z Fetched 12.6 MB in 1s (9662 kB/s)
2026-10-04T15:26:51.0976469Z Reading package lists...
2026-10-04T15:26:51.1182044Z Reading package lists...
2026-10-04T15:26:51.2812296Z Building dependency tree...
2026-10-04T15:26:51.2818533Z Reading state information...
2026-10-04T15:26:51.4205587Z libasound2t64 is already the newest version (1.2.11-1ubuntu0.3).
2026-10-04T15:26:51.4206742Z libasound2t64 set to manually installed.
2026-10-04T15:26:51.4207395Z libatk-bridge2.0-0t64 is already the newest version (2.52.0-1build1).
2026-10-04T15:26:51.4207923Z libatk-bridge2.0-0t64 set to manually installed.
2026-10-04T15:26:51.4208428Z libatk1.0-0t64 is already the newest version (2.52.0-1build1).
2026-10-04T15:26:51.4208901Z libatk1.0-0t64 set to manually installed.
2026-10-04T15:26:51.4209406Z libatspi2.0-0t64 is already the newest version (2.52.0-1build1).
2026-10-04T15:26:51.4209921Z libatspi2.0-0t64 set to manually installed.
2026-10-04T15:26:51.4210397Z libcairo2 is already the newest version (1.18.0-3build1).
2026-10-04T15:26:51.4211098Z libcairo2 set to manually installed.
2026-10-04T15:26:51.4211589Z libcups2t64 is already the newest version (2.4.7-1.2ubuntu7.14).
2026-10-04T15:26:51.4212064Z libcups2t64 set to manually installed.
2026-10-04T15:26:51.4212540Z libdbus-1-3 is already the newest version (1.14.10-4ubuntu4.1).
2026-10-04T15:26:51.4213016Z libdbus-1-3 set to manually installed.
2026-10-04T15:26:51.4213514Z libdrm2 is already the newest version (2.4.125-1ubuntu0.1~24.04.2).
2026-10-04T15:26:51.4214140Z libdrm2 set to manually installed.
2026-10-04T15:26:51.4214653Z libglib2.0-0t64 is already the newest version (2.80.0-6ubuntu3.9).
2026-10-04T15:26:51.4215171Z libglib2.0-0t64 set to manually installed.
2026-10-04T15:26:51.4215654Z libnspr4 is already the newest version (2:4.35-1.1build1).
2026-10-04T15:26:51.4216096Z libnspr4 set to manually installed.
2026-10-04T15:26:51.4216566Z libnss3 is already the newest version (2:3.98-1ubuntu0.2).
2026-10-04T15:26:51.4217055Z libnss3 set to manually installed.
2026-10-04T15:26:51.4217596Z libpango-1.0-0 is already the newest version (1.52.1+ds-1build1).
2026-10-04T15:26:51.4218115Z libpango-1.0-0 set to manually installed.
2026-10-04T15:26:51.4218596Z libx11-6 is already the newest version (2:1.8.7-1build1).
2026-10-04T15:26:51.4219017Z libx11-6 set to manually installed.
2026-10-04T15:26:51.4219469Z libxcb1 is already the newest version (1.15-1ubuntu2).
2026-10-04T15:26:51.4219898Z libxcb1 set to manually installed.
2026-10-04T15:26:51.4220353Z libxcomposite1 is already the newest version (1:0.4.5-1build3).
2026-10-04T15:26:51.4220833Z libxcomposite1 set to manually installed.
2026-10-04T15:26:51.4221297Z libxdamage1 is already the newest version (1:1.1.6-1build1).
2026-10-04T15:26:51.4221736Z libxdamage1 set to manually installed.
2026-10-04T15:26:51.4222173Z libxext6 is already the newest version (2:1.3.4-1build2).
2026-10-04T15:26:51.4222590Z libxext6 set to manually installed.
2026-10-04T15:26:51.4223027Z libxfixes3 is already the newest version (1:6.0.0-2build1).
2026-10-04T15:26:51.4223481Z libxfixes3 set to manually installed.
2026-10-04T15:26:51.4224042Z libxkbcommon0 is already the newest version (1.6.0-1build1).
2026-10-04T15:26:51.4224493Z libxkbcommon0 set to manually installed.
2026-10-04T15:26:51.4224848Z libxrandr2 is already the newest version (2:1.5.2-2build1).
2026-10-04T15:26:51.4225177Z libxrandr2 set to manually installed.
2026-10-04T15:26:51.4225510Z xvfb is already the newest version (2:21.1.12-1ubuntu1.8).
2026-10-04T15:26:51.4225939Z fonts-noto-color-emoji is already the newest version (2.047-0ubuntu0.24.04.1).
2026-10-04T15:26:51.4226400Z libfontconfig1 is already the newest version (2.15.0-1.1ubuntu2).
2026-10-04T15:26:51.4226786Z libfontconfig1 set to manually installed.
2026-10-04T15:26:51.4227250Z libfreetype6 is already the newest version (2.13.2+dfsg-1ubuntu0.1).
2026-10-04T15:26:51.4227592Z libfreetype6 set to manually installed.
2026-10-04T15:26:51.4227918Z fonts-liberation is already the newest version (1:2.1.5-3).
2026-10-04T15:26:51.4228244Z fonts-liberation set to manually installed.
2026-10-04T15:26:51.4228598Z The following additional packages will be installed:
2026-10-04T15:26:51.4229003Z   libgl1-mesa-dri libglx-mesa0 mesa-libgallium xfonts-encodings xfonts-utils
2026-10-04T15:26:51.4229333Z Recommended packages:
2026-10-04T15:26:51.4229571Z   fonts-ipafont-mincho fonts-tlwg-loma
2026-10-04T15:26:51.4404495Z The following NEW packages will be installed:
2026-10-04T15:26:51.4405311Z   fonts-freefont-ttf fonts-ipafont-gothic fonts-tlwg-loma-otf fonts-unifont
2026-10-04T15:26:51.4408921Z   fonts-wqy-zenhei xfonts-cyrillic xfonts-encodings xfonts-scalable
2026-10-04T15:26:51.4409286Z   xfonts-utils
2026-10-04T15:26:51.4411814Z The following packages will be upgraded:
2026-10-04T15:26:51.4415363Z   libgbm1 libgl1-mesa-dri libglx-mesa0 mesa-libgallium
2026-10-04T15:26:51.4556075Z 4 upgraded, 9 newly installed, 0 to remove and 21 not upgraded.
2026-10-04T15:26:51.4556626Z Need to get 32.1 MB of archives.
2026-10-04T15:26:51.4557448Z After this operation, 79.5 MB of additional disk space will be used.
2026-10-04T15:26:51.4558085Z Get:1 file:/etc/apt/apt-mirrors.txt Mirrorlist [144 B]
2026-10-04T15:26:51.5647382Z Get:2 http://azure.archive.ubuntu.com/ubuntu noble/universe amd64 fonts-ipafont-gothic all 00303-21ubuntu1 [3513 kB]
2026-10-04T15:26:52.0094657Z Get:3 http://azure.archive.ubuntu.com/ubuntu noble/main amd64 fonts-freefont-ttf all 20211204+svn4273-2 [5641 kB]
2026-10-04T15:26:52.2032800Z Get:4 http://azure.archive.ubuntu.com/ubuntu noble/universe amd64 fonts-tlwg-loma-otf all 1:0.7.3-1 [107 kB]
2026-10-04T15:26:52.2524533Z Get:5 http://azure.archive.ubuntu.com/ubuntu noble/universe amd64 fonts-unifont all 1:15.1.01-1build1 [2993 kB]
2026-10-04T15:26:52.4460539Z Get:6 http://azure.archive.ubuntu.com/ubuntu noble/universe amd64 fonts-wqy-zenhei all 0.9.45-8 [7472 kB]
2026-10-04T15:26:52.6227640Z Get:7 http://azure.archive.ubuntu.com/ubuntu noble-updates/main amd64 libgl1-mesa-dri amd64 25.2.8-0ubuntu0.24.04.4 [38.0 kB]
2026-10-04T15:26:52.6708589Z Get:8 http://azure.archive.ubuntu.com/ubuntu noble-updates/main amd64 libglx-mesa0 amd64 25.2.8-0ubuntu0.24.04.4 [110 kB]
2026-10-04T15:26:52.7222767Z Get:9 http://azure.archive.ubuntu.com/ubuntu noble-updates/main amd64 libgbm1 amd64 25.2.8-0ubuntu0.24.04.4 [34.2 kB]
2026-10-04T15:26:52.7700062Z Get:10 http://azure.archive.ubuntu.com/ubuntu noble-updates/main amd64 mesa-libgallium amd64 25.2.8-0ubuntu0.24.04.4 [10.8 MB]
2026-10-04T15:26:53.0506543Z Get:11 http://azure.archive.ubuntu.com/ubuntu noble/main amd64 xfonts-encodings all 1:1.0.5-0ubuntu2 [578 kB]
2026-10-04T15:26:53.1197826Z Get:12 http://azure.archive.ubuntu.com/ubuntu noble/main amd64 xfonts-utils amd64 1:7.7+6build3 [94.4 kB]
2026-10-04T15:26:53.1715407Z Get:13 http://azure.archive.ubuntu.com/ubuntu noble/universe amd64 xfonts-cyrillic all 1:1.0.5+nmu1 [384 kB]
2026-10-04T15:26:53.2411502Z Get:14 http://azure.archive.ubuntu.com/ubuntu noble/main amd64 xfonts-scalable all 1:1.0.3-1.3 [304 kB]
2026-10-04T15:26:53.4727577Z Fetched 32.1 MB in 2s (17.7 MB/s)
2026-10-04T15:26:53.4915882Z Selecting previously unselected package fonts-ipafont-gothic.
2026-10-04T15:26:53.5144408Z (Reading database ... 
2026-10-04T15:26:53.5144770Z (Reading database ... 5%
2026-10-04T15:26:53.5145086Z (Reading database ... 10%
2026-10-04T15:26:53.5145304Z (Reading database ... 15%
2026-10-04T15:26:53.5145533Z (Reading database ... 20%
2026-10-04T15:26:53.5146048Z (Reading database ... 25%
2026-10-04T15:26:53.5146334Z (Reading database ... 30%
2026-10-04T15:26:53.5146536Z (Reading database ... 35%
2026-10-04T15:26:53.5146735Z (Reading database ... 40%
2026-10-04T15:26:53.5146931Z (Reading database ... 45%
2026-10-04T15:26:53.5147130Z (Reading database ... 50%
2026-10-04T15:26:53.5180574Z (Reading database ... 55%
2026-10-04T15:26:53.5949009Z (Reading database ... 60%
2026-10-04T15:26:53.8444423Z (Reading database ... 65%
2026-10-04T15:26:54.0338310Z (Reading database ... 70%
2026-10-04T15:26:54.1984071Z (Reading database ... 75%
2026-10-04T15:26:54.2974199Z (Reading database ... 80%
2026-10-04T15:26:54.4566809Z (Reading database ... 85%
2026-10-04T15:26:54.5992840Z (Reading database ... 90%
2026-10-04T15:26:54.7412487Z (Reading database ... 95%
2026-10-04T15:26:54.7452330Z (Reading database ... 100%
2026-10-04T15:26:54.7452795Z (Reading database ... 202296 files and directories currently installed.)
2026-10-04T15:26:54.7453833Z Preparing to unpack .../00-fonts-ipafont-gothic_00303-21ubuntu1_all.deb ...
2026-10-04T15:26:54.7532868Z Unpacking fonts-ipafont-gothic (00303-21ubuntu1) ...
2026-10-04T15:26:54.9790970Z Selecting previously unselected package fonts-freefont-ttf.
2026-10-04T15:26:54.9900746Z Preparing to unpack .../01-fonts-freefont-ttf_20211204+svn4273-2_all.deb ...
2026-10-04T15:26:54.9907045Z Unpacking fonts-freefont-ttf (20211204+svn4273-2) ...
2026-10-04T15:26:55.0965481Z Selecting previously unselected package fonts-tlwg-loma-otf.
2026-10-04T15:26:55.1074840Z Preparing to unpack .../02-fonts-tlwg-loma-otf_1%3a0.7.3-1_all.deb ...
2026-10-04T15:26:55.1081264Z Unpacking fonts-tlwg-loma-otf (1:0.7.3-1) ...
2026-10-04T15:26:55.1253901Z Selecting previously unselected package fonts-unifont.
2026-10-04T15:26:55.1356752Z Preparing to unpack .../03-fonts-unifont_1%3a15.1.01-1build1_all.deb ...
2026-10-04T15:26:55.1363331Z Unpacking fonts-unifont (1:15.1.01-1build1) ...
2026-10-04T15:26:55.3202950Z Selecting previously unselected package fonts-wqy-zenhei.
2026-10-04T15:26:55.3314453Z Preparing to unpack .../04-fonts-wqy-zenhei_0.9.45-8_all.deb ...
2026-10-04T15:26:55.3398138Z Unpacking fonts-wqy-zenhei (0.9.45-8) ...
2026-10-04T15:26:55.7816163Z Preparing to unpack .../05-libgl1-mesa-dri_25.2.8-0ubuntu0.24.04.4_amd64.deb ...
2026-10-04T15:26:55.7944816Z Unpacking libgl1-mesa-dri:amd64 (25.2.8-0ubuntu0.24.04.4) over (25.2.8-0ubuntu0.24.04.2) ...
2026-10-04T15:26:55.8368540Z Preparing to unpack .../06-libglx-mesa0_25.2.8-0ubuntu0.24.04.4_amd64.deb ...
2026-10-04T15:26:55.8400160Z Unpacking libglx-mesa0:amd64 (25.2.8-0ubuntu0.24.04.4) over (25.2.8-0ubuntu0.24.04.2) ...
2026-10-04T15:26:55.8710247Z Preparing to unpack .../07-libgbm1_25.2.8-0ubuntu0.24.04.4_amd64.deb ...
2026-10-04T15:26:55.8730953Z Unpacking libgbm1:amd64 (25.2.8-0ubuntu0.24.04.4) over (25.2.8-0ubuntu0.24.04.2) ...
2026-10-04T15:26:55.9052195Z Preparing to unpack .../08-mesa-libgallium_25.2.8-0ubuntu0.24.04.4_amd64.deb ...
2026-10-04T15:26:55.9071868Z Unpacking mesa-libgallium:amd64 (25.2.8-0ubuntu0.24.04.4) over (25.2.8-0ubuntu0.24.04.2) ...
2026-10-04T15:26:56.2509910Z Selecting previously unselected package xfonts-encodings.
2026-10-04T15:26:56.2621119Z Preparing to unpack .../09-xfonts-encodings_1%3a1.0.5-0ubuntu2_all.deb ...
2026-10-04T15:26:56.2627062Z Unpacking xfonts-encodings (1:1.0.5-0ubuntu2) ...
2026-10-04T15:26:56.2856346Z Selecting previously unselected package xfonts-utils.
2026-10-04T15:26:56.2961708Z Preparing to unpack .../10-xfonts-utils_1%3a7.7+6build3_amd64.deb ...
2026-10-04T15:26:56.2968413Z Unpacking xfonts-utils (1:7.7+6build3) ...
2026-10-04T15:26:56.3259926Z Selecting previously unselected package xfonts-cyrillic.
2026-10-04T15:26:56.3367445Z Preparing to unpack .../11-xfonts-cyrillic_1%3a1.0.5+nmu1_all.deb ...
2026-10-04T15:26:56.3374985Z Unpacking xfonts-cyrillic (1:1.0.5+nmu1) ...
2026-10-04T15:26:56.3648417Z Selecting previously unselected package xfonts-scalable.
2026-10-04T15:26:56.3755433Z Preparing to unpack .../12-xfonts-scalable_1%3a1.0.3-1.3_all.deb ...
2026-10-04T15:26:56.3761925Z Unpacking xfonts-scalable (1:1.0.3-1.3) ...
2026-10-04T15:26:56.4261110Z Setting up mesa-libgallium:amd64 (25.2.8-0ubuntu0.24.04.4) ...
2026-10-04T15:26:56.4368519Z Setting up libgbm1:amd64 (25.2.8-0ubuntu0.24.04.4) ...
2026-10-04T15:26:56.4388114Z Setting up libgl1-mesa-dri:amd64 (25.2.8-0ubuntu0.24.04.4) ...
2026-10-04T15:26:56.4450936Z Setting up fonts-wqy-zenhei (0.9.45-8) ...
2026-10-04T15:26:56.4547458Z Setting up fonts-freefont-ttf (20211204+svn4273-2) ...
2026-10-04T15:26:56.4564880Z Setting up fonts-tlwg-loma-otf (1:0.7.3-1) ...
2026-10-04T15:26:56.4584611Z Setting up xfonts-encodings (1:1.0.5-0ubuntu2) ...
2026-10-04T15:26:56.4600291Z Setting up fonts-ipafont-gothic (00303-21ubuntu1) ...
2026-10-04T15:26:56.4660229Z update-alternatives: using /usr/share/fonts/opentype/ipafont-gothic/ipag.ttf to provide /usr/share/fonts/truetype/fonts-japanese-gothic.ttf (fonts-japanese-gothic.ttf) in auto mode
2026-10-04T15:26:56.4673561Z Setting up fonts-unifont (1:15.1.01-1build1) ...
2026-10-04T15:26:56.4688633Z Setting up libglx-mesa0:amd64 (25.2.8-0ubuntu0.24.04.4) ...
2026-10-04T15:26:56.4706067Z Setting up xfonts-utils (1:7.7+6build3) ...
2026-10-04T15:26:56.4740820Z Setting up xfonts-cyrillic (1:1.0.5+nmu1) ...
2026-10-04T15:26:56.4990347Z Setting up xfonts-scalable (1:1.0.3-1.3) ...
2026-10-04T15:26:56.5224068Z Processing triggers for libc-bin (2.39-0ubuntu8.9) ...
2026-10-04T15:26:56.6993147Z Processing triggers for man-db (2.12.0-4build2) ...
2026-10-04T15:26:56.7012011Z Not building database; man-db/auto-update is not 'true'.
2026-10-04T15:26:56.7022539Z Processing triggers for fontconfig (2.15.0-1.1ubuntu2) ...
2026-10-04T15:26:57.2866619Z 
2026-10-04T15:26:57.2867211Z Running kernel seems to be up-to-date.
2026-10-04T15:26:57.2867529Z 
2026-10-04T15:26:57.2867717Z No services need to be restarted.
2026-10-04T15:26:57.2867932Z 
2026-10-04T15:26:57.2868106Z No containers need to be restarted.
2026-10-04T15:26:57.2868325Z 
2026-10-04T15:26:57.2868582Z No user sessions are running outdated binaries.
2026-10-04T15:26:57.2868847Z 
2026-10-04T15:26:57.2869195Z No VM guests are running outdated hypervisor (qemu) binaries on this host.
2026-10-04T15:26:58.0586258Z Downloading Chrome for Testing 151.0.7922.34 (playwright chromium v1234) from https://cdn.playwright.dev/builds/cft/151.0.7922.34/linux64/chrome-linux64.zip
2026-10-04T15:26:59.0313457Z |                                                                                |   0% of 184.3 MiB
2026-10-04T15:26:59.2159164Z |■■■■■■■■                                                                        |  10% of 184.3 MiB
2026-10-04T15:26:59.2795060Z |■■■■■■■■■■■■■■■■                                                                |  20% of 184.3 MiB
2026-10-04T15:26:59.3248055Z |■■■■■■■■■■■■■■■■■■■■■■■■                                                        |  30% of 184.3 MiB
2026-10-04T15:26:59.3780997Z |■■■■■■■■■■■■■■■■■■■■■■■■■■■■■■■■                                                |  40% of 184.3 MiB
2026-10-04T15:26:59.4272700Z |■■■■■■■■■■■■■■■■■■■■■■■■■■■■■■■■■■■■■■■■                                        |  50% of 184.3 MiB
2026-10-04T15:26:59.4745382Z |■■■■■■■■■■■■■■■■■■■■■■■■■■■■■■■■■■■■■■■■■■■■■■■■                                |  60% of 184.3 MiB
2026-10-04T15:26:59.5177705Z |■■■■■■■■■■■■■■■■■■■■■■■■■■■■■■■■■■■■■■■■■■■■■■■■■■■■■■■■                        |  70% of 184.3 MiB
2026-10-04T15:26:59.5587907Z |■■■■■■■■■■■■■■■■■■■■■■■■■■■■■■■■■■■■■■■■■■■■■■■■■■■■■■■■■■■■■■■■                |  80% of 184.3 MiB
2026-10-04T15:26:59.5998020Z |■■■■■■■■■■■■■■■■■■■■■■■■■■■■■■■■■■■■■■■■■■■■■■■■■■■■■■■■■■■■■■■■■■■■■■■■        |  90% of 184.3 MiB
2026-10-04T15:26:59.6405264Z |■■■■■■■■■■■■■■■■■■■■■■■■■■■■■■■■■■■■■■■■■■■■■■■■■■■■■■■■■■■■■■■■■■■■■■■■■■■■■■■■| 100% of 184.3 MiB
2026-10-04T15:27:01.6952702Z Chrome for Testing 151.0.7922.34 (playwright chromium v1234) downloaded to /home/runner/.cache/ms-playwright/chromium-1234
2026-10-04T15:27:01.6958564Z Downloading FFmpeg (playwright ffmpeg v1011) from https://cdn.playwright.dev/dbazure/download/playwright/builds/ffmpeg/1011/ffmpeg-linux.zip
2026-10-04T15:27:02.7151767Z |                                                                                |   0% of 2.3 MiB
2026-10-04T15:27:02.7608636Z |■■■■■■■■                                                                        |  10% of 2.3 MiB
2026-10-04T15:27:02.7841838Z |■■■■■■■■■■■■■■■■                                                                |  20% of 2.3 MiB
2026-10-04T15:27:02.7971536Z |■■■■■■■■■■■■■■■■■■■■■■■■                                                        |  30% of 2.3 MiB
2026-10-04T15:27:02.8091530Z |■■■■■■■■■■■■■■■■■■■■■■■■■■■■■■■■                                                |  40% of 2.3 MiB
2026-10-04T15:27:02.8204818Z |■■■■■■■■■■■■■■■■■■■■■■■■■■■■■■■■■■■■■■■■                                        |  50% of 2.3 MiB
2026-10-04T15:27:02.8274920Z |■■■■■■■■■■■■■■■■■■■■■■■■■■■■■■■■■■■■■■■■■■■■■■■■                                |  60% of 2.3 MiB
2026-10-04T15:27:02.8317742Z |■■■■■■■■■■■■■■■■■■■■■■■■■■■■■■■■■■■■■■■■■■■■■■■■■■■■■■■■                        |  70% of 2.3 MiB
2026-10-04T15:27:02.8417606Z |■■■■■■■■■■■■■■■■■■■■■■■■■■■■■■■■■■■■■■■■■■■■■■■■■■■■■■■■■■■■■■■■                |  80% of 2.3 MiB
2026-10-04T15:27:02.8457167Z |■■■■■■■■■■■■■■■■■■■■■■■■■■■■■■■■■■■■■■■■■■■■■■■■■■■■■■■■■■■■■■■■■■■■■■■■        |  90% of 2.3 MiB
2026-10-04T15:27:02.8497689Z |■■■■■■■■■■■■■■■■■■■■■■■■■■■■■■■■■■■■■■■■■■■■■■■■■■■■■■■■■■■■■■■■■■■■■■■■■■■■■■■■| 100% of 2.3 MiB
2026-10-04T15:27:02.8938985Z FFmpeg (playwright ffmpeg v1011) downloaded to /home/runner/.cache/ms-playwright/ffmpeg-1011
2026-10-04T15:27:02.8941301Z Downloading Chrome Headless Shell 151.0.7922.34 (playwright chromium-headless-shell v1234) from https://cdn.playwright.dev/builds/cft/151.0.7922.34/linux64/chrome-headless-shell-linux64.zip
2026-10-04T15:27:03.8520263Z |                                                                                |   0% of 114.7 MiB
2026-10-04T15:27:04.0138831Z |■■■■■■■■                                                                        |  10% of 114.7 MiB
2026-10-04T15:27:04.0578890Z |■■■■■■■■■■■■■■■■                                                                |  20% of 114.7 MiB
2026-10-04T15:27:04.0957935Z |■■■■■■■■■■■■■■■■■■■■■■■■                                                        |  30% of 114.7 MiB
2026-10-04T15:27:04.1341854Z |■■■■■■■■■■■■■■■■■■■■■■■■■■■■■■■■                                                |  40% of 114.7 MiB
2026-10-04T15:27:04.1725250Z |■■■■■■■■■■■■■■■■■■■■■■■■■■■■■■■■■■■■■■■■                                        |  50% of 114.7 MiB
2026-10-04T15:27:04.2105855Z |■■■■■■■■■■■■■■■■■■■■■■■■■■■■■■■■■■■■■■■■■■■■■■■■                                |  60% of 114.7 MiB
2026-10-04T15:27:04.2483880Z |■■■■■■■■■■■■■■■■■■■■■■■■■■■■■■■■■■■■■■■■■■■■■■■■■■■■■■■■                        |  70% of 114.7 MiB
2026-10-04T15:27:04.2857934Z |■■■■■■■■■■■■■■■■■■■■■■■■■■■■■■■■■■■■■■■■■■■■■■■■■■■■■■■■■■■■■■■■                |  80% of 114.7 MiB
2026-10-04T15:27:04.3236445Z |■■■■■■■■■■■■■■■■■■■■■■■■■■■■■■■■■■■■■■■■■■■■■■■■■■■■■■■■■■■■■■■■■■■■■■■■        |  90% of 114.7 MiB
2026-10-04T15:27:04.3601309Z |■■■■■■■■■■■■■■■■■■■■■■■■■■■■■■■■■■■■■■■■■■■■■■■■■■■■■■■■■■■■■■■■■■■■■■■■■■■■■■■■| 100% of 114.7 MiB
2026-10-04T15:27:05.8248133Z Chrome Headless Shell 151.0.7922.34 (playwright chromium-headless-shell v1234) downloaded to /home/runner/.cache/ms-playwright/chromium_headless_shell-1234
2026-10-04T15:27:05.8498796Z ##[group]Run npx playwright test tests/e2e/living-city.spec.js --fully-parallel --shard=1/1
2026-10-04T15:27:05.8499359Z [36;1mnpx playwright test tests/e2e/living-city.spec.js --fully-parallel --shard=1/1[0m
2026-10-04T15:27:05.8553937Z shell: /usr/bin/bash -e {0}
2026-10-04T15:27:05.8554325Z ##[endgroup]
2026-10-04T15:27:06.7202787Z 
2026-10-04T15:27:06.7203472Z Running 2 tests using 1 worker, shard 1 of 1
2026-10-04T15:27:06.7203922Z 
2026-10-04T15:29:45.4545506Z   ✓  1 tests/e2e/living-city.spec.js:102:1 › a resident rides to a furnished bedroom, walks through its doorway, and returns to the street (2.6m)
2026-10-04T15:30:52.5259297Z   ✓  2 tests/e2e/living-city.spec.js:146:1 › default high quality loads crafted materials and exposes walk-in viewing and real infrastructure entrances (1.1m)
2026-10-04T15:31:09.0256418Z 
2026-10-04T15:31:09.0259884Z   2 passed (4.0m)
2026-10-04T15:31:09.0717108Z ##[group]Run actions/upload-artifact@v4
2026-10-04T15:31:09.0717347Z with:
2026-10-04T15:31:09.0717532Z   name: browser-test-results-living-city
2026-10-04T15:31:09.0717787Z   path: playwright-report/
test-results/

2026-10-04T15:31:09.0718023Z   if-no-files-found: ignore
2026-10-04T15:31:09.0718220Z   compression-level: 6
2026-10-04T15:31:09.0718400Z   overwrite: false
2026-10-04T15:31:09.0718604Z   include-hidden-files: false
2026-10-04T15:31:09.0718807Z ##[endgroup]
2026-10-04T15:31:09.2164839Z (node:3483) [DEP0040] DeprecationWarning: The `punycode` module is deprecated. Please use a userland alternative instead.
2026-10-04T15:31:09.2165997Z (Use `node --trace-deprecation ...` to show where the warning was created)
2026-10-04T15:31:09.2356889Z Multiple search paths detected. Calculating the least common ancestor of all paths
2026-10-04T15:31:09.2386006Z The least common ancestor is /home/runner/work/neon-harbor/neon-harbor. This will be the root directory of the artifact
2026-10-04T15:31:09.2410761Z With the provided path, there will be 7 files uploaded
2026-10-04T15:31:09.2434470Z Artifact name is valid!
2026-10-04T15:31:09.2434861Z Root directory input is valid!
2026-10-04T15:31:09.5506217Z Beginning upload of artifact content to blob storage
2026-10-04T15:31:09.6232573Z (node:3483) [DEP0169] DeprecationWarning: `url.parse()` behavior is not standardized and prone to errors that have security implications. Use the WHATWG URL API instead. CVEs are not issued for `url.parse()` vulnerabilities.
2026-10-04T15:31:10.1186230Z Uploaded bytes 1643245
2026-10-04T15:31:10.1754728Z Finished uploading artifact content to blob storage!
2026-10-04T15:31:10.1755675Z SHA256 digest of uploaded artifact zip is d671fff5eb323641f146e7dbbd37db0b70750bd63d6666d43df3defa29c6bb88
2026-10-04T15:31:10.1756720Z Finalizing artifact upload
2026-10-04T15:31:10.3821680Z Artifact browser-test-results-living-city.zip successfully finalized. Artifact ID 11307094997
2026-10-04T15:31:10.3822589Z Artifact browser-test-results-living-city has been successfully uploaded! Final size is 1643245 bytes. Artifact ID is 11307094997
2026-10-04T15:31:10.3827760Z Artifact download URL: https://github.com/qifalab/neon-harbor/actions/runs/37212886714/artifacts/11307094997
2026-10-04T15:31:10.3986217Z Post job cleanup.
2026-10-04T15:31:10.4967857Z (node:3499) [DEP0040] DeprecationWarning: The `punycode` module is deprecated. Please use a userland alternative instead.
2026-10-04T15:31:10.4968541Z (Use `node --trace-deprecation ...` to show where the warning was created)
2026-10-04T15:31:10.4970824Z Cache hit occurred on the primary key node-cache-Linux-x64-npm-6438cc70f01e36935f5c8c9cb620f6c972b229821dda55e94f5b735e54c263b7, not saving cache.
2026-10-04T15:31:10.5082274Z Post job cleanup.
2026-10-04T15:31:10.5781565Z [command]/usr/bin/git version
2026-10-04T15:31:10.5799291Z git version 2.55.0
2026-10-04T15:31:10.5831863Z Temporarily overriding HOME='/home/runner/work/_temp/72ea4038-82ba-4597-9b62-0ab6a643516a' before making global git config changes
2026-10-04T15:31:10.5832893Z Adding repository directory to the temporary git global config as a safe directory
2026-10-04T15:31:10.5837103Z [command]/usr/bin/git config --global --add safe.directory /home/runner/work/neon-harbor/neon-harbor
2026-10-04T15:31:10.5867618Z [command]/usr/bin/git config --local --name-only --get-regexp core\.sshCommand
2026-10-04T15:31:10.5895716Z [command]/usr/bin/git submodule foreach --recursive sh -c "git config --local --name-only --get-regexp 'core\.sshCommand' && git config --local --unset-all 'core.sshCommand' || :"
2026-10-04T15:31:10.6100937Z [command]/usr/bin/git config --local --name-only --get-regexp http\.https\:\/\/github\.com\/\.extraheader
2026-10-04T15:31:10.6126006Z http.https://github.com/.extraheader
2026-10-04T15:31:10.6135272Z [command]/usr/bin/git config --local --unset-all http.https://github.com/.extraheader
2026-10-04T15:31:10.6165084Z [command]/usr/bin/git submodule foreach --recursive sh -c "git config --local --name-only --get-regexp 'http\.https\:\/\/github\.com\/\.extraheader' && git config --local --unset-all 'http.https://github.com/.extraheader' || :"
2026-10-04T15:31:10.6380759Z [command]/usr/bin/git config --local --name-only --get-regexp ^includeIf\.gitdir:
2026-10-04T15:31:10.6413064Z [command]/usr/bin/git submodule foreach --recursive git config --local --show-origin --name-only --get-regexp remote.origin.url
2026-10-04T15:31:10.6743999Z Cleaning up orphan processes
2026-10-04T15:31:10.7001168Z ##[warning]Node.js 20 is deprecated. The following actions target Node.js 20 but are being forced to run on Node.js 24: actions/checkout@v4, actions/setup-node@v4, actions/upload-artifact@v4. For more information see: https://github.blog/changelog/2025-09-19-deprecation-of-node-20-on-github-actions-runners/
