2026-10-04T15:24:39.1384150Z Current runner version: '2.337.0'
2026-10-04T15:24:39.1401089Z ##[group]Runner Image Provisioner
2026-10-04T15:24:39.1401633Z Hosted Compute Agent
2026-10-04T15:24:39.1402044Z Version: 20260901.588
2026-10-04T15:24:39.1402414Z Commit: f88ec8081b781fac6c440065ac7ff9e710ce3d0b
2026-10-04T15:24:39.1402821Z Build Date: 2026-09-01T19:56:44Z
2026-10-04T15:24:39.1403268Z Worker ID: {5a2860f2-41e9-413e-87d8-2434809cbb1e}
2026-10-04T15:24:39.1403669Z Azure Region: centralus
2026-10-04T15:24:39.1404034Z ##[endgroup]
2026-10-04T15:24:39.1404802Z ##[group]Operating System
2026-10-04T15:24:39.1405162Z Ubuntu
2026-10-04T15:24:39.1405524Z 24.04.5
2026-10-04T15:24:39.1405830Z LTS
2026-10-04T15:24:39.1406141Z ##[endgroup]
2026-10-04T15:24:39.1406496Z ##[group]Runner Image
2026-10-04T15:24:39.1406842Z Image: ubuntu-24.04
2026-10-04T15:24:39.1407441Z Version: 20260927.320.1
2026-10-04T15:24:39.1408171Z Included Software: https://github.com/actions/runner-images/blob/ubuntu24/20260927.320/images/ubuntu/Ubuntu2404-Readme.md
2026-10-04T15:24:39.1409029Z Image Release: https://github.com/actions/runner-images/releases/tag/ubuntu24%2F20260927.320
2026-10-04T15:24:39.1409552Z ##[endgroup]
2026-10-04T15:24:39.1410363Z ##[group]GITHUB_TOKEN Permissions
2026-10-04T15:24:39.1411638Z Contents: read
2026-10-04T15:24:39.1412003Z Metadata: read
2026-10-04T15:24:39.1412332Z ##[endgroup]
2026-10-04T15:24:39.1413616Z Secret source: Actions
2026-10-04T15:24:39.1414194Z Cache mode: write
2026-10-04T15:24:39.1414657Z Prepare workflow directory
2026-10-04T15:24:39.1612079Z Prepare all required actions
2026-10-04T15:24:39.1642970Z Getting action download info
2026-10-04T15:24:39.4141975Z Download action repository 'actions/checkout@v4' (SHA:11d5960a326750d5838078e36cf38b85af677262)
2026-10-04T15:24:39.4851954Z Download action repository 'actions/setup-node@v4' (SHA:49933ea5288caeca8642d1e84afbd3f7d6820020)
2026-10-04T15:24:39.5735155Z Download action repository 'actions/upload-artifact@v4' (SHA:ea165f8d65b6e75b540449e92b4886f43607fa02)
2026-10-04T15:24:39.7745765Z Complete job name: Build and gameplay tests (harbor-sample-1)
2026-10-04T15:24:39.8135437Z ##[group]Run actions/checkout@v4
2026-10-04T15:24:39.8135830Z with:
2026-10-04T15:24:39.8136061Z   repository: qifalab/neon-harbor
2026-10-04T15:24:39.8138132Z   token: ***
2026-10-04T15:24:39.8138354Z   ssh-strict: true
2026-10-04T15:24:39.8138580Z   ssh-user: git
2026-10-04T15:24:39.8138811Z   persist-credentials: true
2026-10-04T15:24:39.8139061Z   clean: true
2026-10-04T15:24:39.8139291Z   sparse-checkout-cone-mode: true
2026-10-04T15:24:39.8139558Z   fetch-depth: 1
2026-10-04T15:24:39.8139950Z   fetch-tags: false
2026-10-04T15:24:39.8140186Z   show-progress: true
2026-10-04T15:24:39.8140413Z   lfs: false
2026-10-04T15:24:39.8140627Z   submodules: false
2026-10-04T15:24:39.8140862Z   set-safe-directory: true
2026-10-04T15:24:39.8141124Z   allow-unsafe-pr-checkout: false
2026-10-04T15:24:39.8141465Z ##[endgroup]
2026-10-04T15:24:39.8756111Z Syncing repository: qifalab/neon-harbor
2026-10-04T15:24:39.8757480Z ##[group]Getting Git version info
2026-10-04T15:24:39.8758101Z Working directory is '/home/runner/work/neon-harbor/neon-harbor'
2026-10-04T15:24:39.8758958Z [command]/usr/bin/git version
2026-10-04T15:24:39.8800371Z git version 2.55.0
2026-10-04T15:24:39.8819924Z ##[endgroup]
2026-10-04T15:24:39.8826346Z Temporarily overriding HOME='/home/runner/work/_temp/66ee69c4-b4b3-45b8-8c45-194ccf2be086' before making global git config changes
2026-10-04T15:24:39.8831704Z Adding repository directory to the temporary git global config as a safe directory
2026-10-04T15:24:39.8832687Z [command]/usr/bin/git config --global --add safe.directory /home/runner/work/neon-harbor/neon-harbor
2026-10-04T15:24:39.8872304Z Deleting the contents of '/home/runner/work/neon-harbor/neon-harbor'
2026-10-04T15:24:39.8878509Z ##[group]Initializing the repository
2026-10-04T15:24:39.8879134Z [command]/usr/bin/git init /home/runner/work/neon-harbor/neon-harbor
2026-10-04T15:24:39.8973889Z hint: Using 'master' as the name for the initial branch. This default branch name
2026-10-04T15:24:39.8975079Z hint: will change to "main" in Git 3.0. To configure the initial branch name
2026-10-04T15:24:39.8975860Z hint: to use in all of your new repositories, which will suppress this warning,
2026-10-04T15:24:39.8976471Z hint: call:
2026-10-04T15:24:39.8976788Z hint:
2026-10-04T15:24:39.8977223Z hint: 	git config --global init.defaultBranch <name>
2026-10-04T15:24:39.8977736Z hint:
2026-10-04T15:24:39.8978217Z hint: Names commonly chosen instead of 'master' are 'main', 'trunk' and
2026-10-04T15:24:39.8979003Z hint: 'development'. The just-created branch can be renamed via this command:
2026-10-04T15:24:39.8979633Z hint:
2026-10-04T15:24:39.8980037Z hint: 	git branch -m <name>
2026-10-04T15:24:39.8980428Z hint:
2026-10-04T15:24:39.8980945Z hint: Disable this message with "git config set advice.defaultBranchName false"
2026-10-04T15:24:39.8981843Z Initialized empty Git repository in /home/runner/work/neon-harbor/neon-harbor/.git/
2026-10-04T15:24:39.8984796Z [command]/usr/bin/git remote add origin https://github.com/qifalab/neon-harbor
2026-10-04T15:24:39.9035333Z ##[endgroup]
2026-10-04T15:24:39.9036058Z ##[group]Disabling automatic garbage collection
2026-10-04T15:24:39.9040554Z [command]/usr/bin/git config --local gc.auto 0
2026-10-04T15:24:39.9066410Z ##[endgroup]
2026-10-04T15:24:39.9067006Z ##[group]Setting up auth
2026-10-04T15:24:39.9075203Z [command]/usr/bin/git config --local --name-only --get-regexp core\.sshCommand
2026-10-04T15:24:39.9104604Z [command]/usr/bin/git submodule foreach --recursive sh -c "git config --local --name-only --get-regexp 'core\.sshCommand' && git config --local --unset-all 'core.sshCommand' || :"
2026-10-04T15:24:39.9398970Z [command]/usr/bin/git config --local --name-only --get-regexp http\.https\:\/\/github\.com\/\.extraheader
2026-10-04T15:24:39.9427261Z [command]/usr/bin/git submodule foreach --recursive sh -c "git config --local --name-only --get-regexp 'http\.https\:\/\/github\.com\/\.extraheader' && git config --local --unset-all 'http.https://github.com/.extraheader' || :"
2026-10-04T15:24:39.9592141Z [command]/usr/bin/git config --local --name-only --get-regexp ^includeIf\.gitdir:
2026-10-04T15:24:39.9617516Z [command]/usr/bin/git submodule foreach --recursive git config --local --show-origin --name-only --get-regexp remote.origin.url
2026-10-04T15:24:39.9781591Z [command]/usr/bin/git config --local http.https://github.com/.extraheader AUTHORIZATION: basic ***
2026-10-04T15:24:39.9813549Z ##[endgroup]
2026-10-04T15:24:39.9814314Z ##[group]Fetching the repository
2026-10-04T15:24:39.9820376Z [command]/usr/bin/git -c protocol.version=2 fetch --no-tags --prune --no-recurse-submodules --depth=1 origin +0330df7ee1042d0f211304b042e01cdf6a0b4d44:refs/remotes/origin/main
2026-10-04T15:24:46.1333899Z From https://github.com/qifalab/neon-harbor
2026-10-04T15:24:46.1335426Z  * [new ref]         0330df7ee1042d0f211304b042e01cdf6a0b4d44 -> origin/main
2026-10-04T15:24:46.1338676Z ##[endgroup]
2026-10-04T15:24:46.1339582Z ##[group]Determining the checkout info
2026-10-04T15:24:46.1340803Z ##[endgroup]
2026-10-04T15:24:46.1343567Z [command]/usr/bin/git sparse-checkout disable
2026-10-04T15:24:46.1386828Z [command]/usr/bin/git config --local --unset-all extensions.worktreeConfig
2026-10-04T15:24:46.1411518Z ##[group]Checking out the ref
2026-10-04T15:24:46.1419539Z [command]/usr/bin/git checkout --progress --force -B main refs/remotes/origin/main
2026-10-04T15:24:46.2638525Z Switched to a new branch 'main'
2026-10-04T15:24:46.2641247Z branch 'main' set up to track 'origin/main'.
2026-10-04T15:24:46.2699935Z ##[endgroup]
2026-10-04T15:24:46.2701534Z [command]/usr/bin/git log -1 --format=%H
2026-10-04T15:24:46.2723861Z 0330df7ee1042d0f211304b042e01cdf6a0b4d44
2026-10-04T15:24:46.2970404Z ##[group]Run actions/setup-node@v4
2026-10-04T15:24:46.2971055Z with:
2026-10-04T15:24:46.2971499Z   node-version: 22
2026-10-04T15:24:46.2971979Z   cache: npm
2026-10-04T15:24:46.2972438Z   always-auth: false
2026-10-04T15:24:46.2972953Z   check-latest: false
2026-10-04T15:24:46.2978701Z   token: ***
2026-10-04T15:24:46.2979153Z ##[endgroup]
2026-10-04T15:24:46.3893745Z Found in cache @ /opt/hostedtoolcache/node/22.23.3/x64
2026-10-04T15:24:46.3897104Z (node:2069) [DEP0040] DeprecationWarning: The `punycode` module is deprecated. Please use a userland alternative instead.
2026-10-04T15:24:46.3899465Z (Use `node --trace-deprecation ...` to show where the warning was created)
2026-10-04T15:24:46.3901584Z ##[group]Environment details
2026-10-04T15:24:46.6764483Z node: v22.23.3
2026-10-04T15:24:46.6765813Z npm: 10.9.9
2026-10-04T15:24:46.6766581Z yarn: 1.22.22
2026-10-04T15:24:46.6767671Z ##[endgroup]
2026-10-04T15:24:46.6795824Z [command]/opt/hostedtoolcache/node/22.23.3/x64/bin/npm config get cache
2026-10-04T15:24:46.7516962Z /home/runner/.npm
2026-10-04T15:24:46.8874254Z Cache hit for: node-cache-Linux-x64-npm-6438cc70f01e36935f5c8c9cb620f6c972b229821dda55e94f5b735e54c263b7
2026-10-04T15:24:46.8933449Z (node:2069) [DEP0169] DeprecationWarning: `url.parse()` behavior is not standardized and prone to errors that have security implications. Use the WHATWG URL API instead. CVEs are not issued for `url.parse()` vulnerabilities.
2026-10-04T15:24:47.5022687Z Received 3980947 of 3980947 (100.0%), 8.8 MBs/sec
2026-10-04T15:24:47.5023206Z Cache Size: ~4 MB (3980947 B)
2026-10-04T15:24:47.5040979Z [command]/usr/bin/tar -xf /home/runner/work/_temp/2e3a2dbd-b7e2-4d5d-abc5-6799e252b4c7/cache.tzst -P -C /home/runner/work/neon-harbor/neon-harbor --use-compress-program unzstd
2026-10-04T15:24:47.5131920Z Cache restored successfully
2026-10-04T15:24:47.5136722Z Cache restored from key: node-cache-Linux-x64-npm-6438cc70f01e36935f5c8c9cb620f6c972b229821dda55e94f5b735e54c263b7
2026-10-04T15:24:47.5257603Z ##[group]Run npm ci
2026-10-04T15:24:47.5257788Z [36;1mnpm ci[0m
2026-10-04T15:24:47.5479074Z shell: /usr/bin/bash -e {0}
2026-10-04T15:24:47.5479248Z ##[endgroup]
2026-10-04T15:24:48.1586743Z 
2026-10-04T15:24:48.1592642Z added 3 packages, and audited 4 packages in 568ms
2026-10-04T15:24:48.1593063Z 
2026-10-04T15:24:48.1593228Z found 0 vulnerabilities
2026-10-04T15:24:48.1921236Z ##[group]Run npm test
2026-10-04T15:24:48.1921463Z [36;1mnpm test[0m
2026-10-04T15:24:48.1976687Z shell: /usr/bin/bash -e {0}
2026-10-04T15:24:48.1976834Z ##[endgroup]
2026-10-04T15:24:48.2649251Z 
2026-10-04T15:24:48.2650125Z > neon-harbor@0.8.0 test
2026-10-04T15:24:48.2650529Z > node --test tests/*.test.js
2026-10-04T15:24:48.2650690Z 
2026-10-04T15:24:48.3074218Z TAP version 13
2026-10-04T15:24:48.3801417Z # Subtest: render interpolation removes fixed-step staircasing at 30/60/90/144 Hz and uneven cadences
2026-10-04T15:24:48.3830780Z ok 1 - render interpolation removes fixed-step staircasing at 30/60/90/144 Hz and uneven cadences
2026-10-04T15:24:48.3910923Z   ---
2026-10-04T15:24:48.3918973Z   duration_ms: 28.258097
2026-10-04T15:24:48.3919326Z   type: 'test'
2026-10-04T15:24:48.3919600Z   ...
2026-10-04T15:24:48.3920191Z # Subtest: yaw interpolation follows the shortest arc; ground, pitch and roll remain shared
2026-10-04T15:24:48.3920939Z ok 2 - yaw interpolation follows the shortest arc; ground, pitch and roll remain shared
2026-10-04T15:24:48.3921314Z   ---
2026-10-04T15:24:48.3921490Z   duration_ms: 0.408422
2026-10-04T15:24:48.3921694Z   type: 'test'
2026-10-04T15:24:48.3921867Z   ...
2026-10-04T15:24:48.3922303Z # Subtest: teleports and entering or leaving a vehicle never interpolate across the city
2026-10-04T15:24:48.3922864Z ok 3 - teleports and entering or leaving a vehicle never interpolate across the city
2026-10-04T15:24:48.3923204Z   ---
2026-10-04T15:24:48.3923373Z   duration_ms: 0.36
2026-10-04T15:24:48.3923562Z   type: 'test'
2026-10-04T15:24:48.3923730Z   ...
2026-10-04T15:24:48.3924097Z # Subtest: rendered OBB interpolation cannot clip a corner between two legal headings
2026-10-04T15:24:48.3924663Z ok 4 - rendered OBB interpolation cannot clip a corner between two legal headings
2026-10-04T15:24:48.3924997Z   ---
2026-10-04T15:24:48.3925182Z   duration_ms: 0.297777
2026-10-04T15:24:48.3925711Z   type: 'test'
2026-10-04T15:24:48.3925816Z   ...
2026-10-04T15:24:48.3926053Z # Subtest: sequential legal vehicle moves cannot produce a colliding render interpolant
2026-10-04T15:24:48.3926395Z ok 5 - sequential legal vehicle moves cannot produce a colliding render interpolant
2026-10-04T15:24:48.3926607Z   ---
2026-10-04T15:24:48.3926714Z   duration_ms: 0.171567
2026-10-04T15:24:48.3926836Z   type: 'test'
2026-10-04T15:24:48.3927022Z   ...
2026-10-04T15:24:48.3927253Z # Subtest: moving-target exponential damping is cadence-independent at constant speed
2026-10-04T15:24:48.3927585Z ok 6 - moving-target exponential damping is cadence-independent at constant speed
2026-10-04T15:24:48.3927794Z   ---
2026-10-04T15:24:48.3927899Z   duration_ms: 0.209525
2026-10-04T15:24:48.3928020Z   type: 'test'
2026-10-04T15:24:48.3928127Z   ...
2026-10-04T15:24:48.3928350Z # Subtest: chase camera position, look target and yaw stay consistent at 30/60/144 Hz
2026-10-04T15:24:48.3928669Z ok 7 - chase camera position, look target and yaw stay consistent at 30/60/144 Hz
2026-10-04T15:24:48.3928880Z   ---
2026-10-04T15:24:48.3928991Z   duration_ms: 10.596665
2026-10-04T15:24:48.3929119Z   type: 'test'
2026-10-04T15:24:48.3929227Z   ...
2026-10-04T15:24:48.3929457Z # Subtest: camera follows the same bounded simulation time at 4 Hz and uneven slow frames
2026-10-04T15:24:48.3929948Z ok 8 - camera follows the same bounded simulation time at 4 Hz and uneven slow frames
2026-10-04T15:24:48.3934380Z   ---
2026-10-04T15:24:48.3934599Z   duration_ms: 3.982794
2026-10-04T15:24:48.3934809Z   type: 'test'
2026-10-04T15:24:48.3934973Z   ...
2026-10-04T15:24:48.3935391Z # Subtest: height-aware swept camera clears curbs, catches thin walls, and pads the near plane
2026-10-04T15:24:48.3935998Z ok 9 - height-aware swept camera clears curbs, catches thin walls, and pads the near plane
2026-10-04T15:24:48.3936350Z   ---
2026-10-04T15:24:48.3936512Z   duration_ms: 0.686069
2026-10-04T15:24:48.3936701Z   type: 'test'
2026-10-04T15:24:48.3936880Z   ...
2026-10-04T15:24:48.3937541Z # Subtest: camera focus inside foliage is moved to a legal pivot before the boom sweep
2026-10-04T15:24:48.3938066Z ok 10 - camera focus inside foliage is moved to a legal pivot before the boom sweep
2026-10-04T15:24:48.3938391Z   ---
2026-10-04T15:24:48.3938558Z   duration_ms: 0.531127
2026-10-04T15:24:48.3938737Z   type: 'test'
2026-10-04T15:24:48.3938847Z   ...
2026-10-04T15:24:48.3939087Z # Subtest: camera retracts without entering buildings and releases an obstruction gradually
2026-10-04T15:24:48.3939444Z ok 11 - camera retracts without entering buildings and releases an obstruction gradually
2026-10-04T15:24:48.3939659Z   ---
2026-10-04T15:24:48.3939926Z   duration_ms: 0.267251
2026-10-04T15:24:48.3940117Z   type: 'test'
2026-10-04T15:24:48.3940244Z   ...
2026-10-04T15:24:48.3940499Z # Subtest: camera takes shortest yaw arc and does not advance its pose with a zero timestep
2026-10-04T15:24:48.3940927Z ok 12 - camera takes shortest yaw arc and does not advance its pose with a zero timestep
2026-10-04T15:24:48.3941148Z   ---
2026-10-04T15:24:48.3941255Z   duration_ms: 0.782003
2026-10-04T15:24:48.3941380Z   type: 'test'
2026-10-04T15:24:48.3941486Z   ...
2026-10-04T15:25:04.6255999Z # Subtest: the northern resident network has legal doorstep routes, unobstructed station entrances and real crossing edges
2026-10-04T15:25:04.6267024Z ok 13 - the northern resident network has legal doorstep routes, unobstructed station entrances and real crossing edges
2026-10-04T15:25:04.6267855Z   ---
2026-10-04T15:25:04.6268206Z   duration_ms: 3118.079702
2026-10-04T15:25:04.6268662Z   type: 'test'
2026-10-04T15:25:04.6269036Z   ...
2026-10-04T15:25:04.6275091Z # Subtest: all 240 residents finish real work visits, use all four shared routes, return and rest in actual homes without stranded journeys
2026-10-04T15:25:04.6276136Z ok 14 - all 240 residents finish real work visits, use all four shared routes, return and rest in actual homes without stranded journeys
2026-10-04T15:25:04.6277135Z   ---
2026-10-04T15:25:04.6277339Z   duration_ms: 10081.774737
2026-10-04T15:25:04.6277574Z   type: 'test'
2026-10-04T15:25:04.6277754Z   ...
2026-10-04T15:25:04.6278363Z # Subtest: citizens enter a crossing only with enough green time, and traffic yields for the occupied lane and releases it after the walker leaves
2026-10-04T15:25:04.6283738Z ok 15 - citizens enter a crossing only with enough green time, and traffic yields for the occupied lane and releases it after the walker leaves
2026-10-04T15:25:04.6293491Z   ---
2026-10-04T15:25:04.6293960Z   duration_ms: 35.07544
2026-10-04T15:25:04.6294328Z   type: 'test'
2026-10-04T15:25:04.6294641Z   ...
2026-10-04T15:25:04.6295365Z # Subtest: working periods keep residents at their real posts and the night change starts a walk home without resetting position
2026-10-04T15:25:04.6296412Z ok 16 - working periods keep residents at their real posts and the night change starts a walk home without resetting position
2026-10-04T15:25:04.6297056Z   ---
2026-10-04T15:25:04.6297445Z   duration_ms: 852.645878
2026-10-04T15:25:04.6297821Z   type: 'test'
2026-10-04T15:25:04.6298156Z   ...
2026-10-04T15:25:04.6298826Z # Subtest: every assigned home and workplace has a clear arrival and departure through its actual room door
2026-10-04T15:25:04.6299734Z ok 17 - every assigned home and workplace has a clear arrival and departure through its actual room door
2026-10-04T15:25:04.6300444Z   ---
2026-10-04T15:25:04.6301135Z   duration_ms: 450.548331
2026-10-04T15:25:04.6301531Z   type: 'test'
2026-10-04T15:25:04.6302020Z   ...
2026-10-04T15:25:04.6302712Z # Subtest: boarding paths align with real carriage doors and keep passengers out of carriage gaps and the ferry cabin
2026-10-04T15:25:04.6303683Z ok 18 - boarding paths align with real carriage doors and keep passengers out of carriage gaps and the ferry cabin
2026-10-04T15:25:04.6304324Z   ---
2026-10-04T15:25:04.6304678Z   duration_ms: 1.682955
2026-10-04T15:25:04.6305047Z   type: 'test'
2026-10-04T15:25:04.6305396Z   ...
2026-10-04T15:25:04.6306500Z # Subtest: elevated station lift poses have continuous movement, real landings and enough door time to walk aboard
2026-10-04T15:25:04.6307556Z ok 19 - elevated station lift poses have continuous movement, real landings and enough door time to walk aboard
2026-10-04T15:25:04.6308214Z   ---
2026-10-04T15:25:04.6308584Z   duration_ms: 3.191397
2026-10-04T15:25:04.6308964Z   type: 'test'
2026-10-04T15:25:04.6309319Z   ...
2026-10-04T15:25:13.5691369Z # Subtest: integrated building travel, continuous elevator and forced departure restore outdoor collision and cars
2026-10-04T15:25:13.5718687Z ok 20 - integrated building travel, continuous elevator and forced departure restore outdoor collision and cars
2026-10-04T15:25:13.5750837Z   ---
2026-10-04T15:25:13.5800779Z   duration_ms: 5643.919253
2026-10-04T15:25:13.5812036Z   type: 'test'
2026-10-04T15:25:13.5840333Z   ...
2026-10-04T15:25:13.5870706Z # Subtest: underground platform remains below street and transit motion does not trigger teleports or reindex every tick
2026-10-04T15:25:13.5871733Z ok 21 - underground platform remains below street and transit motion does not trigger teleports or reindex every tick
2026-10-04T15:25:13.5872257Z   ---
2026-10-04T15:25:13.5872476Z   duration_ms: 14545.119275
2026-10-04T15:25:13.5872725Z   type: 'test'
2026-10-04T15:25:13.5872916Z   ...
2026-10-04T15:25:13.5873421Z # Subtest: a saved journey from the north ferry restores at its own pier, including after departure
2026-10-04T15:25:13.5874159Z ok 22 - a saved journey from the north ferry restores at its own pier, including after departure
2026-10-04T15:25:13.5874595Z   ---
2026-10-04T15:25:13.5874805Z   duration_ms: 4975.958584
2026-10-04T15:25:13.5875048Z   type: 'test'
2026-10-04T15:25:13.5875240Z   ...
2026-10-04T15:25:13.5875813Z # Subtest: camera supports below-sea-level clearance and seated passenger views without roof-crossing chase booms
2026-10-04T15:25:13.5876674Z ok 23 - camera supports below-sea-level clearance and seated passenger views without roof-crossing chase booms
2026-10-04T15:25:13.5877728Z   ---
2026-10-04T15:25:13.5877902Z   duration_ms: 1.019339
2026-10-04T15:25:13.5878118Z   type: 'test'
2026-10-04T15:25:13.5878308Z   ...
2026-10-04T15:25:13.6401420Z # Subtest: collapsed city guide lists addresses without reading floor contents or constructing room rows
2026-10-04T15:25:13.6402694Z ok 24 - collapsed city guide lists addresses without reading floor contents or constructing room rows
2026-10-04T15:25:13.6460673Z   ---
2026-10-04T15:25:13.6510687Z   duration_ms: 4.9265
2026-10-04T15:25:13.6540400Z   type: 'test'
2026-10-04T15:25:13.6545436Z   ...
2026-10-04T15:25:13.6558363Z # Subtest: first disclosure resolves its current floor and room records once, including both compact rooms
2026-10-04T15:25:13.6559331Z ok 25 - first disclosure resolves its current floor and room records once, including both compact rooms
2026-10-04T15:25:13.6560059Z   ---
2026-10-04T15:25:13.6560411Z   duration_ms: 8.576315
2026-10-04T15:25:13.6560786Z   type: 'test'
2026-10-04T15:25:13.6561152Z   ...
2026-10-04T15:25:13.6561806Z # Subtest: search and district filtering preserve visit targets without resolving hidden floor programmes
2026-10-04T15:25:13.6562703Z ok 26 - search and district filtering preserve visit targets without resolving hidden floor programmes
2026-10-04T15:25:13.6564665Z   ---
2026-10-04T15:25:13.6565030Z   duration_ms: 1.875593
2026-10-04T15:25:13.6565395Z   type: 'test'
2026-10-04T15:25:13.6565734Z   ...
2026-10-04T15:25:13.6566392Z # Subtest: every address targets its own entrance and safely restores its exterior, traffic and save position
2026-10-04T15:25:13.6567322Z ok 27 - every address targets its own entrance and safely restores its exterior, traffic and save position
2026-10-04T15:25:13.6567907Z   ---
2026-10-04T15:25:13.6568240Z   duration_ms: 6210.947252
2026-10-04T15:25:13.6568607Z   type: 'test'
2026-10-04T15:25:13.6568938Z   ...
2026-10-04T15:25:13.6569713Z # Subtest: every occupied floor has finite positive solids, rooms inside its footprint, a clear arrival and continuous stair elevations
2026-10-04T15:25:13.6571412Z ok 28 - every occupied floor has finite positive solids, rooms inside its footprint, a clear arrival and continuous stair elevations
2026-10-04T15:25:13.6572113Z   ---
2026-10-04T15:25:13.6572447Z   duration_ms: 2842.144045
2026-10-04T15:25:13.6572815Z   type: 'test'
2026-10-04T15:25:13.6573136Z   ...
2026-10-04T15:25:13.6573776Z # Subtest: multiplayer accepts the actual eastern top floors and rejects out-of-world or nonfinite positions
2026-10-04T15:25:13.6574660Z ok 29 - multiplayer accepts the actual eastern top floors and rejects out-of-world or nonfinite positions
2026-10-04T15:25:13.6575238Z   ---
2026-10-04T15:25:13.6575562Z   duration_ms: 0.846723
2026-10-04T15:25:13.6575911Z   type: 'test'
2026-10-04T15:25:13.6576241Z   ...
2026-10-04T15:25:13.6577010Z # Subtest: a south shell stays hidden through an actual streamed load and restores valid culling bounds and fallback scenery on exit
2026-10-04T15:25:13.6578172Z ok 30 - a south shell stays hidden through an actual streamed load and restores valid culling bounds and fallback scenery on exit
2026-10-04T15:25:13.6578880Z   ---
2026-10-04T15:25:13.6579199Z   duration_ms: 143.035366
2026-10-04T15:25:13.6579551Z   type: 'test'
2026-10-04T15:25:13.6579977Z   ...
2026-10-04T15:25:13.6580531Z # Subtest: prepare fetches only nearby real district payloads and exposes resident metrics
2026-10-04T15:25:13.6581305Z ok 31 - prepare fetches only nearby real district payloads and exposes resident metrics
2026-10-04T15:25:13.6581852Z   ---
2026-10-04T15:25:13.6582183Z   duration_ms: 2.510045
2026-10-04T15:25:13.6582542Z   type: 'test'
2026-10-04T15:25:13.6582867Z   ...
2026-10-04T15:25:13.6583570Z # Subtest: directional prefetch anticipates travel while distance and hysteresis drive actual disposal
2026-10-04T15:25:13.6584505Z ok 32 - directional prefetch anticipates travel while distance and hysteresis drive actual disposal
2026-10-04T15:25:13.6585098Z   ---
2026-10-04T15:25:13.6585420Z   duration_ms: 2.701076
2026-10-04T15:25:13.6585961Z   type: 'test'
2026-10-04T15:25:13.6586289Z   ...
2026-10-04T15:25:13.6586792Z # Subtest: resident budget is a hard bound even when more targets are nearby
2026-10-04T15:25:13.6587464Z ok 33 - resident budget is a hard bound even when more targets are nearby
2026-10-04T15:25:13.6587986Z   ---
2026-10-04T15:25:13.6588321Z   duration_ms: 0.323806
2026-10-04T15:25:13.6588685Z   type: 'test'
2026-10-04T15:25:13.6589026Z   ...
2026-10-04T15:25:13.6589705Z # Subtest: failed near district remains failed until retry succeeds without pretending a proxy is full detail
2026-10-04T15:25:13.6590847Z ok 34 - failed near district remains failed until retry succeeds without pretending a proxy is full detail
2026-10-04T15:25:13.6591469Z   ---
2026-10-04T15:25:13.6591810Z   duration_ms: 0.368152
2026-10-04T15:25:13.6592165Z   type: 'test'
2026-10-04T15:25:13.6592515Z   ...
2026-10-04T15:25:13.6593320Z # Subtest: dispose settles prepare, releases late payloads, and never attaches after disposal
2026-10-04T15:25:13.6594223Z ok 35 - dispose settles prepare, releases late payloads, and never attaches after disposal
2026-10-04T15:25:13.6594790Z   ---
2026-10-04T15:25:13.6595109Z   duration_ms: 3.418228
2026-10-04T15:25:13.6595462Z   type: 'test'
2026-10-04T15:25:13.6595796Z   ...
2026-10-04T15:25:13.6596337Z # Subtest: cancelled district can be revisited before its aborted request settles
2026-10-04T15:25:13.6597101Z ok 36 - cancelled district can be revisited before its aborted request settles
2026-10-04T15:25:13.6597622Z   ---
2026-10-04T15:25:13.6597939Z   duration_ms: 1.931607
2026-10-04T15:25:13.6598287Z   type: 'test'
2026-10-04T15:25:13.6598609Z   ...
2026-10-04T15:25:13.6599141Z # Subtest: old request failure cannot overwrite the latest successful prepare state
2026-10-04T15:25:13.6599968Z ok 37 - old request failure cannot overwrite the latest successful prepare state
2026-10-04T15:25:13.6600473Z   ---
2026-10-04T15:25:13.6600790Z   duration_ms: 2.160611
2026-10-04T15:25:13.6601142Z   type: 'test'
2026-10-04T15:25:13.6601467Z   ...
2026-10-04T15:25:13.6602206Z # Subtest: chunk validation rejects malformed geometry before creating GPU resources
2026-10-04T15:25:13.6602974Z ok 38 - chunk validation rejects malformed geometry before creating GPU resources
2026-10-04T15:25:13.6603498Z   ---
2026-10-04T15:25:13.6603822Z   duration_ms: 0.377576
2026-10-04T15:25:13.6604185Z   type: 'test'
2026-10-04T15:25:13.6604522Z   ...
2026-10-04T15:25:13.6605101Z # Subtest: a normal 60 Hz steering arc cannot graze a building corner between two clear endpoints
2026-10-04T15:25:13.6605887Z ok 39 - a normal 60 Hz steering arc cannot graze a building corner between two clear endpoints
2026-10-04T15:25:13.6606424Z   ---
2026-10-04T15:25:13.6606742Z   duration_ms: 6.760732
2026-10-04T15:25:13.6607099Z   type: 'test'
2026-10-04T15:25:13.6607429Z   ...
2026-10-04T15:25:13.6608075Z # Subtest: a short diagonal translation cannot cut a building corner with clear endpoints
2026-10-04T15:25:13.6608890Z ok 40 - a short diagonal translation cannot cut a building corner with clear endpoints
2026-10-04T15:25:13.6609415Z   ---
2026-10-04T15:25:13.6609733Z   duration_ms: 5.55978
2026-10-04T15:25:13.6610182Z   type: 'test'
2026-10-04T15:25:13.6610510Z   ...
2026-10-04T15:25:13.6611070Z # Subtest: grazing the corner of another vehicle stays blocked between clear endpoints
2026-10-04T15:25:13.6611857Z ok 41 - grazing the corner of another vehicle stays blocked between clear endpoints
2026-10-04T15:25:13.6612371Z   ---
2026-10-04T15:25:13.6612746Z   duration_ms: 1.858632
2026-10-04T15:25:13.6613110Z   type: 'test'
2026-10-04T15:25:13.6613430Z   ...
2026-10-04T15:25:13.6614043Z # Subtest: the circular pedestrian footprint cannot cross a shallow rounded corner between samples
2026-10-04T15:25:13.6614919Z ok 42 - the circular pedestrian footprint cannot cross a shallow rounded corner between samples
2026-10-04T15:25:13.6615490Z   ---
2026-10-04T15:25:13.6615828Z   duration_ms: 11.304914
2026-10-04T15:25:13.6616208Z   type: 'test'
2026-10-04T15:25:13.6616692Z   ...
2026-10-04T15:25:13.6617440Z # Subtest: the prospective supported vehicle envelope and height participate in collision
2026-10-04T15:25:13.6622158Z ok 43 - the prospective supported vehicle envelope and height participate in collision
2026-10-04T15:25:13.6622638Z   ---
2026-10-04T15:25:13.6622935Z   duration_ms: 0.867341
2026-10-04T15:25:13.6623280Z   type: 'test'
2026-10-04T15:25:13.6625064Z   ...
2026-10-04T15:25:13.6625605Z # Subtest: stepping onto higher ground under an awning cannot eject an entity sideways
2026-10-04T15:25:13.6626342Z ok 44 - stepping onto higher ground under an awning cannot eject an entity sideways
2026-10-04T15:25:13.6633070Z   ---
2026-10-04T15:25:13.6633471Z   duration_ms: 0.257566
2026-10-04T15:25:13.6633839Z   type: 'test'
2026-10-04T15:25:13.6634169Z   ...
2026-10-04T15:25:13.6634791Z # Subtest: vehicle bounds contain the full rotated footprint and swap width/length at a quarter turn
2026-10-04T15:25:13.6635657Z ok 45 - vehicle bounds contain the full rotated footprint and swap width/length at a quarter turn
2026-10-04T15:25:13.6636235Z   ---
2026-10-04T15:25:13.6636561Z   duration_ms: 2.037897
2026-10-04T15:25:13.6636914Z   type: 'test'
2026-10-04T15:25:13.6637349Z   ...
2026-10-04T15:25:13.6637978Z # Subtest: SAT catches a vehicle nose beyond the old centre radius and its rotated outer corner
2026-10-04T15:25:13.6638775Z ok 46 - SAT catches a vehicle nose beyond the old centre radius and its rotated outer corner
2026-10-04T15:25:13.6639312Z   ---
2026-10-04T15:25:13.6639630Z   duration_ms: 0.381142
2026-10-04T15:25:13.6640121Z   type: 'test'
2026-10-04T15:25:13.6640442Z   ...
2026-10-04T15:25:13.6641050Z # Subtest: SAT reports a separation normal, permits touching and rejects separated rotated rectangles
2026-10-04T15:25:13.6641921Z ok 47 - SAT reports a separation normal, permits touching and rejects separated rotated rectangles
2026-10-04T15:25:13.6642477Z   ---
2026-10-04T15:25:13.6642799Z   duration_ms: 0.154201
2026-10-04T15:25:13.6643161Z   type: 'test'
2026-10-04T15:25:13.6643491Z   ...
2026-10-04T15:25:13.6644311Z # Subtest: circle/OBB checks the whole foot radius without treating clear diagonal corners as walls
2026-10-04T15:25:13.6645167Z ok 48 - circle/OBB checks the whole foot radius without treating clear diagonal corners as walls
2026-10-04T15:25:13.6645727Z   ---
2026-10-04T15:25:13.6646045Z   duration_ms: 0.159259
2026-10-04T15:25:13.6646403Z   type: 'test'
2026-10-04T15:25:13.6646727Z   ...
2026-10-04T15:25:13.6647514Z # Subtest: spatial queries find large colliders across cell edges, including negative coordinates, without duplicates
2026-10-04T15:25:13.6648526Z ok 49 - spatial queries find large colliders across cell edges, including negative coordinates, without duplicates
2026-10-04T15:25:13.6649165Z   ---
2026-10-04T15:25:13.6649489Z   duration_ms: 0.79336
2026-10-04T15:25:13.6649952Z   type: 'test'
2026-10-04T15:25:13.6650280Z   ...
2026-10-04T15:25:13.6650905Z # Subtest: a fast vehicle cannot tunnel through a thin wall, even across a long one-frame displacement
2026-10-04T15:25:13.6651798Z ok 50 - a fast vehicle cannot tunnel through a thin wall, even across a long one-frame displacement
2026-10-04T15:25:13.6652368Z   ---
2026-10-04T15:25:13.6652697Z   duration_ms: 4.457767
2026-10-04T15:25:13.6653054Z   type: 'test'
2026-10-04T15:25:13.6653381Z   ...
2026-10-04T15:25:13.6654037Z # Subtest: a rotation sweep cannot pass through a thin obstacle even when the final orientation would be clear
2026-10-04T15:25:13.6654973Z ok 51 - a rotation sweep cannot pass through a thin obstacle even when the final orientation would be clear
2026-10-04T15:25:13.6655570Z   ---
2026-10-04T15:25:13.6655878Z   duration_ms: 17.838713
2026-10-04T15:25:13.6656201Z   type: 'test'
2026-10-04T15:25:13.6656506Z   ...
2026-10-04T15:25:13.6657064Z # Subtest: continuous diagonal pressure slides along a wall without bouncing or oscillating
2026-10-04T15:25:13.6657800Z ok 52 - continuous diagonal pressure slides along a wall without bouncing or oscillating
2026-10-04T15:25:13.6658447Z   ---
2026-10-04T15:25:13.6658755Z   duration_ms: 4.317988
2026-10-04T15:25:13.6659081Z   type: 'test'
2026-10-04T15:25:13.6659380Z   ...
2026-10-04T15:25:13.6660087Z # Subtest: walking keeps the entire character circle outside a thin wall during a swept move
2026-10-04T15:25:13.6661136Z ok 53 - walking keeps the entire character circle outside a thin wall during a swept move
2026-10-04T15:25:13.6663138Z   ---
2026-10-04T15:25:13.6663474Z   duration_ms: 1.421793
2026-10-04T15:25:13.6663812Z   type: 'test'
2026-10-04T15:25:13.6664131Z   ...
2026-10-04T15:25:13.6664722Z # Subtest: parked and moving vehicles both block a swept vehicle without moving the other car
2026-10-04T15:25:13.6665562Z ok 54 - parked and moving vehicles both block a swept vehicle without moving the other car
2026-10-04T15:25:13.6666119Z   ---
2026-10-04T15:25:13.6666451Z   duration_ms: 4.709084
2026-10-04T15:25:13.6666808Z   type: 'test'
2026-10-04T15:25:13.6667143Z   ...
2026-10-04T15:25:13.6667756Z # Subtest: walking collides with parked cars and dynamic self references never block their own movement
2026-10-04T15:25:13.6668655Z ok 55 - walking collides with parked cars and dynamic self references never block their own movement
2026-10-04T15:25:13.6669225Z   ---
2026-10-04T15:25:13.6669548Z   duration_ms: 1.344627
2026-10-04T15:25:13.6670036Z   type: 'test'
2026-10-04T15:25:13.6670365Z   ...
2026-10-04T15:25:13.6670900Z # Subtest: a car stops for a pedestrian using the pedestrian full circular footprint
2026-10-04T15:25:13.6671628Z ok 56 - a car stops for a pedestrian using the pedestrian full circular footprint
2026-10-04T15:25:13.6672143Z   ---
2026-10-04T15:25:13.6672462Z   duration_ms: 1.771417
2026-10-04T15:25:13.6672913Z   type: 'test'
2026-10-04T15:25:13.6673291Z   ...
2026-10-04T15:25:13.6674000Z # Subtest: height filtering blocks building sides while allowing rooftop travel and passage beneath elevated solids
2026-10-04T15:25:13.6674997Z ok 57 - height filtering blocks building sides while allowing rooftop travel and passage beneath elevated solids
2026-10-04T15:25:13.6675809Z   ---
2026-10-04T15:25:13.6676143Z   duration_ms: 11.149405
2026-10-04T15:25:13.6676513Z   type: 'test'
2026-10-04T15:25:13.6676841Z   ...
2026-10-04T15:25:13.6677436Z # Subtest: world boundaries constrain the rotated vehicle footprint and full character radius
2026-10-04T15:25:13.6678247Z ok 58 - world boundaries constrain the rotated vehicle footprint and full character radius
2026-10-04T15:25:13.6678803Z   ---
2026-10-04T15:25:13.6699915Z   duration_ms: 12.095404
2026-10-04T15:25:13.6700295Z   type: 'test'
2026-10-04T15:25:13.6700612Z   ...
2026-10-04T15:25:13.6701183Z # Subtest: legacy overlapping poses are repaired once and remain stable while stationary
2026-10-04T15:25:13.6701950Z ok 59 - legacy overlapping poses are repaired once and remain stable while stationary
2026-10-04T15:25:13.6702468Z   ---
2026-10-04T15:25:13.6702779Z   duration_ms: 5.223375
2026-10-04T15:25:13.6703121Z   type: 'test'
2026-10-04T15:25:13.6703427Z   ...
2026-10-04T15:25:13.6704016Z # Subtest: camera-only foliage never becomes a physical wall at overlapping character height
2026-10-04T15:25:13.6704816Z ok 60 - camera-only foliage never becomes a physical wall at overlapping character height
2026-10-04T15:25:13.6705340Z   ---
2026-10-04T15:25:13.6705642Z   duration_ms: 4.236004
2026-10-04T15:25:13.6706006Z   type: 'test'
2026-10-04T15:25:13.6706310Z   ...
2026-10-04T15:25:13.6706973Z # Subtest: every compact building supports all-floor stair walks, furnished-room entries, lift return and street exit
2026-10-04T15:25:13.6707955Z ok 61 - every compact building supports all-floor stair walks, furnished-room entries, lift return and street exit
2026-10-04T15:25:13.6708626Z   ---
2026-10-04T15:25:13.6708932Z   duration_ms: 3927.44023
2026-10-04T15:25:13.6709280Z   type: 'test'
2026-10-04T15:25:13.6709578Z   ...
2026-10-04T15:25:13.6710404Z # Subtest: minimum compact shell keeps real stair openings, clear cabin approach and height-filtered exterior prompts
2026-10-04T15:25:13.6711610Z ok 62 - minimum compact shell keeps real stair openings, clear cabin approach and height-filtered exterior prompts
2026-10-04T15:25:13.6712228Z   ---
2026-10-04T15:25:13.6712538Z   duration_ms: 14.055354
2026-10-04T15:25:13.6712881Z   type: 'test'
2026-10-04T15:25:13.6713187Z   ...
2026-10-04T15:25:13.6713814Z # Subtest: east-bay room furnishings fit every shell and narrow floors preserve room, stair and lift routes
2026-10-04T15:25:13.6714703Z ok 63 - east-bay room furnishings fit every shell and narrow floors preserve room, stair and lift routes
2026-10-04T15:25:13.6715259Z   ---
2026-10-04T15:25:13.6715576Z   duration_ms: 6269.171484
2026-10-04T15:25:13.6715922Z   type: 'test'
2026-10-04T15:25:13.6716233Z   ...
2026-10-04T15:25:13.6716937Z # Subtest: every restored southern workplace has fitting functional furniture and a clear full-height room approach
2026-10-04T15:25:13.6717930Z ok 64 - every restored southern workplace has fitting functional furniture and a clear full-height room approach
2026-10-04T15:25:13.6718562Z   ---
2026-10-04T15:25:13.6718878Z   duration_ms: 92.226916
2026-10-04T15:25:13.6719220Z   type: 'test'
2026-10-04T15:25:13.6719531Z   ...
2026-10-04T15:25:13.6720312Z # Subtest: shared workplace layouts fit the minimum compact shell and support future taller freight buildings
2026-10-04T15:25:13.6721377Z ok 65 - shared workplace layouts fit the minimum compact shell and support future taller freight buildings
2026-10-04T15:25:13.6721954Z   ---
2026-10-04T15:25:13.6722254Z   duration_ms: 2.126209
2026-10-04T15:25:13.6722587Z   type: 'test'
2026-10-04T15:25:13.6722884Z   ...
2026-10-04T15:25:13.6723490Z # Subtest: existing shell uses survive stable address IDs and safer floor heights across both new shores
2026-10-04T15:25:13.6724346Z ok 66 - existing shell uses survive stable address IDs and safer floor heights across both new shores
2026-10-04T15:25:13.6724906Z   ---
2026-10-04T15:25:13.6726696Z   duration_ms: 5.8597
2026-10-04T15:25:13.6727026Z   type: 'test'
2026-10-04T15:25:13.6727339Z   ...
2026-10-04T15:25:13.6728155Z # Subtest: harbor shop overrides and residents actual homes remain distinct from the restored employment warehouses
2026-10-04T15:25:13.6729113Z ok 67 - harbor shop overrides and residents actual homes remain distinct from the restored employment warehouses
2026-10-04T15:25:13.6729718Z   ---
2026-10-04T15:25:13.6730132Z   duration_ms: 0.568482
2026-10-04T15:25:13.6730464Z   type: 'test'
2026-10-04T15:25:13.6730769Z   ...
2026-10-04T15:25:13.6731610Z # Subtest: bounded fixed-step clock preserves visible simulation time at 4–144 Hz
2026-10-04T15:25:13.6732394Z ok 68 - bounded fixed-step clock preserves visible simulation time at 4–144 Hz
2026-10-04T15:25:13.6732900Z   ---
2026-10-04T15:25:13.6733215Z   duration_ms: 6.891227
2026-10-04T15:25:13.6733557Z   type: 'test'
2026-10-04T15:25:13.6733878Z   ...
2026-10-04T15:25:13.6734426Z # Subtest: a long rendering stall runs at most 15 small steps without a future backlog
2026-10-04T15:25:13.6735198Z ok 69 - a long rendering stall runs at most 15 small steps without a future backlog
2026-10-04T15:25:13.6735716Z   ---
2026-10-04T15:25:13.6736028Z   duration_ms: 0.314512
2026-10-04T15:25:13.6736375Z   type: 'test'
2026-10-04T15:25:13.6736693Z   ...
2026-10-04T15:25:13.6737301Z # Subtest: pause and visibility resume discard inactive time without rewinding the rendered phase
2026-10-04T15:25:13.6738160Z ok 70 - pause and visibility resume discard inactive time without rewinding the rendered phase
2026-10-04T15:25:13.6738724Z   ---
2026-10-04T15:25:13.6739031Z   duration_ms: 0.156244
2026-10-04T15:25:13.6739372Z   type: 'test'
2026-10-04T15:25:13.6739685Z   ...
2026-10-04T15:25:13.6740423Z # Subtest: flat streets produce zero body pitch/roll and keep wheels on the road
2026-10-04T15:25:13.6741150Z ok 71 - flat streets produce zero body pitch/roll and keep wheels on the road
2026-10-04T15:25:13.6741647Z   ---
2026-10-04T15:25:13.6741954Z   duration_ms: 1.025919
2026-10-04T15:25:13.6742287Z   type: 'test'
2026-10-04T15:25:13.6742743Z   ...
2026-10-04T15:25:13.6743293Z # Subtest: a diagonal curb residual raises only the clearance missing from a fitted plane
2026-10-04T15:25:13.6744049Z ok 72 - a diagonal curb residual raises only the clearance missing from a fitted plane
2026-10-04T15:25:13.6744564Z   ---
2026-10-04T15:25:13.6744863Z   duration_ms: 1.104827
2026-10-04T15:25:13.6745181Z   type: 'test'
2026-10-04T15:25:13.6745490Z   ...
2026-10-04T15:25:13.6746099Z # Subtest: actual rendered tire vertices stay above the real city ramp at known curb problem positions
2026-10-04T15:25:13.6746955Z ok 73 - actual rendered tire vertices stay above the real city ramp at known curb problem positions
2026-10-04T15:25:13.6747525Z   ---
2026-10-04T15:25:13.6747830Z   duration_ms: 281.633113
2026-10-04T15:25:13.6748182Z   type: 'test'
2026-10-04T15:25:13.6748487Z   ...
2026-10-04T15:25:13.6749048Z # Subtest: slope collision envelope encloses every rendered car vertex including tilted mirrors
2026-10-04T15:25:13.6749962Z ok 74 - slope collision envelope encloses every rendered car vertex including tilted mirrors
2026-10-04T15:25:13.6750528Z   ---
2026-10-04T15:25:13.6750829Z   duration_ms: 106.127948
2026-10-04T15:25:13.6751169Z   type: 'test'
2026-10-04T15:25:13.6751477Z   ...
2026-10-04T15:25:13.6752047Z # Subtest: authored frontages attach to six actual occupied shells and keep High the default
2026-10-04T15:25:13.6752871Z ok 75 - authored frontages attach to six actual occupied shells and keep High the default
2026-10-04T15:25:13.6753406Z   ---
2026-10-04T15:25:13.6753714Z   duration_ms: 29.260851
2026-10-04T15:25:13.6754070Z   type: 'test'
2026-10-04T15:25:13.6754392Z   ...
2026-10-04T15:25:13.6755008Z # Subtest: clear original entrance approaches, frontage walking strip and road lanes are preserved
2026-10-04T15:25:13.6755886Z ok 76 - clear original entrance approaches, frontage walking strip and road lanes are preserved
2026-10-04T15:25:13.6756449Z   ---
2026-10-04T15:25:13.6756762Z   duration_ms: 8.552831
2026-10-04T15:25:13.6757096Z   type: 'test'
2026-10-04T15:25:13.6757400Z   ...
2026-10-04T15:25:13.6758103Z # Subtest: finite curved art geometry, metre projected scanned UVs and a bounded render budget
2026-10-04T15:25:13.6758917Z ok 77 - finite curved art geometry, metre projected scanned UVs and a bounded render budget
2026-10-04T15:25:13.6759446Z   ---
2026-10-04T15:25:13.6759847Z   duration_ms: 101.516548
2026-10-04T15:25:13.6760256Z   type: 'test'
2026-10-04T15:25:13.6760555Z   ...
2026-10-04T15:25:13.6761089Z # Subtest: near detail uses hysteresis, actually destroys buffers and restores far proxies
2026-10-04T15:25:13.6761776Z ok 78 - near detail uses hysteresis, actually destroys buffers and restores far proxies
2026-10-04T15:25:13.6762246Z   ---
2026-10-04T15:25:13.6762513Z   duration_ms: 78.267093
2026-10-04T15:25:13.6762809Z   type: 'test'
2026-10-04T15:25:13.6763075Z   ...
2026-10-04T15:25:13.6763584Z # Subtest: shared interior shell IDs hide both proxy and resident art, including later streamed loads
2026-10-04T15:25:13.6764288Z ok 79 - shared interior shell IDs hide both proxy and resident art, including later streamed loads
2026-10-04T15:25:13.6764750Z   ---
2026-10-04T15:25:13.6765023Z   duration_ms: 58.035704
2026-10-04T15:25:13.6765316Z   type: 'test'
2026-10-04T15:25:13.6765579Z   ...
2026-10-04T15:25:13.6766077Z # Subtest: locally served scanned material maps have recorded CC0 provenance and verified hashes
2026-10-04T15:25:13.6766838Z ok 80 - locally served scanned material maps have recorded CC0 provenance and verified hashes
2026-10-04T15:25:13.6768768Z   ---
2026-10-04T15:25:13.6769077Z   duration_ms: 15.251323
2026-10-04T15:25:13.6769411Z   type: 'test'
2026-10-04T15:25:13.6769715Z   ...
2026-10-04T15:25:13.6770462Z # Subtest: sample room craft fits actual furniture and overhead walls without adding circulation obstacles
2026-10-04T15:25:13.6771357Z ok 81 - sample room craft fits actual furniture and overhead walls without adding circulation obstacles
2026-10-04T15:25:13.6771925Z   ---
2026-10-04T15:25:13.6772231Z   duration_ms: 113.971633
2026-10-04T15:25:13.6772863Z   type: 'test'
2026-10-04T15:25:13.6773176Z   ...
2026-10-04T15:25:17.0021401Z # Subtest: sample binds twenty separate residents to actual homes, counter frontages and legal routes
2026-10-04T15:25:17.0050969Z ok 82 - sample binds twenty separate residents to actual homes, counter frontages and legal routes
2026-10-04T15:25:17.0051743Z   ---
2026-10-04T15:25:17.0060784Z   duration_ms: 342.589139
2026-10-04T15:25:17.0061161Z   type: 'test'
2026-10-04T15:25:17.0061419Z   ...
2026-10-04T15:25:17.0061923Z # Subtest: actual delivery moves finite stock, debits wholesale and escrow, and pays the player once at the recipient
2026-10-04T15:25:17.0062462Z ok 83 - actual delivery moves finite stock, debits wholesale and escrow, and pays the player once at the recipient
2026-10-04T15:25:17.0062791Z   ---
2026-10-04T15:25:17.0062968Z   duration_ms: 174.733479
2026-10-04T15:25:17.0063162Z   type: 'test'
2026-10-04T15:25:17.0063335Z   ...
2026-10-04T15:25:17.0063663Z # Subtest: stock availability and shop funds cause actual successful or blocked purchases
2026-10-04T15:25:17.0064083Z ok 84 - stock availability and shop funds cause actual successful or blocked purchases
2026-10-04T15:25:17.0064361Z   ---
2026-10-04T15:25:17.0064533Z   duration_ms: 135.505725
2026-10-04T15:25:17.0064726Z   type: 'test'
2026-10-04T15:25:17.0064900Z   ...
2026-10-04T15:25:17.0065262Z # Subtest: daily schedules complete home, work, shop and courier loops regardless of visible distance or indoor context
2026-10-04T15:25:17.0065777Z ok 85 - daily schedules complete home, work, shop and courier loops regardless of visible distance or indoor context
2026-10-04T15:25:17.0066094Z   ---
2026-10-04T15:25:17.0066262Z   duration_ms: 400.052957
2026-10-04T15:25:17.0066448Z   type: 'test'
2026-10-04T15:25:17.0066616Z   ...
2026-10-04T15:25:17.0066965Z # Subtest: fixed economic ticks and persisted paths resume deterministically without repeating wages or deliveries
2026-10-04T15:25:17.0068199Z ok 86 - fixed economic ticks and persisted paths resume deterministically without repeating wages or deliveries
2026-10-04T15:25:17.0068544Z   ---
2026-10-04T15:25:17.0068713Z   duration_ms: 429.553059
2026-10-04T15:25:17.0068899Z   type: 'test'
2026-10-04T15:25:17.0069067Z   ...
2026-10-04T15:25:17.0069410Z # Subtest: corrupt or foreign snapshots cannot mint stock, money, arbitrary positions or orphan delivery payouts
2026-10-04T15:25:17.0070044Z ok 87 - corrupt or foreign snapshots cannot mint stock, money, arbitrary positions or orphan delivery payouts
2026-10-04T15:25:17.0070354Z   ---
2026-10-04T15:25:17.0070524Z   duration_ms: 78.852808
2026-10-04T15:25:17.0070708Z   type: 'test'
2026-10-04T15:25:17.0070875Z   ...
2026-10-04T15:25:17.0071216Z # Subtest: warehouse commutes board real moving trams and physically alight onto legal final pavement routes
2026-10-04T15:25:17.0071696Z ok 88 - warehouse commutes board real moving trams and physically alight onto legal final pavement routes
2026-10-04T15:25:17.0071999Z   ---
2026-10-04T15:25:17.0072175Z   duration_ms: 540.044948
2026-10-04T15:25:17.0072363Z   type: 'test'
2026-10-04T15:25:17.0072531Z   ...
2026-10-04T15:25:17.0072873Z # Subtest: renderer streams at most twelve detailed instances while presentation never advances city state
2026-10-04T15:25:17.0073346Z ok 89 - renderer streams at most twelve detailed instances while presentation never advances city state
2026-10-04T15:25:17.0073646Z   ---
2026-10-04T15:25:17.0073817Z   duration_ms: 347.671933
2026-10-04T15:25:17.0074004Z   type: 'test'
2026-10-04T15:25:17.0074173Z   ...
2026-10-04T15:25:17.0074509Z # Subtest: restoring real in-flight fleet tickets preserves boarding, cargo and deterministic continuation
2026-10-04T15:25:17.0074990Z ok 90 - restoring real in-flight fleet tickets preserves boarding, cargo and deterministic continuation
2026-10-04T15:25:17.0076984Z   ---
2026-10-04T15:25:17.0100422Z   duration_ms: 385.86263
2026-10-04T15:25:17.0130355Z   type: 'test'
2026-10-04T15:25:17.0150427Z   ...
2026-10-04T15:25:17.0151229Z # Subtest: rewinding display time never repeats an elapsed wage slot or changes the money supply
2026-10-04T15:25:17.0152510Z ok 91 - rewinding display time never repeats an elapsed wage slot or changes the money supply
2026-10-04T15:25:17.0153040Z   ---
2026-10-04T15:25:17.0153367Z   duration_ms: 37.24197
2026-10-04T15:25:17.0153716Z   type: 'test'
2026-10-04T15:25:17.0154049Z   ...
2026-10-04T15:25:17.0154702Z # Subtest: player buys an actual stocked portion only from the staffed counter and game-owned cash funds the shop
2026-10-04T15:25:17.0155601Z ok 92 - player buys an actual stocked portion only from the staffed counter and game-owned cash funds the shop
2026-10-04T15:25:17.0156175Z   ---
2026-10-04T15:25:17.0156513Z   duration_ms: 233.870303
2026-10-04T15:25:17.0156882Z   type: 'test'
2026-10-04T15:25:17.0157226Z   ...
2026-10-04T15:25:17.0157862Z # Subtest: remote, unfunded, unstaffed, closed and sold-out retail requests never debit the game wallet
2026-10-04T15:25:17.0158750Z ok 93 - remote, unfunded, unstaffed, closed and sold-out retail requests never debit the game wallet
2026-10-04T15:25:17.0164903Z   ---
2026-10-04T15:25:17.0165281Z   duration_ms: 112.568035
2026-10-04T15:25:17.0165671Z   type: 'test'
2026-10-04T15:25:17.0166019Z   ...
2026-10-04T15:25:17.0166667Z # Subtest: runtime traffic clock controls crossing permission independently of persisted economic days
2026-10-04T15:25:17.0167571Z ok 94 - runtime traffic clock controls crossing permission independently of persisted economic days
2026-10-04T15:25:17.0168146Z   ---
2026-10-04T15:25:17.0168485Z   duration_ms: 136.329858
2026-10-04T15:25:17.0168864Z   type: 'test'
2026-10-04T15:25:17.0169209Z   ...
2026-10-04T15:25:17.0170017Z # Subtest: integrated E retail changes the sole game wallet and a saved inventory restores alongside its ledger
2026-10-04T15:25:17.0170980Z ok 95 - integrated E retail changes the sole game wallet and a saved inventory restores alongside its ledger
2026-10-04T15:25:17.0171609Z   ---
2026-10-04T15:25:17.0171953Z   duration_ms: 5008.964633
2026-10-04T15:25:17.0172344Z   type: 'test'
2026-10-04T15:25:17.0172962Z   ...
2026-10-04T15:25:17.0854264Z # Subtest: opposite-shore landmarks retain contrast across the full public harbour view
2026-10-04T15:25:17.0859658Z ok 96 - opposite-shore landmarks retain contrast across the full public harbour view
2026-10-04T15:25:17.0860571Z   ---
2026-10-04T15:25:17.0860862Z   duration_ms: 1.53874
2026-10-04T15:25:17.0861140Z   type: 'test'
2026-10-04T15:25:17.0861638Z   ...
2026-10-04T15:25:17.0862206Z # Subtest: water variants keep independent clocks, shared programs and working cloned shader hooks
2026-10-04T15:25:17.0862997Z ok 97 - water variants keep independent clocks, shared programs and working cloned shader hooks
2026-10-04T15:25:17.0863500Z   ---
2026-10-04T15:25:17.0863788Z   duration_ms: 1.168364
2026-10-04T15:25:17.0864107Z   type: 'test'
2026-10-04T15:25:17.0864391Z   ...
2026-10-04T15:25:17.0864923Z # Subtest: urban finishes separate dielectric glazing, rough mineral surfaces and metal frames
2026-10-04T15:25:17.0865730Z ok 98 - urban finishes separate dielectric glazing, rough mineral surfaces and metal frames
2026-10-04T15:25:17.0866227Z   ---
2026-10-04T15:25:17.0866516Z   duration_ms: 31.643072
2026-10-04T15:25:17.0866841Z   type: 'test'
2026-10-04T15:25:17.0867124Z   ...
2026-10-04T15:26:09.7633178Z # Subtest: normal city play boards bus, walks both decks, travels and alights at another physical stop
2026-10-04T15:26:09.7633894Z ok 99 - normal city play boards bus, walks both decks, travels and alights at another physical stop
2026-10-04T15:26:09.7634277Z   ---
2026-10-04T15:26:09.7634465Z   duration_ms: 7044.520889
2026-10-04T15:26:09.7634675Z   type: 'test'
2026-10-04T15:26:09.7634848Z   ...
2026-10-04T15:26:09.7635309Z # Subtest: normal city play boards tram, walks both decks, travels and alights at another physical stop
2026-10-04T15:26:09.7637024Z ok 100 - normal city play boards tram, walks both decks, travels and alights at another physical stop
2026-10-04T15:26:09.7638159Z   ---
2026-10-04T15:26:09.7638420Z   duration_ms: 11200.956312
2026-10-04T15:26:09.7638702Z   type: 'test'
2026-10-04T15:26:09.7638884Z   ...
2026-10-04T15:26:09.7639325Z # Subtest: normal city play boards ferry, walks both decks, travels and alights at another physical stop
2026-10-04T15:26:09.7639943Z ok 101 - normal city play boards ferry, walks both decks, travels and alights at another physical stop
2026-10-04T15:26:09.7640327Z   ---
2026-10-04T15:26:09.7640504Z   duration_ms: 12437.416016
2026-10-04T15:26:09.7640704Z   type: 'test'
2026-10-04T15:26:09.7640868Z   ...
2026-10-04T15:26:09.7641268Z # Subtest: interior visits preserve street traffic, sample service clocks and resident phases
2026-10-04T15:26:09.7641820Z ok 102 - interior visits preserve street traffic, sample service clocks and resident phases
2026-10-04T15:26:09.7642174Z   ---
2026-10-04T15:26:09.7642345Z   duration_ms: 1263.584906
2026-10-04T15:26:09.7642538Z   type: 'test'
2026-10-04T15:26:09.7642731Z   ...
2026-10-04T15:26:09.7643137Z # Subtest: safeSave restores real commuting tickets, economic paths and delayed dwell before another tick
2026-10-04T15:26:09.7643579Z ok 103 - safeSave restores real commuting tickets, economic paths and delayed dwell before another tick
2026-10-04T15:26:09.7643904Z   ---
2026-10-04T15:26:09.7644083Z   duration_ms: 19485.553677
2026-10-04T15:26:09.7644290Z   type: 'test'
2026-10-04T15:26:09.7644457Z   ...
2026-10-04T15:26:09.7644837Z # Subtest: fresh binding and malformed saved sample fields leave finite clean street state
2026-10-04T15:26:09.7645419Z ok 104 - fresh binding and malformed saved sample fields leave finite clean street state
2026-10-04T15:26:09.7645700Z   ---
2026-10-04T15:26:09.7645878Z   duration_ms: 1587.416069
2026-10-04T15:26:09.7646095Z   type: 'test'
2026-10-04T15:26:09.7646267Z   ...
2026-10-04T15:26:09.7646738Z # Subtest: fixed simulation and render updates remain separate, with bounded collector-height tram wires
2026-10-04T15:26:09.7647365Z ok 105 - fixed simulation and render updates remain separate, with bounded collector-height tram wires
2026-10-04T15:26:09.7648007Z   ---
2026-10-04T15:26:09.7648192Z   duration_ms: 2400.628228
2026-10-04T15:26:09.7648413Z   type: 'test'
2026-10-04T15:26:09.7648640Z   ...
2026-10-04T15:26:09.7649305Z # Subtest: a restored south-shore signal clock controls real cars, rendered lights and crossing residents while north traffic keeps its original clock
2026-10-04T15:26:09.7650453Z ok 106 - a restored south-shore signal clock controls real cars, rendered lights and crossing residents while north traffic keeps its original clock
2026-10-04T15:26:09.7655660Z   ---
2026-10-04T15:26:09.7655832Z   duration_ms: 149.007018
2026-10-04T15:26:09.7656033Z   type: 'test'
2026-10-04T15:26:09.7656200Z   ...
2026-10-04T15:26:09.7656553Z # Subtest: ordinary city steps yield the long bus to a real resident already crossing, including after save/load
2026-10-04T15:26:09.7656980Z ok 107 - ordinary city steps yield the long bus to a real resident already crossing, including after save/load
2026-10-04T15:26:09.7657231Z   ---
2026-10-04T15:26:09.7657347Z   duration_ms: 2193.515496
2026-10-04T15:26:09.7657472Z   type: 'test'
2026-10-04T15:26:09.7657582Z   ...
2026-10-04T15:26:09.8273212Z # Subtest: harbor towers occupy land behind a continuous shore and have authored geometric crowns
2026-10-04T15:26:09.8274328Z ok 108 - harbor towers occupy land behind a continuous shore and have authored geometric crowns
2026-10-04T15:26:09.8275000Z   ---
2026-10-04T15:26:09.8275234Z   duration_ms: 28.848055
2026-10-04T15:26:09.8275468Z   type: 'test'
2026-10-04T15:26:09.8275658Z   ...
2026-10-04T15:26:09.8276126Z # Subtest: the actual eye-level promenade camera sees multiple distinct towers across open water
2026-10-04T15:26:09.8276837Z ok 109 - the actual eye-level promenade camera sees multiple distinct towers across open water
2026-10-04T15:26:09.8277250Z   ---
2026-10-04T15:26:09.8277443Z   duration_ms: 56.625444
2026-10-04T15:26:09.8277658Z   type: 'test'
2026-10-04T15:26:09.8277843Z   ...
2026-10-04T15:26:09.8278795Z # Subtest: all three harbor viewpoints are reached on existing real pavement with the full player radius
2026-10-04T15:26:09.8279554Z ok 110 - all three harbor viewpoints are reached on existing real pavement with the full player radius
2026-10-04T15:26:09.8282200Z   ---
2026-10-04T15:26:09.8282385Z   duration_ms: 210.608791
2026-10-04T15:26:09.8282603Z   type: 'test'
2026-10-04T15:26:09.8282783Z   ...
2026-10-04T15:26:09.8283276Z # Subtest: walking inland across the former support edge stays on the rendered shore and mountain triangles
2026-10-04T15:26:09.8284021Z ok 111 - walking inland across the former support edge stays on the rendered shore and mountain triangles
2026-10-04T15:26:09.8284456Z   ---
2026-10-04T15:26:09.8284635Z   duration_ms: 192.619307
2026-10-04T15:26:09.8284850Z   type: 'test'
2026-10-04T15:26:09.8285030Z   ...
2026-10-04T15:26:09.8285524Z # Subtest: view distance streams and disposes real facade details without changing skyline massing or quality
2026-10-04T15:26:09.8286313Z ok 112 - view distance streams and disposes real facade details without changing skyline massing or quality
2026-10-04T15:26:09.8286760Z   ---
2026-10-04T15:26:09.8286938Z   duration_ms: 22.514813
2026-10-04T15:26:09.8287151Z   type: 'test'
2026-10-04T15:26:09.8287334Z   ...
2026-10-04T15:26:09.8287750Z # Subtest: small window bays use metre UVs and sparse office lights follow the world clock
2026-10-04T15:26:09.8288378Z ok 113 - small window bays use metre UVs and sparse office lights follow the world clock
2026-10-04T15:26:09.8288767Z   ---
2026-10-04T15:26:09.8288944Z   duration_ms: 10.737793
2026-10-04T15:26:09.8289153Z   type: 'test'
2026-10-04T15:26:09.8289337Z   ...
2026-10-04T15:26:09.8289879Z # Subtest: shared shore support ends at the visible coastline and preserves water outside it
2026-10-04T15:26:09.8290532Z ok 114 - shared shore support ends at the visible coastline and preserves water outside it
2026-10-04T15:26:09.8290926Z   ---
2026-10-04T15:26:09.8291105Z   duration_ms: 1.892339
2026-10-04T15:26:09.8291317Z   type: 'test'
2026-10-04T15:26:09.8291809Z   ...
2026-10-04T15:26:09.8292273Z # Subtest: client and multiplayer server support match raycast triangles on both sides of ridge diagonals
2026-10-04T15:26:09.8292981Z ok 115 - client and multiplayer server support match raycast triangles on both sides of ridge diagonals
2026-10-04T15:26:09.8293400Z   ---
2026-10-04T15:26:09.8293578Z   duration_ms: 135.385149
2026-10-04T15:26:09.8293782Z   type: 'test'
2026-10-04T15:26:09.8293953Z   ...
2026-10-04T15:26:09.8294395Z # Subtest: multiplayer support retains reachable infrastructure decks and the road beneath an underpass
2026-10-04T15:26:09.8295110Z ok 116 - multiplayer support retains reachable infrastructure decks and the road beneath an underpass
2026-10-04T15:26:09.8295546Z   ---
2026-10-04T15:26:09.8295727Z   duration_ms: 0.353521
2026-10-04T15:26:09.8295932Z   type: 'test'
2026-10-04T15:26:09.8296127Z   ...
2026-10-04T15:26:09.8296561Z # Subtest: every original service fits its existing street or water corridor for a whole circuit
2026-10-04T15:26:09.8297265Z ok 117 - every original service fits its existing street or water corridor for a whole circuit
2026-10-04T15:26:09.8297679Z   ---
2026-10-04T15:26:09.8297872Z   duration_ms: 704.369892
2026-10-04T15:26:09.8298092Z   type: 'test'
2026-10-04T15:26:09.8298279Z   ...
2026-10-04T15:26:09.8298750Z # Subtest: bus: walk through the boarding door, upstairs, along the upper aisle and back downstairs
2026-10-04T15:26:09.8299446Z ok 118 - bus: walk through the boarding door, upstairs, along the upper aisle and back downstairs
2026-10-04T15:26:09.8300007Z   ---
2026-10-04T15:26:09.8300179Z   duration_ms: 76.757453
2026-10-04T15:26:09.8300383Z   type: 'test'
2026-10-04T15:26:09.8300560Z   ...
2026-10-04T15:26:09.8300989Z # Subtest: tram: walk through the boarding door, upstairs, along the upper aisle and back downstairs
2026-10-04T15:26:09.8301668Z ok 119 - tram: walk through the boarding door, upstairs, along the upper aisle and back downstairs
2026-10-04T15:26:09.8302298Z   ---
2026-10-04T15:26:09.8302483Z   duration_ms: 57.57642
2026-10-04T15:26:09.8302693Z   type: 'test'
2026-10-04T15:26:09.8302871Z   ...
2026-10-04T15:26:09.8303326Z # Subtest: ferry: walk through the boarding door, upstairs, along the upper aisle and back downstairs
2026-10-04T15:26:09.8304031Z ok 120 - ferry: walk through the boarding door, upstairs, along the upper aisle and back downstairs
2026-10-04T15:26:09.8304445Z   ---
2026-10-04T15:26:09.8304621Z   duration_ms: 90.779904
2026-10-04T15:26:09.8304836Z   type: 'test'
2026-10-04T15:26:09.8305016Z   ...
2026-10-04T15:26:09.8305493Z # Subtest: passenger seats, closed doors and end walls reject movement rather than pinning the passenger
2026-10-04T15:26:09.8306224Z ok 121 - passenger seats, closed doors and end walls reject movement rather than pinning the passenger
2026-10-04T15:26:09.8306657Z   ---
2026-10-04T15:26:09.8306833Z   duration_ms: 7.300034
2026-10-04T15:26:09.8307039Z   type: 'test'
2026-10-04T15:26:09.8307225Z   ...
2026-10-04T15:26:09.8307606Z # Subtest: ten minutes of independent timetables keep bus and tram bodies apart
2026-10-04T15:26:09.8308163Z ok 122 - ten minutes of independent timetables keep bus and tram bodies apart
2026-10-04T15:26:09.8308517Z   ---
2026-10-04T15:26:09.8308694Z   duration_ms: 308.724604
2026-10-04T15:26:09.8308907Z   type: 'test'
2026-10-04T15:26:09.8309092Z   ...
2026-10-04T15:26:09.8309507Z # Subtest: external traffic stops the bus before contact and the delayed timetable resumes
2026-10-04T15:26:09.8310261Z ok 123 - external traffic stops the bus before contact and the delayed timetable resumes
2026-10-04T15:26:09.8310647Z   ---
2026-10-04T15:26:09.8310828Z   duration_ms: 17.23968
2026-10-04T15:26:09.8311034Z   type: 'test'
2026-10-04T15:26:09.8311213Z   ...
2026-10-04T15:26:09.8311672Z # Subtest: saving restores stop dwell and delayed schedules without placing a load inside a vehicle
2026-10-04T15:26:09.8312374Z ok 124 - saving restores stop dwell and delayed schedules without placing a load inside a vehicle
2026-10-04T15:26:09.8312956Z   ---
2026-10-04T15:26:09.8313139Z   duration_ms: 17.007151
2026-10-04T15:26:09.8313350Z   type: 'test'
2026-10-04T15:26:09.8313532Z   ...
2026-10-04T15:26:09.8313974Z # Subtest: citizens board a real stop, travel in the moving cabin and alight at a different stop
2026-10-04T15:26:09.8314640Z ok 125 - citizens board a real stop, travel in the moving cabin and alight at a different stop
2026-10-04T15:26:09.8315040Z   ---
2026-10-04T15:26:09.8315221Z   duration_ms: 50.870197
2026-10-04T15:26:09.8315431Z   type: 'test'
2026-10-04T15:26:09.8315610Z   ...
2026-10-04T15:26:09.8316009Z # Subtest: a saved boarding token, door hold and citizen cabin pose continue after load
2026-10-04T15:26:09.8316621Z ok 126 - a saved boarding token, door hold and citizen cabin pose continue after load
2026-10-04T15:26:09.8316993Z   ---
2026-10-04T15:26:09.8317172Z   duration_ms: 28.896015
2026-10-04T15:26:09.8317387Z   type: 'test'
2026-10-04T15:26:09.8317568Z   ...
2026-10-04T15:26:09.8318111Z # Subtest: both ferry piers can be walked from real street height over the sea wall and match rendered support
2026-10-04T15:26:09.8318898Z ok 127 - both ferry piers can be walked from real street height over the sea wall and match rendered support
2026-10-04T15:26:09.8319333Z   ---
2026-10-04T15:26:09.8319512Z   duration_ms: 1022.28496
2026-10-04T15:26:09.8319724Z   type: 'test'
2026-10-04T15:26:09.8320004Z   ...
2026-10-04T15:26:09.8320573Z # Subtest: sixteen static batches retain all 101 original transforms, materials and shadow flags with independent bank bounds
2026-10-04T15:26:09.8321476Z ok 128 - sixteen static batches retain all 101 original transforms, materials and shadow flags with independent bank bounds
2026-10-04T15:26:09.8321972Z   ---
2026-10-04T15:26:09.8322153Z   duration_ms: 24.432554
2026-10-04T15:26:09.8322359Z   type: 'test'
2026-10-04T15:26:09.8322539Z   ...
2026-10-04T15:26:09.8323079Z # Subtest: static instances stay shared while ferry gangways, eleven canvas signs and the live fleet remain independent
2026-10-04T15:26:09.8324055Z ok 129 - static instances stay shared while ferry gangways, eleven canvas signs and the live fleet remain independent
2026-10-04T15:26:09.8324514Z   ---
2026-10-04T15:26:09.8324687Z   duration_ms: 62.560769
2026-10-04T15:26:09.8324900Z   type: 'test'
2026-10-04T15:26:09.8325076Z   ...
2026-10-04T15:26:09.8325532Z # Subtest: bus at its actual eight-metre curb lane brakes before red, restores its queue and resumes on green
2026-10-04T15:26:09.8326279Z ok 130 - bus at its actual eight-metre curb lane brakes before red, restores its queue and resumes on green
2026-10-04T15:26:09.8326743Z   ---
2026-10-04T15:26:09.8326919Z   duration_ms: 24.715929
2026-10-04T15:26:09.8327140Z   type: 'test'
2026-10-04T15:26:09.8327330Z   ...
2026-10-04T15:26:09.8327890Z # Subtest: tram at its actual eight-metre curb lane brakes before red, restores its queue and resumes on green
2026-10-04T15:26:09.8328751Z ok 131 - tram at its actual eight-metre curb lane brakes before red, restores its queue and resumes on green
2026-10-04T15:26:09.8329221Z   ---
2026-10-04T15:26:09.8329404Z   duration_ms: 40.605012
2026-10-04T15:26:09.8329629Z   type: 'test'
2026-10-04T15:26:09.8329933Z   ...
2026-10-04T15:26:09.8330402Z # Subtest: a vehicle already admitted through green clears a newly red junction after save/load
2026-10-04T15:26:09.8331141Z ok 132 - a vehicle already admitted through green clears a newly red junction after save/load
2026-10-04T15:26:09.8331588Z   ---
2026-10-04T15:26:09.8331779Z   duration_ms: 25.580256
2026-10-04T15:26:09.8332004Z   type: 'test'
2026-10-04T15:26:09.8332201Z   ...
2026-10-04T15:26:09.8332770Z # Subtest: the shared pedestrian stop-distance hook protects the bus front, persists its wait and excludes the ferry
2026-10-04T15:26:09.8333650Z ok 133 - the shared pedestrian stop-distance hook protects the bus front, persists its wait and excludes the ferry
2026-10-04T15:26:09.8334166Z   ---
2026-10-04T15:26:09.8334358Z   duration_ms: 45.773027
2026-10-04T15:26:09.8334577Z   type: 'test'
2026-10-04T15:26:09.8334957Z   ...
2026-10-04T15:26:09.8335484Z # Subtest: harbor assets have finite geometry and actual closed/open bounds inside their metre envelopes
2026-10-04T15:26:09.8336308Z ok 134 - harbor assets have finite geometry and actual closed/open bounds inside their metre envelopes
2026-10-04T15:26:09.8336751Z   ---
2026-10-04T15:26:09.8336929Z   duration_ms: 990.271051
2026-10-04T15:26:09.8337158Z   type: 'test'
2026-10-04T15:26:09.8337357Z   ...
2026-10-04T15:26:09.8337875Z # Subtest: both decks, all portals and stair landings remain reachable by the declared passenger capsule
2026-10-04T15:26:09.8338650Z ok 135 - both decks, all portals and stair landings remain reachable by the declared passenger capsule
2026-10-04T15:26:09.8339094Z   ---
2026-10-04T15:26:09.8339293Z   duration_ms: 11.671203
2026-10-04T15:26:09.8339515Z   type: 'test'
2026-10-04T15:26:09.8339712Z   ...
2026-10-04T15:26:09.8340319Z # Subtest: open doorway geometry clears a full body at both jambs, and closed leaves block passage
2026-10-04T15:26:09.8341053Z ok 136 - open doorway geometry clears a full body at both jambs, and closed leaves block passage
2026-10-04T15:26:09.8341459Z   ---
2026-10-04T15:26:09.8341642Z   duration_ms: 307.518714
2026-10-04T15:26:09.8341862Z   type: 'test'
2026-10-04T15:26:09.8342043Z   ...
2026-10-04T15:26:09.8342480Z # Subtest: actual stair mesh and ceilings leave standing headroom across the entire companionway
2026-10-04T15:26:09.8343162Z ok 137 - actual stair mesh and ceilings leave standing headroom across the entire companionway
2026-10-04T15:26:09.8343566Z   ---
2026-10-04T15:26:09.8343744Z   duration_ms: 1354.208412
2026-10-04T15:26:09.8343962Z   type: 'test'
2026-10-04T15:26:09.8344144Z   ...
2026-10-04T15:26:09.8344632Z # Subtest: ferry support and side collision narrow with its bow rather than exposing square deck overhangs
2026-10-04T15:26:09.8345383Z ok 138 - ferry support and side collision narrow with its bow rather than exposing square deck overhangs
2026-10-04T15:26:09.8345982Z   ---
2026-10-04T15:26:09.8346163Z   duration_ms: 0.960562
2026-10-04T15:26:09.8346373Z   type: 'test'
2026-10-04T15:26:09.8346551Z   ...
2026-10-04T15:26:09.8347160Z # Subtest: LOD budgets, original provenance and material response are explicit and lighting updates are instance-local
2026-10-04T15:26:09.8348018Z ok 139 - LOD budgets, original provenance and material response are explicit and lighting updates are instance-local
2026-10-04T15:26:09.8348499Z   ---
2026-10-04T15:26:09.8348677Z   duration_ms: 25.465463
2026-10-04T15:26:09.8348890Z   type: 'test'
2026-10-04T15:26:09.8349074Z   ...
2026-10-04T15:26:09.8349595Z # Subtest: instance disposal is idempotent and preserves shared geometry used by remaining vehicles and all LODs
2026-10-04T15:26:09.8350502Z ok 140 - instance disposal is idempotent and preserves shared geometry used by remaining vehicles and all LODs
2026-10-04T15:26:09.8350957Z   ---
2026-10-04T15:26:09.8351135Z   duration_ms: 14.228561
2026-10-04T15:26:09.8351348Z   type: 'test'
2026-10-04T15:26:09.8351531Z   ...
2026-10-04T15:26:09.8351894Z # Subtest: closed cabin actually blocks the former gap above the door leaves
2026-10-04T15:26:09.8352424Z ok 141 - closed cabin actually blocks the former gap above the door leaves
2026-10-04T15:26:09.8352768Z   ---
2026-10-04T15:26:09.8352943Z   duration_ms: 77.926212
2026-10-04T15:26:09.8353149Z   type: 'test'
2026-10-04T15:26:09.8353332Z   ...
2026-10-04T15:26:09.8353755Z # Subtest: cabin occlusion follows actual camera bounds and restores city before doors open
2026-10-04T15:26:09.8354396Z ok 142 - cabin occlusion follows actual camera bounds and restores city before doors open
2026-10-04T15:26:09.8354794Z   ---
2026-10-04T15:26:09.8354974Z   duration_ms: 1350.30589
2026-10-04T15:26:09.8355181Z   type: 'test'
2026-10-04T15:26:09.8355364Z   ...
2026-10-04T15:26:09.8355830Z # Subtest: ordinary third-person camera retracts behind the safety door throughout the high lift ride
2026-10-04T15:26:09.8356779Z ok 143 - ordinary third-person camera retracts behind the safety door throughout the high lift ride
2026-10-04T15:26:09.8357212Z   ---
2026-10-04T15:26:09.8357394Z   duration_ms: 77.484879
2026-10-04T15:26:09.8357600Z   type: 'test'
2026-10-04T15:26:09.8357778Z   ...
2026-10-04T15:26:09.8358206Z # Subtest: moving lift carries the normal low-pitch camera at 60 Hz without a floor-level view
2026-10-04T15:26:09.8358855Z ok 144 - moving lift carries the normal low-pitch camera at 60 Hz without a floor-level view
2026-10-04T15:26:09.8359245Z   ---
2026-10-04T15:26:09.8359422Z   duration_ms: 53.697419
2026-10-04T15:26:09.8359639Z   type: 'test'
2026-10-04T15:26:09.8360016Z   ...
2026-10-04T15:26:09.8360440Z # Subtest: moving lift carries the normal low-pitch camera at 4 Hz without a floor-level view
2026-10-04T15:26:09.8361083Z ok 145 - moving lift carries the normal low-pitch camera at 4 Hz without a floor-level view
2026-10-04T15:26:09.8361462Z   ---
2026-10-04T15:26:09.8361634Z   duration_ms: 15.061701
2026-10-04T15:26:09.8361851Z   type: 'test'
2026-10-04T15:26:09.8362029Z   ...
2026-10-04T15:26:09.8362407Z # Subtest: west-link: a pedestrian walks up, across and down without height mutation
2026-10-04T15:26:09.8362988Z ok 146 - west-link: a pedestrian walks up, across and down without height mutation
2026-10-04T15:26:09.8363355Z   ---
2026-10-04T15:26:09.8363533Z   duration_ms: 802.797968
2026-10-04T15:26:09.8363746Z   type: 'test'
2026-10-04T15:26:09.8363932Z   ...
2026-10-04T15:26:09.8364313Z # {"maximum":8,"maximumStep":0.010181811998556611,"seconds":87.48333333332965}
2026-10-04T15:26:09.8364879Z # Subtest: west-link: a car drives both ramps and saves on a safe ground entrance
2026-10-04T15:26:09.8365436Z ok 147 - west-link: a car drives both ramps and saves on a safe ground entrance
2026-10-04T15:26:09.8365791Z   ---
2026-10-04T15:26:09.8365972Z   duration_ms: 605.834915
2026-10-04T15:26:09.8366186Z   type: 'test'
2026-10-04T15:26:09.8366350Z   ...
2026-10-04T15:26:09.8366683Z # {"maximum":8.001,"maximumStep":0.04337433879758379,"seconds":21.883333333333372}
2026-10-04T15:26:09.8367366Z # Subtest: east-link: a pedestrian walks up, across and down without height mutation
2026-10-04T15:26:09.8367884Z ok 148 - east-link: a pedestrian walks up, across and down without height mutation
2026-10-04T15:26:09.8368218Z   ---
2026-10-04T15:26:09.8368392Z   duration_ms: 731.728292
2026-10-04T15:26:09.8368588Z   type: 'test'
2026-10-04T15:26:09.8368763Z   ...
2026-10-04T15:26:09.8369101Z # {"maximum":9,"maximumStep":0.01049999775308752,"seconds":130.34999999999587}
2026-10-04T15:26:09.8369620Z # Subtest: east-link: a car drives both ramps and saves on a safe ground entrance
2026-10-04T15:26:09.8370334Z ok 149 - east-link: a car drives both ramps and saves on a safe ground entrance
2026-10-04T15:26:09.8370675Z   ---
2026-10-04T15:26:09.8370854Z   duration_ms: 818.728438
2026-10-04T15:26:09.8371057Z   type: 'test'
2026-10-04T15:26:09.8371234Z   ...
2026-10-04T15:26:09.8371575Z # {"maximum":9.001,"maximumStep":0.0447177873670066,"seconds":31.983333333332798}
2026-10-04T15:26:09.8372185Z # Subtest: a pedestrian reaches the public freight-port promenade and walks back over the sea wall
2026-10-04T15:26:09.8372855Z ok 150 - a pedestrian reaches the public freight-port promenade and walks back over the sea wall
2026-10-04T15:26:09.8373245Z   ---
2026-10-04T15:26:09.8373428Z   duration_ms: 224.638884
2026-10-04T15:26:09.8373627Z   type: 'test'
2026-10-04T15:26:09.8373810Z   ...
2026-10-04T15:26:09.8374542Z # {"outbound":{"maximum":2.4,"maximumStep":0.017683754768263338,"seconds":16.95000000000032},"inbound":{"maximum":2.4,"maximumStep":0.017683754768263338,"seconds":16.933333333332374}}
2026-10-04T15:26:09.8375340Z # Subtest: cars cross below both flyovers without being lifted onto the deck
2026-10-04T15:26:09.8376136Z ok 151 - cars cross below both flyovers without being lifted onto the deck
2026-10-04T15:26:09.8376545Z   ---
2026-10-04T15:26:09.8376889Z   duration_ms: 71.490003
2026-10-04T15:26:09.8377192Z   type: 'test'
2026-10-04T15:26:09.8377522Z   ...
2026-10-04T15:26:09.8378134Z # Subtest: added piers and street equipment leave existing north-shore traffic crossings open
2026-10-04T15:26:09.8378592Z ok 152 - added piers and street equipment leave existing north-shore traffic crossings open
2026-10-04T15:26:09.8379109Z   ---
2026-10-04T15:26:09.8379425Z   duration_ms: 358.518231
2026-10-04T15:26:09.8379711Z   type: 'test'
2026-10-04T15:26:09.8380219Z   ...
2026-10-04T15:26:09.8380740Z # Subtest: every address has an explicit entrance, frontage, roof, and unique physical signature
2026-10-04T15:26:09.8394827Z ok 153 - every address has an explicit entrance, frontage, roof, and unique physical signature
2026-10-04T15:26:09.8395244Z   ---
2026-10-04T15:26:09.8395441Z   duration_ms: 1.35947
2026-10-04T15:26:09.8395646Z   type: 'test'
2026-10-04T15:26:09.8395845Z   ...
2026-10-04T15:26:09.8396314Z # Subtest: all 192 authored display fronts are visible chunk geometry and clear the central approach
2026-10-04T15:26:09.8397016Z ok 154 - all 192 authored display fronts are visible chunk geometry and clear the central approach
2026-10-04T15:26:09.8397415Z   ---
2026-10-04T15:26:09.8397590Z   duration_ms: 2.869787
2026-10-04T15:26:09.8397799Z   type: 'test'
2026-10-04T15:26:09.8397974Z   ...
2026-10-04T15:26:09.8398375Z # Subtest: shop lettering preserves its physical aspect ratio and uses ordinary UV projection
2026-10-04T15:26:09.8399010Z ok 155 - shop lettering preserves its physical aspect ratio and uses ordinary UV projection
2026-10-04T15:26:09.8399411Z   ---
2026-10-04T15:26:09.8399579Z   duration_ms: 56.971963
2026-10-04T15:26:09.8399920Z   type: 'test'
2026-10-04T15:26:09.8400096Z   ...
2026-10-04T15:26:09.8400443Z # Subtest: upper facade ribs do not obscure retail signs or the entrance canopy
2026-10-04T15:26:09.8400984Z ok 156 - upper facade ribs do not obscure retail signs or the entrance canopy
2026-10-04T15:26:09.8401370Z   ---
2026-10-04T15:26:09.8401581Z   duration_ms: 19.940062
2026-10-04T15:26:09.8401800Z   type: 'test'
2026-10-04T15:26:09.8402184Z   ...
2026-10-04T15:26:09.8402524Z # Subtest: retail counters and collision agree at adult scale, with small goods resting on top
2026-10-04T15:26:09.8402922Z ok 157 - retail counters and collision agree at adult scale, with small goods resting on top
2026-10-04T15:26:09.8403154Z   ---
2026-10-04T15:26:09.8403273Z   duration_ms: 27.088869
2026-10-04T15:26:09.8403401Z   type: 'test'
2026-10-04T15:26:09.8403512Z   ...
2026-10-04T15:26:09.8403736Z # Subtest: human-scale motifs and curved components survive actual chunk export
2026-10-04T15:26:09.8404054Z ok 158 - human-scale motifs and curved components survive actual chunk export
2026-10-04T15:26:09.8404258Z   ---
2026-10-04T15:26:09.8404372Z   duration_ms: 182.673152
2026-10-04T15:26:09.8404504Z   type: 'test'
2026-10-04T15:26:09.8404614Z   ...
2026-10-04T15:26:09.8404854Z # Subtest: additional architectural detail stays streamed and within bounded chunk budgets
2026-10-04T15:26:09.8405224Z ok 159 - additional architectural detail stays streamed and within bounded chunk budgets
2026-10-04T15:26:09.8405449Z   ---
2026-10-04T15:26:09.8405560Z   duration_ms: 16.762975
2026-10-04T15:26:09.8405692Z   type: 'test'
2026-10-04T15:26:09.8405802Z   ...
2026-10-04T15:26:09.8406038Z # Subtest: architectural refinement retains the full wide lobby approach at every address
2026-10-04T15:26:09.8406399Z ok 160 - architectural refinement retains the full wide lobby approach at every address
2026-10-04T15:26:09.8406623Z   ---
2026-10-04T15:26:09.8406730Z   duration_ms: 9.380547
2026-10-04T15:26:09.8406860Z   type: 'test'
2026-10-04T15:26:09.8406970Z   ...
2026-10-04T15:26:09.8407209Z # Subtest: address-specific sign materials are disposed along with their streamed district
2026-10-04T15:26:09.8407569Z ok 161 - address-specific sign materials are disposed along with their streamed district
2026-10-04T15:26:09.8407790Z   ---
2026-10-04T15:26:09.8407899Z   duration_ms: 84.155464
2026-10-04T15:26:09.8408028Z   type: 'test'
2026-10-04T15:26:09.8408144Z   ...
2026-10-04T15:26:09.8408483Z # Subtest: an underpass and its upper carriageway stay independent at the same x/z
2026-10-04T15:26:09.8408810Z ok 162 - an underpass and its upper carriageway stay independent at the same x/z
2026-10-04T15:26:09.8409019Z   ---
2026-10-04T15:26:09.8409129Z   duration_ms: 5.003519
2026-10-04T15:26:09.8409255Z   type: 'test'
2026-10-04T15:26:09.8409369Z   ...
2026-10-04T15:26:09.8409646Z # Subtest: both directions of both ramps support a continuous pedestrian journey without an elevation snap
2026-10-04T15:26:09.8410249Z ok 163 - both directions of both ramps support a continuous pedestrian journey without an elevation snap
2026-10-04T15:26:09.8410500Z   ---
2026-10-04T15:26:09.8410612Z   duration_ms: 293.543122
2026-10-04T15:26:09.8410741Z   type: 'test'
2026-10-04T15:26:09.8410852Z   ...
2026-10-04T15:26:09.8411136Z # Subtest: four-wheel car support follows both complete flyovers without jumping level or striking a collider
2026-10-04T15:26:09.8411577Z ok 164 - four-wheel car support follows both complete flyovers without jumping level or striking a collider
2026-10-04T15:26:09.8411839Z   ---
2026-10-04T15:26:09.8411953Z   duration_ms: 433.11202
2026-10-04T15:26:09.8412081Z   type: 'test'
2026-10-04T15:26:09.8412192Z   ...
2026-10-04T15:26:09.8412449Z # Subtest: rendered carriageway tops agree with the analytical support profile to one centimetre
2026-10-04T15:26:09.8412835Z ok 165 - rendered carriageway tops agree with the analytical support profile to one centimetre
2026-10-04T15:26:09.8413071Z   ---
2026-10-04T15:26:09.8413187Z   duration_ms: 0.775474
2026-10-04T15:26:09.8413315Z   type: 'test'
2026-10-04T15:26:09.8413425Z   ...
2026-10-04T15:26:09.8413711Z # Subtest: cross-streets retain a clear path below the flyovers and bridge piers remain outside carriageways
2026-10-04T15:26:09.8414145Z ok 166 - cross-streets retain a clear path below the flyovers and bridge piers remain outside carriageways
2026-10-04T15:26:09.8414396Z   ---
2026-10-04T15:26:09.8414509Z   duration_ms: 16.420521
2026-10-04T15:26:09.8414760Z   type: 'test'
2026-10-04T15:26:09.8414870Z   ...
2026-10-04T15:26:09.8415135Z # Subtest: freight access rises continuously over the original seawall and reaches a real clear deck
2026-10-04T15:26:09.8415532Z ok 167 - freight access rises continuously over the original seawall and reaches a real clear deck
2026-10-04T15:26:09.8415773Z   ---
2026-10-04T15:26:09.8415881Z   duration_ms: 23.639183
2026-10-04T15:26:09.8416004Z   type: 'test'
2026-10-04T15:26:09.8416114Z   ...
2026-10-04T15:26:09.8416362Z # Subtest: station additions preserve every building entrance, transit entrance and ferry passage
2026-10-04T15:26:09.8416747Z ok 168 - station additions preserve every building entrance, transit entrance and ferry passage
2026-10-04T15:26:09.8416981Z   ---
2026-10-04T15:26:09.8417087Z   duration_ms: 6.378681
2026-10-04T15:26:09.8417211Z   type: 'test'
2026-10-04T15:26:09.8417321Z   ...
2026-10-04T15:26:09.8417605Z # Subtest: district culling hides distant detail while keeping local geometry and permanent collisions
2026-10-04T15:26:09.8418006Z ok 169 - district culling hides distant detail while keeping local geometry and permanent collisions
2026-10-04T15:26:09.8418244Z   ---
2026-10-04T15:26:09.8418352Z   duration_ms: 0.447451
2026-10-04T15:26:09.8418474Z   type: 'test'
2026-10-04T15:26:09.8418581Z   ...
2026-10-04T15:26:09.8418827Z # Subtest: entry signs face their approach routes and every sign has an opaque blank reverse
2026-10-04T15:26:09.8419195Z ok 170 - entry signs face their approach routes and every sign has an opaque blank reverse
2026-10-04T15:26:09.8419417Z   ---
2026-10-04T15:26:09.8419524Z   duration_ms: 20.652328
2026-10-04T15:26:09.8419649Z   type: 'test'
2026-10-04T15:26:09.8419963Z   ...
2026-10-04T15:26:09.8420298Z # Subtest: every one of 48 addresses has distinct furnished programmes, open entrances, and a walkable elevator route
2026-10-04T15:26:09.8420762Z ok 171 - every one of 48 addresses has distinct furnished programmes, open entrances, and a walkable elevator route
2026-10-04T15:26:09.8421030Z   ---
2026-10-04T15:26:09.8421263Z   duration_ms: 621.731509
2026-10-04T15:26:09.8421398Z   type: 'test'
2026-10-04T15:26:09.8421506Z   ...
2026-10-04T15:26:09.8421801Z # Subtest: all natural floor plans keep furniture collision aligned with visible geometry and guard upper-floor edges
2026-10-04T15:26:09.8422275Z ok 172 - all natural floor plans keep furniture collision aligned with visible geometry and guard upper-floor edges
2026-10-04T15:26:09.8422569Z   ---
2026-10-04T15:26:09.8422681Z   duration_ms: 1377.873136
2026-10-04T15:26:09.8422816Z   type: 'test'
2026-10-04T15:26:09.8422943Z   ...
2026-10-04T15:26:09.8423245Z # Subtest: the tallest lift carries a boarded passenger continuously, closes its doors, and arrives clear of furniture
2026-10-04T15:26:09.8423715Z ok 173 - the tallest lift carries a boarded passenger continuously, closes its doors, and arrives clear of furniture
2026-10-04T15:26:09.8423981Z   ---
2026-10-04T15:26:09.8424086Z   duration_ms: 57.661625
2026-10-04T15:26:09.8424220Z   type: 'test'
2026-10-04T15:26:09.8424327Z   ...
2026-10-04T15:26:09.8424784Z # Subtest: elevator selection validates the passenger still occupies the physical cabin and forced leave clears a moving ride
2026-10-04T15:26:09.8425573Z ok 174 - elevator selection validates the passenger still occupies the physical cabin and forced leave clears a moving ride
2026-10-04T15:26:09.8426030Z   ---
2026-10-04T15:26:09.8426193Z   duration_ms: 11.815058
2026-10-04T15:26:09.8426387Z   type: 'test'
2026-10-04T15:26:09.8426557Z   ...
2026-10-04T15:26:09.8427021Z # Subtest: interiors use textured shared finishes but transparent local glazing, and refresh copied player snapshots
2026-10-04T15:26:09.8427774Z ok 175 - interiors use textured shared finishes but transparent local glazing, and refresh copied player snapshots
2026-10-04T15:26:09.8428191Z   ---
2026-10-04T15:26:09.8428357Z   duration_ms: 15.202457
2026-10-04T15:26:09.8428550Z   type: 'test'
2026-10-04T15:26:09.8428726Z   ...
2026-10-04T15:26:09.8429243Z # Subtest: entering and leaving rooms preserves the global point-light shader budget without changing outdoor daylight
2026-10-04T15:26:09.8430427Z ok 176 - entering and leaving rooms preserves the global point-light shader budget without changing outdoor daylight
2026-10-04T15:26:09.8430864Z   ---
2026-10-04T15:26:09.8431032Z   duration_ms: 11.83625
2026-10-04T15:26:09.8431219Z   type: 'test'
2026-10-04T15:26:09.8431385Z   ...
2026-10-04T15:26:09.8431861Z # Subtest: every natural stair flight carries ordinary walking up and down all occupied floors without teleporting
2026-10-04T15:26:09.8432615Z ok 177 - every natural stair flight carries ordinary walking up and down all occupied floors without teleporting
2026-10-04T15:26:09.8433052Z   ---
2026-10-04T15:26:09.8433229Z   duration_ms: 12707.141615
2026-10-04T15:26:09.8433444Z   type: 'test'
2026-10-04T15:26:09.8433623Z   ...
2026-10-04T15:26:09.8434058Z # Subtest: stair treads, nosings, landings and cutouts agree with continuous-world support geometry
2026-10-04T15:26:09.8434736Z ok 178 - stair treads, nosings, landings and cutouts agree with continuous-world support geometry
2026-10-04T15:26:09.8435134Z   ---
2026-10-04T15:26:09.8435311Z   duration_ms: 3516.446083
2026-10-04T15:26:09.8435513Z   type: 'test'
2026-10-04T15:26:09.8435682Z   ...
2026-10-04T15:26:09.8436105Z # Subtest: the upper stair opening guards its wrong end without a four-metre ground-height snap
2026-10-04T15:26:09.8436746Z ok 179 - the upper stair opening guards its wrong end without a four-metre ground-height snap
2026-10-04T15:26:09.8437135Z   ---
2026-10-04T15:26:09.8437311Z   duration_ms: 14.59484
2026-10-04T15:26:09.8437516Z   type: 'test'
2026-10-04T15:26:09.8437688Z   ...
2026-10-04T15:26:09.8438197Z # Subtest: hidden enclosed floors keep their collision and furnishings resident while the stair opening reveals adjacent floors
2026-10-04T15:26:09.8439021Z ok 180 - hidden enclosed floors keep their collision and furnishings resident while the stair opening reveals adjacent floors
2026-10-04T15:26:09.8439510Z   ---
2026-10-04T15:26:09.8439993Z   duration_ms: 4.536598
2026-10-04T15:26:09.8440205Z   type: 'test'
2026-10-04T15:26:09.8440379Z   ...
2026-10-04T15:26:09.8440829Z # Subtest: painted corridor ceilings sit below the stone slab above instead of exposing its underside
2026-10-04T15:26:09.8441512Z ok 181 - painted corridor ceilings sit below the stone slab above instead of exposing its underside
2026-10-04T15:26:09.8441887Z   ---
2026-10-04T15:26:09.8442053Z   duration_ms: 50.980665
2026-10-04T15:26:09.8442248Z   type: 'test'
2026-10-04T15:26:09.8442410Z   ...
2026-10-04T15:26:09.8442890Z # Subtest: occupied finishes retain matte microtexture and modest indirect light with the same two-point-light budget
2026-10-04T15:26:09.8443664Z ok 182 - occupied finishes retain matte microtexture and modest indirect light with the same two-point-light budget
2026-10-04T15:26:09.8444102Z   ---
2026-10-04T15:26:09.8444278Z   duration_ms: 21.248806
2026-10-04T15:26:09.8444482Z   type: 'test'
2026-10-04T15:26:09.8444658Z   ...
2026-10-04T15:26:09.8445066Z # Subtest: all 48 closed pedestrian routes remain on pavements and outside every building envelope
2026-10-04T15:26:09.8445676Z ok 183 - all 48 closed pedestrian routes remain on pavements and outside every building envelope
2026-10-04T15:26:09.8446044Z   ---
2026-10-04T15:26:09.8446208Z   duration_ms: 80.996943
2026-10-04T15:26:09.8446407Z   type: 'test'
2026-10-04T15:26:09.8446612Z   ...
2026-10-04T15:26:09.8447321Z # Subtest: population has continuous persistent identities, social groups and eight original wardrobes
2026-10-04T15:26:09.8447994Z ok 184 - population has continuous persistent identities, social groups and eight original wardrobes
2026-10-04T15:26:09.8448425Z   ---
2026-10-04T15:26:09.8448603Z   duration_ms: 470.589992
2026-10-04T15:26:09.8448803Z   type: 'test'
2026-10-04T15:26:09.8449015Z   ...
2026-10-04T15:26:09.8449510Z # Subtest: distance streaming enforces entity budgets and unloads the entire crowd beyond the city
2026-10-04T15:26:09.8450388Z ok 185 - distance streaming enforces entity budgets and unloads the entire crowd beyond the city
2026-10-04T15:26:09.8451167Z   ---
2026-10-04T15:26:09.8451280Z   duration_ms: 145.762847
2026-10-04T15:26:09.8451411Z   type: 'test'
2026-10-04T15:26:09.8451519Z   ...
2026-10-04T15:26:09.8451832Z # Subtest: pause freezes resident positions and animation time, and nearby conversations return actual local directions
2026-10-04T15:26:09.8452309Z ok 186 - pause freezes resident positions and animation time, and nearby conversations return actual local directions
2026-10-04T15:26:09.8452580Z   ---
2026-10-04T15:26:09.8452694Z   duration_ms: 17.356143
2026-10-04T15:26:09.8452822Z   type: 'test'
2026-10-04T15:26:09.8452931Z   ...
2026-10-04T15:26:09.8453184Z # Subtest: pedestrians wait for a stopped vehicle on their route without tunnelling into its body
2026-10-04T15:26:09.8453566Z ok 187 - pedestrians wait for a stopped vehicle on their route without tunnelling into its body
2026-10-04T15:26:09.8453794Z   ---
2026-10-04T15:26:09.8453906Z   duration_ms: 40.402723
2026-10-04T15:26:09.8454035Z   type: 'test'
2026-10-04T15:26:09.8454144Z   ...
2026-10-04T15:26:09.8454412Z # Subtest: wardrobe variants share cached geometry while retaining compatible animated knees and elbows
2026-10-04T15:26:09.8454815Z ok 188 - wardrobe variants share cached geometry while retaining compatible animated knees and elbows
2026-10-04T15:26:09.8455057Z   ---
2026-10-04T15:26:09.8455166Z   duration_ms: 6.920124
2026-10-04T15:26:09.8455288Z   type: 'test'
2026-10-04T15:26:09.8455395Z   ...
2026-10-04T15:26:09.8455683Z # Subtest: local collision queries match a full-population reference after movement and reuse stable body records
2026-10-04T15:26:09.8456271Z ok 189 - local collision queries match a full-population reference after movement and reuse stable body records
2026-10-04T15:26:09.8456694Z   ---
2026-10-04T15:26:09.8456860Z   duration_ms: 47.621714
2026-10-04T15:26:09.8457055Z   type: 'test'
2026-10-04T15:26:09.8457225Z   ...
2026-10-04T15:26:09.8457790Z # Subtest: all citizens have stable distinct names, district occupations and four changing daily purposes
2026-10-04T15:26:09.8458467Z ok 190 - all citizens have stable distinct names, district occupations and four changing daily purposes
2026-10-04T15:26:09.8458865Z   ---
2026-10-04T15:26:09.8459038Z   duration_ms: 3.936747
2026-10-04T15:26:09.8459236Z   type: 'test'
2026-10-04T15:26:09.8459410Z   ...
2026-10-04T15:26:09.8459983Z # Subtest: street activities are finite, social residents resume walking, and hour changes never teleport people
2026-10-04T15:26:09.8460706Z ok 191 - street activities are finite, social residents resume walking, and hour changes never teleport people
2026-10-04T15:26:09.8461123Z   ---
2026-10-04T15:26:09.8461295Z   duration_ms: 367.558977
2026-10-04T15:26:09.8461494Z   type: 'test'
2026-10-04T15:26:09.8461666Z   ...
2026-10-04T15:26:09.8462163Z # Subtest: repeated conversations expose identity, current purpose and actual local floors instead of one repeated tip
2026-10-04T15:26:09.8462951Z ok 192 - repeated conversations expose identity, current purpose and actual local floors instead of one repeated tip
2026-10-04T15:26:09.8463390Z   ---
2026-10-04T15:26:09.8463558Z   duration_ms: 3.564178
2026-10-04T15:26:09.8463757Z   type: 'test'
2026-10-04T15:26:09.8463929Z   ...
2026-10-04T15:26:09.8464363Z # Subtest: occupational props retain hand attachment, cache geometry, and fit varied anatomical bodies
2026-10-04T15:26:09.8465026Z ok 193 - occupational props retain hand attachment, cache geometry, and fit varied anatomical bodies
2026-10-04T15:26:09.8465412Z   ---
2026-10-04T15:26:09.8465579Z   duration_ms: 2.243426
2026-10-04T15:26:09.8465776Z   type: 'test'
2026-10-04T15:26:09.8465948Z   ...
2026-10-04T15:26:09.8466442Z # Subtest: real bus-bay residents stay outside the avenue and parked vehicles without adding population or fake boarding
2026-10-04T15:26:09.8467207Z ok 194 - real bus-bay residents stay outside the avenue and parked vehicles without adding population or fake boarding
2026-10-04T15:26:09.8467755Z   ---
2026-10-04T15:26:09.8467925Z   duration_ms: 81.401971
2026-10-04T15:26:09.8468126Z   type: 'test'
2026-10-04T15:26:09.8468300Z   ...
2026-10-04T15:26:09.8468726Z # Subtest: all natural floors name distinct functional areas without substituting furniture for rooms
2026-10-04T15:26:09.8469375Z ok 195 - all natural floors name distinct functional areas without substituting furniture for rooms
2026-10-04T15:26:09.8469881Z   ---
2026-10-04T15:26:09.8470048Z   duration_ms: 10.111502
2026-10-04T15:26:09.8470242Z   type: 'test'
2026-10-04T15:26:09.8470419Z   ...
2026-10-04T15:26:09.8470884Z # Subtest: every natural-floor room threshold remain reachable through the central aisle and real door openings
2026-10-04T15:26:09.8471641Z ok 196 - every natural-floor room threshold remain reachable through the central aisle and real door openings
2026-10-04T15:26:09.8472062Z   ---
2026-10-04T15:26:09.8472232Z   duration_ms: 5718.354006
2026-10-04T15:26:09.8472431Z   type: 'test'
2026-10-04T15:26:09.8472609Z   ...
2026-10-04T15:26:09.8473076Z # Subtest: distinct programmes contain their recognizable specialist equipment and real domestic subdivisions
2026-10-04T15:26:09.8473799Z ok 197 - distinct programmes contain their recognizable specialist equipment and real domestic subdivisions
2026-10-04T15:26:09.8474217Z   ---
2026-10-04T15:26:09.8474388Z   duration_ms: 544.485351
2026-10-04T15:26:09.8474586Z   type: 'test'
2026-10-04T15:26:09.8474754Z   ...
2026-10-04T15:26:09.8475200Z # Subtest: soft furniture batches share geometry and materials while snapshot exposes navigable room metadata
2026-10-04T15:26:09.8475873Z ok 198 - soft furniture batches share geometry and materials while snapshot exposes navigable room metadata
2026-10-04T15:26:09.8476265Z   ---
2026-10-04T15:26:09.8476431Z   duration_ms: 75.582522
2026-10-04T15:26:09.8476623Z   type: 'test'
2026-10-04T15:26:09.8476788Z   ...
2026-10-04T15:26:09.8477170Z # Subtest: domestic room dimensions reflect furnished homes rather than unused public halls
2026-10-04T15:26:09.8477863Z ok 199 - domestic room dimensions reflect furnished homes rather than unused public halls
2026-10-04T15:26:09.8478215Z   ---
2026-10-04T15:26:09.8478383Z   duration_ms: 4.508037
2026-10-04T15:26:09.8478574Z   type: 'test'
2026-10-04T15:26:09.8478741Z   ...
2026-10-04T15:26:09.8479152Z # Subtest: eight hospital rooms have clean bounded interiors and medical furniture within real walls
2026-10-04T15:26:09.8479918Z ok 200 - eight hospital rooms have clean bounded interiors and medical furniture within real walls
2026-10-04T15:26:09.8480291Z   ---
2026-10-04T15:26:09.8480455Z   duration_ms: 1.876807
2026-10-04T15:26:09.8480650Z   type: 'test'
2026-10-04T15:26:09.8480821Z   ...
2026-10-04T15:26:09.8481287Z # Subtest: hospital visitors can reach counters, seats, beds, handwashing and rehabilitation equipment and return
2026-10-04T15:26:09.8482011Z ok 201 - hospital visitors can reach counters, seats, beds, handwashing and rehabilitation equipment and return
2026-10-04T15:26:09.8482451Z   ---
2026-10-04T15:26:09.8482649Z   duration_ms: 22.405091
2026-10-04T15:26:09.8482848Z   type: 'test'
2026-10-04T15:26:09.8483022Z   ...
2026-10-04T15:26:09.8483443Z # Subtest: all enclosed occupied rooms have human-scale enclosures and furnishings within their walls
2026-10-04T15:26:09.8484092Z ok 202 - all enclosed occupied rooms have human-scale enclosures and furnishings within their walls
2026-10-04T15:26:09.8484494Z   ---
2026-10-04T15:26:09.8484679Z   duration_ms: 567.007241
2026-10-04T15:26:09.8484910Z   type: 'test'
2026-10-04T15:26:09.8485111Z   ...
2026-10-04T15:26:09.8485660Z # Subtest: public arrival and corridor spaces contain legible orientation, seating and programme-specific displays
2026-10-04T15:26:09.8486432Z ok 203 - public arrival and corridor spaces contain legible orientation, seating and programme-specific displays
2026-10-04T15:26:09.8486857Z   ---
2026-10-04T15:26:09.8487025Z   duration_ms: 257.487397
2026-10-04T15:26:09.8487225Z   type: 'test'
2026-10-04T15:26:09.8487514Z   ...
2026-10-04T15:26:09.8487855Z # Subtest: metro: enter, wait, board, travel and disembark at the next station
2026-10-04T15:26:09.8488390Z ok 204 - metro: enter, wait, board, travel and disembark at the next station
2026-10-04T15:26:09.8488753Z   ---
2026-10-04T15:26:09.8488939Z   duration_ms: 56.607009
2026-10-04T15:26:09.8489162Z   type: 'test'
2026-10-04T15:26:09.8489354Z   ...
2026-10-04T15:26:09.8489884Z # Subtest: light-rail: enter, wait, board, travel and disembark at the next station
2026-10-04T15:26:09.8490469Z ok 205 - light-rail: enter, wait, board, travel and disembark at the next station
2026-10-04T15:26:09.8490812Z   ---
2026-10-04T15:26:09.8490984Z   duration_ms: 1.436606
2026-10-04T15:26:09.8491177Z   type: 'test'
2026-10-04T15:26:09.8491349Z   ...
2026-10-04T15:26:09.8491709Z # Subtest: high-speed: enter, wait, board, travel and disembark at the next station
2026-10-04T15:26:09.8492235Z ok 206 - high-speed: enter, wait, board, travel and disembark at the next station
2026-10-04T15:26:09.8492594Z   ---
2026-10-04T15:26:09.8492763Z   duration_ms: 6.394048
2026-10-04T15:26:09.8492956Z   type: 'test'
2026-10-04T15:26:09.8493123Z   ...
2026-10-04T15:26:09.8493445Z # Subtest: ferry: enter, wait, board, travel and disembark at the next station
2026-10-04T15:26:09.8493952Z ok 207 - ferry: enter, wait, board, travel and disembark at the next station
2026-10-04T15:26:09.8494262Z   ---
2026-10-04T15:26:09.8494426Z   duration_ms: 6.553977
2026-10-04T15:26:09.8494624Z   type: 'test'
2026-10-04T15:26:09.8494794Z   ...
2026-10-04T15:26:09.8495088Z # Subtest: all ten stations have an initial visible service and maximum waiting time under 25 seconds
2026-10-04T15:26:09.8495474Z ok 208 - all ten stations have an initial visible service and maximum waiting time under 25 seconds
2026-10-04T15:26:09.8495714Z   ---
2026-10-04T15:26:09.8495823Z   duration_ms: 28.956565
2026-10-04T15:26:09.8495952Z   type: 'test'
2026-10-04T15:26:09.8496070Z   ...
2026-10-04T15:26:09.8496453Z # Subtest: underground platforms preserve their own floor height and cannot activate from the street
2026-10-04T15:26:09.8496887Z ok 209 - underground platforms preserve their own floor height and cannot activate from the street
2026-10-04T15:26:09.8497138Z   ---
2026-10-04T15:26:09.8497318Z   duration_ms: 0.988153
2026-10-04T15:26:09.8497535Z   type: 'test'
2026-10-04T15:26:09.8497921Z   ...
2026-10-04T15:26:09.8498300Z # Subtest: leave and reset return a platform or moving passenger to a safe street entrance
2026-10-04T15:26:09.8498849Z ok 210 - leave and reset return a platform or moving passenger to a safe street entrance
2026-10-04T15:26:09.8499205Z   ---
2026-10-04T15:26:09.8499371Z   duration_ms: 2.423137
2026-10-04T15:26:09.8499494Z   type: 'test'
2026-10-04T15:26:09.8499604Z   ...
2026-10-04T15:26:09.8500008Z # Subtest: large or invalid frame increments preserve deterministic finite vehicle poses
2026-10-04T15:26:09.8500352Z ok 211 - large or invalid frame increments preserve deterministic finite vehicle poses
2026-10-04T15:26:09.8500571Z   ---
2026-10-04T15:26:09.8500682Z   duration_ms: 16.477249
2026-10-04T15:26:09.8500807Z   type: 'test'
2026-10-04T15:26:09.8500915Z   ...
2026-10-04T15:26:09.8501159Z # Subtest: boarding requires reaching the marked platform area and an open stationary vehicle
2026-10-04T15:26:09.8501522Z ok 212 - boarding requires reaching the marked platform area and an open stationary vehicle
2026-10-04T15:26:09.8501745Z   ---
2026-10-04T15:26:09.8501852Z   duration_ms: 1.022666
2026-10-04T15:26:09.8501975Z   type: 'test'
2026-10-04T15:26:09.8502081Z   ...
2026-10-04T15:26:09.8502348Z # Subtest: station architecture and fleet share instanced resources and cull remote underground vehicles
2026-10-04T15:26:09.8502760Z ok 213 - station architecture and fleet share instanced resources and cull remote underground vehicles
2026-10-04T15:26:09.8503002Z   ---
2026-10-04T15:26:09.8503109Z   duration_ms: 129.574206
2026-10-04T15:26:09.8503241Z   type: 'test'
2026-10-04T15:26:09.8503349Z   ...
2026-10-04T15:26:09.8503731Z # Subtest: underground and elevated station roofs clip a steep camera boom without altering walking collision
2026-10-04T15:26:09.8504157Z ok 214 - underground and elevated station roofs clip a steep camera boom without altering walking collision
2026-10-04T15:26:09.8504407Z   ---
2026-10-04T15:26:09.8504513Z   duration_ms: 2.575356
2026-10-04T15:26:09.8504640Z   type: 'test'
2026-10-04T15:26:09.8504749Z   ...
2026-10-04T15:26:09.8504980Z # Subtest: ferry entrance signage supports stay above an approaching pedestrian camera
2026-10-04T15:26:09.8505317Z ok 215 - ferry entrance signage supports stay above an approaching pedestrian camera
2026-10-04T15:26:09.8505533Z   ---
2026-10-04T15:26:09.8505640Z   duration_ms: 55.825836
2026-10-04T15:26:09.8505764Z   type: 'test'
2026-10-04T15:26:09.8505874Z   ...
2026-10-04T15:26:09.8506123Z # Subtest: every station returns the player to rendered street ground clear of all world obstacles
2026-10-04T15:26:09.8506501Z ok 216 - every station returns the player to rendered street ground clear of all world obstacles
2026-10-04T15:26:09.8506740Z   ---
2026-10-04T15:26:09.8506849Z   duration_ms: 694.624875
2026-10-04T15:26:09.8506975Z   type: 'test'
2026-10-04T15:26:09.8507087Z   ...
2026-10-04T15:26:09.8507367Z # Subtest: the ferry passenger stands on the forward deck clear of furniture with an unobstructed forward view
2026-10-04T15:26:09.8507796Z ok 217 - the ferry passenger stands on the forward deck clear of furniture with an unobstructed forward view
2026-10-04T15:26:09.8508053Z   ---
2026-10-04T15:26:09.8508161Z   duration_ms: 36.993318
2026-10-04T15:26:09.8508286Z   type: 'test'
2026-10-04T15:26:09.8508395Z   ...
2026-10-04T15:26:09.8508634Z # Subtest: ferry entrance sign planes retract the default chase boom on both landward exits
2026-10-04T15:26:09.8508992Z ok 218 - ferry entrance sign planes retract the default chase boom on both landward exits
2026-10-04T15:26:09.8509213Z   ---
2026-10-04T15:26:09.8509321Z   duration_ms: 28.594921
2026-10-04T15:26:09.8509449Z   type: 'test'
2026-10-04T15:26:09.8509556Z   ...
2026-10-04T15:26:09.8510113Z # Subtest: all three metro stations can be walked down and back up with the real player capsule and no teleport
2026-10-04T15:26:09.8510545Z ok 219 - all three metro stations can be walked down and back up with the real player capsule and no teleport
2026-10-04T15:26:09.8510800Z   ---
2026-10-04T15:26:09.8510909Z   duration_ms: 154.388033
2026-10-04T15:26:09.8511036Z   type: 'test'
2026-10-04T15:26:09.8511143Z   ...
2026-10-04T15:26:09.8511402Z # Subtest: metro upper streets, lower platforms and switchback stairs keep their independent heights
2026-10-04T15:26:09.8511798Z ok 220 - metro upper streets, lower platforms and switchback stairs keep their independent heights
2026-10-04T15:26:09.8512035Z   ---
2026-10-04T15:26:09.8512140Z   duration_ms: 0.386961
2026-10-04T15:26:09.8512265Z   type: 'test'
2026-10-04T15:26:09.8512373Z   ...
2026-10-04T15:26:09.8512629Z # Subtest: metro gate turns remain walkable in both directions throughout the bounded endpoint margin
2026-10-04T15:26:09.8513023Z ok 221 - metro gate turns remain walkable in both directions throughout the bounded endpoint margin
2026-10-04T15:26:09.8513260Z   ---
2026-10-04T15:26:09.8513368Z   duration_ms: 75.142896
2026-10-04T15:26:09.8513494Z   type: 'test'
2026-10-04T15:26:09.8513601Z   ...
2026-10-04T15:26:09.8513863Z # Subtest: rendered metro treads match the physical walking slope within one riser, with clear headroom
2026-10-04T15:26:09.8514263Z ok 222 - rendered metro treads match the physical walking slope within one riser, with clear headroom
2026-10-04T15:26:09.8514503Z   ---
2026-10-04T15:26:09.8514610Z   duration_ms: 446.328499
2026-10-04T15:26:09.8514734Z   type: 'test'
2026-10-04T15:26:09.8514846Z   ...
2026-10-04T15:26:09.8515126Z # Subtest: upper metro stairs see a solid retaining wall above the covered landing instead of the world underside
2026-10-04T15:26:09.8515561Z ok 223 - upper metro stairs see a solid retaining wall above the covered landing instead of the world underside
2026-10-04T15:26:09.8515910Z   ---
2026-10-04T15:26:09.8516017Z   duration_ms: 132.928565
2026-10-04T15:26:09.8516146Z   type: 'test'
2026-10-04T15:26:09.8516264Z   ...
2026-10-04T15:26:09.8516534Z # Subtest: every animated train-door batch has a stable conservative envelope for both open and closed poses
2026-10-04T15:26:09.8516952Z ok 224 - every animated train-door batch has a stable conservative envelope for both open and closed poses
2026-10-04T15:26:09.8517209Z   ---
2026-10-04T15:26:09.8517317Z   duration_ms: 30.029465
2026-10-04T15:26:09.8517443Z   type: 'test'
2026-10-04T15:26:09.8517555Z   ...
2026-10-04T15:26:09.8517822Z # Subtest: offscreen above-ground train doors cull for a metro viewer while doors inside the view remain
2026-10-04T15:26:09.8518228Z ok 225 - offscreen above-ground train doors cull for a metro viewer while doors inside the view remain
2026-10-04T15:26:09.8518473Z   ---
2026-10-04T15:26:09.8518579Z   duration_ms: 23.016449
2026-10-04T15:26:09.8518707Z   type: 'test'
2026-10-04T15:26:09.8518819Z   ...
2026-10-04T15:26:09.8519103Z # Subtest: 48 permanent addresses have unique identity, continuous natural storeys, and distinct programmes
2026-10-04T15:26:09.8519532Z ok 226 - 48 permanent addresses have unique identity, continuous natural storeys, and distinct programmes
2026-10-04T15:26:09.8519957Z   ---
2026-10-04T15:26:09.8520065Z   duration_ms: 4.437942
2026-10-04T15:26:09.8520187Z   type: 'test'
2026-10-04T15:26:09.8520303Z   ...
2026-10-04T15:26:09.8520528Z # Subtest: every south entrance has a physical street approach and a door opening
2026-10-04T15:26:09.8520856Z ok 227 - every south entrance has a physical street approach and a door opening
2026-10-04T15:26:09.8521062Z   ---
2026-10-04T15:26:09.8521173Z   duration_ms: 2.07857
2026-10-04T15:26:09.8521297Z   type: 'test'
2026-10-04T15:26:09.8521404Z   ...
2026-10-04T15:26:09.8521633Z # Subtest: permanent road lanes remain free of building collision with unloaded districts
2026-10-04T15:26:09.8522082Z ok 228 - permanent road lanes remain free of building collision with unloaded districts
2026-10-04T15:26:09.8522303Z   ---
2026-10-04T15:26:09.8522410Z   duration_ms: 12.321055
2026-10-04T15:26:09.8522541Z   type: 'test'
2026-10-04T15:26:09.8522654Z   ...
2026-10-04T15:26:09.8522870Z # Subtest: bridge deck joins both shores continuously, with no abrupt end slope
2026-10-04T15:26:09.8523186Z ok 229 - bridge deck joins both shores continuously, with no abrupt end slope
2026-10-04T15:26:09.8523387Z   ---
2026-10-04T15:26:09.8523493Z   duration_ms: 0.460271
2026-10-04T15:26:09.8523623Z   type: 'test'
2026-10-04T15:26:09.8523730Z   ...
2026-10-04T15:26:09.8523952Z # Subtest: north ferry, metro, light rail and high-speed station approaches stay open
2026-10-04T15:26:09.8524284Z ok 230 - north ferry, metro, light rail and high-speed station approaches stay open
2026-10-04T15:26:09.8524499Z   ---
2026-10-04T15:26:09.8524604Z   duration_ms: 0.272439
2026-10-04T15:26:09.8524726Z   type: 'test'
2026-10-04T15:26:09.8524837Z   ...
2026-10-04T15:26:09.8525080Z # Subtest: export contains twelve real validated chunks with independent detailed geometry
2026-10-04T15:26:09.8525432Z ok 231 - export contains twelve real validated chunks with independent detailed geometry
2026-10-04T15:26:09.8525652Z   ---
2026-10-04T15:26:09.8525760Z   duration_ms: 20.714994
2026-10-04T15:26:09.8525885Z   type: 'test'
2026-10-04T15:26:09.8525992Z   ...
2026-10-04T15:26:09.8526198Z # Subtest: entering one address hides just its shell and exiting restores it
2026-10-04T15:26:09.8526508Z ok 232 - entering one address hides just its shell and exiting restores it
2026-10-04T15:26:09.8526707Z   ---
2026-10-04T15:26:09.8526816Z   duration_ms: 47.473349
2026-10-04T15:26:09.8526939Z   type: 'test'
2026-10-04T15:26:09.8527047Z   ...
2026-10-04T15:26:09.8527278Z # Subtest: runtime fetches nearby JSON and actually disposes detail after moving away
2026-10-04T15:26:09.8527611Z ok 233 - runtime fetches nearby JSON and actually disposes detail after moving away
2026-10-04T15:26:09.8527918Z   ---
2026-10-04T15:26:09.8528029Z   duration_ms: 68.997928
2026-10-04T15:26:09.8528156Z   type: 'test'
2026-10-04T15:26:09.8528264Z   ...
2026-10-04T15:26:09.8528484Z # Subtest: streaming startup retains no authored detail transforms before any fetch
2026-10-04T15:26:09.8528814Z ok 234 - streaming startup retains no authored detail transforms before any fetch
2026-10-04T15:26:09.8529021Z   ---
2026-10-04T15:26:09.8529129Z   duration_ms: 13.394095
2026-10-04T15:26:09.8529256Z   type: 'test'
2026-10-04T15:26:09.8529363Z   ...
2026-10-04T15:26:09.8529628Z # Subtest: paving keeps every doorway covered while an occupied lobby has exactly one visible y=0 floor
2026-10-04T15:26:09.8530221Z ok 235 - paving keeps every doorway covered while an occupied lobby has exactly one visible y=0 floor
2026-10-04T15:26:09.8530506Z   ---
2026-10-04T15:26:09.8530619Z   duration_ms: 925.24365
2026-10-04T15:26:09.8530748Z   type: 'test'
2026-10-04T15:26:09.8530858Z   ...
2026-10-04T15:26:09.8531149Z # Subtest: distance LOD preserves the hero car and reduces distant geometry without changing its collision envelope
2026-10-04T15:26:09.8531598Z ok 236 - distance LOD preserves the hero car and reduces distant geometry without changing its collision envelope
2026-10-04T15:26:09.8531856Z   ---
2026-10-04T15:26:09.8531962Z   duration_ms: 272.562316
2026-10-04T15:26:09.8532093Z   type: 'test'
2026-10-04T15:26:09.8532201Z   ...
2026-10-04T15:26:09.8532427Z # Subtest: distant pedestrians retain animated joints and original human dimensions
2026-10-04T15:26:09.8532765Z ok 237 - distant pedestrians retain animated joints and original human dimensions
2026-10-04T15:26:09.8532982Z   ---
2026-10-04T15:26:09.8533091Z   duration_ms: 68.840418
2026-10-04T15:26:09.8533215Z   type: 'test'
2026-10-04T15:26:09.8533326Z   ...
2026-10-04T15:26:09.8533570Z # Subtest: removing a car disposes owned paint and lights while preserving shared LOD geometry
2026-10-04T15:26:09.8533946Z ok 238 - removing a car disposes owned paint and lights while preserving shared LOD geometry
2026-10-04T15:26:09.8534175Z   ---
2026-10-04T15:26:09.8534377Z   duration_ms: 99.552277
2026-10-04T15:26:09.8534503Z   type: 'test'
2026-10-04T15:26:09.8534611Z   ...
2026-10-04T15:26:09.8534893Z # Subtest: real room service joins two clients, streams movement/chat, isolates rooms and rejects invalid packets
2026-10-04T15:26:09.8535324Z ok 239 - real room service joins two clients, streams movement/chat, isolates rooms and rejects invalid packets
2026-10-04T15:26:09.8535575Z   ---
2026-10-04T15:26:09.8535684Z   duration_ms: 346.013124
2026-10-04T15:26:09.8535813Z   type: 'test'
2026-10-04T15:26:09.8535920Z   ...
2026-10-04T15:26:09.8536117Z # Subtest: vehicle claims are exclusive and leaving releases ownership
2026-10-04T15:26:09.8536396Z ok 240 - vehicle claims are exclusive and leaving releases ownership
2026-10-04T15:26:09.8536582Z   ---
2026-10-04T15:26:09.8536691Z   duration_ms: 20.39851
2026-10-04T15:26:09.8536814Z   type: 'test'
2026-10-04T15:26:09.8536922Z   ...
2026-10-04T15:26:09.8537214Z # Subtest: room capacity is enforced and peer interpolation follows shortest angles without interpolating travel
2026-10-04T15:26:09.8537650Z ok 241 - room capacity is enforced and peer interpolation follows shortest angles without interpolating travel
2026-10-04T15:26:09.8537907Z   ---
2026-10-04T15:26:09.8538012Z   duration_ms: 23.912793
2026-10-04T15:26:09.8538138Z   type: 'test'
2026-10-04T15:26:09.8538249Z   ...
2026-10-04T15:26:09.8538502Z # Subtest: traffic follows the same street route while the player uses an indoor collision context
2026-10-04T15:26:09.8538881Z ok 242 - traffic follows the same street route while the player uses an indoor collision context
2026-10-04T15:26:09.8539111Z   ---
2026-10-04T15:26:09.8539219Z   duration_ms: 2375.345308
2026-10-04T15:26:09.8539348Z   type: 'test'
2026-10-04T15:26:09.8539456Z   ...
2026-10-04T15:26:09.8539683Z # Subtest: background traffic restores indoor data after an invalid road update throws
2026-10-04T15:26:09.8540247Z ok 243 - background traffic restores indoor data after an invalid road update throws
2026-10-04T15:26:09.8540565Z   ---
2026-10-04T15:26:09.8540674Z   duration_ms: 1.323296
2026-10-04T15:26:09.8540799Z   type: 'test'
2026-10-04T15:26:09.8540913Z   ...
2026-10-04T15:26:09.8541146Z # Subtest: precision input crosses a 1.6 metre doorway at four rendered frames per second
2026-10-04T15:26:09.8541491Z ok 244 - precision input crosses a 1.6 metre doorway at four rendered frames per second
2026-10-04T15:26:09.8541711Z   ---
2026-10-04T15:26:09.8541817Z   duration_ms: 16.616314
2026-10-04T15:26:09.8541942Z   type: 'test'
2026-10-04T15:26:09.8542051Z   ...
2026-10-04T15:26:09.8542312Z # Subtest: normal and sprint speeds stay intact; precision overrides sprint without draining stamina
2026-10-04T15:26:09.8542706Z ok 245 - normal and sprint speeds stay intact; precision overrides sprint without draining stamina
2026-10-04T15:26:09.8542942Z   ---
2026-10-04T15:26:09.8543049Z   duration_ms: 6.070099
2026-10-04T15:26:09.8543171Z   type: 'test'
2026-10-04T15:26:09.8543280Z   ...
2026-10-04T15:26:09.8543525Z # Subtest: double-decker hull blocks feet above sedan height and preserves its actual span
2026-10-04T15:26:09.8543881Z ok 246 - double-decker hull blocks feet above sedan height and preserves its actual span
2026-10-04T15:26:09.8544111Z   ---
2026-10-04T15:26:09.8544220Z   duration_ms: 1.34608
2026-10-04T15:26:09.8544343Z   type: 'test'
2026-10-04T15:26:09.8544452Z   ...
2026-10-04T15:26:09.8544688Z # Subtest: fresh saves have bounded values; corrupt and incompatible saves recover safely
2026-10-04T15:26:09.8545034Z ok 247 - fresh saves have bounded values; corrupt and incompatible saves recover safely
2026-10-04T15:26:09.8545255Z   ---
2026-10-04T15:26:09.8545364Z   duration_ms: 1.952139
2026-10-04T15:26:09.8545484Z   type: 'test'
2026-10-04T15:26:09.8545595Z   ...
2026-10-04T15:26:09.8545799Z # Subtest: walking respects camera orientation, bounds and solid buildings
2026-10-04T15:26:09.8546100Z ok 248 - walking respects camera orientation, bounds and solid buildings
2026-10-04T15:26:09.8546298Z   ---
2026-10-04T15:26:09.8546552Z   duration_ms: 35.369505
2026-10-04T15:26:09.8546682Z   type: 'test'
2026-10-04T15:26:09.8546816Z   ...
2026-10-04T15:26:09.8547009Z # Subtest: diagonal movement is normalized and sprint consumes stamina
2026-10-04T15:26:09.8547291Z ok 249 - diagonal movement is normalized and sprint consumes stamina
2026-10-04T15:26:09.8547478Z   ---
2026-10-04T15:26:09.8547588Z   duration_ms: 18.611167
2026-10-04T15:26:09.8547717Z   type: 'test'
2026-10-04T15:26:09.8547823Z   ...
2026-10-04T15:26:09.8548044Z # Subtest: strafe-right follows the rendered camera right vector in both directions
2026-10-04T15:26:09.8548374Z ok 250 - strafe-right follows the rendered camera right vector in both directions
2026-10-04T15:26:09.8548586Z   ---
2026-10-04T15:26:09.8548692Z   duration_ms: 14.078356
2026-10-04T15:26:09.8548821Z   type: 'test'
2026-10-04T15:26:09.8548931Z   ...
2026-10-04T15:26:09.8549119Z # Subtest: jump lands, and holding jump does not repeatedly bounce
2026-10-04T15:26:09.8549383Z ok 251 - jump lands, and holding jump does not repeatedly bounce
2026-10-04T15:26:09.8549561Z   ---
2026-10-04T15:26:09.8549665Z   duration_ms: 7.794936
2026-10-04T15:26:09.8549955Z   type: 'test'
2026-10-04T15:26:09.8550063Z   ...
2026-10-04T15:26:09.8550314Z # Subtest: entering requires proximity; exiting needs low speed and an unobstructed location
2026-10-04T15:26:09.8550688Z ok 252 - entering requires proximity; exiting needs low speed and an unobstructed location
2026-10-04T15:26:09.8550915Z   ---
2026-10-04T15:26:09.8551030Z   duration_ms: 5.141846
2026-10-04T15:26:09.8551159Z   type: 'test'
2026-10-04T15:26:09.8551268Z   ...
2026-10-04T15:26:09.8551449Z # Subtest: fast vehicles cannot tunnel through a thin wall
2026-10-04T15:26:09.8551702Z ok 253 - fast vehicles cannot tunnel through a thin wall
2026-10-04T15:26:09.8551874Z   ---
2026-10-04T15:26:09.8551988Z   duration_ms: 13.223083
2026-10-04T15:26:09.8552118Z   type: 'test'
2026-10-04T15:26:09.8552331Z   ...
2026-10-04T15:26:09.8552532Z # Subtest: braking reduces speed, reversing and steering remain bounded
2026-10-04T15:26:09.8552829Z ok 254 - braking reduces speed, reversing and steering remain bounded
2026-10-04T15:26:09.8553015Z   ---
2026-10-04T15:26:09.8553194Z   duration_ms: 42.399543
2026-10-04T15:26:09.8553426Z   type: 'test'
2026-10-04T15:26:09.8553791Z   ...
2026-10-04T15:26:09.8554065Z # Subtest: courier checkpoints require a vehicle and correct order
2026-10-04T15:26:09.8554435Z ok 255 - courier checkpoints require a vehicle and correct order
2026-10-04T15:26:09.8554729Z   ---
2026-10-04T15:26:09.8564241Z   duration_ms: 4.984109
2026-10-04T15:26:09.8564374Z   type: 'test'
2026-10-04T15:26:09.8564484Z   ...
2026-10-04T15:26:09.8564714Z # Subtest: first clear pays exactly once, including after save/reload and replay
2026-10-04T15:26:09.8565028Z ok 256 - first clear pays exactly once, including after save/reload and replay
2026-10-04T15:26:09.8565228Z   ---
2026-10-04T15:26:09.8565343Z   duration_ms: 3.401394
2026-10-04T15:26:09.8565468Z   type: 'test'
2026-10-04T15:26:09.8565581Z   ...
2026-10-04T15:26:09.8565808Z # Subtest: expired missions fail without rewards and cancellation permits retry
2026-10-04T15:26:09.8566126Z ok 257 - expired missions fail without rewards and cancellation permits retry
2026-10-04T15:26:09.8566333Z   ---
2026-10-04T15:26:09.8566438Z   duration_ms: 0.899359
2026-10-04T15:26:09.8566562Z   type: 'test'
2026-10-04T15:26:09.8566669Z   ...
2026-10-04T15:26:09.8566887Z # Subtest: escape mission waits for wanted to clear before permitting the finish
2026-10-04T15:26:09.8567204Z ok 258 - escape mission waits for wanted to clear before permitting the finish
2026-10-04T15:26:09.8567411Z   ---
2026-10-04T15:26:09.8567519Z   duration_ms: 169.29496
2026-10-04T15:26:09.8567647Z   type: 'test'
2026-10-04T15:26:09.8567754Z   ...
2026-10-04T15:26:09.8568009Z # Subtest: shots consume ammunition, hit cars only along clear sightlines, and trigger pursuit
2026-10-04T15:26:09.8568513Z ok 259 - shots consume ammunition, hit cars only along clear sightlines, and trigger pursuit
2026-10-04T15:26:09.8568742Z   ---
2026-10-04T15:26:09.8568849Z   duration_ms: 9.84949
2026-10-04T15:26:09.8568971Z   type: 'test'
2026-10-04T15:26:09.8569081Z   ...
2026-10-04T15:26:09.8569267Z # Subtest: empty magazine reloads without negative ammunition
2026-10-04T15:26:09.8569521Z ok 260 - empty magazine reloads without negative ammunition
2026-10-04T15:26:09.8569699Z   ---
2026-10-04T15:26:09.8569968Z   duration_ms: 62.468073
2026-10-04T15:26:09.8570095Z   type: 'test'
2026-10-04T15:26:09.8570205Z   ...
2026-10-04T15:26:09.8570407Z # Subtest: wanted decays outside patrol sight and stays active inside sight
2026-10-04T15:26:09.8570699Z ok 261 - wanted decays outside patrol sight and stays active inside sight
2026-10-04T15:26:09.8570893Z   ---
2026-10-04T15:26:09.8571000Z   duration_ms: 359.96378
2026-10-04T15:26:09.8571125Z   type: 'test'
2026-10-04T15:26:09.8571234Z   ...
2026-10-04T15:26:09.8571435Z # Subtest: police movement remains on roads and cannot cross buildings
2026-10-04T15:26:09.8571724Z ok 262 - police movement remains on roads and cannot cross buildings
2026-10-04T15:26:09.8571907Z   ---
2026-10-04T15:26:09.8572021Z   duration_ms: 167.035871
2026-10-04T15:26:09.8572149Z   type: 'test'
2026-10-04T15:26:09.8572254Z   ...
2026-10-04T15:26:09.8572454Z # Subtest: traffic moves on its route and a vehicle collision raises wanted
2026-10-04T15:26:09.8572747Z ok 263 - traffic moves on its route and a vehicle collision raises wanted
2026-10-04T15:26:09.8572938Z   ---
2026-10-04T15:26:09.8573044Z   duration_ms: 11.413817
2026-10-04T15:26:09.8573177Z   type: 'test'
2026-10-04T15:26:09.8573284Z   ...
2026-10-04T15:26:09.8573489Z # Subtest: recovery clears transient state and charges only available funds
2026-10-04T15:26:09.8573804Z ok 264 - recovery clears transient state and charges only available funds
2026-10-04T15:26:09.8574000Z   ---
2026-10-04T15:26:09.8574104Z   duration_ms: 1.786251
2026-10-04T15:26:09.8574329Z   type: 'test'
2026-10-04T15:26:09.8574436Z   ...
2026-10-04T15:26:09.8574652Z # Subtest: repair charges only when needed and disallows repairs during pursuit
2026-10-04T15:26:09.8574970Z ok 265 - repair charges only when needed and disallows repairs during pursuit
2026-10-04T15:26:09.8575174Z   ---
2026-10-04T15:26:09.8575281Z   duration_ms: 1.644417
2026-10-04T15:26:09.8575408Z   type: 'test'
2026-10-04T15:26:09.8575521Z   ...
2026-10-04T15:26:09.8575720Z # Subtest: repair never charges a healthy pedestrian with no nearby vehicle
2026-10-04T15:26:09.8576011Z ok 266 - repair never charges a healthy pedestrian with no nearby vehicle
2026-10-04T15:26:09.8576206Z   ---
2026-10-04T15:26:09.8576312Z   duration_ms: 0.719089
2026-10-04T15:26:09.8576435Z   type: 'test'
2026-10-04T15:26:09.8576542Z   ...
2026-10-04T15:26:09.8576777Z # Subtest: reset restores a fresh game and discarded runtime state is absent from saves
2026-10-04T15:26:09.8577117Z ok 267 - reset restores a fresh game and discarded runtime state is absent from saves
2026-10-04T15:26:09.8577335Z   ---
2026-10-04T15:26:09.8577443Z   duration_ms: 7.951152
2026-10-04T15:26:09.8577568Z   type: 'test'
2026-10-04T15:26:09.8577679Z   ...
2026-10-04T15:26:09.8577956Z # Subtest: vehicle bumpers remain solid during a damage cooldown without oscillating while throttle is held
2026-10-04T15:26:09.8578372Z ok 268 - vehicle bumpers remain solid during a damage cooldown without oscillating while throttle is held
2026-10-04T15:26:09.8578622Z   ---
2026-10-04T15:26:09.8578729Z   duration_ms: 98.39476
2026-10-04T15:26:09.8578853Z   type: 'test'
2026-10-04T15:26:09.8578961Z   ...
2026-10-04T15:26:09.8579179Z # Subtest: parked cars block a walking character with their full bumper footprint
2026-10-04T15:26:09.8579494Z ok 269 - parked cars block a walking character with their full bumper footprint
2026-10-04T15:26:09.8579699Z   ---
2026-10-04T15:26:09.8579962Z   duration_ms: 9.766575
2026-10-04T15:26:09.8580158Z   type: 'test'
2026-10-04T15:26:09.8580326Z   ...
2026-10-04T15:26:09.8580704Z # Subtest: walking ignores a destroyed invisible vehicle
2026-10-04T15:26:09.8581034Z ok 270 - walking ignores a destroyed invisible vehicle
2026-10-04T15:26:09.8581197Z   ---
2026-10-04T15:26:09.8581304Z   duration_ms: 4.436167
2026-10-04T15:26:09.8581432Z   type: 'test'
2026-10-04T15:26:09.8581538Z   ...
2026-10-04T15:26:09.8581726Z # Subtest: entering a nearby car cannot teleport through a thin wall
2026-10-04T15:26:09.8581998Z ok 271 - entering a nearby car cannot teleport through a thin wall
2026-10-04T15:26:09.8582186Z   ---
2026-10-04T15:26:09.8582291Z   duration_ms: 1.147853
2026-10-04T15:26:09.8582415Z   type: 'test'
2026-10-04T15:26:09.8582527Z   ...
2026-10-04T15:26:09.8582791Z # Subtest: an exit destination beyond a thin wall is rejected even if the destination itself is clear
2026-10-04T15:26:09.8583190Z ok 272 - an exit destination beyond a thin wall is rejected even if the destination itself is clear
2026-10-04T15:26:09.8583426Z   ---
2026-10-04T15:26:09.8583531Z   duration_ms: 1.017166
2026-10-04T15:26:09.8583655Z   type: 'test'
2026-10-04T15:26:09.8583766Z   ...
2026-10-04T15:26:09.8584028Z # Subtest: unsafe saved positions use a validated fallback, including when the default spawn is blocked
2026-10-04T15:26:09.8584426Z ok 273 - unsafe saved positions use a validated fallback, including when the default spawn is blocked
2026-10-04T15:26:09.8584664Z   ---
2026-10-04T15:26:09.8584767Z   duration_ms: 1.066761
2026-10-04T15:26:09.8584890Z   type: 'test'
2026-10-04T15:26:09.8584999Z   ...
2026-10-04T15:26:09.8585234Z # Subtest: oncoming NPC traffic stops at contact instead of passing through other traffic
2026-10-04T15:26:09.8585578Z ok 274 - oncoming NPC traffic stops at contact instead of passing through other traffic
2026-10-04T15:26:09.8585794Z   ---
2026-10-04T15:26:09.8585901Z   duration_ms: 74.266524
2026-10-04T15:26:09.8586026Z   type: 'test'
2026-10-04T15:26:09.8586132Z   ...
2026-10-04T15:26:09.8586352Z # Subtest: jumping beneath a canopy clamps upward motion without horizontal ejection
2026-10-04T15:26:09.8586783Z ok 275 - jumping beneath a canopy clamps upward motion without horizontal ejection
2026-10-04T15:26:09.8586991Z   ---
2026-10-04T15:26:09.8587099Z   duration_ms: 6.291802
2026-10-04T15:26:09.8587220Z   type: 'test'
2026-10-04T15:26:09.8587326Z   ...
2026-10-04T15:26:09.8587567Z # Subtest: a jump can land on a low solid, remain supported and jump again without being ejected
2026-10-04T15:26:09.8587926Z ok 276 - a jump can land on a low solid, remain supported and jump again without being ejected
2026-10-04T15:26:09.8588147Z   ---
2026-10-04T15:26:09.8588252Z   duration_ms: 10.038413
2026-10-04T15:26:09.8588378Z   type: 'test'
2026-10-04T15:26:09.8588484Z   ...
2026-10-04T15:26:09.8588738Z # Subtest: an entirely obstructed world fails explicitly instead of placing the player inside a wall
2026-10-04T15:26:09.8589129Z ok 277 - an entirely obstructed world fails explicitly instead of placing the player inside a wall
2026-10-04T15:26:09.8589364Z   ---
2026-10-04T15:26:09.8589472Z   duration_ms: 60.003395
2026-10-04T15:26:09.8589599Z   type: 'test'
2026-10-04T15:26:09.8589708Z   ...
2026-10-04T15:26:09.8590042Z # Subtest: boarding respects the road level when a vehicle is directly below the player
2026-10-04T15:26:09.8590208Z ok 278 - boarding respects the road level when a vehicle is directly below the player
2026-10-04T15:26:09.8590254Z   ---
2026-10-04T15:26:09.8590305Z   duration_ms: 2.311829
2026-10-04T15:26:09.8590355Z   type: 'test'
2026-10-04T15:26:09.8590401Z   ...
2026-10-04T15:26:09.8590582Z # Subtest: exiting an elevated vehicle sweeps the door at deck height and stays on the deck
2026-10-04T15:26:09.8590753Z ok 279 - exiting an elevated vehicle sweeps the door at deck height and stays on the deck
2026-10-04T15:26:09.8590800Z   ---
2026-10-04T15:26:09.8590850Z   duration_ms: 2.51892
2026-10-04T15:26:09.8590901Z   type: 'test'
2026-10-04T15:26:09.8590947Z   ...
2026-10-04T15:26:09.8591108Z # Subtest: a driver cannot exit onto a different road level beyond the bridge edge
2026-10-04T15:26:09.8591397Z ok 280 - a driver cannot exit onto a different road level beyond the bridge edge
2026-10-04T15:26:09.8591445Z   ---
2026-10-04T15:26:09.8591498Z   duration_ms: 1.251919
2026-10-04T15:26:09.8591545Z   type: 'test'
2026-10-04T15:26:09.8591590Z   ...
2026-10-04T15:26:09.8591783Z # Subtest: stair opening removes the terrain itself and retains adjacent sloped surface and UVs
2026-10-04T15:26:09.8591963Z ok 281 - stair opening removes the terrain itself and retains adjacent sloped surface and UVs
2026-10-04T15:26:09.8592008Z   ---
2026-10-04T15:26:09.8592061Z   duration_ms: 3.830989
2026-10-04T15:26:09.8592111Z   type: 'test'
2026-10-04T15:26:09.8592155Z   ...
2026-10-04T15:26:09.8592367Z # Subtest: all three real world metro stair apertures are open to the sky while adjacent pavement remains
2026-10-04T15:26:09.8592567Z ok 282 - all three real world metro stair apertures are open to the sky while adjacent pavement remains
2026-10-04T15:26:09.8592610Z   ---
2026-10-04T15:26:09.8592667Z   duration_ms: 673.027137
2026-10-04T15:26:09.8592718Z   type: 'test'
2026-10-04T15:26:09.8592764Z   ...
2026-10-04T15:26:09.8592959Z # Subtest: traffic uses opposite separated lanes and follows rounded corners without getting stuck
2026-10-04T15:26:09.8593148Z ok 283 - traffic uses opposite separated lanes and follows rounded corners without getting stuck
2026-10-04T15:26:09.8593194Z   ---
2026-10-04T15:26:09.8593248Z   duration_ms: 1085.225278
2026-10-04T15:26:09.8593298Z   type: 'test'
2026-10-04T15:26:09.8593344Z   ...
2026-10-04T15:26:09.8593568Z # Subtest: drivers brake for a queue before collision, let another lane pass and do not enter a blocked junction
2026-10-04T15:26:09.8593784Z ok 284 - drivers brake for a queue before collision, let another lane pass and do not enter a blocked junction
2026-10-04T15:26:09.8593831Z   ---
2026-10-04T15:26:09.8593885Z   duration_ms: 0.439039
2026-10-04T15:26:09.8593930Z   type: 'test'
2026-10-04T15:26:09.8593976Z   ...
2026-10-04T15:26:09.8594166Z # Subtest: each junction has mutually exclusive green phases and an all-red clearance interval
2026-10-04T15:26:09.8594428Z ok 285 - each junction has mutually exclusive green phases and an all-red clearance interval
2026-10-04T15:26:09.8594476Z   ---
2026-10-04T15:26:09.8594530Z   duration_ms: 0.629175
2026-10-04T15:26:09.8594578Z   type: 'test'
2026-10-04T15:26:09.8594621Z   ...
2026-10-04T15:26:09.8594843Z # Subtest: the complete southern fleet keeps moving past parked intersection cars for three simulated minutes
2026-10-04T15:26:09.8595056Z ok 286 - the complete southern fleet keeps moving past parked intersection cars for three simulated minutes
2026-10-04T15:26:09.8595101Z   ---
2026-10-04T15:26:09.8595156Z   duration_ms: 9548.684433
2026-10-04T15:26:09.8595205Z   type: 'test'
2026-10-04T15:26:09.8595250Z   ...
2026-10-04T15:26:09.8595450Z # Subtest: generated-city courier is completable with walking and real driving before its deadline
2026-10-04T15:26:09.8595640Z ok 287 - generated-city courier is completable with walking and real driving before its deadline
2026-10-04T15:26:09.8595690Z   ---
2026-10-04T15:26:09.8595743Z   duration_ms: 1081.989105
2026-10-04T15:26:09.8595792Z   type: 'test'
2026-10-04T15:26:09.8595837Z   ...
2026-10-04T15:26:09.8596045Z # {"seconds":13.783333333333685,"reached":2,"minimumHealth":100,"maximumWanted":0,"maximumPatrols":0}
2026-10-04T15:26:09.8596245Z # Subtest: generated-city timed circuit is completable through every checkpoint with real steering
2026-10-04T15:26:09.8596434Z ok 288 - generated-city timed circuit is completable through every checkpoint with real steering
2026-10-04T15:26:09.8596480Z   ---
2026-10-04T15:26:09.8596531Z   duration_ms: 5234.435015
2026-10-04T15:26:09.8596580Z   type: 'test'
2026-10-04T15:26:09.8596625Z   ...
2026-10-04T15:26:09.8596850Z # {"seconds":46.59999999999854,"reached":4,"minimumHealth":76.17862340525166,"maximumWanted":1,"maximumPatrols":2}
2026-10-04T15:26:09.8597064Z # Subtest: generated-city getaway can trigger pursuit, lose real patrols and return without teleporting
2026-10-04T15:26:09.8597325Z ok 289 - generated-city getaway can trigger pursuit, lose real patrols and return without teleporting
2026-10-04T15:26:09.8597373Z   ---
2026-10-04T15:26:09.8597425Z   duration_ms: 7525.538085
2026-10-04T15:26:09.8597473Z   type: 'test'
2026-10-04T15:26:09.8597519Z   ...
2026-10-04T15:26:09.8597712Z # {"seconds":74.69999999999695,"reached":5,"minimumHealth":100,"maximumWanted":2,"maximumPatrols":3}
2026-10-04T15:26:09.8597911Z # Subtest: asphalt surfaces tile the real road grid at one height without overlapping intersections
2026-10-04T15:26:09.8598101Z ok 290 - asphalt surfaces tile the real road grid at one height without overlapping intersections
2026-10-04T15:26:09.8598147Z   ---
2026-10-04T15:26:09.8598199Z   duration_ms: 4.987162
2026-10-04T15:26:09.8598249Z   type: 'test'
2026-10-04T15:26:09.8598294Z   ...
2026-10-04T15:26:09.8598512Z # Subtest: ground-height query agrees with rendered triangles at ramps, pavement, park paths and promenade
2026-10-04T15:26:09.8598724Z ok 291 - ground-height query agrees with rendered triangles at ramps, pavement, park paths and promenade
2026-10-04T15:26:09.8598770Z   ---
2026-10-04T15:26:09.8598825Z   duration_ms: 14.082238
2026-10-04T15:26:09.8598871Z   type: 'test'
2026-10-04T15:26:09.8598916Z   ...
2026-10-04T15:26:09.8599110Z # Subtest: all registered obstacles have finite height and cover their actual instance geometry
2026-10-04T15:26:09.8599291Z ok 292 - all registered obstacles have finite height and cover their actual instance geometry
2026-10-04T15:26:09.8599337Z   ---
2026-10-04T15:26:09.8599391Z   duration_ms: 10.118551
2026-10-04T15:26:09.8599437Z   type: 'test'
2026-10-04T15:26:09.8599485Z   ...
2026-10-04T15:26:09.8599655Z # Subtest: Node and browser texture paths emit identical physical and camera geometry
2026-10-04T15:26:09.8599946Z ok 293 - Node and browser texture paths emit identical physical and camera geometry
2026-10-04T15:26:09.8599990Z   ---
2026-10-04T15:26:09.8600045Z   duration_ms: 303.027487
2026-10-04T15:26:09.8600183Z   type: 'test'
2026-10-04T15:26:09.8600227Z   ...
2026-10-04T15:26:09.8600477Z # Subtest: shared vehicle and character dimensions enclose actual rendered geometry including mirrors and police lights
2026-10-04T15:26:09.8600715Z ok 294 - shared vehicle and character dimensions enclose actual rendered geometry including mirrors and police lights
2026-10-04T15:26:09.8600761Z   ---
2026-10-04T15:26:09.8600813Z   duration_ms: 440.785631
2026-10-04T15:26:09.8600863Z   type: 'test'
2026-10-04T15:26:09.8600909Z   ...
2026-10-04T15:26:09.8601120Z # Subtest: all decorative sidewalk routes remain clear of grounded obstacles and sample the real pavement
2026-10-04T15:26:09.8601324Z ok 295 - all decorative sidewalk routes remain clear of grounded obstacles and sample the real pavement
2026-10-04T15:26:09.8601369Z   ---
2026-10-04T15:26:09.8601421Z   duration_ms: 225.538298
2026-10-04T15:26:09.8601469Z   type: 'test'
2026-10-04T15:26:09.8601515Z   ...
2026-10-04T15:26:09.8601746Z # Subtest: world finish composes existing hooks, preserves physical values and runs once in real instance metres
2026-10-04T15:26:09.8601965Z ok 296 - world finish composes existing hooks, preserves physical values and runs once in real instance metres
2026-10-04T15:26:09.8602012Z   ---
2026-10-04T15:26:09.8602065Z   duration_ms: 2.367241
2026-10-04T15:26:09.8602111Z   type: 'test'
2026-10-04T15:26:09.8602156Z   ...
2026-10-04T15:26:09.8602411Z # Subtest: southern street and eastern shore retain checkpoint mineral and metal coverage without modifying glazing shaders
2026-10-04T15:26:09.8602658Z ok 297 - southern street and eastern shore retain checkpoint mineral and metal coverage without modifying glazing shaders
2026-10-04T15:26:09.8602701Z   ---
2026-10-04T15:26:09.8602756Z   duration_ms: 338.73852
2026-10-04T15:26:09.8602805Z   type: 'test'
2026-10-04T15:26:09.8602848Z   ...
2026-10-04T15:26:09.8603016Z # Subtest: browser facade texture projection survives the added world grain shader
2026-10-04T15:26:09.8603253Z ok 298 - browser facade texture projection survives the added world grain shader
2026-10-04T15:26:09.8603300Z   ---
2026-10-04T15:26:09.8603351Z   duration_ms: 303.810842
2026-10-04T15:26:09.8603400Z   type: 'test'
2026-10-04T15:26:09.8603447Z   ...
2026-10-04T15:26:09.8603493Z 1..298
2026-10-04T15:26:09.8603541Z # tests 298
2026-10-04T15:26:09.8603590Z # suites 0
2026-10-04T15:26:09.8603637Z # pass 298
2026-10-04T15:26:09.8603684Z # fail 0
2026-10-04T15:26:09.8603736Z # cancelled 0
2026-10-04T15:26:09.8603782Z # skipped 0
2026-10-04T15:26:09.8603830Z # todo 0
2026-10-04T15:26:09.8603893Z # duration_ms 81536.675591
2026-10-04T15:26:09.8626930Z ##[group]Run npm run build
2026-10-04T15:26:09.8627010Z [36;1mnpm run build[0m
2026-10-04T15:26:09.8678478Z shell: /usr/bin/bash -e {0}
2026-10-04T15:26:09.8678537Z ##[endgroup]
2026-10-04T15:26:09.9350448Z 
2026-10-04T15:26:09.9350957Z > neon-harbor@0.8.0 build
2026-10-04T15:26:09.9351052Z > node tools/build.mjs
2026-10-04T15:26:09.9351059Z 
2026-10-04T15:26:10.2305439Z Built 58 city districts (6888 KiB) at /home/runner/work/neon-harbor/neon-harbor/assets/city/chunks/
2026-10-04T15:26:10.3720937Z Built 12 north-shore districts (6603 KiB) at /home/runner/work/neon-harbor/neon-harbor/assets/metropolis/chunks/
2026-10-04T15:26:10.4897196Z Built static game at /home/runner/work/neon-harbor/neon-harbor/dist
2026-10-04T15:26:10.5139276Z ##[group]Run npx playwright install --with-deps chromium
2026-10-04T15:26:10.5139536Z [36;1mnpx playwright install --with-deps chromium[0m
2026-10-04T15:26:10.5191792Z shell: /usr/bin/bash -e {0}
2026-10-04T15:26:10.5191949Z ##[endgroup]
2026-10-04T15:26:11.0007927Z Installing dependencies...
2026-10-04T15:26:11.0052809Z Switching to root user to install dependencies...
2026-10-04T15:26:11.0811707Z Get:1 file:/etc/apt/apt-mirrors.txt Mirrorlist [144 B]
2026-10-04T15:26:11.1301364Z Hit:2 http://azure.archive.ubuntu.com/ubuntu noble InRelease
2026-10-04T15:26:11.1304341Z Get:6 https://packages.microsoft.com/ubuntu/24.04/prod noble InRelease [3600 B]
2026-10-04T15:26:11.1315371Z Get:3 http://azure.archive.ubuntu.com/ubuntu noble-updates InRelease [126 kB]
2026-10-04T15:26:11.1358079Z Get:4 http://azure.archive.ubuntu.com/ubuntu noble-backports InRelease [126 kB]
2026-10-04T15:26:11.1373864Z Get:5 http://azure.archive.ubuntu.com/ubuntu noble-security InRelease [126 kB]
2026-10-04T15:26:11.2232540Z Get:7 https://packages.microsoft.com/ubuntu/24.04/prod noble/main armhf Packages [12.6 kB]
2026-10-04T15:26:11.2359217Z Get:8 https://packages.microsoft.com/ubuntu/24.04/prod noble/main arm64 Packages [458 kB]
2026-10-04T15:26:11.2446268Z Get:9 https://packages.microsoft.com/ubuntu/24.04/prod noble/main amd64 Packages [511 kB]
2026-10-04T15:26:11.2615655Z Get:10 http://azure.archive.ubuntu.com/ubuntu noble-updates/main amd64 Packages [1364 kB]
2026-10-04T15:26:11.2669213Z Get:11 http://azure.archive.ubuntu.com/ubuntu noble-updates/main Translation-en [304 kB]
2026-10-04T15:26:11.2697477Z Get:12 http://azure.archive.ubuntu.com/ubuntu noble-updates/main amd64 Components [181 kB]
2026-10-04T15:26:11.2712619Z Get:13 http://azure.archive.ubuntu.com/ubuntu noble-updates/universe amd64 Packages [1699 kB]
2026-10-04T15:26:11.2782663Z Get:14 http://azure.archive.ubuntu.com/ubuntu noble-updates/universe Translation-en [341 kB]
2026-10-04T15:26:11.2791400Z Get:15 http://azure.archive.ubuntu.com/ubuntu noble-updates/universe amd64 Components [388 kB]
2026-10-04T15:26:11.2814914Z Get:16 http://azure.archive.ubuntu.com/ubuntu noble-updates/restricted amd64 Packages [1720 kB]
2026-10-04T15:26:11.2891923Z Get:17 http://azure.archive.ubuntu.com/ubuntu noble-updates/restricted Translation-en [394 kB]
2026-10-04T15:26:11.2913444Z Get:18 http://azure.archive.ubuntu.com/ubuntu noble-updates/multiverse amd64 Components [940 B]
2026-10-04T15:26:11.3109123Z Get:19 http://azure.archive.ubuntu.com/ubuntu noble-backports/main amd64 Components [5776 B]
2026-10-04T15:26:11.3541787Z Get:20 http://azure.archive.ubuntu.com/ubuntu noble-backports/universe amd64 Components [12.6 kB]
2026-10-04T15:26:11.3556422Z Get:21 http://azure.archive.ubuntu.com/ubuntu noble-security/main amd64 Packages [1069 kB]
2026-10-04T15:26:11.3604876Z Get:22 http://azure.archive.ubuntu.com/ubuntu noble-security/main Translation-en [221 kB]
2026-10-04T15:26:11.3620145Z Get:23 http://azure.archive.ubuntu.com/ubuntu noble-security/main amd64 Components [46.4 kB]
2026-10-04T15:26:11.3631320Z Get:24 http://azure.archive.ubuntu.com/ubuntu noble-security/universe amd64 Packages [1216 kB]
2026-10-04T15:26:11.3683661Z Get:25 http://azure.archive.ubuntu.com/ubuntu noble-security/universe Translation-en [244 kB]
2026-10-04T15:26:11.3698980Z Get:26 http://azure.archive.ubuntu.com/ubuntu noble-security/universe amd64 Components [76.4 kB]
2026-10-04T15:26:11.3711427Z Get:27 http://azure.archive.ubuntu.com/ubuntu noble-security/restricted amd64 Packages [1566 kB]
2026-10-04T15:26:11.3780145Z Get:28 http://azure.archive.ubuntu.com/ubuntu noble-security/restricted Translation-en [361 kB]
2026-10-04T15:26:17.3377057Z Fetched 12.6 MB in 1s (12.0 MB/s)
2026-10-04T15:26:17.8995616Z Reading package lists...
2026-10-04T15:26:17.9181258Z Reading package lists...
2026-10-04T15:26:18.1044903Z Building dependency tree...
2026-10-04T15:26:18.1050218Z Reading state information...
2026-10-04T15:26:18.2551757Z libasound2t64 is already the newest version (1.2.11-1ubuntu0.3).
2026-10-04T15:26:18.2553170Z libasound2t64 set to manually installed.
2026-10-04T15:26:18.2553810Z libatk-bridge2.0-0t64 is already the newest version (2.52.0-1build1).
2026-10-04T15:26:18.2554406Z libatk-bridge2.0-0t64 set to manually installed.
2026-10-04T15:26:18.2554961Z libatk1.0-0t64 is already the newest version (2.52.0-1build1).
2026-10-04T15:26:18.2555477Z libatk1.0-0t64 set to manually installed.
2026-10-04T15:26:18.2556016Z libatspi2.0-0t64 is already the newest version (2.52.0-1build1).
2026-10-04T15:26:18.2556541Z libatspi2.0-0t64 set to manually installed.
2026-10-04T15:26:18.2556964Z libcairo2 is already the newest version (1.18.0-3build1).
2026-10-04T15:26:18.2557724Z libcairo2 set to manually installed.
2026-10-04T15:26:18.2558200Z libcups2t64 is already the newest version (2.4.7-1.2ubuntu7.14).
2026-10-04T15:26:18.2558659Z libcups2t64 set to manually installed.
2026-10-04T15:26:18.2559131Z libdbus-1-3 is already the newest version (1.14.10-4ubuntu4.1).
2026-10-04T15:26:18.2559618Z libdbus-1-3 set to manually installed.
2026-10-04T15:26:18.2560332Z libdrm2 is already the newest version (2.4.125-1ubuntu0.1~24.04.2).
2026-10-04T15:26:18.2560794Z libdrm2 set to manually installed.
2026-10-04T15:26:18.2561261Z libglib2.0-0t64 is already the newest version (2.80.0-6ubuntu3.9).
2026-10-04T15:26:18.2561740Z libglib2.0-0t64 set to manually installed.
2026-10-04T15:26:18.2562215Z libnspr4 is already the newest version (2:4.35-1.1build1).
2026-10-04T15:26:18.2562644Z libnspr4 set to manually installed.
2026-10-04T15:26:18.2563080Z libnss3 is already the newest version (2:3.98-1ubuntu0.2).
2026-10-04T15:26:18.2563502Z libnss3 set to manually installed.
2026-10-04T15:26:18.2563949Z libpango-1.0-0 is already the newest version (1.52.1+ds-1build1).
2026-10-04T15:26:18.2564288Z libpango-1.0-0 set to manually installed.
2026-10-04T15:26:18.2564610Z libx11-6 is already the newest version (2:1.8.7-1build1).
2026-10-04T15:26:18.2564908Z libx11-6 set to manually installed.
2026-10-04T15:26:18.2565216Z libxcb1 is already the newest version (1.15-1ubuntu2).
2026-10-04T15:26:18.2565421Z libxcb1 set to manually installed.
2026-10-04T15:26:18.2565641Z libxcomposite1 is already the newest version (1:0.4.5-1build3).
2026-10-04T15:26:18.2565855Z libxcomposite1 set to manually installed.
2026-10-04T15:26:18.2566076Z libxdamage1 is already the newest version (1:1.1.6-1build1).
2026-10-04T15:26:18.2566280Z libxdamage1 set to manually installed.
2026-10-04T15:26:18.2566483Z libxext6 is already the newest version (2:1.3.4-1build2).
2026-10-04T15:26:18.2566674Z libxext6 set to manually installed.
2026-10-04T15:26:18.2566877Z libxfixes3 is already the newest version (1:6.0.0-2build1).
2026-10-04T15:26:18.2567089Z libxfixes3 set to manually installed.
2026-10-04T15:26:18.2567385Z libxkbcommon0 is already the newest version (1.6.0-1build1).
2026-10-04T15:26:18.2567691Z libxkbcommon0 set to manually installed.
2026-10-04T15:26:18.2567908Z libxrandr2 is already the newest version (2:1.5.2-2build1).
2026-10-04T15:26:18.2568114Z libxrandr2 set to manually installed.
2026-10-04T15:26:18.2568324Z xvfb is already the newest version (2:21.1.12-1ubuntu1.8).
2026-10-04T15:26:18.2568607Z fonts-noto-color-emoji is already the newest version (2.047-0ubuntu0.24.04.1).
2026-10-04T15:26:18.2568900Z libfontconfig1 is already the newest version (2.15.0-1.1ubuntu2).
2026-10-04T15:26:18.2569123Z libfontconfig1 set to manually installed.
2026-10-04T15:26:18.2569359Z libfreetype6 is already the newest version (2.13.2+dfsg-1ubuntu0.1).
2026-10-04T15:26:18.2569578Z libfreetype6 set to manually installed.
2026-10-04T15:26:18.2569952Z fonts-liberation is already the newest version (1:2.1.5-3).
2026-10-04T15:26:18.2570271Z fonts-liberation set to manually installed.
2026-10-04T15:26:18.2570509Z The following additional packages will be installed:
2026-10-04T15:26:18.2570778Z   libgl1-mesa-dri libglx-mesa0 mesa-libgallium xfonts-encodings xfonts-utils
2026-10-04T15:26:18.2571003Z Recommended packages:
2026-10-04T15:26:18.2571155Z   fonts-ipafont-mincho fonts-tlwg-loma
2026-10-04T15:26:18.2747034Z The following NEW packages will be installed:
2026-10-04T15:26:18.2747723Z   fonts-freefont-ttf fonts-ipafont-gothic fonts-tlwg-loma-otf fonts-unifont
2026-10-04T15:26:18.2752881Z   fonts-wqy-zenhei xfonts-cyrillic xfonts-encodings xfonts-scalable
2026-10-04T15:26:18.2753305Z   xfonts-utils
2026-10-04T15:26:18.2756934Z The following packages will be upgraded:
2026-10-04T15:26:18.2759960Z   libgbm1 libgl1-mesa-dri libglx-mesa0 mesa-libgallium
2026-10-04T15:26:18.2892713Z 4 upgraded, 9 newly installed, 0 to remove and 21 not upgraded.
2026-10-04T15:26:18.2892969Z Need to get 32.1 MB of archives.
2026-10-04T15:26:18.2893198Z After this operation, 79.5 MB of additional disk space will be used.
2026-10-04T15:26:18.2893745Z Get:1 file:/etc/apt/apt-mirrors.txt Mirrorlist [144 B]
2026-10-04T15:26:18.4750974Z Get:2 http://azure.archive.ubuntu.com/ubuntu noble/universe amd64 fonts-ipafont-gothic all 00303-21ubuntu1 [3513 kB]
2026-10-04T15:26:18.5243844Z Get:3 http://azure.archive.ubuntu.com/ubuntu noble/main amd64 fonts-freefont-ttf all 20211204+svn4273-2 [5641 kB]
2026-10-04T15:26:18.6041778Z Get:4 http://azure.archive.ubuntu.com/ubuntu noble/universe amd64 fonts-tlwg-loma-otf all 1:0.7.3-1 [107 kB]
2026-10-04T15:26:18.6327479Z Get:5 http://azure.archive.ubuntu.com/ubuntu noble/universe amd64 fonts-unifont all 1:15.1.01-1build1 [2993 kB]
2026-10-04T15:26:18.6861969Z Get:6 http://azure.archive.ubuntu.com/ubuntu noble/universe amd64 fonts-wqy-zenhei all 0.9.45-8 [7472 kB]
2026-10-04T15:26:18.7793212Z Get:7 http://azure.archive.ubuntu.com/ubuntu noble-updates/main amd64 libgl1-mesa-dri amd64 25.2.8-0ubuntu0.24.04.4 [38.0 kB]
2026-10-04T15:26:18.8075919Z Get:8 http://azure.archive.ubuntu.com/ubuntu noble-updates/main amd64 libglx-mesa0 amd64 25.2.8-0ubuntu0.24.04.4 [110 kB]
2026-10-04T15:26:18.8357818Z Get:9 http://azure.archive.ubuntu.com/ubuntu noble-updates/main amd64 libgbm1 amd64 25.2.8-0ubuntu0.24.04.4 [34.2 kB]
2026-10-04T15:26:18.8640626Z Get:10 http://azure.archive.ubuntu.com/ubuntu noble-updates/main amd64 mesa-libgallium amd64 25.2.8-0ubuntu0.24.04.4 [10.8 MB]
2026-10-04T15:26:18.9877844Z Get:11 http://azure.archive.ubuntu.com/ubuntu noble/main amd64 xfonts-encodings all 1:1.0.5-0ubuntu2 [578 kB]
2026-10-04T15:26:19.0200880Z Get:12 http://azure.archive.ubuntu.com/ubuntu noble/main amd64 xfonts-utils amd64 1:7.7+6build3 [94.4 kB]
2026-10-04T15:26:19.0488797Z Get:13 http://azure.archive.ubuntu.com/ubuntu noble/universe amd64 xfonts-cyrillic all 1:1.0.5+nmu1 [384 kB]
2026-10-04T15:26:19.0797152Z Get:14 http://azure.archive.ubuntu.com/ubuntu noble/main amd64 xfonts-scalable all 1:1.0.3-1.3 [304 kB]
2026-10-04T15:26:19.2756515Z Fetched 32.1 MB in 1s (40.0 MB/s)
2026-10-04T15:26:19.2940182Z Selecting previously unselected package fonts-ipafont-gothic.
2026-10-04T15:26:19.3211974Z (Reading database ... 
2026-10-04T15:26:19.3212264Z (Reading database ... 5%
2026-10-04T15:26:19.3212508Z (Reading database ... 10%
2026-10-04T15:26:19.3212734Z (Reading database ... 15%
2026-10-04T15:26:19.3212999Z (Reading database ... 20%
2026-10-04T15:26:19.3213217Z (Reading database ... 25%
2026-10-04T15:26:19.3213776Z (Reading database ... 30%
2026-10-04T15:26:19.3213997Z (Reading database ... 35%
2026-10-04T15:26:19.3214215Z (Reading database ... 40%
2026-10-04T15:26:19.3214436Z (Reading database ... 45%
2026-10-04T15:26:19.3214653Z (Reading database ... 50%
2026-10-04T15:26:19.3248156Z (Reading database ... 55%
2026-10-04T15:26:19.3858093Z (Reading database ... 60%
2026-10-04T15:26:19.5871156Z (Reading database ... 65%
2026-10-04T15:26:19.7329150Z (Reading database ... 70%
2026-10-04T15:26:19.9371817Z (Reading database ... 75%
2026-10-04T15:26:20.0401454Z (Reading database ... 80%
2026-10-04T15:26:20.1959109Z (Reading database ... 85%
2026-10-04T15:26:20.2927805Z (Reading database ... 90%
2026-10-04T15:26:20.3880456Z (Reading database ... 95%
2026-10-04T15:26:20.3880702Z (Reading database ... 100%
2026-10-04T15:26:20.3881008Z (Reading database ... 202296 files and directories currently installed.)
2026-10-04T15:26:20.3917209Z Preparing to unpack .../00-fonts-ipafont-gothic_00303-21ubuntu1_all.deb ...
2026-10-04T15:26:20.4080786Z Unpacking fonts-ipafont-gothic (00303-21ubuntu1) ...
2026-10-04T15:26:20.6253821Z Selecting previously unselected package fonts-freefont-ttf.
2026-10-04T15:26:20.6349243Z Preparing to unpack .../01-fonts-freefont-ttf_20211204+svn4273-2_all.deb ...
2026-10-04T15:26:20.6357223Z Unpacking fonts-freefont-ttf (20211204+svn4273-2) ...
2026-10-04T15:26:20.7265794Z Selecting previously unselected package fonts-tlwg-loma-otf.
2026-10-04T15:26:20.7360108Z Preparing to unpack .../02-fonts-tlwg-loma-otf_1%3a0.7.3-1_all.deb ...
2026-10-04T15:26:20.7366800Z Unpacking fonts-tlwg-loma-otf (1:0.7.3-1) ...
2026-10-04T15:26:20.7557068Z Selecting previously unselected package fonts-unifont.
2026-10-04T15:26:20.7653255Z Preparing to unpack .../03-fonts-unifont_1%3a15.1.01-1build1_all.deb ...
2026-10-04T15:26:20.7659279Z Unpacking fonts-unifont (1:15.1.01-1build1) ...
2026-10-04T15:26:20.9643394Z Selecting previously unselected package fonts-wqy-zenhei.
2026-10-04T15:26:20.9810522Z Preparing to unpack .../04-fonts-wqy-zenhei_0.9.45-8_all.deb ...
2026-10-04T15:26:21.0099695Z Unpacking fonts-wqy-zenhei (0.9.45-8) ...
2026-10-04T15:26:21.4504374Z Preparing to unpack .../05-libgl1-mesa-dri_25.2.8-0ubuntu0.24.04.4_amd64.deb ...
2026-10-04T15:26:21.4624472Z Unpacking libgl1-mesa-dri:amd64 (25.2.8-0ubuntu0.24.04.4) over (25.2.8-0ubuntu0.24.04.2) ...
2026-10-04T15:26:21.5026242Z Preparing to unpack .../06-libglx-mesa0_25.2.8-0ubuntu0.24.04.4_amd64.deb ...
2026-10-04T15:26:21.5054161Z Unpacking libglx-mesa0:amd64 (25.2.8-0ubuntu0.24.04.4) over (25.2.8-0ubuntu0.24.04.2) ...
2026-10-04T15:26:21.5366886Z Preparing to unpack .../07-libgbm1_25.2.8-0ubuntu0.24.04.4_amd64.deb ...
2026-10-04T15:26:21.5387078Z Unpacking libgbm1:amd64 (25.2.8-0ubuntu0.24.04.4) over (25.2.8-0ubuntu0.24.04.2) ...
2026-10-04T15:26:21.5702300Z Preparing to unpack .../08-mesa-libgallium_25.2.8-0ubuntu0.24.04.4_amd64.deb ...
2026-10-04T15:26:21.5721434Z Unpacking mesa-libgallium:amd64 (25.2.8-0ubuntu0.24.04.4) over (25.2.8-0ubuntu0.24.04.2) ...
2026-10-04T15:26:21.8990023Z Selecting previously unselected package xfonts-encodings.
2026-10-04T15:26:21.9084074Z Preparing to unpack .../09-xfonts-encodings_1%3a1.0.5-0ubuntu2_all.deb ...
2026-10-04T15:26:21.9091499Z Unpacking xfonts-encodings (1:1.0.5-0ubuntu2) ...
2026-10-04T15:26:21.9323713Z Selecting previously unselected package xfonts-utils.
2026-10-04T15:26:21.9419871Z Preparing to unpack .../10-xfonts-utils_1%3a7.7+6build3_amd64.deb ...
2026-10-04T15:26:21.9429497Z Unpacking xfonts-utils (1:7.7+6build3) ...
2026-10-04T15:26:21.9740296Z Selecting previously unselected package xfonts-cyrillic.
2026-10-04T15:26:21.9834319Z Preparing to unpack .../11-xfonts-cyrillic_1%3a1.0.5+nmu1_all.deb ...
2026-10-04T15:26:21.9841629Z Unpacking xfonts-cyrillic (1:1.0.5+nmu1) ...
2026-10-04T15:26:22.0105744Z Selecting previously unselected package xfonts-scalable.
2026-10-04T15:26:22.0200633Z Preparing to unpack .../12-xfonts-scalable_1%3a1.0.3-1.3_all.deb ...
2026-10-04T15:26:22.0207740Z Unpacking xfonts-scalable (1:1.0.3-1.3) ...
2026-10-04T15:26:22.0587969Z Setting up mesa-libgallium:amd64 (25.2.8-0ubuntu0.24.04.4) ...
2026-10-04T15:26:22.0605524Z Setting up libgbm1:amd64 (25.2.8-0ubuntu0.24.04.4) ...
2026-10-04T15:26:22.0621089Z Setting up libgl1-mesa-dri:amd64 (25.2.8-0ubuntu0.24.04.4) ...
2026-10-04T15:26:22.0688771Z Setting up fonts-wqy-zenhei (0.9.45-8) ...
2026-10-04T15:26:22.0787292Z Setting up fonts-freefont-ttf (20211204+svn4273-2) ...
2026-10-04T15:26:22.0804536Z Setting up fonts-tlwg-loma-otf (1:0.7.3-1) ...
2026-10-04T15:26:22.0821397Z Setting up xfonts-encodings (1:1.0.5-0ubuntu2) ...
2026-10-04T15:26:22.0837576Z Setting up fonts-ipafont-gothic (00303-21ubuntu1) ...
2026-10-04T15:26:22.0889625Z update-alternatives: using /usr/share/fonts/opentype/ipafont-gothic/ipag.ttf to provide /usr/share/fonts/truetype/fonts-japanese-gothic.ttf (fonts-japanese-gothic.ttf) in auto mode
2026-10-04T15:26:22.0904141Z Setting up fonts-unifont (1:15.1.01-1build1) ...
2026-10-04T15:26:22.0921048Z Setting up libglx-mesa0:amd64 (25.2.8-0ubuntu0.24.04.4) ...
2026-10-04T15:26:22.0935673Z Setting up xfonts-utils (1:7.7+6build3) ...
2026-10-04T15:26:22.0968273Z Setting up xfonts-cyrillic (1:1.0.5+nmu1) ...
2026-10-04T15:26:22.1197625Z Setting up xfonts-scalable (1:1.0.3-1.3) ...
2026-10-04T15:26:22.1408546Z Processing triggers for libc-bin (2.39-0ubuntu8.9) ...
2026-10-04T15:26:22.3202147Z Processing triggers for man-db (2.12.0-4build2) ...
2026-10-04T15:26:22.3221235Z Not building database; man-db/auto-update is not 'true'.
2026-10-04T15:26:22.3231048Z Processing triggers for fontconfig (2.15.0-1.1ubuntu2) ...
2026-10-04T15:26:22.8180183Z 
2026-10-04T15:26:22.8180765Z Running kernel seems to be up-to-date.
2026-10-04T15:26:22.8181031Z 
2026-10-04T15:26:22.8181166Z No services need to be restarted.
2026-10-04T15:26:22.8181320Z 
2026-10-04T15:26:22.8181442Z No containers need to be restarted.
2026-10-04T15:26:22.8181591Z 
2026-10-04T15:26:22.8181798Z No user sessions are running outdated binaries.
2026-10-04T15:26:22.8182027Z 
2026-10-04T15:26:22.8182254Z No VM guests are running outdated hypervisor (qemu) binaries on this host.
2026-10-04T15:26:23.6720041Z Downloading Chrome for Testing 151.0.7922.34 (playwright chromium v1234) from https://cdn.playwright.dev/builds/cft/151.0.7922.34/linux64/chrome-linux64.zip
2026-10-04T15:26:24.6142733Z |                                                                                |   0% of 184.3 MiB
2026-10-04T15:26:24.8968926Z |■■■■■■■■                                                                        |  10% of 184.3 MiB
2026-10-04T15:26:24.9710586Z |■■■■■■■■■■■■■■■■                                                                |  20% of 184.3 MiB
2026-10-04T15:26:25.0472790Z |■■■■■■■■■■■■■■■■■■■■■■■■                                                        |  30% of 184.3 MiB
2026-10-04T15:26:25.1103274Z |■■■■■■■■■■■■■■■■■■■■■■■■■■■■■■■■                                                |  40% of 184.3 MiB
2026-10-04T15:26:25.1870673Z |■■■■■■■■■■■■■■■■■■■■■■■■■■■■■■■■■■■■■■■■                                        |  50% of 184.3 MiB
2026-10-04T15:26:25.3426968Z |■■■■■■■■■■■■■■■■■■■■■■■■■■■■■■■■■■■■■■■■■■■■■■■■                                |  60% of 184.3 MiB
2026-10-04T15:26:25.4121373Z |■■■■■■■■■■■■■■■■■■■■■■■■■■■■■■■■■■■■■■■■■■■■■■■■■■■■■■■■                        |  70% of 184.3 MiB
2026-10-04T15:26:25.4894151Z |■■■■■■■■■■■■■■■■■■■■■■■■■■■■■■■■■■■■■■■■■■■■■■■■■■■■■■■■■■■■■■■■                |  80% of 184.3 MiB
2026-10-04T15:26:25.5538904Z |■■■■■■■■■■■■■■■■■■■■■■■■■■■■■■■■■■■■■■■■■■■■■■■■■■■■■■■■■■■■■■■■■■■■■■■■        |  90% of 184.3 MiB
2026-10-04T15:26:25.6232017Z |■■■■■■■■■■■■■■■■■■■■■■■■■■■■■■■■■■■■■■■■■■■■■■■■■■■■■■■■■■■■■■■■■■■■■■■■■■■■■■■■| 100% of 184.3 MiB
2026-10-04T15:26:27.3960770Z Chrome for Testing 151.0.7922.34 (playwright chromium v1234) downloaded to /home/runner/.cache/ms-playwright/chromium-1234
2026-10-04T15:26:27.3973954Z Downloading FFmpeg (playwright ffmpeg v1011) from https://cdn.playwright.dev/dbazure/download/playwright/builds/ffmpeg/1011/ffmpeg-linux.zip
2026-10-04T15:26:28.4306313Z |                                                                                |   0% of 2.3 MiB
2026-10-04T15:26:28.4887285Z |■■■■■■■■                                                                        |  10% of 2.3 MiB
2026-10-04T15:26:28.5302504Z |■■■■■■■■■■■■■■■■                                                                |  20% of 2.3 MiB
2026-10-04T15:26:28.5432830Z |■■■■■■■■■■■■■■■■■■■■■■■■                                                        |  30% of 2.3 MiB
2026-10-04T15:26:28.5642687Z |■■■■■■■■■■■■■■■■■■■■■■■■■■■■■■■■                                                |  40% of 2.3 MiB
2026-10-04T15:26:28.5831992Z |■■■■■■■■■■■■■■■■■■■■■■■■■■■■■■■■■■■■■■■■                                        |  50% of 2.3 MiB
2026-10-04T15:26:28.5899287Z |■■■■■■■■■■■■■■■■■■■■■■■■■■■■■■■■■■■■■■■■■■■■■■■■                                |  60% of 2.3 MiB
2026-10-04T15:26:28.6073567Z |■■■■■■■■■■■■■■■■■■■■■■■■■■■■■■■■■■■■■■■■■■■■■■■■■■■■■■■■                        |  70% of 2.3 MiB
2026-10-04T15:26:28.6123822Z |■■■■■■■■■■■■■■■■■■■■■■■■■■■■■■■■■■■■■■■■■■■■■■■■■■■■■■■■■■■■■■■■                |  80% of 2.3 MiB
2026-10-04T15:26:28.6165876Z |■■■■■■■■■■■■■■■■■■■■■■■■■■■■■■■■■■■■■■■■■■■■■■■■■■■■■■■■■■■■■■■■■■■■■■■■        |  90% of 2.3 MiB
2026-10-04T15:26:28.6231585Z |■■■■■■■■■■■■■■■■■■■■■■■■■■■■■■■■■■■■■■■■■■■■■■■■■■■■■■■■■■■■■■■■■■■■■■■■■■■■■■■■| 100% of 2.3 MiB
2026-10-04T15:26:28.6626135Z FFmpeg (playwright ffmpeg v1011) downloaded to /home/runner/.cache/ms-playwright/ffmpeg-1011
2026-10-04T15:26:28.6628736Z Downloading Chrome Headless Shell 151.0.7922.34 (playwright chromium-headless-shell v1234) from https://cdn.playwright.dev/builds/cft/151.0.7922.34/linux64/chrome-headless-shell-linux64.zip
2026-10-04T15:26:29.5930393Z |                                                                                |   0% of 114.7 MiB
2026-10-04T15:26:29.8531617Z |■■■■■■■■                                                                        |  10% of 114.7 MiB
2026-10-04T15:26:29.9177512Z |■■■■■■■■■■■■■■■■                                                                |  20% of 114.7 MiB
2026-10-04T15:26:29.9635661Z |■■■■■■■■■■■■■■■■■■■■■■■■                                                        |  30% of 114.7 MiB
2026-10-04T15:26:30.0000820Z |■■■■■■■■■■■■■■■■■■■■■■■■■■■■■■■■                                                |  40% of 114.7 MiB
2026-10-04T15:26:30.0255713Z |■■■■■■■■■■■■■■■■■■■■■■■■■■■■■■■■■■■■■■■■                                        |  50% of 114.7 MiB
2026-10-04T15:26:30.0666513Z |■■■■■■■■■■■■■■■■■■■■■■■■■■■■■■■■■■■■■■■■■■■■■■■■                                |  60% of 114.7 MiB
2026-10-04T15:26:30.0934933Z |■■■■■■■■■■■■■■■■■■■■■■■■■■■■■■■■■■■■■■■■■■■■■■■■■■■■■■■■                        |  70% of 114.7 MiB
2026-10-04T15:26:30.1268122Z |■■■■■■■■■■■■■■■■■■■■■■■■■■■■■■■■■■■■■■■■■■■■■■■■■■■■■■■■■■■■■■■■                |  80% of 114.7 MiB
2026-10-04T15:26:30.1639381Z |■■■■■■■■■■■■■■■■■■■■■■■■■■■■■■■■■■■■■■■■■■■■■■■■■■■■■■■■■■■■■■■■■■■■■■■■        |  90% of 114.7 MiB
2026-10-04T15:26:30.1943904Z |■■■■■■■■■■■■■■■■■■■■■■■■■■■■■■■■■■■■■■■■■■■■■■■■■■■■■■■■■■■■■■■■■■■■■■■■■■■■■■■■| 100% of 114.7 MiB
2026-10-04T15:26:31.4410556Z Chrome Headless Shell 151.0.7922.34 (playwright chromium-headless-shell v1234) downloaded to /home/runner/.cache/ms-playwright/chromium_headless_shell-1234
2026-10-04T15:26:31.4637257Z ##[group]Run npx playwright test tests/e2e/harbor-sample.spec.js --fully-parallel --shard=1/2
2026-10-04T15:26:31.4637661Z [36;1mnpx playwright test tests/e2e/harbor-sample.spec.js --fully-parallel --shard=1/2[0m
2026-10-04T15:26:31.4690736Z shell: /usr/bin/bash -e {0}
2026-10-04T15:26:31.4691083Z ##[endgroup]
2026-10-04T15:26:32.2958481Z 
2026-10-04T15:26:32.2959305Z Running 2 tests using 1 worker, shard 1 of 2
2026-10-04T15:26:32.2959582Z 
2026-10-04T15:26:55.1774730Z {"stage":"bus-boarded","vehicleId":"harbor-bus-1","stopId":"harbor-bus-courtyard","time":0.24999999999999997,"local":{"x":-0.55,"y":0.44,"z":3.74,"yaw":0}}
2026-10-04T15:26:58.2732650Z {"stage":"bus-upper-waypoint","target":{"x":0,"z":3.74},"local":{"x":3.7643499428696714e-16,"y":0.44,"z":3.74,"yaw":1.5707963267948966},"time":3.2499999999999933}
2026-10-04T15:27:04.2795128Z {"stage":"bus-upper-waypoint","target":{"x":0,"z":3.07},"local":{"x":3.7643499428696714e-16,"y":0.44,"z":3.085000000000014,"yaw":-3.141592653589793},"time":5.433333333333319}
2026-10-04T15:27:12.5454946Z {"stage":"bus-upper-waypoint","target":{"x":-0.77,"y":0.44,"z":3.07},"local":{"x":-0.7498591878112573,"y":0.44,"z":3.070468954486859,"yaw":-1.5902743236210666},"time":8.18333333333332}
2026-10-04T15:27:35.9705880Z {"stage":"bus-upper-waypoint","target":{"x":-0.77,"z":1.06,"y":1.42},"local":{"x":-0.769021125171854,"y":1.3919167456427564,"z":1.1055636473755281,"yaw":-3.134313504252938},"time":17.016666666666982}
2026-10-04T15:28:12.5868967Z {"stage":"bus-upper-waypoint","target":{"x":-0.77,"y":2.4,"z":-0.95},"local":{"x":-0.7679261505442179,"y":2.4,"z":-0.9153212156559011,"yaw":-3.0826287826861085},"time":29.316666666666283}
2026-10-04T15:28:21.4562566Z {"stage":"bus-upper-waypoint","target":{"x":0,"z":-0.95,"y":2.4},"local":{"x":-0.003705502363360035,"y":2.4,"z":-0.949843670718124,"yaw":1.6159247207641603},"time":32.433333333332776}
2026-10-04T15:28:55.5407680Z {"stage":"bus-lower-waypoint","target":{"x":-0.77,"y":2.4,"z":-0.95},"local":{"x":-0.7287046339224995,"y":2.4,"z":-0.9499159756715263,"yaw":-1.5733895422116004},"time":38.48333333333243}
2026-10-04T15:29:19.7374054Z {"stage":"bus-lower-waypoint","target":{"x":-0.77,"z":1.06,"y":1.42},"local":{"x":-0.769174453984077,"y":1.4479418203030114,"z":1.0146658221614409,"yaw":-0.018462203098159824},"time":46.449999999998646}
2026-10-04T15:30:04.3917245Z {"stage":"bus-lower-waypoint","target":{"x":-0.77,"y":0.44,"z":3.07},"local":{"x":-0.7706770434967147,"y":0.44,"z":3.0649125507650283,"yaw":0.11795821104931291},"time":58.61666666666462}
2026-10-04T15:30:17.3429415Z {"stage":"bus-lower-waypoint","target":{"x":0,"z":3.07,"y":0.44},"local":{"x":-0.020696403215428483,"y":0.44,"z":3.0700404761330624,"yaw":1.5660459117447405},"time":62.31666666666441}
2026-10-04T15:30:32.6150379Z {"stage":"bus-lower-waypoint","target":{"x":0,"z":3.74,"y":0.44},"local":{"x":-0.00005024553549669945,"y":0.44,"z":3.739721273586434,"yaw":0.034453736674943336},"time":66.03333333333087}
2026-10-04T15:30:40.2101594Z {"stage":"bus-lower-waypoint","target":{"x":-0.55,"y":0.44,"z":3.74},"local":{"x":-0.5250500997368267,"y":0.44,"z":3.73991948191994,"yaw":-1.5707068427119784},"time":68.03333333333076}
2026-10-04T15:30:42.2361506Z {"stage":"bus-alighted","destination":"harbor-bus-lantern","time":68.28333333333075,"position":{"x":252.275,"y":-0.03,"z":56.26,"yaw":4.71238898038469}}
2026-10-04T15:30:47.2847169Z   ✓  1 tests/e2e/harbor-sample.spec.js:136:3 › bus: public boarding, physical upper-deck stairs, travel and lower-door alighting (4.2m)
2026-10-04T15:31:12.4361187Z {"stage":"tram-boarded","vehicleId":"harbor-tram-1","stopId":"harbor-tram-lantern","time":0.24999999999999997,"local":{"x":-0.55,"y":0.44,"z":-3.45,"yaw":0}}
2026-10-04T15:31:20.1931768Z {"stage":"tram-upper-waypoint","target":{"x":0,"z":-3.45},"local":{"x":-0.024999999999999627,"y":0.44,"z":-3.45,"yaw":1.5707963267948966},"time":2.749999999999995}
2026-10-04T15:31:21.9313517Z {"stage":"tram-upper-waypoint","target":{"x":0,"z":-3.52},"local":{"x":-0.0009846384806264693,"y":0.44,"z":-3.5210511253330594,"yaw":2.8156469704478195},"time":3.2499999999999933}
2026-10-04T15:31:31.0567411Z {"stage":"tram-upper-waypoint","target":{"x":-0.69,"y":0.44,"z":-3.52},"local":{"x":-0.6759716480981992,"y":0.44,"z":-3.520062266398976,"yaw":-1.5671807567266485},"time":5.999999999999984}
2026-10-04T15:31:55.1447949Z {"stage":"tram-upper-waypoint","target":{"x":-0.69,"z":-1.54,"y":1.42},"local":{"x":-0.6897445638129718,"y":1.4010841678362926,"z":-1.5701109165054934,"yaw":-0.0070846557617190165},"time":12.750000000000213}
2026-10-04T15:32:17.5393332Z {"stage":"tram-upper-waypoint","target":{"x":-0.69,"y":2.4,"z":0.44},"local":{"x":-0.6900216674602087,"y":2.4,"z":0.3948890596353729,"yaw":-0.0001271057128908737},"time":19.55000000000017}
2026-10-04T15:32:28.8778946Z {"stage":"tram-upper-waypoint","target":{"x":0,"z":0.44,"y":2.4},"local":{"x":0.04340609640976618,"y":2.4,"z":0.4429265055202,"yaw":1.5033175288712552},"time":22.500000000000004}
2026-10-04T15:32:54.7040455Z {"stage":"tram-lower-waypoint","target":{"x":-0.69,"y":2.4,"z":0.44},"local":{"x":-0.65658795902408,"y":2.4,"z":0.44023411779189653,"yaw":-1.5773647681012588},"time":28.499999999999662}
2026-10-04T15:33:17.2178609Z {"stage":"tram-lower-waypoint","target":{"x":-0.69,"z":-1.54,"y":1.42},"local":{"x":-0.6893928299230309,"y":1.4391666171334874,"z":-1.5094898747671017,"yaw":-3.1247213539369474},"time":35.24999999999928}
2026-10-04T15:33:40.2221663Z {"stage":"tram-lower-waypoint","target":{"x":-0.69,"y":0.44,"z":-3.52},"local":{"x":-0.690051540127661,"y":0.44,"z":-3.4744897398563266,"yaw":-3.141290567804135},"time":42.049999999998896}
2026-10-04T15:33:50.2776001Z {"stage":"tram-lower-waypoint","target":{"x":0,"z":-3.52,"y":0.44},"local":{"x":-0.016511691020049818,"y":0.44,"z":-3.5188538284094215,"yaw":1.6393268407551642},"time":44.79999999999874}
2026-10-04T15:33:54.7036489Z {"stage":"tram-lower-waypoint","target":{"x":0,"z":-3.45,"y":0.44},"local":{"x":0.0003721435865002634,"y":0.44,"z":-3.4457789618068855,"yaw":0.22706393250848847},"time":45.29999999999871}
2026-10-04T15:34:04.1931503Z {"stage":"tram-lower-waypoint","target":{"x":-0.55,"y":0.44,"z":-3.45},"local":{"x":-0.5246064307972961,"y":0.44,"z":-3.449735479239232,"yaw":-1.5808409199609117},"time":47.54999999999858}
2026-10-04T15:34:06.3958707Z {"stage":"tram-alighted","destination":"harbor-tram-workshop","time":47.79999999999857,"position":{"x":252.15,"y":-0.03,"z":-36.55,"yaw":4.71238898038469}}
2026-10-04T15:34:11.4379903Z   ✓  2 tests/e2e/harbor-sample.spec.js:136:3 › tram: public boarding, physical upper-deck stairs, travel and lower-door alighting (3.4m)
2026-10-04T15:34:18.2904717Z 
2026-10-04T15:34:18.2907203Z   Slow test file: tests/e2e/harbor-sample.spec.js (7.6m)
2026-10-04T15:34:18.2908936Z   Consider running tests from slow files in parallel. See: https://playwright.dev/docs/test-parallel
2026-10-04T15:34:18.2909362Z   2 passed (7.8m)
2026-10-04T15:34:18.3879337Z ##[group]Run actions/upload-artifact@v4
2026-10-04T15:34:18.3879503Z with:
2026-10-04T15:34:18.3879632Z   name: browser-test-results-harbor-sample-1
2026-10-04T15:34:18.3880028Z   path: playwright-report/
test-results/

2026-10-04T15:34:18.3880261Z   if-no-files-found: ignore
2026-10-04T15:34:18.3880455Z   compression-level: 6
2026-10-04T15:34:18.3880634Z   overwrite: false
2026-10-04T15:34:18.3880811Z   include-hidden-files: false
2026-10-04T15:34:18.3881035Z ##[endgroup]
2026-10-04T15:34:18.4971951Z (node:3457) [DEP0040] DeprecationWarning: The `punycode` module is deprecated. Please use a userland alternative instead.
2026-10-04T15:34:18.4972400Z (Use `node --trace-deprecation ...` to show where the warning was created)
2026-10-04T15:34:18.5050093Z Multiple search paths detected. Calculating the least common ancestor of all paths
2026-10-04T15:34:18.5051833Z The least common ancestor is /home/runner/work/neon-harbor/neon-harbor. This will be the root directory of the artifact
2026-10-04T15:34:18.5052665Z With the provided path, there will be 19 files uploaded
2026-10-04T15:34:18.5055535Z Artifact name is valid!
2026-10-04T15:34:18.5055914Z Root directory input is valid!
2026-10-04T15:34:18.7545541Z Beginning upload of artifact content to blob storage
2026-10-04T15:34:18.8231313Z (node:3457) [DEP0169] DeprecationWarning: `url.parse()` behavior is not standardized and prone to errors that have security implications. Use the WHATWG URL API instead. CVEs are not issued for `url.parse()` vulnerabilities.
2026-10-04T15:34:19.1440636Z Uploaded bytes 1256338
2026-10-04T15:34:19.1836731Z Finished uploading artifact content to blob storage!
2026-10-04T15:34:19.1837356Z SHA256 digest of uploaded artifact zip is e5312b47a6c9f10d14075a88d2f0107d53e2e99d788ee0d5cfbef01e1e301f28
2026-10-04T15:34:19.1838442Z Finalizing artifact upload
2026-10-04T15:34:19.4216326Z Artifact browser-test-results-harbor-sample-1.zip successfully finalized. Artifact ID 11306334995
2026-10-04T15:34:19.4216916Z Artifact browser-test-results-harbor-sample-1 has been successfully uploaded! Final size is 1256338 bytes. Artifact ID is 11306334995
2026-10-04T15:34:19.4221090Z Artifact download URL: https://github.com/qifalab/neon-harbor/actions/runs/37212886714/artifacts/11306334995
2026-10-04T15:34:19.4356831Z Post job cleanup.
2026-10-04T15:34:19.5565586Z (node:3472) [DEP0040] DeprecationWarning: The `punycode` module is deprecated. Please use a userland alternative instead.
2026-10-04T15:34:19.5566389Z (Use `node --trace-deprecation ...` to show where the warning was created)
2026-10-04T15:34:19.5567253Z Cache hit occurred on the primary key node-cache-Linux-x64-npm-6438cc70f01e36935f5c8c9cb620f6c972b229821dda55e94f5b735e54c263b7, not saving cache.
2026-10-04T15:34:19.5669415Z Post job cleanup.
2026-10-04T15:34:19.6233312Z [command]/usr/bin/git version
2026-10-04T15:34:19.6271076Z git version 2.55.0
2026-10-04T15:34:19.6301649Z Temporarily overriding HOME='/home/runner/work/_temp/7c0a733f-baf3-4da6-b705-f333ee83c830' before making global git config changes
2026-10-04T15:34:19.6302569Z Adding repository directory to the temporary git global config as a safe directory
2026-10-04T15:34:19.6306367Z [command]/usr/bin/git config --global --add safe.directory /home/runner/work/neon-harbor/neon-harbor
2026-10-04T15:34:19.6358671Z [command]/usr/bin/git config --local --name-only --get-regexp core\.sshCommand
2026-10-04T15:34:19.6380335Z [command]/usr/bin/git submodule foreach --recursive sh -c "git config --local --name-only --get-regexp 'core\.sshCommand' && git config --local --unset-all 'core.sshCommand' || :"
2026-10-04T15:34:19.6651479Z [command]/usr/bin/git config --local --name-only --get-regexp http\.https\:\/\/github\.com\/\.extraheader
2026-10-04T15:34:19.6692764Z http.https://github.com/.extraheader
2026-10-04T15:34:19.6712156Z [command]/usr/bin/git config --local --unset-all http.https://github.com/.extraheader
2026-10-04T15:34:19.6753933Z [command]/usr/bin/git submodule foreach --recursive sh -c "git config --local --name-only --get-regexp 'http\.https\:\/\/github\.com\/\.extraheader' && git config --local --unset-all 'http.https://github.com/.extraheader' || :"
2026-10-04T15:34:19.6990852Z [command]/usr/bin/git config --local --name-only --get-regexp ^includeIf\.gitdir:
2026-10-04T15:34:19.7033771Z [command]/usr/bin/git submodule foreach --recursive git config --local --show-origin --name-only --get-regexp remote.origin.url
2026-10-04T15:34:19.7352998Z Cleaning up orphan processes
2026-10-04T15:34:19.7555742Z ##[warning]Node.js 20 is deprecated. The following actions target Node.js 20 but are being forced to run on Node.js 24: actions/checkout@v4, actions/setup-node@v4, actions/upload-artifact@v4. For more information see: https://github.blog/changelog/2025-09-19-deprecation-of-node-20-on-github-actions-runners/
