2026-10-04T15:24:39.8217140Z Current runner version: '2.337.0'
2026-10-04T15:24:39.8241756Z ##[group]Runner Image Provisioner
2026-10-04T15:24:39.8242805Z Hosted Compute Agent
2026-10-04T15:24:39.8243347Z Version: 20260901.588
2026-10-04T15:24:39.8243940Z Commit: f88ec8081b781fac6c440065ac7ff9e710ce3d0b
2026-10-04T15:24:39.8244633Z Build Date: 2026-09-01T19:56:44Z
2026-10-04T15:24:39.8245222Z Worker ID: {03377b15-5203-44ff-9cc7-998e377c3c6a}
2026-10-04T15:24:39.8245913Z Azure Region: westus3
2026-10-04T15:24:39.8246432Z ##[endgroup]
2026-10-04T15:24:39.8247908Z ##[group]Operating System
2026-10-04T15:24:39.8248478Z Ubuntu
2026-10-04T15:24:39.8248948Z 24.04.5
2026-10-04T15:24:39.8249450Z LTS
2026-10-04T15:24:39.8249904Z ##[endgroup]
2026-10-04T15:24:39.8250378Z ##[group]Runner Image
2026-10-04T15:24:39.8250973Z Image: ubuntu-24.04
2026-10-04T15:24:39.8251480Z Version: 20260927.320.1
2026-10-04T15:24:39.8253131Z Included Software: https://github.com/actions/runner-images/blob/ubuntu24/20260927.320/images/ubuntu/Ubuntu2404-Readme.md
2026-10-04T15:24:39.8254522Z Image Release: https://github.com/actions/runner-images/releases/tag/ubuntu24%2F20260927.320
2026-10-04T15:24:39.8255381Z ##[endgroup]
2026-10-04T15:24:39.8256359Z ##[group]GITHUB_TOKEN Permissions
2026-10-04T15:24:39.8258484Z Contents: read
2026-10-04T15:24:39.8259018Z Metadata: read
2026-10-04T15:24:39.8259559Z ##[endgroup]
2026-10-04T15:24:39.8261571Z Secret source: Actions
2026-10-04T15:24:39.8262822Z Cache mode: write
2026-10-04T15:24:39.8263457Z Prepare workflow directory
2026-10-04T15:24:39.8627153Z Prepare all required actions
2026-10-04T15:24:39.8674196Z Getting action download info
2026-10-04T15:24:40.1838277Z Download action repository 'actions/checkout@v4' (SHA:11d5960a326750d5838078e36cf38b85af677262)
2026-10-04T15:24:40.2685861Z Download action repository 'actions/setup-node@v4' (SHA:49933ea5288caeca8642d1e84afbd3f7d6820020)
2026-10-04T15:24:40.3853581Z Download action repository 'actions/upload-artifact@v4' (SHA:ea165f8d65b6e75b540449e92b4886f43607fa02)
2026-10-04T15:24:40.6078010Z Complete job name: Build and gameplay tests (metropolis-1)
2026-10-04T15:24:40.6786260Z ##[group]Run actions/checkout@v4
2026-10-04T15:24:40.6787003Z with:
2026-10-04T15:24:40.6787386Z   repository: qifalab/neon-harbor
2026-10-04T15:24:40.6790771Z   token: ***
2026-10-04T15:24:40.6791139Z   ssh-strict: true
2026-10-04T15:24:40.6791516Z   ssh-user: git
2026-10-04T15:24:40.6791906Z   persist-credentials: true
2026-10-04T15:24:40.6792667Z   clean: true
2026-10-04T15:24:40.6793076Z   sparse-checkout-cone-mode: true
2026-10-04T15:24:40.6793532Z   fetch-depth: 1
2026-10-04T15:24:40.6793907Z   fetch-tags: false
2026-10-04T15:24:40.6794299Z   show-progress: true
2026-10-04T15:24:40.6794694Z   lfs: false
2026-10-04T15:24:40.6795053Z   submodules: false
2026-10-04T15:24:40.6795443Z   set-safe-directory: true
2026-10-04T15:24:40.6795883Z   allow-unsafe-pr-checkout: false
2026-10-04T15:24:40.6796600Z ##[endgroup]
2026-10-04T15:24:40.7801557Z Syncing repository: qifalab/neon-harbor
2026-10-04T15:24:40.7804130Z ##[group]Getting Git version info
2026-10-04T15:24:40.7804984Z Working directory is '/home/runner/work/neon-harbor/neon-harbor'
2026-10-04T15:24:40.7806203Z [command]/usr/bin/git version
2026-10-04T15:24:40.7858444Z git version 2.55.0
2026-10-04T15:24:40.7878190Z ##[endgroup]
2026-10-04T15:24:40.7919735Z Temporarily overriding HOME='/home/runner/work/_temp/b652be5b-5cab-4a19-b365-5da8bc0ceb40' before making global git config changes
2026-10-04T15:24:40.7922596Z Adding repository directory to the temporary git global config as a safe directory
2026-10-04T15:24:40.7927304Z [command]/usr/bin/git config --global --add safe.directory /home/runner/work/neon-harbor/neon-harbor
2026-10-04T15:24:40.7982842Z Deleting the contents of '/home/runner/work/neon-harbor/neon-harbor'
2026-10-04T15:24:40.7989505Z ##[group]Initializing the repository
2026-10-04T15:24:40.7994674Z [command]/usr/bin/git init /home/runner/work/neon-harbor/neon-harbor
2026-10-04T15:24:40.8078203Z hint: Using 'master' as the name for the initial branch. This default branch name
2026-10-04T15:24:40.8081044Z hint: will change to "main" in Git 3.0. To configure the initial branch name
2026-10-04T15:24:40.8082829Z hint: to use in all of your new repositories, which will suppress this warning,
2026-10-04T15:24:40.8084294Z hint: call:
2026-10-04T15:24:40.8085007Z hint:
2026-10-04T15:24:40.8085791Z hint: 	git config --global init.defaultBranch <name>
2026-10-04T15:24:40.8086768Z hint:
2026-10-04T15:24:40.8087740Z hint: Names commonly chosen instead of 'master' are 'main', 'trunk' and
2026-10-04T15:24:40.8089304Z hint: 'development'. The just-created branch can be renamed via this command:
2026-10-04T15:24:40.8090488Z hint:
2026-10-04T15:24:40.8091149Z hint: 	git branch -m <name>
2026-10-04T15:24:40.8091887Z hint:
2026-10-04T15:24:40.8093168Z hint: Disable this message with "git config set advice.defaultBranchName false"
2026-10-04T15:24:40.8094910Z Initialized empty Git repository in /home/runner/work/neon-harbor/neon-harbor/.git/
2026-10-04T15:24:40.8097599Z [command]/usr/bin/git remote add origin https://github.com/qifalab/neon-harbor
2026-10-04T15:24:40.8140378Z ##[endgroup]
2026-10-04T15:24:40.8141667Z ##[group]Disabling automatic garbage collection
2026-10-04T15:24:40.8145200Z [command]/usr/bin/git config --local gc.auto 0
2026-10-04T15:24:40.8172073Z ##[endgroup]
2026-10-04T15:24:40.8173467Z ##[group]Setting up auth
2026-10-04T15:24:40.8180366Z [command]/usr/bin/git config --local --name-only --get-regexp core\.sshCommand
2026-10-04T15:24:40.8209153Z [command]/usr/bin/git submodule foreach --recursive sh -c "git config --local --name-only --get-regexp 'core\.sshCommand' && git config --local --unset-all 'core.sshCommand' || :"
2026-10-04T15:24:40.8512457Z [command]/usr/bin/git config --local --name-only --get-regexp http\.https\:\/\/github\.com\/\.extraheader
2026-10-04T15:24:40.8544670Z [command]/usr/bin/git submodule foreach --recursive sh -c "git config --local --name-only --get-regexp 'http\.https\:\/\/github\.com\/\.extraheader' && git config --local --unset-all 'http.https://github.com/.extraheader' || :"
2026-10-04T15:24:40.8740379Z [command]/usr/bin/git config --local --name-only --get-regexp ^includeIf\.gitdir:
2026-10-04T15:24:40.8771477Z [command]/usr/bin/git submodule foreach --recursive git config --local --show-origin --name-only --get-regexp remote.origin.url
2026-10-04T15:24:40.8966978Z [command]/usr/bin/git config --local http.https://github.com/.extraheader AUTHORIZATION: basic ***
2026-10-04T15:24:40.9002642Z ##[endgroup]
2026-10-04T15:24:40.9004196Z ##[group]Fetching the repository
2026-10-04T15:24:40.9014174Z [command]/usr/bin/git -c protocol.version=2 fetch --no-tags --prune --no-recurse-submodules --depth=1 origin +0330df7ee1042d0f211304b042e01cdf6a0b4d44:refs/remotes/origin/main
2026-10-04T15:24:46.1818646Z From https://github.com/qifalab/neon-harbor
2026-10-04T15:24:46.1820633Z  * [new ref]         0330df7ee1042d0f211304b042e01cdf6a0b4d44 -> origin/main
2026-10-04T15:24:46.1826610Z ##[endgroup]
2026-10-04T15:24:46.1828256Z ##[group]Determining the checkout info
2026-10-04T15:24:46.1830068Z ##[endgroup]
2026-10-04T15:24:46.1833435Z [command]/usr/bin/git sparse-checkout disable
2026-10-04T15:24:46.1881408Z [command]/usr/bin/git config --local --unset-all extensions.worktreeConfig
2026-10-04T15:24:46.1909166Z ##[group]Checking out the ref
2026-10-04T15:24:46.1912373Z [command]/usr/bin/git checkout --progress --force -B main refs/remotes/origin/main
2026-10-04T15:24:46.3626020Z Switched to a new branch 'main'
2026-10-04T15:24:46.3629576Z branch 'main' set up to track 'origin/main'.
2026-10-04T15:24:46.3649532Z ##[endgroup]
2026-10-04T15:24:46.3687765Z [command]/usr/bin/git log -1 --format=%H
2026-10-04T15:24:46.3710604Z 0330df7ee1042d0f211304b042e01cdf6a0b4d44
2026-10-04T15:24:46.4047461Z ##[group]Run actions/setup-node@v4
2026-10-04T15:24:46.4048609Z with:
2026-10-04T15:24:46.4049463Z   node-version: 22
2026-10-04T15:24:46.4050335Z   cache: npm
2026-10-04T15:24:46.4051173Z   always-auth: false
2026-10-04T15:24:46.4052096Z   check-latest: false
2026-10-04T15:24:46.4061160Z   token: ***
2026-10-04T15:24:46.4062002Z ##[endgroup]
2026-10-04T15:24:46.5632193Z Found in cache @ /opt/hostedtoolcache/node/22.23.3/x64
2026-10-04T15:24:46.5635803Z (node:2243) [DEP0040] DeprecationWarning: The `punycode` module is deprecated. Please use a userland alternative instead.
2026-10-04T15:24:46.5639275Z (Use `node --trace-deprecation ...` to show where the warning was created)
2026-10-04T15:24:46.5642537Z ##[group]Environment details
2026-10-04T15:24:49.8397251Z node: v22.23.3
2026-10-04T15:24:49.8397869Z npm: 10.9.9
2026-10-04T15:24:49.8398311Z yarn: 1.22.22
2026-10-04T15:24:49.8400373Z ##[endgroup]
2026-10-04T15:24:49.8424694Z [command]/opt/hostedtoolcache/node/22.23.3/x64/bin/npm config get cache
2026-10-04T15:24:50.1776634Z /home/runner/.npm
2026-10-04T15:24:50.3937509Z Cache hit for: node-cache-Linux-x64-npm-6438cc70f01e36935f5c8c9cb620f6c972b229821dda55e94f5b735e54c263b7
2026-10-04T15:24:50.4033690Z (node:2243) [DEP0169] DeprecationWarning: `url.parse()` behavior is not standardized and prone to errors that have security implications. Use the WHATWG URL API instead. CVEs are not issued for `url.parse()` vulnerabilities.
2026-10-04T15:24:51.3372467Z Received 3980947 of 3980947 (100.0%), 5.2 MBs/sec
2026-10-04T15:24:51.3403196Z Cache Size: ~4 MB (3980947 B)
2026-10-04T15:24:51.3404864Z [command]/usr/bin/tar -xf /home/runner/work/_temp/1e26249a-0797-4ad8-adb3-5e28d254c880/cache.tzst -P -C /home/runner/work/neon-harbor/neon-harbor --use-compress-program unzstd
2026-10-04T15:24:51.3494538Z Cache restored successfully
2026-10-04T15:24:51.3499889Z Cache restored from key: node-cache-Linux-x64-npm-6438cc70f01e36935f5c8c9cb620f6c972b229821dda55e94f5b735e54c263b7
2026-10-04T15:24:51.3617719Z ##[group]Run npm ci
2026-10-04T15:24:51.3618050Z [36;1mnpm ci[0m
2026-10-04T15:24:51.3833107Z shell: /usr/bin/bash -e {0}
2026-10-04T15:24:51.3833413Z ##[endgroup]
2026-10-04T15:24:53.0240347Z 
2026-10-04T15:24:53.0246368Z added 3 packages, and audited 4 packages in 2s
2026-10-04T15:24:53.0247154Z 
2026-10-04T15:24:53.0247481Z found 0 vulnerabilities
2026-10-04T15:24:53.0479506Z ##[group]Run npm test
2026-10-04T15:24:53.0479780Z [36;1mnpm test[0m
2026-10-04T15:24:53.0518713Z shell: /usr/bin/bash -e {0}
2026-10-04T15:24:53.0519008Z ##[endgroup]
2026-10-04T15:24:53.1493850Z 
2026-10-04T15:24:53.1494440Z > neon-harbor@0.8.0 test
2026-10-04T15:24:53.1495033Z > node --test tests/*.test.js
2026-10-04T15:24:53.1495340Z 
2026-10-04T15:24:53.2423513Z TAP version 13
2026-10-04T15:24:53.3934408Z # Subtest: render interpolation removes fixed-step staircasing at 30/60/90/144 Hz and uneven cadences
2026-10-04T15:24:53.4003918Z ok 1 - render interpolation removes fixed-step staircasing at 30/60/90/144 Hz and uneven cadences
2026-10-04T15:24:53.4017728Z   ---
2026-10-04T15:24:53.4033565Z   duration_ms: 57.776993
2026-10-04T15:24:53.4034295Z   type: 'test'
2026-10-04T15:24:53.4034704Z   ...
2026-10-04T15:24:53.4035716Z # Subtest: yaw interpolation follows the shortest arc; ground, pitch and roll remain shared
2026-10-04T15:24:53.4037046Z ok 2 - yaw interpolation follows the shortest arc; ground, pitch and roll remain shared
2026-10-04T15:24:53.4037846Z   ---
2026-10-04T15:24:53.4038447Z   duration_ms: 0.639364
2026-10-04T15:24:53.4039431Z   type: 'test'
2026-10-04T15:24:53.4054573Z   ...
2026-10-04T15:24:53.4055385Z # Subtest: teleports and entering or leaving a vehicle never interpolate across the city
2026-10-04T15:24:53.4056602Z ok 3 - teleports and entering or leaving a vehicle never interpolate across the city
2026-10-04T15:24:53.4057306Z   ---
2026-10-04T15:24:53.4057663Z   duration_ms: 0.641815
2026-10-04T15:24:53.4058100Z   type: 'test'
2026-10-04T15:24:53.4058471Z   ...
2026-10-04T15:24:53.4059270Z # Subtest: rendered OBB interpolation cannot clip a corner between two legal headings
2026-10-04T15:24:53.4060410Z ok 4 - rendered OBB interpolation cannot clip a corner between two legal headings
2026-10-04T15:24:53.4061153Z   ---
2026-10-04T15:24:53.4061598Z   duration_ms: 0.709346
2026-10-04T15:24:53.4067475Z   type: 'test'
2026-10-04T15:24:53.4067873Z   ...
2026-10-04T15:24:53.4068651Z # Subtest: sequential legal vehicle moves cannot produce a colliding render interpolant
2026-10-04T15:24:53.4069849Z ok 5 - sequential legal vehicle moves cannot produce a colliding render interpolant
2026-10-04T15:24:53.4070596Z   ---
2026-10-04T15:24:53.4070978Z   duration_ms: 0.441987
2026-10-04T15:24:53.4071477Z   type: 'test'
2026-10-04T15:24:53.4071853Z   ...
2026-10-04T15:24:53.4072845Z # Subtest: moving-target exponential damping is cadence-independent at constant speed
2026-10-04T15:24:53.4074022Z ok 6 - moving-target exponential damping is cadence-independent at constant speed
2026-10-04T15:24:53.4074740Z   ---
2026-10-04T15:24:53.4075220Z   duration_ms: 0.61729
2026-10-04T15:24:53.4075648Z   type: 'test'
2026-10-04T15:24:53.4075973Z   ...
2026-10-04T15:24:53.4076743Z # Subtest: chase camera position, look target and yaw stay consistent at 30/60/144 Hz
2026-10-04T15:24:53.4077848Z ok 7 - chase camera position, look target and yaw stay consistent at 30/60/144 Hz
2026-10-04T15:24:53.4078578Z   ---
2026-10-04T15:24:53.4078948Z   duration_ms: 23.491856
2026-10-04T15:24:53.4079360Z   type: 'test'
2026-10-04T15:24:53.4079675Z   ...
2026-10-04T15:24:53.4080421Z # Subtest: camera follows the same bounded simulation time at 4 Hz and uneven slow frames
2026-10-04T15:24:53.4081535Z ok 8 - camera follows the same bounded simulation time at 4 Hz and uneven slow frames
2026-10-04T15:24:53.4082211Z   ---
2026-10-04T15:24:53.4082961Z   duration_ms: 6.943037
2026-10-04T15:24:53.4083425Z   type: 'test'
2026-10-04T15:24:53.4083824Z   ...
2026-10-04T15:24:53.4084668Z # Subtest: height-aware swept camera clears curbs, catches thin walls, and pads the near plane
2026-10-04T15:24:53.4085889Z ok 9 - height-aware swept camera clears curbs, catches thin walls, and pads the near plane
2026-10-04T15:24:53.4086710Z   ---
2026-10-04T15:24:53.4087082Z   duration_ms: 1.014753
2026-10-04T15:24:53.4087505Z   type: 'test'
2026-10-04T15:24:53.4087867Z   ...
2026-10-04T15:24:53.4089004Z # Subtest: camera focus inside foliage is moved to a legal pivot before the boom sweep
2026-10-04T15:24:53.4090123Z ok 10 - camera focus inside foliage is moved to a legal pivot before the boom sweep
2026-10-04T15:24:53.4090797Z   ---
2026-10-04T15:24:53.4091123Z   duration_ms: 0.846205
2026-10-04T15:24:53.4091511Z   type: 'test'
2026-10-04T15:24:53.4091861Z   ...
2026-10-04T15:24:53.4092880Z # Subtest: camera retracts without entering buildings and releases an obstruction gradually
2026-10-04T15:24:53.4094076Z ok 11 - camera retracts without entering buildings and releases an obstruction gradually
2026-10-04T15:24:53.4094785Z   ---
2026-10-04T15:24:53.4095118Z   duration_ms: 0.417214
2026-10-04T15:24:53.4095478Z   type: 'test'
2026-10-04T15:24:53.4095824Z   ...
2026-10-04T15:24:53.4096669Z # Subtest: camera takes shortest yaw arc and does not advance its pose with a zero timestep
2026-10-04T15:24:53.4097754Z ok 12 - camera takes shortest yaw arc and does not advance its pose with a zero timestep
2026-10-04T15:24:53.4098436Z   ---
2026-10-04T15:24:53.4098756Z   duration_ms: 1.127775
2026-10-04T15:24:53.4099134Z   type: 'test'
2026-10-04T15:24:53.4099451Z   ...
2026-10-04T15:25:22.9362672Z # Subtest: the northern resident network has legal doorstep routes, unobstructed station entrances and real crossing edges
2026-10-04T15:25:22.9374622Z ok 13 - the northern resident network has legal doorstep routes, unobstructed station entrances and real crossing edges
2026-10-04T15:25:22.9386519Z   ---
2026-10-04T15:25:22.9413372Z   duration_ms: 6825.109001
2026-10-04T15:25:22.9433215Z   type: 'test'
2026-10-04T15:25:22.9433774Z   ...
2026-10-04T15:25:22.9440643Z # Subtest: all 240 residents finish real work visits, use all four shared routes, return and rest in actual homes without stranded journeys
2026-10-04T15:25:22.9451384Z ok 14 - all 240 residents finish real work visits, use all four shared routes, return and rest in actual homes without stranded journeys
2026-10-04T15:25:22.9452655Z   ---
2026-10-04T15:25:22.9463057Z   duration_ms: 17811.557796
2026-10-04T15:25:22.9463809Z   type: 'test'
2026-10-04T15:25:22.9479080Z   ...
2026-10-04T15:25:22.9480821Z # Subtest: citizens enter a crossing only with enough green time, and traffic yields for the occupied lane and releases it after the walker leaves
2026-10-04T15:25:22.9483390Z ok 15 - citizens enter a crossing only with enough green time, and traffic yields for the occupied lane and releases it after the walker leaves
2026-10-04T15:25:22.9484741Z   ---
2026-10-04T15:25:22.9485327Z   duration_ms: 83.597972
2026-10-04T15:25:22.9486024Z   type: 'test'
2026-10-04T15:25:22.9486612Z   ...
2026-10-04T15:25:22.9487935Z # Subtest: working periods keep residents at their real posts and the night change starts a walk home without resetting position
2026-10-04T15:25:22.9490069Z ok 16 - working periods keep residents at their real posts and the night change starts a walk home without resetting position
2026-10-04T15:25:22.9491298Z   ---
2026-10-04T15:25:22.9491927Z   duration_ms: 1509.431405
2026-10-04T15:25:22.9492972Z   type: 'test'
2026-10-04T15:25:22.9493528Z   ...
2026-10-04T15:25:22.9494552Z # Subtest: every assigned home and workplace has a clear arrival and departure through its actual room door
2026-10-04T15:25:22.9496017Z ok 17 - every assigned home and workplace has a clear arrival and departure through its actual room door
2026-10-04T15:25:22.9496962Z   ---
2026-10-04T15:25:22.9497340Z   duration_ms: 588.922542
2026-10-04T15:25:22.9497784Z   type: 'test'
2026-10-04T15:25:22.9498232Z   ...
2026-10-04T15:25:22.9499325Z # Subtest: boarding paths align with real carriage doors and keep passengers out of carriage gaps and the ferry cabin
2026-10-04T15:25:22.9501019Z ok 18 - boarding paths align with real carriage doors and keep passengers out of carriage gaps and the ferry cabin
2026-10-04T15:25:22.9501957Z   ---
2026-10-04T15:25:22.9503771Z   duration_ms: 2.505052
2026-10-04T15:25:22.9504212Z   type: 'test'
2026-10-04T15:25:22.9504600Z   ...
2026-10-04T15:25:22.9506074Z # Subtest: elevated station lift poses have continuous movement, real landings and enough door time to walk aboard
2026-10-04T15:25:22.9507748Z ok 19 - elevated station lift poses have continuous movement, real landings and enough door time to walk aboard
2026-10-04T15:25:22.9508689Z   ---
2026-10-04T15:25:22.9509051Z   duration_ms: 2.50757
2026-10-04T15:25:22.9509468Z   type: 'test'
2026-10-04T15:25:22.9509847Z   ...
2026-10-04T15:25:35.4408212Z # Subtest: integrated building travel, continuous elevator and forced departure restore outdoor collision and cars
2026-10-04T15:25:35.4423159Z ok 20 - integrated building travel, continuous elevator and forced departure restore outdoor collision and cars
2026-10-04T15:25:35.4424389Z   ---
2026-10-04T15:25:35.4424929Z   duration_ms: 11689.839809
2026-10-04T15:25:35.4425506Z   type: 'test'
2026-10-04T15:25:35.4426006Z   ...
2026-10-04T15:25:35.4427200Z # Subtest: underground platform remains below street and transit motion does not trigger teleports or reindex every tick
2026-10-04T15:25:35.4429125Z ok 21 - underground platform remains below street and transit motion does not trigger teleports or reindex every tick
2026-10-04T15:25:35.4430228Z   ---
2026-10-04T15:25:35.4430740Z   duration_ms: 22835.921403
2026-10-04T15:25:35.4444558Z   type: 'test'
2026-10-04T15:25:35.4447010Z   ...
2026-10-04T15:25:35.4448116Z # Subtest: a saved journey from the north ferry restores at its own pier, including after departure
2026-10-04T15:25:35.4449667Z ok 22 - a saved journey from the north ferry restores at its own pier, including after departure
2026-10-04T15:25:35.4450675Z   ---
2026-10-04T15:25:35.4451193Z   duration_ms: 7509.49622
2026-10-04T15:25:35.4451775Z   type: 'test'
2026-10-04T15:25:35.4452424Z   ...
2026-10-04T15:25:35.4453677Z # Subtest: camera supports below-sea-level clearance and seated passenger views without roof-crossing chase booms
2026-10-04T15:25:35.4455467Z ok 23 - camera supports below-sea-level clearance and seated passenger views without roof-crossing chase booms
2026-10-04T15:25:35.4458683Z   ---
2026-10-04T15:25:35.4459256Z   duration_ms: 1.395315
2026-10-04T15:25:35.4459833Z   type: 'test'
2026-10-04T15:25:35.4460329Z   ...
2026-10-04T15:25:35.5110407Z # Subtest: collapsed city guide lists addresses without reading floor contents or constructing room rows
2026-10-04T15:25:35.5169333Z ok 24 - collapsed city guide lists addresses without reading floor contents or constructing room rows
2026-10-04T15:25:35.5170554Z   ---
2026-10-04T15:25:35.5192788Z   duration_ms: 9.405892
2026-10-04T15:25:35.5193465Z   type: 'test'
2026-10-04T15:25:35.5223200Z   ...
2026-10-04T15:25:35.5373750Z # Subtest: first disclosure resolves its current floor and room records once, including both compact rooms
2026-10-04T15:25:35.5435238Z ok 25 - first disclosure resolves its current floor and room records once, including both compact rooms
2026-10-04T15:25:35.5502958Z   ---
2026-10-04T15:25:35.5552917Z   duration_ms: 11.630832
2026-10-04T15:25:35.5570409Z   type: 'test'
2026-10-04T15:25:35.5571180Z   ...
2026-10-04T15:25:35.5572563Z # Subtest: search and district filtering preserve visit targets without resolving hidden floor programmes
2026-10-04T15:25:35.5574193Z ok 26 - search and district filtering preserve visit targets without resolving hidden floor programmes
2026-10-04T15:25:35.5575219Z   ---
2026-10-04T15:25:35.5575660Z   duration_ms: 4.833941
2026-10-04T15:25:35.5576188Z   type: 'test'
2026-10-04T15:25:35.5576633Z   ...
2026-10-04T15:25:35.5577852Z # Subtest: every address targets its own entrance and safely restores its exterior, traffic and save position
2026-10-04T15:25:35.5579474Z ok 27 - every address targets its own entrance and safely restores its exterior, traffic and save position
2026-10-04T15:25:35.5580470Z   ---
2026-10-04T15:25:35.5580961Z   duration_ms: 6598.889125
2026-10-04T15:25:35.5581519Z   type: 'test'
2026-10-04T15:25:35.5582005Z   ...
2026-10-04T15:25:35.5583506Z # Subtest: every occupied floor has finite positive solids, rooms inside its footprint, a clear arrival and continuous stair elevations
2026-10-04T15:25:35.5585900Z ok 28 - every occupied floor has finite positive solids, rooms inside its footprint, a clear arrival and continuous stair elevations
2026-10-04T15:25:35.5587128Z   ---
2026-10-04T15:25:35.5587609Z   duration_ms: 4710.730146
2026-10-04T15:25:35.5588166Z   type: 'test'
2026-10-04T15:25:35.5588643Z   ...
2026-10-04T15:25:35.5589783Z # Subtest: multiplayer accepts the actual eastern top floors and rejects out-of-world or nonfinite positions
2026-10-04T15:25:35.5591443Z ok 29 - multiplayer accepts the actual eastern top floors and rejects out-of-world or nonfinite positions
2026-10-04T15:25:35.5592570Z   ---
2026-10-04T15:25:35.5593045Z   duration_ms: 7.117734
2026-10-04T15:25:35.5593588Z   type: 'test'
2026-10-04T15:25:35.5594060Z   ...
2026-10-04T15:25:35.5595360Z # Subtest: a south shell stays hidden through an actual streamed load and restores valid culling bounds and fallback scenery on exit
2026-10-04T15:25:35.5597301Z ok 30 - a south shell stays hidden through an actual streamed load and restores valid culling bounds and fallback scenery on exit
2026-10-04T15:25:35.5598469Z   ---
2026-10-04T15:25:35.5598943Z   duration_ms: 365.572072
2026-10-04T15:25:35.5599502Z   type: 'test'
2026-10-04T15:25:35.5599965Z   ...
2026-10-04T15:25:35.5600935Z # Subtest: prepare fetches only nearby real district payloads and exposes resident metrics
2026-10-04T15:25:35.5603049Z ok 31 - prepare fetches only nearby real district payloads and exposes resident metrics
2026-10-04T15:25:35.5604454Z   ---
2026-10-04T15:25:35.5605171Z   duration_ms: 5.1291
2026-10-04T15:25:35.5605717Z   type: 'test'
2026-10-04T15:25:35.5606193Z   ...
2026-10-04T15:25:35.5607250Z # Subtest: directional prefetch anticipates travel while distance and hysteresis drive actual disposal
2026-10-04T15:25:35.5610891Z ok 32 - directional prefetch anticipates travel while distance and hysteresis drive actual disposal
2026-10-04T15:25:35.5611890Z   ---
2026-10-04T15:25:35.5612518Z   duration_ms: 8.491121
2026-10-04T15:25:35.5613323Z   type: 'test'
2026-10-04T15:25:35.5613804Z   ...
2026-10-04T15:25:35.5614636Z # Subtest: resident budget is a hard bound even when more targets are nearby
2026-10-04T15:25:35.5615829Z ok 33 - resident budget is a hard bound even when more targets are nearby
2026-10-04T15:25:35.5616631Z   ---
2026-10-04T15:25:35.5617103Z   duration_ms: 0.728606
2026-10-04T15:25:35.5617566Z   type: 'test'
2026-10-04T15:25:35.5618008Z   ...
2026-10-04T15:25:35.5618908Z # Subtest: failed near district remains failed until retry succeeds without pretending a proxy is full detail
2026-10-04T15:25:35.5620324Z ok 34 - failed near district remains failed until retry succeeds without pretending a proxy is full detail
2026-10-04T15:25:35.5621295Z   ---
2026-10-04T15:25:35.5621747Z   duration_ms: 3.17573
2026-10-04T15:25:35.5622420Z   type: 'test'
2026-10-04T15:25:35.5622871Z   ...
2026-10-04T15:25:35.5623810Z # Subtest: dispose settles prepare, releases late payloads, and never attaches after disposal
2026-10-04T15:25:35.5625179Z ok 35 - dispose settles prepare, releases late payloads, and never attaches after disposal
2026-10-04T15:25:35.5626001Z   ---
2026-10-04T15:25:35.5626419Z   duration_ms: 8.430517
2026-10-04T15:25:35.5626916Z   type: 'test'
2026-10-04T15:25:35.5627347Z   ...
2026-10-04T15:25:35.5628197Z # Subtest: cancelled district can be revisited before its aborted request settles
2026-10-04T15:25:35.5629429Z ok 36 - cancelled district can be revisited before its aborted request settles
2026-10-04T15:25:35.5630226Z   ---
2026-10-04T15:25:35.5630673Z   duration_ms: 2.614252
2026-10-04T15:25:35.5631208Z   type: 'test'
2026-10-04T15:25:35.5631688Z   ...
2026-10-04T15:25:35.5632704Z # Subtest: old request failure cannot overwrite the latest successful prepare state
2026-10-04T15:25:35.5633957Z ok 37 - old request failure cannot overwrite the latest successful prepare state
2026-10-04T15:25:35.5634798Z   ---
2026-10-04T15:25:35.5635294Z   duration_ms: 3.759125
2026-10-04T15:25:35.5635843Z   type: 'test'
2026-10-04T15:25:35.5636300Z   ...
2026-10-04T15:25:35.5637446Z # Subtest: chunk validation rejects malformed geometry before creating GPU resources
2026-10-04T15:25:35.5638789Z ok 38 - chunk validation rejects malformed geometry before creating GPU resources
2026-10-04T15:25:35.5639637Z   ---
2026-10-04T15:25:35.5640127Z   duration_ms: 0.639756
2026-10-04T15:25:35.5640651Z   type: 'test'
2026-10-04T15:25:35.5641127Z   ...
2026-10-04T15:25:35.5642119Z # Subtest: a normal 60 Hz steering arc cannot graze a building corner between two clear endpoints
2026-10-04T15:25:35.5643704Z ok 39 - a normal 60 Hz steering arc cannot graze a building corner between two clear endpoints
2026-10-04T15:25:35.5644598Z   ---
2026-10-04T15:25:35.5645043Z   duration_ms: 24.986239
2026-10-04T15:25:35.5645558Z   type: 'test'
2026-10-04T15:25:35.5646021Z   ...
2026-10-04T15:25:35.5647043Z # Subtest: a short diagonal translation cannot cut a building corner with clear endpoints
2026-10-04T15:25:35.5648422Z ok 40 - a short diagonal translation cannot cut a building corner with clear endpoints
2026-10-04T15:25:35.5649312Z   ---
2026-10-04T15:25:35.5649787Z   duration_ms: 9.264306
2026-10-04T15:25:35.5650312Z   type: 'test'
2026-10-04T15:25:35.5650789Z   ...
2026-10-04T15:25:35.5651655Z # Subtest: grazing the corner of another vehicle stays blocked between clear endpoints
2026-10-04T15:25:35.5653118Z ok 41 - grazing the corner of another vehicle stays blocked between clear endpoints
2026-10-04T15:25:35.5653978Z   ---
2026-10-04T15:25:35.5654435Z   duration_ms: 2.483528
2026-10-04T15:25:35.5655058Z   type: 'test'
2026-10-04T15:25:35.5655517Z   ...
2026-10-04T15:25:35.5656563Z # Subtest: the circular pedestrian footprint cannot cross a shallow rounded corner between samples
2026-10-04T15:25:35.5658090Z ok 42 - the circular pedestrian footprint cannot cross a shallow rounded corner between samples
2026-10-04T15:25:35.5659064Z   ---
2026-10-04T15:25:35.5659536Z   duration_ms: 22.386253
2026-10-04T15:25:35.5660076Z   type: 'test'
2026-10-04T15:25:35.5660812Z   ...
2026-10-04T15:25:35.5661800Z # Subtest: the prospective supported vehicle envelope and height participate in collision
2026-10-04T15:25:35.5663394Z ok 43 - the prospective supported vehicle envelope and height participate in collision
2026-10-04T15:25:35.5664289Z   ---
2026-10-04T15:25:35.5664768Z   duration_ms: 7.09947
2026-10-04T15:25:35.5665302Z   type: 'test'
2026-10-04T15:25:35.5665786Z   ...
2026-10-04T15:25:35.5666702Z # Subtest: stepping onto higher ground under an awning cannot eject an entity sideways
2026-10-04T15:25:35.5668003Z ok 44 - stepping onto higher ground under an awning cannot eject an entity sideways
2026-10-04T15:25:35.5668871Z   ---
2026-10-04T15:25:35.5669337Z   duration_ms: 0.50184
2026-10-04T15:25:35.5669861Z   type: 'test'
2026-10-04T15:25:35.5670349Z   ...
2026-10-04T15:25:35.5671386Z # Subtest: vehicle bounds contain the full rotated footprint and swap width/length at a quarter turn
2026-10-04T15:25:35.5673010Z ok 45 - vehicle bounds contain the full rotated footprint and swap width/length at a quarter turn
2026-10-04T15:25:35.5673974Z   ---
2026-10-04T15:25:35.5674490Z   duration_ms: 2.973588
2026-10-04T15:25:35.5675041Z   type: 'test'
2026-10-04T15:25:35.5675518Z   ...
2026-10-04T15:25:35.5676513Z # Subtest: SAT catches a vehicle nose beyond the old centre radius and its rotated outer corner
2026-10-04T15:25:35.5677768Z ok 46 - SAT catches a vehicle nose beyond the old centre radius and its rotated outer corner
2026-10-04T15:25:35.5678565Z   ---
2026-10-04T15:25:35.5678991Z   duration_ms: 0.945305
2026-10-04T15:25:35.5679453Z   type: 'test'
2026-10-04T15:25:35.5679916Z   ...
2026-10-04T15:25:35.5681007Z # Subtest: SAT reports a separation normal, permits touching and rejects separated rotated rectangles
2026-10-04T15:25:35.5682392Z ok 47 - SAT reports a separation normal, permits touching and rejects separated rotated rectangles
2026-10-04T15:25:35.5683153Z   ---
2026-10-04T15:25:35.5683570Z   duration_ms: 0.395749
2026-10-04T15:25:35.5683997Z   type: 'test'
2026-10-04T15:25:35.5684436Z   ...
2026-10-04T15:25:35.5685598Z # Subtest: circle/OBB checks the whole foot radius without treating clear diagonal corners as walls
2026-10-04T15:25:35.5686997Z ok 48 - circle/OBB checks the whole foot radius without treating clear diagonal corners as walls
2026-10-04T15:25:35.5687943Z   ---
2026-10-04T15:25:35.5688414Z   duration_ms: 0.37422
2026-10-04T15:25:35.5688947Z   type: 'test'
2026-10-04T15:25:35.5689418Z   ...
2026-10-04T15:25:35.5690562Z # Subtest: spatial queries find large colliders across cell edges, including negative coordinates, without duplicates
2026-10-04T15:25:35.5692449Z ok 49 - spatial queries find large colliders across cell edges, including negative coordinates, without duplicates
2026-10-04T15:25:35.5693519Z   ---
2026-10-04T15:25:35.5693981Z   duration_ms: 1.736156
2026-10-04T15:25:35.5694509Z   type: 'test'
2026-10-04T15:25:35.5694987Z   ...
2026-10-04T15:25:35.5696040Z # Subtest: a fast vehicle cannot tunnel through a thin wall, even across a long one-frame displacement
2026-10-04T15:25:35.5697598Z ok 50 - a fast vehicle cannot tunnel through a thin wall, even across a long one-frame displacement
2026-10-04T15:25:35.5698531Z   ---
2026-10-04T15:25:35.5699008Z   duration_ms: 10.557633
2026-10-04T15:25:35.5699540Z   type: 'test'
2026-10-04T15:25:35.5700021Z   ...
2026-10-04T15:25:35.5701130Z # Subtest: a rotation sweep cannot pass through a thin obstacle even when the final orientation would be clear
2026-10-04T15:25:35.5702962Z ok 51 - a rotation sweep cannot pass through a thin obstacle even when the final orientation would be clear
2026-10-04T15:25:35.5703968Z   ---
2026-10-04T15:25:35.5704449Z   duration_ms: 40.553899
2026-10-04T15:25:35.5705003Z   type: 'test'
2026-10-04T15:25:35.5705474Z   ...
2026-10-04T15:25:35.5706458Z # Subtest: continuous diagonal pressure slides along a wall without bouncing or oscillating
2026-10-04T15:25:35.5707865Z ok 52 - continuous diagonal pressure slides along a wall without bouncing or oscillating
2026-10-04T15:25:35.5708957Z   ---
2026-10-04T15:25:35.5709433Z   duration_ms: 12.697824
2026-10-04T15:25:35.5709971Z   type: 'test'
2026-10-04T15:25:35.5710446Z   ...
2026-10-04T15:25:35.5711400Z # Subtest: walking keeps the entire character circle outside a thin wall during a swept move
2026-10-04T15:25:35.5712941Z ok 53 - walking keeps the entire character circle outside a thin wall during a swept move
2026-10-04T15:25:35.5713835Z   ---
2026-10-04T15:25:35.5714291Z   duration_ms: 6.026338
2026-10-04T15:25:35.5714832Z   type: 'test'
2026-10-04T15:25:35.5715281Z   ...
2026-10-04T15:25:35.5716235Z # Subtest: parked and moving vehicles both block a swept vehicle without moving the other car
2026-10-04T15:25:35.5717659Z ok 54 - parked and moving vehicles both block a swept vehicle without moving the other car
2026-10-04T15:25:35.5718539Z   ---
2026-10-04T15:25:35.5718996Z   duration_ms: 15.084488
2026-10-04T15:25:35.5719534Z   type: 'test'
2026-10-04T15:25:35.5720001Z   ...
2026-10-04T15:25:35.5721074Z # Subtest: walking collides with parked cars and dynamic self references never block their own movement
2026-10-04T15:25:35.5722780Z ok 55 - walking collides with parked cars and dynamic self references never block their own movement
2026-10-04T15:25:35.5723722Z   ---
2026-10-04T15:25:35.5724212Z   duration_ms: 1.791802
2026-10-04T15:25:35.5724733Z   type: 'test'
2026-10-04T15:25:35.5725206Z   ...
2026-10-04T15:25:35.5726116Z # Subtest: a car stops for a pedestrian using the pedestrian full circular footprint
2026-10-04T15:25:35.5727363Z ok 56 - a car stops for a pedestrian using the pedestrian full circular footprint
2026-10-04T15:25:35.5728202Z   ---
2026-10-04T15:25:35.5728680Z   duration_ms: 2.743649
2026-10-04T15:25:35.5729214Z   type: 'test'
2026-10-04T15:25:35.5729691Z   ...
2026-10-04T15:25:35.5730844Z # Subtest: height filtering blocks building sides while allowing rooftop travel and passage beneath elevated solids
2026-10-04T15:25:35.5732744Z ok 57 - height filtering blocks building sides while allowing rooftop travel and passage beneath elevated solids
2026-10-04T15:25:35.5733978Z   ---
2026-10-04T15:25:35.5830130Z   duration_ms: 10.423864
2026-10-04T15:25:35.5830618Z   type: 'test'
2026-10-04T15:25:35.5831030Z   ...
2026-10-04T15:25:35.5831978Z # Subtest: world boundaries constrain the rotated vehicle footprint and full character radius
2026-10-04T15:25:35.5833442Z ok 58 - world boundaries constrain the rotated vehicle footprint and full character radius
2026-10-04T15:25:35.5834225Z   ---
2026-10-04T15:25:35.5834608Z   duration_ms: 36.476994
2026-10-04T15:25:35.5835045Z   type: 'test'
2026-10-04T15:25:35.5835443Z   ...
2026-10-04T15:25:35.5836287Z # Subtest: legacy overlapping poses are repaired once and remain stable while stationary
2026-10-04T15:25:35.5837529Z ok 59 - legacy overlapping poses are repaired once and remain stable while stationary
2026-10-04T15:25:35.5838316Z   ---
2026-10-04T15:25:35.5838681Z   duration_ms: 13.515428
2026-10-04T15:25:35.5839110Z   type: 'test'
2026-10-04T15:25:35.5839468Z   ...
2026-10-04T15:25:35.5840481Z # Subtest: camera-only foliage never becomes a physical wall at overlapping character height
2026-10-04T15:25:35.5889358Z ok 60 - camera-only foliage never becomes a physical wall at overlapping character height
2026-10-04T15:25:35.5890325Z   ---
2026-10-04T15:25:35.5890737Z   duration_ms: 1.258535
2026-10-04T15:25:35.5891510Z   type: 'test'
2026-10-04T15:25:35.5922944Z   ...
2026-10-04T15:25:35.5933727Z # Subtest: every compact building supports all-floor stair walks, furnished-room entries, lift return and street exit
2026-10-04T15:25:35.5953937Z ok 61 - every compact building supports all-floor stair walks, furnished-room entries, lift return and street exit
2026-10-04T15:25:35.5992859Z   ---
2026-10-04T15:25:35.6012832Z   duration_ms: 6716.452659
2026-10-04T15:25:35.6042789Z   type: 'test'
2026-10-04T15:25:35.6043178Z   ...
2026-10-04T15:25:35.6044240Z # Subtest: minimum compact shell keeps real stair openings, clear cabin approach and height-filtered exterior prompts
2026-10-04T15:25:35.6046184Z ok 62 - minimum compact shell keeps real stair openings, clear cabin approach and height-filtered exterior prompts
2026-10-04T15:25:35.6046972Z   ---
2026-10-04T15:25:35.6047303Z   duration_ms: 17.060974
2026-10-04T15:25:35.6047744Z   type: 'test'
2026-10-04T15:25:35.6048118Z   ...
2026-10-04T15:25:35.6048905Z # Subtest: east-bay room furnishings fit every shell and narrow floors preserve room, stair and lift routes
2026-10-04T15:25:35.6050162Z ok 63 - east-bay room furnishings fit every shell and narrow floors preserve room, stair and lift routes
2026-10-04T15:25:35.6050915Z   ---
2026-10-04T15:25:35.6051261Z   duration_ms: 9744.017722
2026-10-04T15:25:35.6051668Z   type: 'test'
2026-10-04T15:25:35.6052016Z   ...
2026-10-04T15:25:35.6053207Z # Subtest: every restored southern workplace has fitting functional furniture and a clear full-height room approach
2026-10-04T15:25:35.6054717Z ok 64 - every restored southern workplace has fitting functional furniture and a clear full-height room approach
2026-10-04T15:25:35.6082841Z   ---
2026-10-04T15:25:35.6083825Z   duration_ms: 141.197263
2026-10-04T15:25:35.6112918Z   type: 'test'
2026-10-04T15:25:35.6142777Z   ...
2026-10-04T15:25:35.6143912Z # Subtest: shared workplace layouts fit the minimum compact shell and support future taller freight buildings
2026-10-04T15:25:35.6173391Z ok 65 - shared workplace layouts fit the minimum compact shell and support future taller freight buildings
2026-10-04T15:25:35.6196927Z   ---
2026-10-04T15:25:35.6197560Z   duration_ms: 7.615256
2026-10-04T15:25:35.6198120Z   type: 'test'
2026-10-04T15:25:35.6198591Z   ...
2026-10-04T15:25:35.6199629Z # Subtest: existing shell uses survive stable address IDs and safer floor heights across both new shores
2026-10-04T15:25:35.6201099Z ok 66 - existing shell uses survive stable address IDs and safer floor heights across both new shores
2026-10-04T15:25:35.6202034Z   ---
2026-10-04T15:25:35.6202663Z   duration_ms: 9.56311
2026-10-04T15:25:35.6203123Z   type: 'test'
2026-10-04T15:25:35.6203597Z   ...
2026-10-04T15:25:35.6205047Z # Subtest: harbor shop overrides and residents actual homes remain distinct from the restored employment warehouses
2026-10-04T15:25:35.6206774Z ok 67 - harbor shop overrides and residents actual homes remain distinct from the restored employment warehouses
2026-10-04T15:25:35.6207783Z   ---
2026-10-04T15:25:35.6208236Z   duration_ms: 0.863999
2026-10-04T15:25:35.6208756Z   type: 'test'
2026-10-04T15:25:35.6209244Z   ...
2026-10-04T15:25:35.6210398Z # Subtest: bounded fixed-step clock preserves visible simulation time at 4–144 Hz
2026-10-04T15:25:35.6211696Z ok 68 - bounded fixed-step clock preserves visible simulation time at 4–144 Hz
2026-10-04T15:25:35.6212648Z   ---
2026-10-04T15:25:35.6213080Z   duration_ms: 5.944409
2026-10-04T15:25:35.6213590Z   type: 'test'
2026-10-04T15:25:35.6214050Z   ...
2026-10-04T15:25:35.6214922Z # Subtest: a long rendering stall runs at most 15 small steps without a future backlog
2026-10-04T15:25:35.6216167Z ok 69 - a long rendering stall runs at most 15 small steps without a future backlog
2026-10-04T15:25:35.6216979Z   ---
2026-10-04T15:25:35.6217411Z   duration_ms: 0.367238
2026-10-04T15:25:35.6217918Z   type: 'test'
2026-10-04T15:25:35.6218367Z   ...
2026-10-04T15:25:35.6219299Z # Subtest: pause and visibility resume discard inactive time without rewinding the rendered phase
2026-10-04T15:25:35.6220752Z ok 70 - pause and visibility resume discard inactive time without rewinding the rendered phase
2026-10-04T15:25:35.6221676Z   ---
2026-10-04T15:25:35.6222137Z   duration_ms: 0.174185
2026-10-04T15:25:35.6222803Z   type: 'test'
2026-10-04T15:25:35.6223266Z   ...
2026-10-04T15:25:35.6224097Z # Subtest: flat streets produce zero body pitch/roll and keep wheels on the road
2026-10-04T15:25:35.6225287Z ok 71 - flat streets produce zero body pitch/roll and keep wheels on the road
2026-10-04T15:25:35.6226084Z   ---
2026-10-04T15:25:35.6226564Z   duration_ms: 1.079609
2026-10-04T15:25:35.6227080Z   type: 'test'
2026-10-04T15:25:35.6227836Z   ...
2026-10-04T15:25:35.6228759Z # Subtest: a diagonal curb residual raises only the clearance missing from a fitted plane
2026-10-04T15:25:35.6230095Z ok 72 - a diagonal curb residual raises only the clearance missing from a fitted plane
2026-10-04T15:25:35.6230934Z   ---
2026-10-04T15:25:35.6231398Z   duration_ms: 1.006614
2026-10-04T15:25:35.6231900Z   type: 'test'
2026-10-04T15:25:35.6232495Z   ...
2026-10-04T15:25:35.6233425Z # Subtest: actual rendered tire vertices stay above the real city ramp at known curb problem positions
2026-10-04T15:25:35.6234896Z ok 73 - actual rendered tire vertices stay above the real city ramp at known curb problem positions
2026-10-04T15:25:35.6235785Z   ---
2026-10-04T15:25:35.6236249Z   duration_ms: 368.381532
2026-10-04T15:25:35.6236776Z   type: 'test'
2026-10-04T15:25:35.6237263Z   ...
2026-10-04T15:25:35.6238255Z # Subtest: slope collision envelope encloses every rendered car vertex including tilted mirrors
2026-10-04T15:25:35.6239623Z ok 74 - slope collision envelope encloses every rendered car vertex including tilted mirrors
2026-10-04T15:25:35.6240530Z   ---
2026-10-04T15:25:35.6240992Z   duration_ms: 139.203427
2026-10-04T15:25:35.6241523Z   type: 'test'
2026-10-04T15:25:35.6241994Z   ...
2026-10-04T15:25:35.6243097Z # Subtest: authored frontages attach to six actual occupied shells and keep High the default
2026-10-04T15:25:35.6244455Z ok 75 - authored frontages attach to six actual occupied shells and keep High the default
2026-10-04T15:25:35.6245320Z   ---
2026-10-04T15:25:35.6245748Z   duration_ms: 46.108711
2026-10-04T15:25:35.6246238Z   type: 'test'
2026-10-04T15:25:35.6246713Z   ...
2026-10-04T15:25:35.6247656Z # Subtest: clear original entrance approaches, frontage walking strip and road lanes are preserved
2026-10-04T15:25:35.6249215Z ok 76 - clear original entrance approaches, frontage walking strip and road lanes are preserved
2026-10-04T15:25:35.6250109Z   ---
2026-10-04T15:25:35.6250580Z   duration_ms: 13.352936
2026-10-04T15:25:35.6251094Z   type: 'test'
2026-10-04T15:25:35.6251577Z   ...
2026-10-04T15:25:35.6252983Z # Subtest: finite curved art geometry, metre projected scanned UVs and a bounded render budget
2026-10-04T15:25:35.6254377Z ok 77 - finite curved art geometry, metre projected scanned UVs and a bounded render budget
2026-10-04T15:25:35.6255244Z   ---
2026-10-04T15:25:35.6255718Z   duration_ms: 162.806444
2026-10-04T15:25:35.6256264Z   type: 'test'
2026-10-04T15:25:35.6256736Z   ...
2026-10-04T15:25:35.6257670Z # Subtest: near detail uses hysteresis, actually destroys buffers and restores far proxies
2026-10-04T15:25:35.6259018Z ok 78 - near detail uses hysteresis, actually destroys buffers and restores far proxies
2026-10-04T15:25:35.6259858Z   ---
2026-10-04T15:25:35.6260329Z   duration_ms: 96.537832
2026-10-04T15:25:35.6260861Z   type: 'test'
2026-10-04T15:25:35.6261315Z   ...
2026-10-04T15:25:35.6262445Z # Subtest: shared interior shell IDs hide both proxy and resident art, including later streamed loads
2026-10-04T15:25:35.6263973Z ok 79 - shared interior shell IDs hide both proxy and resident art, including later streamed loads
2026-10-04T15:25:35.6264901Z   ---
2026-10-04T15:25:35.6265358Z   duration_ms: 34.129972
2026-10-04T15:25:35.6265887Z   type: 'test'
2026-10-04T15:25:35.6266291Z   ...
2026-10-04T15:25:35.6267306Z # Subtest: locally served scanned material maps have recorded CC0 provenance and verified hashes
2026-10-04T15:25:35.6268726Z ok 80 - locally served scanned material maps have recorded CC0 provenance and verified hashes
2026-10-04T15:25:35.6272645Z   ---
2026-10-04T15:25:35.6273127Z   duration_ms: 11.894027
2026-10-04T15:25:35.6273633Z   type: 'test'
2026-10-04T15:25:35.6274091Z   ...
2026-10-04T15:25:35.6275049Z # Subtest: sample room craft fits actual furniture and overhead walls without adding circulation obstacles
2026-10-04T15:25:35.6276717Z ok 81 - sample room craft fits actual furniture and overhead walls without adding circulation obstacles
2026-10-04T15:25:35.6277723Z   ---
2026-10-04T15:25:35.6278220Z   duration_ms: 184.42276
2026-10-04T15:25:35.6279097Z   type: 'test'
2026-10-04T15:25:35.6279573Z   ...
2026-10-04T15:25:42.9108700Z # Subtest: sample binds twenty separate residents to actual homes, counter frontages and legal routes
2026-10-04T15:25:42.9123770Z ok 82 - sample binds twenty separate residents to actual homes, counter frontages and legal routes
2026-10-04T15:25:42.9125064Z   ---
2026-10-04T15:25:42.9148927Z   duration_ms: 506.293233
2026-10-04T15:25:42.9163633Z   type: 'test'
2026-10-04T15:25:42.9173297Z   ...
2026-10-04T15:25:42.9184169Z # Subtest: actual delivery moves finite stock, debits wholesale and escrow, and pays the player once at the recipient
2026-10-04T15:25:42.9186093Z ok 83 - actual delivery moves finite stock, debits wholesale and escrow, and pays the player once at the recipient
2026-10-04T15:25:42.9187277Z   ---
2026-10-04T15:25:42.9187932Z   duration_ms: 255.834407
2026-10-04T15:25:42.9188538Z   type: 'test'
2026-10-04T15:25:42.9189036Z   ...
2026-10-04T15:25:42.9190017Z # Subtest: stock availability and shop funds cause actual successful or blocked purchases
2026-10-04T15:25:42.9191425Z ok 84 - stock availability and shop funds cause actual successful or blocked purchases
2026-10-04T15:25:42.9192469Z   ---
2026-10-04T15:25:42.9192977Z   duration_ms: 176.270449
2026-10-04T15:25:42.9194046Z   type: 'test'
2026-10-04T15:25:42.9194497Z   ...
2026-10-04T15:25:42.9195564Z # Subtest: daily schedules complete home, work, shop and courier loops regardless of visible distance or indoor context
2026-10-04T15:25:42.9197406Z ok 85 - daily schedules complete home, work, shop and courier loops regardless of visible distance or indoor context
2026-10-04T15:25:42.9198535Z   ---
2026-10-04T15:25:42.9199031Z   duration_ms: 518.286753
2026-10-04T15:25:42.9199593Z   type: 'test'
2026-10-04T15:25:42.9200091Z   ...
2026-10-04T15:25:42.9201335Z # Subtest: fixed economic ticks and persisted paths resume deterministically without repeating wages or deliveries
2026-10-04T15:25:42.9203652Z ok 86 - fixed economic ticks and persisted paths resume deterministically without repeating wages or deliveries
2026-10-04T15:25:42.9205093Z   ---
2026-10-04T15:25:42.9205663Z   duration_ms: 621.142216
2026-10-04T15:25:42.9206299Z   type: 'test'
2026-10-04T15:25:42.9206877Z   ...
2026-10-04T15:25:42.9208231Z # Subtest: corrupt or foreign snapshots cannot mint stock, money, arbitrary positions or orphan delivery payouts
2026-10-04T15:25:42.9210243Z ok 87 - corrupt or foreign snapshots cannot mint stock, money, arbitrary positions or orphan delivery payouts
2026-10-04T15:25:42.9211440Z   ---
2026-10-04T15:25:42.9212010Z   duration_ms: 160.691075
2026-10-04T15:25:42.9212766Z   type: 'test'
2026-10-04T15:25:42.9213297Z   ...
2026-10-04T15:25:42.9214436Z # Subtest: warehouse commutes board real moving trams and physically alight onto legal final pavement routes
2026-10-04T15:25:42.9216085Z ok 88 - warehouse commutes board real moving trams and physically alight onto legal final pavement routes
2026-10-04T15:25:42.9217245Z   ---
2026-10-04T15:25:42.9217828Z   duration_ms: 1040.644253
2026-10-04T15:25:42.9218501Z   type: 'test'
2026-10-04T15:25:42.9219078Z   ...
2026-10-04T15:25:42.9220353Z # Subtest: renderer streams at most twelve detailed instances while presentation never advances city state
2026-10-04T15:25:42.9222462Z ok 89 - renderer streams at most twelve detailed instances while presentation never advances city state
2026-10-04T15:25:42.9223571Z   ---
2026-10-04T15:25:42.9224133Z   duration_ms: 506.668936
2026-10-04T15:25:42.9224799Z   type: 'test'
2026-10-04T15:25:42.9225366Z   ...
2026-10-04T15:25:42.9226651Z # Subtest: restoring real in-flight fleet tickets preserves boarding, cargo and deterministic continuation
2026-10-04T15:25:42.9228575Z ok 90 - restoring real in-flight fleet tickets preserves boarding, cargo and deterministic continuation
2026-10-04T15:25:42.9229607Z   ---
2026-10-04T15:25:42.9230131Z   duration_ms: 814.831309
2026-10-04T15:25:42.9230702Z   type: 'test'
2026-10-04T15:25:42.9231213Z   ...
2026-10-04T15:25:42.9232595Z # Subtest: rewinding display time never repeats an elapsed wage slot or changes the money supply
2026-10-04T15:25:42.9234123Z ok 91 - rewinding display time never repeats an elapsed wage slot or changes the money supply
2026-10-04T15:25:42.9235204Z   ---
2026-10-04T15:25:42.9235775Z   duration_ms: 107.536828
2026-10-04T15:25:42.9236402Z   type: 'test'
2026-10-04T15:25:42.9236952Z   ...
2026-10-04T15:25:42.9238285Z # Subtest: player buys an actual stocked portion only from the staffed counter and game-owned cash funds the shop
2026-10-04T15:25:42.9240271Z ok 92 - player buys an actual stocked portion only from the staffed counter and game-owned cash funds the shop
2026-10-04T15:25:42.9241444Z   ---
2026-10-04T15:25:42.9242016Z   duration_ms: 450.656863
2026-10-04T15:25:42.9242735Z   type: 'test'
2026-10-04T15:25:42.9243284Z   ...
2026-10-04T15:25:42.9244452Z # Subtest: remote, unfunded, unstaffed, closed and sold-out retail requests never debit the game wallet
2026-10-04T15:25:42.9246302Z ok 93 - remote, unfunded, unstaffed, closed and sold-out retail requests never debit the game wallet
2026-10-04T15:25:42.9247433Z   ---
2026-10-04T15:25:42.9248004Z   duration_ms: 269.060815
2026-10-04T15:25:42.9248631Z   type: 'test'
2026-10-04T15:25:42.9249178Z   ...
2026-10-04T15:25:42.9250450Z # Subtest: runtime traffic clock controls crossing permission independently of persisted economic days
2026-10-04T15:25:42.9252422Z ok 94 - runtime traffic clock controls crossing permission independently of persisted economic days
2026-10-04T15:25:42.9253608Z   ---
2026-10-04T15:25:42.9254184Z   duration_ms: 242.046845
2026-10-04T15:25:42.9254757Z   type: 'test'
2026-10-04T15:25:42.9255271Z   ...
2026-10-04T15:25:42.9256413Z # Subtest: integrated E retail changes the sole game wallet and a saved inventory restores alongside its ledger
2026-10-04T15:25:42.9257986Z ok 95 - integrated E retail changes the sole game wallet and a saved inventory restores alongside its ledger
2026-10-04T15:25:42.9258977Z   ---
2026-10-04T15:25:42.9259508Z   duration_ms: 8933.353451
2026-10-04T15:25:42.9260264Z   type: 'test'
2026-10-04T15:25:42.9260800Z   ...
2026-10-04T15:25:42.9705252Z # Subtest: opposite-shore landmarks retain contrast across the full public harbour view
2026-10-04T15:25:42.9707036Z ok 96 - opposite-shore landmarks retain contrast across the full public harbour view
2026-10-04T15:25:42.9707953Z   ---
2026-10-04T15:25:42.9708469Z   duration_ms: 2.243731
2026-10-04T15:25:42.9709026Z   type: 'test'
2026-10-04T15:25:42.9709521Z   ...
2026-10-04T15:25:42.9710639Z # Subtest: water variants keep independent clocks, shared programs and working cloned shader hooks
2026-10-04T15:25:42.9712433Z ok 97 - water variants keep independent clocks, shared programs and working cloned shader hooks
2026-10-04T15:25:42.9713460Z   ---
2026-10-04T15:25:42.9713971Z   duration_ms: 2.082649
2026-10-04T15:25:42.9714533Z   type: 'test'
2026-10-04T15:25:42.9715043Z   ...
2026-10-04T15:25:42.9716121Z # Subtest: urban finishes separate dielectric glazing, rough mineral surfaces and metal frames
2026-10-04T15:25:42.9717749Z ok 98 - urban finishes separate dielectric glazing, rough mineral surfaces and metal frames
2026-10-04T15:25:42.9718765Z   ---
2026-10-04T15:25:42.9719267Z   duration_ms: 53.148583
2026-10-04T15:25:42.9719867Z   type: 'test'
2026-10-04T15:25:42.9720382Z   ...
2026-10-04T15:27:10.4879120Z # Subtest: normal city play boards bus, walks both decks, travels and alights at another physical stop
2026-10-04T15:27:10.4880378Z ok 99 - normal city play boards bus, walks both decks, travels and alights at another physical stop
2026-10-04T15:27:10.4880981Z   ---
2026-10-04T15:27:10.4881410Z   duration_ms: 10893.744455
2026-10-04T15:27:10.4881777Z   type: 'test'
2026-10-04T15:27:10.4882051Z   ...
2026-10-04T15:27:10.4885885Z # Subtest: normal city play boards tram, walks both decks, travels and alights at another physical stop
2026-10-04T15:27:10.4886976Z ok 100 - normal city play boards tram, walks both decks, travels and alights at another physical stop
2026-10-04T15:27:10.4891158Z   ---
2026-10-04T15:27:10.4891908Z   duration_ms: 18691.18919
2026-10-04T15:27:10.4892725Z   type: 'test'
2026-10-04T15:27:10.4893315Z   ...
2026-10-04T15:27:10.4894196Z # Subtest: normal city play boards ferry, walks both decks, travels and alights at another physical stop
2026-10-04T15:27:10.4895444Z ok 101 - normal city play boards ferry, walks both decks, travels and alights at another physical stop
2026-10-04T15:27:10.4896222Z   ---
2026-10-04T15:27:10.4896562Z   duration_ms: 19858.382569
2026-10-04T15:27:10.4896967Z   type: 'test'
2026-10-04T15:27:10.4897282Z   ...
2026-10-04T15:27:10.4898090Z # Subtest: interior visits preserve street traffic, sample service clocks and resident phases
2026-10-04T15:27:10.4899307Z ok 102 - interior visits preserve street traffic, sample service clocks and resident phases
2026-10-04T15:27:10.4900042Z   ---
2026-10-04T15:27:10.4900374Z   duration_ms: 1836.730446
2026-10-04T15:27:10.4900763Z   type: 'test'
2026-10-04T15:27:10.4901084Z   ...
2026-10-04T15:27:10.4901984Z # Subtest: safeSave restores real commuting tickets, economic paths and delayed dwell before another tick
2026-10-04T15:27:10.4903492Z ok 103 - safeSave restores real commuting tickets, economic paths and delayed dwell before another tick
2026-10-04T15:27:10.4904345Z   ---
2026-10-04T15:27:10.4904688Z   duration_ms: 38941.734224
2026-10-04T15:27:10.4905030Z   type: 'test'
2026-10-04T15:27:10.4905363Z   ...
2026-10-04T15:27:10.4906079Z # Subtest: fresh binding and malformed saved sample fields leave finite clean street state
2026-10-04T15:27:10.4907221Z ok 104 - fresh binding and malformed saved sample fields leave finite clean street state
2026-10-04T15:27:10.4907893Z   ---
2026-10-04T15:27:10.4908182Z   duration_ms: 2810.706447
2026-10-04T15:27:10.4908531Z   type: 'test'
2026-10-04T15:27:10.4908819Z   ...
2026-10-04T15:27:10.4909562Z # Subtest: fixed simulation and render updates remain separate, with bounded collector-height tram wires
2026-10-04T15:27:10.4910963Z ok 105 - fixed simulation and render updates remain separate, with bounded collector-height tram wires
2026-10-04T15:27:10.4911680Z   ---
2026-10-04T15:27:10.4912002Z   duration_ms: 4275.066281
2026-10-04T15:27:10.4912579Z   type: 'test'
2026-10-04T15:27:10.4912901Z   ...
2026-10-04T15:27:10.4914004Z # Subtest: a restored south-shore signal clock controls real cars, rendered lights and crossing residents while north traffic keeps its original clock
2026-10-04T15:27:10.4915832Z ok 106 - a restored south-shore signal clock controls real cars, rendered lights and crossing residents while north traffic keeps its original clock
2026-10-04T15:27:10.4916792Z   ---
2026-10-04T15:27:10.4917116Z   duration_ms: 245.125895
2026-10-04T15:27:10.4917480Z   type: 'test'
2026-10-04T15:27:10.4917800Z   ...
2026-10-04T15:27:10.4918637Z # Subtest: ordinary city steps yield the long bus to a real resident already crossing, including after save/load
2026-10-04T15:27:10.4919839Z ok 107 - ordinary city steps yield the long bus to a real resident already crossing, including after save/load
2026-10-04T15:27:10.4920554Z   ---
2026-10-04T15:27:10.4920874Z   duration_ms: 3784.274345
2026-10-04T15:27:10.4921249Z   type: 'test'
2026-10-04T15:27:10.4921552Z   ...
2026-10-04T15:27:10.5363867Z # Subtest: harbor towers occupy land behind a continuous shore and have authored geometric crowns
2026-10-04T15:27:10.5365954Z ok 108 - harbor towers occupy land behind a continuous shore and have authored geometric crowns
2026-10-04T15:27:10.5366805Z   ---
2026-10-04T15:27:10.5367165Z   duration_ms: 25.701025
2026-10-04T15:27:10.5367585Z   type: 'test'
2026-10-04T15:27:10.5367903Z   ...
2026-10-04T15:27:10.5368739Z # Subtest: the actual eye-level promenade camera sees multiple distinct towers across open water
2026-10-04T15:27:10.5370038Z ok 109 - the actual eye-level promenade camera sees multiple distinct towers across open water
2026-10-04T15:27:10.5370873Z   ---
2026-10-04T15:27:10.5371232Z   duration_ms: 74.103137
2026-10-04T15:27:10.5371641Z   type: 'test'
2026-10-04T15:27:10.5372664Z   ...
2026-10-04T15:27:10.5373510Z # Subtest: all three harbor viewpoints are reached on existing real pavement with the full player radius
2026-10-04T15:27:10.5374793Z ok 110 - all three harbor viewpoints are reached on existing real pavement with the full player radius
2026-10-04T15:27:10.5375536Z   ---
2026-10-04T15:27:10.5375857Z   duration_ms: 312.173082
2026-10-04T15:27:10.5376226Z   type: 'test'
2026-10-04T15:27:10.5376521Z   ...
2026-10-04T15:27:10.5377367Z # Subtest: walking inland across the former support edge stays on the rendered shore and mountain triangles
2026-10-04T15:27:10.5378800Z ok 111 - walking inland across the former support edge stays on the rendered shore and mountain triangles
2026-10-04T15:27:10.5379617Z   ---
2026-10-04T15:27:10.5379965Z   duration_ms: 390.664909
2026-10-04T15:27:10.5380371Z   type: 'test'
2026-10-04T15:27:10.5380713Z   ...
2026-10-04T15:27:10.5381671Z # Subtest: view distance streams and disposes real facade details without changing skyline massing or quality
2026-10-04T15:27:10.5383239Z ok 112 - view distance streams and disposes real facade details without changing skyline massing or quality
2026-10-04T15:27:10.5384079Z   ---
2026-10-04T15:27:10.5384436Z   duration_ms: 37.604862
2026-10-04T15:27:10.5384843Z   type: 'test'
2026-10-04T15:27:10.5385199Z   ...
2026-10-04T15:27:10.5386038Z # Subtest: small window bays use metre UVs and sparse office lights follow the world clock
2026-10-04T15:27:10.5387194Z ok 113 - small window bays use metre UVs and sparse office lights follow the world clock
2026-10-04T15:27:10.5387858Z   ---
2026-10-04T15:27:10.5388209Z   duration_ms: 22.551695
2026-10-04T15:27:10.5388620Z   type: 'test'
2026-10-04T15:27:10.5388967Z   ...
2026-10-04T15:27:10.5389808Z # Subtest: shared shore support ends at the visible coastline and preserves water outside it
2026-10-04T15:27:10.5391073Z ok 114 - shared shore support ends at the visible coastline and preserves water outside it
2026-10-04T15:27:10.5391840Z   ---
2026-10-04T15:27:10.5392195Z   duration_ms: 2.438558
2026-10-04T15:27:10.5392935Z   type: 'test'
2026-10-04T15:27:10.5393294Z   ...
2026-10-04T15:27:10.5394219Z # Subtest: client and multiplayer server support match raycast triangles on both sides of ridge diagonals
2026-10-04T15:27:10.5395665Z ok 115 - client and multiplayer server support match raycast triangles on both sides of ridge diagonals
2026-10-04T15:27:10.5396509Z   ---
2026-10-04T15:27:10.5396858Z   duration_ms: 269.360549
2026-10-04T15:27:10.5397284Z   type: 'test'
2026-10-04T15:27:10.5397618Z   ...
2026-10-04T15:27:10.5398574Z # Subtest: multiplayer support retains reachable infrastructure decks and the road beneath an underpass
2026-10-04T15:27:10.5400043Z ok 116 - multiplayer support retains reachable infrastructure decks and the road beneath an underpass
2026-10-04T15:27:10.5400887Z   ---
2026-10-04T15:27:10.5401232Z   duration_ms: 0.420832
2026-10-04T15:27:10.5401641Z   type: 'test'
2026-10-04T15:27:10.5401992Z   ...
2026-10-04T15:27:10.5403043Z # Subtest: every original service fits its existing street or water corridor for a whole circuit
2026-10-04T15:27:10.5404351Z ok 117 - every original service fits its existing street or water corridor for a whole circuit
2026-10-04T15:27:10.5405130Z   ---
2026-10-04T15:27:10.5405484Z   duration_ms: 1366.413698
2026-10-04T15:27:10.5405898Z   type: 'test'
2026-10-04T15:27:10.5406246Z   ...
2026-10-04T15:27:10.5407197Z # Subtest: bus: walk through the boarding door, upstairs, along the upper aisle and back downstairs
2026-10-04T15:27:10.5408433Z ok 118 - bus: walk through the boarding door, upstairs, along the upper aisle and back downstairs
2026-10-04T15:27:10.5409236Z   ---
2026-10-04T15:27:10.5409569Z   duration_ms: 104.938324
2026-10-04T15:27:10.5409932Z   type: 'test'
2026-10-04T15:27:10.5410222Z   ...
2026-10-04T15:27:10.5411017Z # Subtest: tram: walk through the boarding door, upstairs, along the upper aisle and back downstairs
2026-10-04T15:27:10.5412193Z ok 119 - tram: walk through the boarding door, upstairs, along the upper aisle and back downstairs
2026-10-04T15:27:10.5413283Z   ---
2026-10-04T15:27:10.5413612Z   duration_ms: 106.092585
2026-10-04T15:27:10.5414025Z   type: 'test'
2026-10-04T15:27:10.5414381Z   ...
2026-10-04T15:27:10.5415237Z # Subtest: ferry: walk through the boarding door, upstairs, along the upper aisle and back downstairs
2026-10-04T15:27:10.5416542Z ok 120 - ferry: walk through the boarding door, upstairs, along the upper aisle and back downstairs
2026-10-04T15:27:10.5417329Z   ---
2026-10-04T15:27:10.5417687Z   duration_ms: 159.426128
2026-10-04T15:27:10.5418089Z   type: 'test'
2026-10-04T15:27:10.5418428Z   ...
2026-10-04T15:27:10.5419341Z # Subtest: passenger seats, closed doors and end walls reject movement rather than pinning the passenger
2026-10-04T15:27:10.5420744Z ok 121 - passenger seats, closed doors and end walls reject movement rather than pinning the passenger
2026-10-04T15:27:10.5421549Z   ---
2026-10-04T15:27:10.5421901Z   duration_ms: 11.82464
2026-10-04T15:27:10.5422555Z   type: 'test'
2026-10-04T15:27:10.5422945Z   ...
2026-10-04T15:27:10.5423689Z # Subtest: ten minutes of independent timetables keep bus and tram bodies apart
2026-10-04T15:27:10.5424750Z ok 122 - ten minutes of independent timetables keep bus and tram bodies apart
2026-10-04T15:27:10.5425414Z   ---
2026-10-04T15:27:10.5425749Z   duration_ms: 644.410161
2026-10-04T15:27:10.5426168Z   type: 'test'
2026-10-04T15:27:10.5426501Z   ...
2026-10-04T15:27:10.5427294Z # Subtest: external traffic stops the bus before contact and the delayed timetable resumes
2026-10-04T15:27:10.5428494Z ok 123 - external traffic stops the bus before contact and the delayed timetable resumes
2026-10-04T15:27:10.5429229Z   ---
2026-10-04T15:27:10.5429575Z   duration_ms: 37.408909
2026-10-04T15:27:10.5429978Z   type: 'test'
2026-10-04T15:27:10.5430318Z   ...
2026-10-04T15:27:10.5431179Z # Subtest: saving restores stop dwell and delayed schedules without placing a load inside a vehicle
2026-10-04T15:27:10.5432692Z ok 124 - saving restores stop dwell and delayed schedules without placing a load inside a vehicle
2026-10-04T15:27:10.5433704Z   ---
2026-10-04T15:27:10.5434066Z   duration_ms: 29.121879
2026-10-04T15:27:10.5434478Z   type: 'test'
2026-10-04T15:27:10.5434843Z   ...
2026-10-04T15:27:10.5435697Z # Subtest: citizens board a real stop, travel in the moving cabin and alight at a different stop
2026-10-04T15:27:10.5436986Z ok 125 - citizens board a real stop, travel in the moving cabin and alight at a different stop
2026-10-04T15:27:10.5437772Z   ---
2026-10-04T15:27:10.5438121Z   duration_ms: 76.097913
2026-10-04T15:27:10.5438536Z   type: 'test'
2026-10-04T15:27:10.5438908Z   ...
2026-10-04T15:27:10.5439684Z # Subtest: a saved boarding token, door hold and citizen cabin pose continue after load
2026-10-04T15:27:10.5440975Z ok 126 - a saved boarding token, door hold and citizen cabin pose continue after load
2026-10-04T15:27:10.5441718Z   ---
2026-10-04T15:27:10.5442074Z   duration_ms: 25.57094
2026-10-04T15:27:10.5442584Z   type: 'test'
2026-10-04T15:27:10.5442942Z   ...
2026-10-04T15:27:10.5443910Z # Subtest: both ferry piers can be walked from real street height over the sea wall and match rendered support
2026-10-04T15:27:10.5445397Z ok 127 - both ferry piers can be walked from real street height over the sea wall and match rendered support
2026-10-04T15:27:10.5446256Z   ---
2026-10-04T15:27:10.5446608Z   duration_ms: 1564.455953
2026-10-04T15:27:10.5447033Z   type: 'test'
2026-10-04T15:27:10.5447380Z   ...
2026-10-04T15:27:10.5448487Z # Subtest: sixteen static batches retain all 101 original transforms, materials and shadow flags with independent bank bounds
2026-10-04T15:27:10.5450229Z ok 128 - sixteen static batches retain all 101 original transforms, materials and shadow flags with independent bank bounds
2026-10-04T15:27:10.5451198Z   ---
2026-10-04T15:27:10.5451558Z   duration_ms: 34.203608
2026-10-04T15:27:10.5451962Z   type: 'test'
2026-10-04T15:27:10.5452440Z   ...
2026-10-04T15:27:10.5453470Z # Subtest: static instances stay shared while ferry gangways, eleven canvas signs and the live fleet remain independent
2026-10-04T15:27:10.5455260Z ok 129 - static instances stay shared while ferry gangways, eleven canvas signs and the live fleet remain independent
2026-10-04T15:27:10.5456158Z   ---
2026-10-04T15:27:10.5456505Z   duration_ms: 88.3737
2026-10-04T15:27:10.5456886Z   type: 'test'
2026-10-04T15:27:10.5457229Z   ...
2026-10-04T15:27:10.5458191Z # Subtest: bus at its actual eight-metre curb lane brakes before red, restores its queue and resumes on green
2026-10-04T15:27:10.5459656Z ok 130 - bus at its actual eight-metre curb lane brakes before red, restores its queue and resumes on green
2026-10-04T15:27:10.5460513Z   ---
2026-10-04T15:27:10.5460860Z   duration_ms: 30.009594
2026-10-04T15:27:10.5461277Z   type: 'test'
2026-10-04T15:27:10.5461626Z   ...
2026-10-04T15:27:10.5462731Z # Subtest: tram at its actual eight-metre curb lane brakes before red, restores its queue and resumes on green
2026-10-04T15:27:10.5464218Z ok 131 - tram at its actual eight-metre curb lane brakes before red, restores its queue and resumes on green
2026-10-04T15:27:10.5465080Z   ---
2026-10-04T15:27:10.5465430Z   duration_ms: 29.898454
2026-10-04T15:27:10.5465851Z   type: 'test'
2026-10-04T15:27:10.5466203Z   ...
2026-10-04T15:27:10.5467034Z # Subtest: a vehicle already admitted through green clears a newly red junction after save/load
2026-10-04T15:27:10.5468318Z ok 132 - a vehicle already admitted through green clears a newly red junction after save/load
2026-10-04T15:27:10.5469021Z   ---
2026-10-04T15:27:10.5469336Z   duration_ms: 34.647345
2026-10-04T15:27:10.5469718Z   type: 'test'
2026-10-04T15:27:10.5470004Z   ...
2026-10-04T15:27:10.5470910Z # Subtest: the shared pedestrian stop-distance hook protects the bus front, persists its wait and excludes the ferry
2026-10-04T15:27:10.5472683Z ok 133 - the shared pedestrian stop-distance hook protects the bus front, persists its wait and excludes the ferry
2026-10-04T15:27:10.5473629Z   ---
2026-10-04T15:27:10.5473989Z   duration_ms: 55.492237
2026-10-04T15:27:10.5474416Z   type: 'test'
2026-10-04T15:27:10.5474977Z   ...
2026-10-04T15:27:10.5475933Z # Subtest: harbor assets have finite geometry and actual closed/open bounds inside their metre envelopes
2026-10-04T15:27:10.5477369Z ok 134 - harbor assets have finite geometry and actual closed/open bounds inside their metre envelopes
2026-10-04T15:27:10.5478217Z   ---
2026-10-04T15:27:10.5478566Z   duration_ms: 1373.999274
2026-10-04T15:27:10.5478990Z   type: 'test'
2026-10-04T15:27:10.5479338Z   ...
2026-10-04T15:27:10.5480263Z # Subtest: both decks, all portals and stair landings remain reachable by the declared passenger capsule
2026-10-04T15:27:10.5481696Z ok 135 - both decks, all portals and stair landings remain reachable by the declared passenger capsule
2026-10-04T15:27:10.5482671Z   ---
2026-10-04T15:27:10.5483021Z   duration_ms: 10.475473
2026-10-04T15:27:10.5483433Z   type: 'test'
2026-10-04T15:27:10.5483784Z   ...
2026-10-04T15:27:10.5484602Z # Subtest: open doorway geometry clears a full body at both jambs, and closed leaves block passage
2026-10-04T15:27:10.5485922Z ok 136 - open doorway geometry clears a full body at both jambs, and closed leaves block passage
2026-10-04T15:27:10.5486704Z   ---
2026-10-04T15:27:10.5487055Z   duration_ms: 602.522331
2026-10-04T15:27:10.5487474Z   type: 'test'
2026-10-04T15:27:10.5487820Z   ...
2026-10-04T15:27:10.5488689Z # Subtest: actual stair mesh and ceilings leave standing headroom across the entire companionway
2026-10-04T15:27:10.5490015Z ok 137 - actual stair mesh and ceilings leave standing headroom across the entire companionway
2026-10-04T15:27:10.5490801Z   ---
2026-10-04T15:27:10.5491173Z   duration_ms: 2309.257956
2026-10-04T15:27:10.5491594Z   type: 'test'
2026-10-04T15:27:10.5491941Z   ...
2026-10-04T15:27:10.5492953Z # Subtest: ferry support and side collision narrow with its bow rather than exposing square deck overhangs
2026-10-04T15:27:10.5494321Z ok 138 - ferry support and side collision narrow with its bow rather than exposing square deck overhangs
2026-10-04T15:27:10.5495362Z   ---
2026-10-04T15:27:10.5495732Z   duration_ms: 1.010302
2026-10-04T15:27:10.5496148Z   type: 'test'
2026-10-04T15:27:10.5496503Z   ...
2026-10-04T15:27:10.5497576Z # Subtest: LOD budgets, original provenance and material response are explicit and lighting updates are instance-local
2026-10-04T15:27:10.5499252Z ok 139 - LOD budgets, original provenance and material response are explicit and lighting updates are instance-local
2026-10-04T15:27:10.5500201Z   ---
2026-10-04T15:27:10.5500551Z   duration_ms: 30.811502
2026-10-04T15:27:10.5500973Z   type: 'test'
2026-10-04T15:27:10.5501321Z   ...
2026-10-04T15:27:10.5502465Z # Subtest: instance disposal is idempotent and preserves shared geometry used by remaining vehicles and all LODs
2026-10-04T15:27:10.5504057Z ok 140 - instance disposal is idempotent and preserves shared geometry used by remaining vehicles and all LODs
2026-10-04T15:27:10.5504954Z   ---
2026-10-04T15:27:10.5505304Z   duration_ms: 25.451756
2026-10-04T15:27:10.5505727Z   type: 'test'
2026-10-04T15:27:10.5506086Z   ...
2026-10-04T15:27:10.5506865Z # Subtest: closed cabin actually blocks the former gap above the door leaves
2026-10-04T15:27:10.5507906Z ok 141 - closed cabin actually blocks the former gap above the door leaves
2026-10-04T15:27:10.5508578Z   ---
2026-10-04T15:27:10.5508937Z   duration_ms: 144.928292
2026-10-04T15:27:10.5509332Z   type: 'test'
2026-10-04T15:27:10.5509717Z   ...
2026-10-04T15:27:10.5510540Z # Subtest: cabin occlusion follows actual camera bounds and restores city before doors open
2026-10-04T15:27:10.5511788Z ok 142 - cabin occlusion follows actual camera bounds and restores city before doors open
2026-10-04T15:27:10.5512713Z   ---
2026-10-04T15:27:10.5513070Z   duration_ms: 2383.318279
2026-10-04T15:27:10.5513492Z   type: 'test'
2026-10-04T15:27:10.5513845Z   ...
2026-10-04T15:27:10.5514747Z # Subtest: ordinary third-person camera retracts behind the safety door throughout the high lift ride
2026-10-04T15:27:10.5516349Z ok 143 - ordinary third-person camera retracts behind the safety door throughout the high lift ride
2026-10-04T15:27:10.5517201Z   ---
2026-10-04T15:27:10.5517568Z   duration_ms: 141.03221
2026-10-04T15:27:10.5517980Z   type: 'test'
2026-10-04T15:27:10.5518335Z   ...
2026-10-04T15:27:10.5519188Z # Subtest: moving lift carries the normal low-pitch camera at 60 Hz without a floor-level view
2026-10-04T15:27:10.5520473Z ok 144 - moving lift carries the normal low-pitch camera at 60 Hz without a floor-level view
2026-10-04T15:27:10.5521238Z   ---
2026-10-04T15:27:10.5521600Z   duration_ms: 91.369162
2026-10-04T15:27:10.5522010Z   type: 'test'
2026-10-04T15:27:10.5522519Z   ...
2026-10-04T15:27:10.5523266Z # Subtest: moving lift carries the normal low-pitch camera at 4 Hz without a floor-level view
2026-10-04T15:27:10.5524457Z ok 145 - moving lift carries the normal low-pitch camera at 4 Hz without a floor-level view
2026-10-04T15:27:10.5525111Z   ---
2026-10-04T15:27:10.5525432Z   duration_ms: 25.627722
2026-10-04T15:27:10.5525786Z   type: 'test'
2026-10-04T15:27:10.5526105Z   ...
2026-10-04T15:27:10.5526766Z # Subtest: west-link: a pedestrian walks up, across and down without height mutation
2026-10-04T15:27:10.5527897Z ok 146 - west-link: a pedestrian walks up, across and down without height mutation
2026-10-04T15:27:10.5528525Z   ---
2026-10-04T15:27:10.5528884Z   duration_ms: 1475.396042
2026-10-04T15:27:10.5529323Z   type: 'test'
2026-10-04T15:27:10.5529633Z   ...
2026-10-04T15:27:10.5530252Z # {"maximum":8,"maximumStep":0.010181811998556611,"seconds":87.48333333332965}
2026-10-04T15:27:10.5531200Z # Subtest: west-link: a car drives both ramps and saves on a safe ground entrance
2026-10-04T15:27:10.5532393Z ok 147 - west-link: a car drives both ramps and saves on a safe ground entrance
2026-10-04T15:27:10.5533085Z   ---
2026-10-04T15:27:10.5533448Z   duration_ms: 1220.41967
2026-10-04T15:27:10.5533854Z   type: 'test'
2026-10-04T15:27:10.5534204Z   ...
2026-10-04T15:27:10.5534928Z # {"maximum":8.001,"maximumStep":0.04337433879758379,"seconds":21.883333333333372}
2026-10-04T15:27:10.5536252Z # Subtest: east-link: a pedestrian walks up, across and down without height mutation
2026-10-04T15:27:10.5537370Z ok 148 - east-link: a pedestrian walks up, across and down without height mutation
2026-10-04T15:27:10.5538079Z   ---
2026-10-04T15:27:10.5538443Z   duration_ms: 1299.623736
2026-10-04T15:27:10.5538873Z   type: 'test'
2026-10-04T15:27:10.5539224Z   ...
2026-10-04T15:27:10.5539928Z # {"maximum":9,"maximumStep":0.01049999775308752,"seconds":130.34999999999587}
2026-10-04T15:27:10.5541008Z # Subtest: east-link: a car drives both ramps and saves on a safe ground entrance
2026-10-04T15:27:10.5542092Z ok 149 - east-link: a car drives both ramps and saves on a safe ground entrance
2026-10-04T15:27:10.5542946Z   ---
2026-10-04T15:27:10.5543308Z   duration_ms: 1723.70571
2026-10-04T15:27:10.5543716Z   type: 'test'
2026-10-04T15:27:10.5544074Z   ...
2026-10-04T15:27:10.5544791Z # {"maximum":9.001,"maximumStep":0.0447177873670066,"seconds":31.983333333332798}
2026-10-04T15:27:10.5546050Z # Subtest: a pedestrian reaches the public freight-port promenade and walks back over the sea wall
2026-10-04T15:27:10.5547337Z ok 150 - a pedestrian reaches the public freight-port promenade and walks back over the sea wall
2026-10-04T15:27:10.5548134Z   ---
2026-10-04T15:27:10.5548487Z   duration_ms: 414.99224
2026-10-04T15:27:10.5548894Z   type: 'test'
2026-10-04T15:27:10.5549263Z   ...
2026-10-04T15:27:10.5550566Z # {"outbound":{"maximum":2.4,"maximumStep":0.017683754768263338,"seconds":16.95000000000032},"inbound":{"maximum":2.4,"maximumStep":0.017683754768263338,"seconds":16.933333333332374}}
2026-10-04T15:27:10.5551896Z # Subtest: cars cross below both flyovers without being lifted onto the deck
2026-10-04T15:27:10.5553027Z ok 151 - cars cross below both flyovers without being lifted onto the deck
2026-10-04T15:27:10.5553624Z   ---
2026-10-04T15:27:10.5553935Z   duration_ms: 75.023024
2026-10-04T15:27:10.5554316Z   type: 'test'
2026-10-04T15:27:10.5554648Z   ...
2026-10-04T15:27:10.5555786Z # Subtest: added piers and street equipment leave existing north-shore traffic crossings open
2026-10-04T15:27:10.5556949Z ok 152 - added piers and street equipment leave existing north-shore traffic crossings open
2026-10-04T15:27:10.5557647Z   ---
2026-10-04T15:27:10.5557960Z   duration_ms: 594.617645
2026-10-04T15:27:10.5558305Z   type: 'test'
2026-10-04T15:27:10.5558588Z   ...
2026-10-04T15:27:10.5559389Z # Subtest: every address has an explicit entrance, frontage, roof, and unique physical signature
2026-10-04T15:27:10.5560565Z ok 153 - every address has an explicit entrance, frontage, roof, and unique physical signature
2026-10-04T15:27:10.5561276Z   ---
2026-10-04T15:27:10.5561599Z   duration_ms: 1.852369
2026-10-04T15:27:10.5561966Z   type: 'test'
2026-10-04T15:27:10.5562478Z   ...
2026-10-04T15:27:10.5563280Z # Subtest: all 192 authored display fronts are visible chunk geometry and clear the central approach
2026-10-04T15:27:10.5564603Z ok 154 - all 192 authored display fronts are visible chunk geometry and clear the central approach
2026-10-04T15:27:10.5565338Z   ---
2026-10-04T15:27:10.5565641Z   duration_ms: 7.25862
2026-10-04T15:27:10.5565954Z   type: 'test'
2026-10-04T15:27:10.5566249Z   ...
2026-10-04T15:27:10.5567086Z # Subtest: shop lettering preserves its physical aspect ratio and uses ordinary UV projection
2026-10-04T15:27:10.5568358Z ok 155 - shop lettering preserves its physical aspect ratio and uses ordinary UV projection
2026-10-04T15:27:10.5569113Z   ---
2026-10-04T15:27:10.5569462Z   duration_ms: 100.953478
2026-10-04T15:27:10.5569859Z   type: 'test'
2026-10-04T15:27:10.5570207Z   ...
2026-10-04T15:27:10.5570911Z # Subtest: upper facade ribs do not obscure retail signs or the entrance canopy
2026-10-04T15:27:10.5571909Z ok 156 - upper facade ribs do not obscure retail signs or the entrance canopy
2026-10-04T15:27:10.5572695Z   ---
2026-10-04T15:27:10.5573036Z   duration_ms: 16.95822
2026-10-04T15:27:10.5573415Z   type: 'test'
2026-10-04T15:27:10.5574004Z   ...
2026-10-04T15:27:10.5574809Z # Subtest: retail counters and collision agree at adult scale, with small goods resting on top
2026-10-04T15:27:10.5575999Z ok 157 - retail counters and collision agree at adult scale, with small goods resting on top
2026-10-04T15:27:10.5576755Z   ---
2026-10-04T15:27:10.5577109Z   duration_ms: 51.390507
2026-10-04T15:27:10.5577491Z   type: 'test'
2026-10-04T15:27:10.5577838Z   ...
2026-10-04T15:27:10.5578563Z # Subtest: human-scale motifs and curved components survive actual chunk export
2026-10-04T15:27:10.5579602Z ok 158 - human-scale motifs and curved components survive actual chunk export
2026-10-04T15:27:10.5580249Z   ---
2026-10-04T15:27:10.5580583Z   duration_ms: 323.840474
2026-10-04T15:27:10.5580985Z   type: 'test'
2026-10-04T15:27:10.5581326Z   ...
2026-10-04T15:27:10.5582120Z # Subtest: additional architectural detail stays streamed and within bounded chunk budgets
2026-10-04T15:27:10.5583416Z ok 159 - additional architectural detail stays streamed and within bounded chunk budgets
2026-10-04T15:27:10.5584167Z   ---
2026-10-04T15:27:10.5584473Z   duration_ms: 31.294628
2026-10-04T15:27:10.5584835Z   type: 'test'
2026-10-04T15:27:10.5585101Z   ...
2026-10-04T15:27:10.5585857Z # Subtest: architectural refinement retains the full wide lobby approach at every address
2026-10-04T15:27:10.5586980Z ok 160 - architectural refinement retains the full wide lobby approach at every address
2026-10-04T15:27:10.5587544Z   ---
2026-10-04T15:27:10.5587788Z   duration_ms: 14.487534
2026-10-04T15:27:10.5588049Z   type: 'test'
2026-10-04T15:27:10.5588245Z   ...
2026-10-04T15:27:10.5588666Z # Subtest: address-specific sign materials are disposed along with their streamed district
2026-10-04T15:27:10.5589294Z ok 161 - address-specific sign materials are disposed along with their streamed district
2026-10-04T15:27:10.5589691Z   ---
2026-10-04T15:27:10.5589880Z   duration_ms: 140.313912
2026-10-04T15:27:10.5590101Z   type: 'test'
2026-10-04T15:27:10.5590303Z   ...
2026-10-04T15:27:10.5590862Z # Subtest: an underpass and its upper carriageway stay independent at the same x/z
2026-10-04T15:27:10.5591436Z ok 162 - an underpass and its upper carriageway stay independent at the same x/z
2026-10-04T15:27:10.5591796Z   ---
2026-10-04T15:27:10.5591998Z   duration_ms: 9.894827
2026-10-04T15:27:10.5592218Z   type: 'test'
2026-10-04T15:27:10.5592603Z   ...
2026-10-04T15:27:10.5593101Z # Subtest: both directions of both ramps support a continuous pedestrian journey without an elevation snap
2026-10-04T15:27:10.5593831Z ok 163 - both directions of both ramps support a continuous pedestrian journey without an elevation snap
2026-10-04T15:27:10.5594267Z   ---
2026-10-04T15:27:10.5594476Z   duration_ms: 600.248708
2026-10-04T15:27:10.5594710Z   type: 'test'
2026-10-04T15:27:10.5594914Z   ...
2026-10-04T15:27:10.5595406Z # Subtest: four-wheel car support follows both complete flyovers without jumping level or striking a collider
2026-10-04T15:27:10.5596165Z ok 164 - four-wheel car support follows both complete flyovers without jumping level or striking a collider
2026-10-04T15:27:10.5596615Z   ---
2026-10-04T15:27:10.5596808Z   duration_ms: 841.663596
2026-10-04T15:27:10.5597035Z   type: 'test'
2026-10-04T15:27:10.5597227Z   ...
2026-10-04T15:27:10.5597706Z # Subtest: rendered carriageway tops agree with the analytical support profile to one centimetre
2026-10-04T15:27:10.5598388Z ok 165 - rendered carriageway tops agree with the analytical support profile to one centimetre
2026-10-04T15:27:10.5598793Z   ---
2026-10-04T15:27:10.5598980Z   duration_ms: 1.022114
2026-10-04T15:27:10.5599225Z   type: 'test'
2026-10-04T15:27:10.5599418Z   ...
2026-10-04T15:27:10.5599947Z # Subtest: cross-streets retain a clear path below the flyovers and bridge piers remain outside carriageways
2026-10-04T15:27:10.5600782Z ok 166 - cross-streets retain a clear path below the flyovers and bridge piers remain outside carriageways
2026-10-04T15:27:10.5601209Z   ---
2026-10-04T15:27:10.5601435Z   duration_ms: 27.050048
2026-10-04T15:27:10.5601903Z   type: 'test'
2026-10-04T15:27:10.5602176Z   ...
2026-10-04T15:27:10.5603055Z # Subtest: freight access rises continuously over the original seawall and reaches a real clear deck
2026-10-04T15:27:10.5604195Z ok 167 - freight access rises continuously over the original seawall and reaches a real clear deck
2026-10-04T15:27:10.5604879Z   ---
2026-10-04T15:27:10.5605182Z   duration_ms: 37.818232
2026-10-04T15:27:10.5605553Z   type: 'test'
2026-10-04T15:27:10.5605869Z   ...
2026-10-04T15:27:10.5606769Z # Subtest: station additions preserve every building entrance, transit entrance and ferry passage
2026-10-04T15:27:10.5607931Z ok 168 - station additions preserve every building entrance, transit entrance and ferry passage
2026-10-04T15:27:10.5608605Z   ---
2026-10-04T15:27:10.5608898Z   duration_ms: 10.916458
2026-10-04T15:27:10.5609267Z   type: 'test'
2026-10-04T15:27:10.5609592Z   ...
2026-10-04T15:27:10.5610410Z # Subtest: district culling hides distant detail while keeping local geometry and permanent collisions
2026-10-04T15:27:10.5611697Z ok 169 - district culling hides distant detail while keeping local geometry and permanent collisions
2026-10-04T15:27:10.5612644Z   ---
2026-10-04T15:27:10.5612979Z   duration_ms: 0.559149
2026-10-04T15:27:10.5613360Z   type: 'test'
2026-10-04T15:27:10.5613688Z   ...
2026-10-04T15:27:10.5614632Z # Subtest: entry signs face their approach routes and every sign has an opaque blank reverse
2026-10-04T15:27:10.5615768Z ok 170 - entry signs face their approach routes and every sign has an opaque blank reverse
2026-10-04T15:27:10.5616455Z   ---
2026-10-04T15:27:10.5616801Z   duration_ms: 37.613318
2026-10-04T15:27:10.5617182Z   type: 'test'
2026-10-04T15:27:10.5617518Z   ...
2026-10-04T15:27:10.5618369Z # Subtest: every one of 48 addresses has distinct furnished programmes, open entrances, and a walkable elevator route
2026-10-04T15:27:10.5619705Z ok 171 - every one of 48 addresses has distinct furnished programmes, open entrances, and a walkable elevator route
2026-10-04T15:27:10.5620543Z   ---
2026-10-04T15:27:10.5621034Z   duration_ms: 1112.722862
2026-10-04T15:27:10.5621436Z   type: 'test'
2026-10-04T15:27:10.5621753Z   ...
2026-10-04T15:27:10.5622909Z # Subtest: all natural floor plans keep furniture collision aligned with visible geometry and guard upper-floor edges
2026-10-04T15:27:10.5624243Z ok 172 - all natural floor plans keep furniture collision aligned with visible geometry and guard upper-floor edges
2026-10-04T15:27:10.5625159Z   ---
2026-10-04T15:27:10.5625512Z   duration_ms: 2389.441053
2026-10-04T15:27:10.5625875Z   type: 'test'
2026-10-04T15:27:10.5626148Z   ...
2026-10-04T15:27:10.5627019Z # Subtest: the tallest lift carries a boarded passenger continuously, closes its doors, and arrives clear of furniture
2026-10-04T15:27:10.5628621Z ok 173 - the tallest lift carries a boarded passenger continuously, closes its doors, and arrives clear of furniture
2026-10-04T15:27:10.5629166Z   ---
2026-10-04T15:27:10.5629363Z   duration_ms: 96.829468
2026-10-04T15:27:10.5629644Z   type: 'test'
2026-10-04T15:27:10.5629918Z   ...
2026-10-04T15:27:10.5630539Z # Subtest: elevator selection validates the passenger still occupies the physical cabin and forced leave clears a moving ride
2026-10-04T15:27:10.5631424Z ok 174 - elevator selection validates the passenger still occupies the physical cabin and forced leave clears a moving ride
2026-10-04T15:27:10.5631927Z   ---
2026-10-04T15:27:10.5632121Z   duration_ms: 34.723433
2026-10-04T15:27:10.5632576Z   type: 'test'
2026-10-04T15:27:10.5632868Z   ...
2026-10-04T15:27:10.5633730Z # Subtest: interiors use textured shared finishes but transparent local glazing, and refresh copied player snapshots
2026-10-04T15:27:10.5634628Z ok 175 - interiors use textured shared finishes but transparent local glazing, and refresh copied player snapshots
2026-10-04T15:27:10.5635102Z   ---
2026-10-04T15:27:10.5635291Z   duration_ms: 31.696655
2026-10-04T15:27:10.5635595Z   type: 'test'
2026-10-04T15:27:10.5635941Z   ...
2026-10-04T15:27:10.5637337Z # Subtest: entering and leaving rooms preserves the global point-light shader budget without changing outdoor daylight
2026-10-04T15:27:10.5639059Z ok 176 - entering and leaving rooms preserves the global point-light shader budget without changing outdoor daylight
2026-10-04T15:27:10.5640023Z   ---
2026-10-04T15:27:10.5640372Z   duration_ms: 25.035367
2026-10-04T15:27:10.5640776Z   type: 'test'
2026-10-04T15:27:10.5641124Z   ...
2026-10-04T15:27:10.5642146Z # Subtest: every natural stair flight carries ordinary walking up and down all occupied floors without teleporting
2026-10-04T15:27:10.5643874Z ok 177 - every natural stair flight carries ordinary walking up and down all occupied floors without teleporting
2026-10-04T15:27:10.5644789Z   ---
2026-10-04T15:27:10.5645137Z   duration_ms: 20156.13295
2026-10-04T15:27:10.5645569Z   type: 'test'
2026-10-04T15:27:10.5645880Z   ...
2026-10-04T15:27:10.5646650Z # Subtest: stair treads, nosings, landings and cutouts agree with continuous-world support geometry
2026-10-04T15:27:10.5648026Z ok 178 - stair treads, nosings, landings and cutouts agree with continuous-world support geometry
2026-10-04T15:27:10.5648736Z   ---
2026-10-04T15:27:10.5649056Z   duration_ms: 6198.052789
2026-10-04T15:27:10.5649432Z   type: 'test'
2026-10-04T15:27:10.5649759Z   ...
2026-10-04T15:27:10.5650558Z # Subtest: the upper stair opening guards its wrong end without a four-metre ground-height snap
2026-10-04T15:27:10.5651842Z ok 179 - the upper stair opening guards its wrong end without a four-metre ground-height snap
2026-10-04T15:27:10.5652715Z   ---
2026-10-04T15:27:10.5653042Z   duration_ms: 29.872688
2026-10-04T15:27:10.5653440Z   type: 'test'
2026-10-04T15:27:10.5653773Z   ...
2026-10-04T15:27:10.5654885Z # Subtest: hidden enclosed floors keep their collision and furnishings resident while the stair opening reveals adjacent floors
2026-10-04T15:27:10.5656392Z ok 180 - hidden enclosed floors keep their collision and furnishings resident while the stair opening reveals adjacent floors
2026-10-04T15:27:10.5657380Z   ---
2026-10-04T15:27:10.5657929Z   duration_ms: 12.751599
2026-10-04T15:27:10.5658327Z   type: 'test'
2026-10-04T15:27:10.5658656Z   ...
2026-10-04T15:27:10.5659454Z # Subtest: painted corridor ceilings sit below the stone slab above instead of exposing its underside
2026-10-04T15:27:10.5660679Z ok 181 - painted corridor ceilings sit below the stone slab above instead of exposing its underside
2026-10-04T15:27:10.5661106Z   ---
2026-10-04T15:27:10.5661305Z   duration_ms: 62.578415
2026-10-04T15:27:10.5661521Z   type: 'test'
2026-10-04T15:27:10.5661714Z   ...
2026-10-04T15:27:10.5662395Z # Subtest: occupied finishes retain matte microtexture and modest indirect light with the same two-point-light budget
2026-10-04T15:27:10.5663398Z ok 182 - occupied finishes retain matte microtexture and modest indirect light with the same two-point-light budget
2026-10-04T15:27:10.5664243Z   ---
2026-10-04T15:27:10.5664571Z   duration_ms: 20.230838
2026-10-04T15:27:10.5664965Z   type: 'test'
2026-10-04T15:27:10.5665301Z   ...
2026-10-04T15:27:10.5666133Z # Subtest: all 48 closed pedestrian routes remain on pavements and outside every building envelope
2026-10-04T15:27:10.5666819Z ok 183 - all 48 closed pedestrian routes remain on pavements and outside every building envelope
2026-10-04T15:27:10.5667224Z   ---
2026-10-04T15:27:10.5667416Z   duration_ms: 121.905567
2026-10-04T15:27:10.5667649Z   type: 'test'
2026-10-04T15:27:10.5667840Z   ...
2026-10-04T15:27:10.5668310Z # Subtest: population has continuous persistent identities, social groups and eight original wardrobes
2026-10-04T15:27:10.5669031Z ok 184 - population has continuous persistent identities, social groups and eight original wardrobes
2026-10-04T15:27:10.5669456Z   ---
2026-10-04T15:27:10.5669648Z   duration_ms: 525.050996
2026-10-04T15:27:10.5669869Z   type: 'test'
2026-10-04T15:27:10.5670065Z   ...
2026-10-04T15:27:10.5670512Z # Subtest: distance streaming enforces entity budgets and unloads the entire crowd beyond the city
2026-10-04T15:27:10.5671325Z ok 185 - distance streaming enforces entity budgets and unloads the entire crowd beyond the city
2026-10-04T15:27:10.5671747Z   ---
2026-10-04T15:27:10.5671939Z   duration_ms: 231.886059
2026-10-04T15:27:10.5672161Z   type: 'test'
2026-10-04T15:27:10.5672589Z   ...
2026-10-04T15:27:10.5673262Z # Subtest: pause freezes resident positions and animation time, and nearby conversations return actual local directions
2026-10-04T15:27:10.5674496Z ok 186 - pause freezes resident positions and animation time, and nearby conversations return actual local directions
2026-10-04T15:27:10.5675181Z   ---
2026-10-04T15:27:10.5675371Z   duration_ms: 36.09972
2026-10-04T15:27:10.5675592Z   type: 'test'
2026-10-04T15:27:10.5675793Z   ...
2026-10-04T15:27:10.5676230Z # Subtest: pedestrians wait for a stopped vehicle on their route without tunnelling into its body
2026-10-04T15:27:10.5676901Z ok 187 - pedestrians wait for a stopped vehicle on their route without tunnelling into its body
2026-10-04T15:27:10.5677325Z   ---
2026-10-04T15:27:10.5677516Z   duration_ms: 62.428881
2026-10-04T15:27:10.5677736Z   type: 'test'
2026-10-04T15:27:10.5677925Z   ...
2026-10-04T15:27:10.5678433Z # Subtest: wardrobe variants share cached geometry while retaining compatible animated knees and elbows
2026-10-04T15:27:10.5679149Z ok 188 - wardrobe variants share cached geometry while retaining compatible animated knees and elbows
2026-10-04T15:27:10.5679572Z   ---
2026-10-04T15:27:10.5679770Z   duration_ms: 7.267026
2026-10-04T15:27:10.5679986Z   type: 'test'
2026-10-04T15:27:10.5680178Z   ...
2026-10-04T15:27:10.5680704Z # Subtest: local collision queries match a full-population reference after movement and reuse stable body records
2026-10-04T15:27:10.5681487Z ok 189 - local collision queries match a full-population reference after movement and reuse stable body records
2026-10-04T15:27:10.5681941Z   ---
2026-10-04T15:27:10.5682140Z   duration_ms: 62.416111
2026-10-04T15:27:10.5682521Z   type: 'test'
2026-10-04T15:27:10.5682816Z   ...
2026-10-04T15:27:10.5683422Z # Subtest: all citizens have stable distinct names, district occupations and four changing daily purposes
2026-10-04T15:27:10.5684219Z ok 190 - all citizens have stable distinct names, district occupations and four changing daily purposes
2026-10-04T15:27:10.5684656Z   ---
2026-10-04T15:27:10.5684872Z   duration_ms: 4.423647
2026-10-04T15:27:10.5685108Z   type: 'test'
2026-10-04T15:27:10.5685307Z   ...
2026-10-04T15:27:10.5685809Z # Subtest: street activities are finite, social residents resume walking, and hour changes never teleport people
2026-10-04T15:27:10.5686597Z ok 191 - street activities are finite, social residents resume walking, and hour changes never teleport people
2026-10-04T15:27:10.5687052Z   ---
2026-10-04T15:27:10.5687250Z   duration_ms: 500.200147
2026-10-04T15:27:10.5687477Z   type: 'test'
2026-10-04T15:27:10.5687665Z   ...
2026-10-04T15:27:10.5688193Z # Subtest: repeated conversations expose identity, current purpose and actual local floors instead of one repeated tip
2026-10-04T15:27:10.5689027Z ok 192 - repeated conversations expose identity, current purpose and actual local floors instead of one repeated tip
2026-10-04T15:27:10.5689497Z   ---
2026-10-04T15:27:10.5689679Z   duration_ms: 4.969688
2026-10-04T15:27:10.5689910Z   type: 'test'
2026-10-04T15:27:10.5690104Z   ...
2026-10-04T15:27:10.5690565Z # Subtest: occupational props retain hand attachment, cache geometry, and fit varied anatomical bodies
2026-10-04T15:27:10.5691265Z ok 193 - occupational props retain hand attachment, cache geometry, and fit varied anatomical bodies
2026-10-04T15:27:10.5691701Z   ---
2026-10-04T15:27:10.5691892Z   duration_ms: 3.465039
2026-10-04T15:27:10.5692106Z   type: 'test'
2026-10-04T15:27:10.5692467Z   ...
2026-10-04T15:27:10.5693248Z # Subtest: real bus-bay residents stay outside the avenue and parked vehicles without adding population or fake boarding
2026-10-04T15:27:10.5694059Z ok 194 - real bus-bay residents stay outside the avenue and parked vehicles without adding population or fake boarding
2026-10-04T15:27:10.5694641Z   ---
2026-10-04T15:27:10.5694837Z   duration_ms: 143.987159
2026-10-04T15:27:10.5695063Z   type: 'test'
2026-10-04T15:27:10.5695272Z   ...
2026-10-04T15:27:10.5695725Z # Subtest: all natural floors name distinct functional areas without substituting furniture for rooms
2026-10-04T15:27:10.5696420Z ok 195 - all natural floors name distinct functional areas without substituting furniture for rooms
2026-10-04T15:27:10.5696850Z   ---
2026-10-04T15:27:10.5697043Z   duration_ms: 14.769692
2026-10-04T15:27:10.5697262Z   type: 'test'
2026-10-04T15:27:10.5697451Z   ...
2026-10-04T15:27:10.5697954Z # Subtest: every natural-floor room threshold remain reachable through the central aisle and real door openings
2026-10-04T15:27:10.5698722Z ok 196 - every natural-floor room threshold remain reachable through the central aisle and real door openings
2026-10-04T15:27:10.5699175Z   ---
2026-10-04T15:27:10.5699377Z   duration_ms: 9750.95192
2026-10-04T15:27:10.5699603Z   type: 'test'
2026-10-04T15:27:10.5699797Z   ...
2026-10-04T15:27:10.5700298Z # Subtest: distinct programmes contain their recognizable specialist equipment and real domestic subdivisions
2026-10-04T15:27:10.5701100Z ok 197 - distinct programmes contain their recognizable specialist equipment and real domestic subdivisions
2026-10-04T15:27:10.5701557Z   ---
2026-10-04T15:27:10.5701752Z   duration_ms: 973.073609
2026-10-04T15:27:10.5701975Z   type: 'test'
2026-10-04T15:27:10.5702176Z   ...
2026-10-04T15:27:10.5702908Z # Subtest: soft furniture batches share geometry and materials while snapshot exposes navigable room metadata
2026-10-04T15:27:10.5703672Z ok 198 - soft furniture batches share geometry and materials while snapshot exposes navigable room metadata
2026-10-04T15:27:10.5704124Z   ---
2026-10-04T15:27:10.5704319Z   duration_ms: 122.884945
2026-10-04T15:27:10.5704553Z   type: 'test'
2026-10-04T15:27:10.5704744Z   ...
2026-10-04T15:27:10.5705168Z # Subtest: domestic room dimensions reflect furnished homes rather than unused public halls
2026-10-04T15:27:10.5705913Z ok 199 - domestic room dimensions reflect furnished homes rather than unused public halls
2026-10-04T15:27:10.5706322Z   ---
2026-10-04T15:27:10.5706512Z   duration_ms: 4.90602
2026-10-04T15:27:10.5706765Z   type: 'test'
2026-10-04T15:27:10.5706952Z   ...
2026-10-04T15:27:10.5707402Z # Subtest: eight hospital rooms have clean bounded interiors and medical furniture within real walls
2026-10-04T15:27:10.5727077Z ok 200 - eight hospital rooms have clean bounded interiors and medical furniture within real walls
2026-10-04T15:27:10.5727753Z   ---
2026-10-04T15:27:10.5727960Z   duration_ms: 2.823199
2026-10-04T15:27:10.5728201Z   type: 'test'
2026-10-04T15:27:10.5728402Z   ...
2026-10-04T15:27:10.5728933Z # Subtest: hospital visitors can reach counters, seats, beds, handwashing and rehabilitation equipment and return
2026-10-04T15:27:10.5729739Z ok 201 - hospital visitors can reach counters, seats, beds, handwashing and rehabilitation equipment and return
2026-10-04T15:27:10.5730207Z   ---
2026-10-04T15:27:10.5730407Z   duration_ms: 30.499365
2026-10-04T15:27:10.5730635Z   type: 'test'
2026-10-04T15:27:10.5730839Z   ...
2026-10-04T15:27:10.5731297Z # Subtest: all enclosed occupied rooms have human-scale enclosures and furnishings within their walls
2026-10-04T15:27:10.5731996Z ok 202 - all enclosed occupied rooms have human-scale enclosures and furnishings within their walls
2026-10-04T15:27:10.5732661Z   ---
2026-10-04T15:27:10.5732862Z   duration_ms: 829.222107
2026-10-04T15:27:10.5733091Z   type: 'test'
2026-10-04T15:27:10.5733297Z   ...
2026-10-04T15:27:10.5733822Z # Subtest: public arrival and corridor spaces contain legible orientation, seating and programme-specific displays
2026-10-04T15:27:10.5734621Z ok 203 - public arrival and corridor spaces contain legible orientation, seating and programme-specific displays
2026-10-04T15:27:10.5735088Z   ---
2026-10-04T15:27:10.5735289Z   duration_ms: 230.952845
2026-10-04T15:27:10.5735669Z   type: 'test'
2026-10-04T15:27:10.5735869Z   ...
2026-10-04T15:27:10.5736241Z # Subtest: metro: enter, wait, board, travel and disembark at the next station
2026-10-04T15:27:10.5736777Z ok 204 - metro: enter, wait, board, travel and disembark at the next station
2026-10-04T15:27:10.5737127Z   ---
2026-10-04T15:27:10.5737326Z   duration_ms: 63.010581
2026-10-04T15:27:10.5737551Z   type: 'test'
2026-10-04T15:27:10.5737745Z   ...
2026-10-04T15:27:10.5738141Z # Subtest: light-rail: enter, wait, board, travel and disembark at the next station
2026-10-04T15:27:10.5738704Z ok 205 - light-rail: enter, wait, board, travel and disembark at the next station
2026-10-04T15:27:10.5739060Z   ---
2026-10-04T15:27:10.5739257Z   duration_ms: 3.425249
2026-10-04T15:27:10.5739477Z   type: 'test'
2026-10-04T15:27:10.5739669Z   ...
2026-10-04T15:27:10.5740053Z # Subtest: high-speed: enter, wait, board, travel and disembark at the next station
2026-10-04T15:27:10.5740624Z ok 206 - high-speed: enter, wait, board, travel and disembark at the next station
2026-10-04T15:27:10.5740987Z   ---
2026-10-04T15:27:10.5741178Z   duration_ms: 7.652876
2026-10-04T15:27:10.5741404Z   type: 'test'
2026-10-04T15:27:10.5741593Z   ...
2026-10-04T15:27:10.5741948Z # Subtest: ferry: enter, wait, board, travel and disembark at the next station
2026-10-04T15:27:10.5742659Z ok 207 - ferry: enter, wait, board, travel and disembark at the next station
2026-10-04T15:27:10.5743001Z   ---
2026-10-04T15:27:10.5743192Z   duration_ms: 5.756938
2026-10-04T15:27:10.5743415Z   type: 'test'
2026-10-04T15:27:10.5743609Z   ...
2026-10-04T15:27:10.5744060Z # Subtest: all ten stations have an initial visible service and maximum waiting time under 25 seconds
2026-10-04T15:27:10.5744747Z ok 208 - all ten stations have an initial visible service and maximum waiting time under 25 seconds
2026-10-04T15:27:10.5745154Z   ---
2026-10-04T15:27:10.5745346Z   duration_ms: 31.949087
2026-10-04T15:27:10.5745564Z   type: 'test'
2026-10-04T15:27:10.5745763Z   ...
2026-10-04T15:27:10.5746318Z # Subtest: underground platforms preserve their own floor height and cannot activate from the street
2026-10-04T15:27:10.5747021Z ok 209 - underground platforms preserve their own floor height and cannot activate from the street
2026-10-04T15:27:10.5747454Z   ---
2026-10-04T15:27:10.5747647Z   duration_ms: 1.597899
2026-10-04T15:27:10.5747864Z   type: 'test'
2026-10-04T15:27:10.5748065Z   ...
2026-10-04T15:27:10.5748479Z # Subtest: leave and reset return a platform or moving passenger to a safe street entrance
2026-10-04T15:27:10.5749097Z ok 210 - leave and reset return a platform or moving passenger to a safe street entrance
2026-10-04T15:27:10.5749484Z   ---
2026-10-04T15:27:10.5749676Z   duration_ms: 2.893293
2026-10-04T15:27:10.5749890Z   type: 'test'
2026-10-04T15:27:10.5750083Z   ...
2026-10-04T15:27:10.5750497Z # Subtest: large or invalid frame increments preserve deterministic finite vehicle poses
2026-10-04T15:27:10.5751099Z ok 211 - large or invalid frame increments preserve deterministic finite vehicle poses
2026-10-04T15:27:10.5751484Z   ---
2026-10-04T15:27:10.5751685Z   duration_ms: 17.886828
2026-10-04T15:27:10.5751907Z   type: 'test'
2026-10-04T15:27:10.5752100Z   ...
2026-10-04T15:27:10.5752692Z # Subtest: boarding requires reaching the marked platform area and an open stationary vehicle
2026-10-04T15:27:10.5753345Z ok 212 - boarding requires reaching the marked platform area and an open stationary vehicle
2026-10-04T15:27:10.5753755Z   ---
2026-10-04T15:27:10.5753964Z   duration_ms: 1.429214
2026-10-04T15:27:10.5754191Z   type: 'test'
2026-10-04T15:27:10.5754392Z   ...
2026-10-04T15:27:10.5754870Z # Subtest: station architecture and fleet share instanced resources and cull remote underground vehicles
2026-10-04T15:27:10.5755599Z ok 213 - station architecture and fleet share instanced resources and cull remote underground vehicles
2026-10-04T15:27:10.5756027Z   ---
2026-10-04T15:27:10.5756213Z   duration_ms: 144.664984
2026-10-04T15:27:10.5756442Z   type: 'test'
2026-10-04T15:27:10.5756627Z   ...
2026-10-04T15:27:10.5757213Z # Subtest: underground and elevated station roofs clip a steep camera boom without altering walking collision
2026-10-04T15:27:10.5757977Z ok 214 - underground and elevated station roofs clip a steep camera boom without altering walking collision
2026-10-04T15:27:10.5758420Z   ---
2026-10-04T15:27:10.5758607Z   duration_ms: 4.864453
2026-10-04T15:27:10.5758830Z   type: 'test'
2026-10-04T15:27:10.5759018Z   ...
2026-10-04T15:27:10.5759419Z # Subtest: ferry entrance signage supports stay above an approaching pedestrian camera
2026-10-04T15:27:10.5760031Z ok 215 - ferry entrance signage supports stay above an approaching pedestrian camera
2026-10-04T15:27:10.5760402Z   ---
2026-10-04T15:27:10.5760589Z   duration_ms: 73.986497
2026-10-04T15:27:10.5760806Z   type: 'test'
2026-10-04T15:27:10.5760999Z   ...
2026-10-04T15:27:10.5761429Z # Subtest: every station returns the player to rendered street ground clear of all world obstacles
2026-10-04T15:27:10.5762086Z ok 216 - every station returns the player to rendered street ground clear of all world obstacles
2026-10-04T15:27:10.5762683Z   ---
2026-10-04T15:27:10.5762879Z   duration_ms: 957.883498
2026-10-04T15:27:10.5763104Z   type: 'test'
2026-10-04T15:27:10.5763304Z   ...
2026-10-04T15:27:10.5763789Z # Subtest: the ferry passenger stands on the forward deck clear of furniture with an unobstructed forward view
2026-10-04T15:27:10.5764529Z ok 217 - the ferry passenger stands on the forward deck clear of furniture with an unobstructed forward view
2026-10-04T15:27:10.5764977Z   ---
2026-10-04T15:27:10.5765167Z   duration_ms: 43.476736
2026-10-04T15:27:10.5765390Z   type: 'test'
2026-10-04T15:27:10.5765581Z   ...
2026-10-04T15:27:10.5766001Z # Subtest: ferry entrance sign planes retract the default chase boom on both landward exits
2026-10-04T15:27:10.5766616Z ok 218 - ferry entrance sign planes retract the default chase boom on both landward exits
2026-10-04T15:27:10.5766998Z   ---
2026-10-04T15:27:10.5767198Z   duration_ms: 39.957046
2026-10-04T15:27:10.5767426Z   type: 'test'
2026-10-04T15:27:10.5767692Z   ...
2026-10-04T15:27:10.5768194Z # Subtest: all three metro stations can be walked down and back up with the real player capsule and no teleport
2026-10-04T15:27:10.5768936Z ok 219 - all three metro stations can be walked down and back up with the real player capsule and no teleport
2026-10-04T15:27:10.5769382Z   ---
2026-10-04T15:27:10.5769581Z   duration_ms: 204.88489
2026-10-04T15:27:10.5769803Z   type: 'test'
2026-10-04T15:27:10.5770003Z   ...
2026-10-04T15:27:10.5770504Z # Subtest: metro upper streets, lower platforms and switchback stairs keep their independent heights
2026-10-04T15:27:10.5771194Z ok 220 - metro upper streets, lower platforms and switchback stairs keep their independent heights
2026-10-04T15:27:10.5771620Z   ---
2026-10-04T15:27:10.5771810Z   duration_ms: 0.393281
2026-10-04T15:27:10.5772037Z   type: 'test'
2026-10-04T15:27:10.5772227Z   ...
2026-10-04T15:27:10.5772845Z # Subtest: metro gate turns remain walkable in both directions throughout the bounded endpoint margin
2026-10-04T15:27:10.5773546Z ok 221 - metro gate turns remain walkable in both directions throughout the bounded endpoint margin
2026-10-04T15:27:10.5773961Z   ---
2026-10-04T15:27:10.5774159Z   duration_ms: 111.181238
2026-10-04T15:27:10.5774391Z   type: 'test'
2026-10-04T15:27:10.5774585Z   ...
2026-10-04T15:27:10.5775047Z # Subtest: rendered metro treads match the physical walking slope within one riser, with clear headroom
2026-10-04T15:27:10.5775754Z ok 222 - rendered metro treads match the physical walking slope within one riser, with clear headroom
2026-10-04T15:27:10.5776167Z   ---
2026-10-04T15:27:10.5776354Z   duration_ms: 758.689492
2026-10-04T15:27:10.5776587Z   type: 'test'
2026-10-04T15:27:10.5776778Z   ...
2026-10-04T15:27:10.5777268Z # Subtest: upper metro stairs see a solid retaining wall above the covered landing instead of the world underside
2026-10-04T15:27:10.5778027Z ok 223 - upper metro stairs see a solid retaining wall above the covered landing instead of the world underside
2026-10-04T15:27:10.5778569Z   ---
2026-10-04T15:27:10.5778760Z   duration_ms: 165.410649
2026-10-04T15:27:10.5778982Z   type: 'test'
2026-10-04T15:27:10.5779181Z   ...
2026-10-04T15:27:10.5779663Z # Subtest: every animated train-door batch has a stable conservative envelope for both open and closed poses
2026-10-04T15:27:10.5780398Z ok 224 - every animated train-door batch has a stable conservative envelope for both open and closed poses
2026-10-04T15:27:10.5780852Z   ---
2026-10-04T15:27:10.5781042Z   duration_ms: 28.535914
2026-10-04T15:27:10.5781270Z   type: 'test'
2026-10-04T15:27:10.5781471Z   ...
2026-10-04T15:27:10.5781940Z # Subtest: offscreen above-ground train doors cull for a metro viewer while doors inside the view remain
2026-10-04T15:27:10.5782813Z ok 225 - offscreen above-ground train doors cull for a metro viewer while doors inside the view remain
2026-10-04T15:27:10.5783261Z   ---
2026-10-04T15:27:10.5783460Z   duration_ms: 21.797436
2026-10-04T15:27:10.5783695Z   type: 'test'
2026-10-04T15:27:10.5783913Z   ...
2026-10-04T15:27:10.5784401Z # Subtest: 48 permanent addresses have unique identity, continuous natural storeys, and distinct programmes
2026-10-04T15:27:10.5785141Z ok 226 - 48 permanent addresses have unique identity, continuous natural storeys, and distinct programmes
2026-10-04T15:27:10.5785579Z   ---
2026-10-04T15:27:10.5785762Z   duration_ms: 2.54973
2026-10-04T15:27:10.5785975Z   type: 'test'
2026-10-04T15:27:10.5786160Z   ...
2026-10-04T15:27:10.5786540Z # Subtest: every south entrance has a physical street approach and a door opening
2026-10-04T15:27:10.5787097Z ok 227 - every south entrance has a physical street approach and a door opening
2026-10-04T15:27:10.5787452Z   ---
2026-10-04T15:27:10.5787642Z   duration_ms: 2.840183
2026-10-04T15:27:10.5787848Z   type: 'test'
2026-10-04T15:27:10.5788034Z   ...
2026-10-04T15:27:10.5788441Z # Subtest: permanent road lanes remain free of building collision with unloaded districts
2026-10-04T15:27:10.5789120Z ok 228 - permanent road lanes remain free of building collision with unloaded districts
2026-10-04T15:27:10.5789510Z   ---
2026-10-04T15:27:10.5789693Z   duration_ms: 13.465329
2026-10-04T15:27:10.5789917Z   type: 'test'
2026-10-04T15:27:10.5790107Z   ...
2026-10-04T15:27:10.5790469Z # Subtest: bridge deck joins both shores continuously, with no abrupt end slope
2026-10-04T15:27:10.5791019Z ok 229 - bridge deck joins both shores continuously, with no abrupt end slope
2026-10-04T15:27:10.5791366Z   ---
2026-10-04T15:27:10.5791550Z   duration_ms: 0.331501
2026-10-04T15:27:10.5791766Z   type: 'test'
2026-10-04T15:27:10.5791949Z   ...
2026-10-04T15:27:10.5792468Z # Subtest: north ferry, metro, light rail and high-speed station approaches stay open
2026-10-04T15:27:10.5793057Z ok 230 - north ferry, metro, light rail and high-speed station approaches stay open
2026-10-04T15:27:10.5793418Z   ---
2026-10-04T15:27:10.5793606Z   duration_ms: 0.263798
2026-10-04T15:27:10.5793825Z   type: 'test'
2026-10-04T15:27:10.5794026Z   ...
2026-10-04T15:27:10.5794450Z # Subtest: export contains twelve real validated chunks with independent detailed geometry
2026-10-04T15:27:10.5795072Z ok 231 - export contains twelve real validated chunks with independent detailed geometry
2026-10-04T15:27:10.5795465Z   ---
2026-10-04T15:27:10.5795692Z   duration_ms: 28.819417
2026-10-04T15:27:10.5795919Z   type: 'test'
2026-10-04T15:27:10.5796115Z   ...
2026-10-04T15:27:10.5796483Z # Subtest: entering one address hides just its shell and exiting restores it
2026-10-04T15:27:10.5797007Z ok 232 - entering one address hides just its shell and exiting restores it
2026-10-04T15:27:10.5797368Z   ---
2026-10-04T15:27:10.5797564Z   duration_ms: 60.748369
2026-10-04T15:27:10.5797792Z   type: 'test'
2026-10-04T15:27:10.5797990Z   ...
2026-10-04T15:27:10.5798386Z # Subtest: runtime fetches nearby JSON and actually disposes detail after moving away
2026-10-04T15:27:10.5798960Z ok 233 - runtime fetches nearby JSON and actually disposes detail after moving away
2026-10-04T15:27:10.5799424Z   ---
2026-10-04T15:27:10.5799630Z   duration_ms: 95.716364
2026-10-04T15:27:10.5799849Z   type: 'test'
2026-10-04T15:27:10.5800038Z   ...
2026-10-04T15:27:10.5800432Z # Subtest: streaming startup retains no authored detail transforms before any fetch
2026-10-04T15:27:10.5800998Z ok 234 - streaming startup retains no authored detail transforms before any fetch
2026-10-04T15:27:10.5801359Z   ---
2026-10-04T15:27:10.5801550Z   duration_ms: 26.55884
2026-10-04T15:27:10.5801761Z   type: 'test'
2026-10-04T15:27:10.5801948Z   ...
2026-10-04T15:27:10.5802594Z # Subtest: paving keeps every doorway covered while an occupied lobby has exactly one visible y=0 floor
2026-10-04T15:27:10.5803308Z ok 235 - paving keeps every doorway covered while an occupied lobby has exactly one visible y=0 floor
2026-10-04T15:27:10.5803730Z   ---
2026-10-04T15:27:10.5803918Z   duration_ms: 2441.351483
2026-10-04T15:27:10.5804151Z   type: 'test'
2026-10-04T15:27:10.5804339Z   ...
2026-10-04T15:27:10.5804849Z # Subtest: distance LOD preserves the hero car and reduces distant geometry without changing its collision envelope
2026-10-04T15:27:10.5805640Z ok 236 - distance LOD preserves the hero car and reduces distant geometry without changing its collision envelope
2026-10-04T15:27:10.5806096Z   ---
2026-10-04T15:27:10.5806280Z   duration_ms: 556.23396
2026-10-04T15:27:10.5806503Z   type: 'test'
2026-10-04T15:27:10.5806718Z   ...
2026-10-04T15:27:10.5807102Z # Subtest: distant pedestrians retain animated joints and original human dimensions
2026-10-04T15:27:10.5807689Z ok 237 - distant pedestrians retain animated joints and original human dimensions
2026-10-04T15:27:10.5808049Z   ---
2026-10-04T15:27:10.5808238Z   duration_ms: 99.601927
2026-10-04T15:27:10.5808456Z   type: 'test'
2026-10-04T15:27:10.5808650Z   ...
2026-10-04T15:27:10.5809074Z # Subtest: removing a car disposes owned paint and lights while preserving shared LOD geometry
2026-10-04T15:27:10.5809711Z ok 238 - removing a car disposes owned paint and lights while preserving shared LOD geometry
2026-10-04T15:27:10.5810231Z   ---
2026-10-04T15:27:10.5810426Z   duration_ms: 123.608222
2026-10-04T15:27:10.5810657Z   type: 'test'
2026-10-04T15:27:10.5810858Z   ...
2026-10-04T15:27:10.5811351Z # Subtest: real room service joins two clients, streams movement/chat, isolates rooms and rejects invalid packets
2026-10-04T15:27:10.5812118Z ok 239 - real room service joins two clients, streams movement/chat, isolates rooms and rejects invalid packets
2026-10-04T15:27:10.5812728Z   ---
2026-10-04T15:27:10.5812920Z   duration_ms: 1217.239518
2026-10-04T15:27:10.5813148Z   type: 'test'
2026-10-04T15:27:10.5813337Z   ...
2026-10-04T15:27:10.5813684Z # Subtest: vehicle claims are exclusive and leaving releases ownership
2026-10-04T15:27:10.5814169Z ok 240 - vehicle claims are exclusive and leaving releases ownership
2026-10-04T15:27:10.5814492Z   ---
2026-10-04T15:27:10.5814688Z   duration_ms: 19.655806
2026-10-04T15:27:10.5814907Z   type: 'test'
2026-10-04T15:27:10.5815099Z   ...
2026-10-04T15:27:10.5815604Z # Subtest: room capacity is enforced and peer interpolation follows shortest angles without interpolating travel
2026-10-04T15:27:10.5816369Z ok 241 - room capacity is enforced and peer interpolation follows shortest angles without interpolating travel
2026-10-04T15:27:10.5816814Z   ---
2026-10-04T15:27:10.5817000Z   duration_ms: 31.013142
2026-10-04T15:27:10.5817213Z   type: 'test'
2026-10-04T15:27:10.5817397Z   ...
2026-10-04T15:27:10.5817835Z # Subtest: traffic follows the same street route while the player uses an indoor collision context
2026-10-04T15:27:10.5818499Z ok 242 - traffic follows the same street route while the player uses an indoor collision context
2026-10-04T15:27:10.5818896Z   ---
2026-10-04T15:27:10.5819081Z   duration_ms: 3084.845265
2026-10-04T15:27:10.5819307Z   type: 'test'
2026-10-04T15:27:10.5819492Z   ...
2026-10-04T15:27:10.5819887Z # Subtest: background traffic restores indoor data after an invalid road update throws
2026-10-04T15:27:10.5820575Z ok 243 - background traffic restores indoor data after an invalid road update throws
2026-10-04T15:27:10.5820950Z   ---
2026-10-04T15:27:10.5821141Z   duration_ms: 2.714235
2026-10-04T15:27:10.5821363Z   type: 'test'
2026-10-04T15:27:10.5821552Z   ...
2026-10-04T15:27:10.5821950Z # Subtest: precision input crosses a 1.6 metre doorway at four rendered frames per second
2026-10-04T15:27:10.5822780Z ok 244 - precision input crosses a 1.6 metre doorway at four rendered frames per second
2026-10-04T15:27:10.5823158Z   ---
2026-10-04T15:27:10.5823348Z   duration_ms: 20.586475
2026-10-04T15:27:10.5823567Z   type: 'test'
2026-10-04T15:27:10.5823763Z   ...
2026-10-04T15:27:10.5824219Z # Subtest: normal and sprint speeds stay intact; precision overrides sprint without draining stamina
2026-10-04T15:27:10.5824900Z ok 245 - normal and sprint speeds stay intact; precision overrides sprint without draining stamina
2026-10-04T15:27:10.5825325Z   ---
2026-10-04T15:27:10.5825516Z   duration_ms: 5.410367
2026-10-04T15:27:10.5825736Z   type: 'test'
2026-10-04T15:27:10.5825934Z   ...
2026-10-04T15:27:10.5826345Z # Subtest: double-decker hull blocks feet above sedan height and preserves its actual span
2026-10-04T15:27:10.5826959Z ok 246 - double-decker hull blocks feet above sedan height and preserves its actual span
2026-10-04T15:27:10.5827345Z   ---
2026-10-04T15:27:10.5827525Z   duration_ms: 2.081949
2026-10-04T15:27:10.5827737Z   type: 'test'
2026-10-04T15:27:10.5827924Z   ...
2026-10-04T15:27:10.5828326Z # Subtest: fresh saves have bounded values; corrupt and incompatible saves recover safely
2026-10-04T15:27:10.5828927Z ok 247 - fresh saves have bounded values; corrupt and incompatible saves recover safely
2026-10-04T15:27:10.5829302Z   ---
2026-10-04T15:27:10.5829489Z   duration_ms: 2.732454
2026-10-04T15:27:10.5829699Z   type: 'test'
2026-10-04T15:27:10.5829886Z   ...
2026-10-04T15:27:10.5830237Z # Subtest: walking respects camera orientation, bounds and solid buildings
2026-10-04T15:27:10.5830745Z ok 248 - walking respects camera orientation, bounds and solid buildings
2026-10-04T15:27:10.5831169Z   ---
2026-10-04T15:27:10.5831368Z   duration_ms: 56.536359
2026-10-04T15:27:10.5831586Z   type: 'test'
2026-10-04T15:27:10.5831774Z   ...
2026-10-04T15:27:10.5832113Z # Subtest: diagonal movement is normalized and sprint consumes stamina
2026-10-04T15:27:10.5832778Z ok 249 - diagonal movement is normalized and sprint consumes stamina
2026-10-04T15:27:10.5833104Z   ---
2026-10-04T15:27:10.5833294Z   duration_ms: 34.388407
2026-10-04T15:27:10.5833515Z   type: 'test'
2026-10-04T15:27:10.5833702Z   ...
2026-10-04T15:27:10.5834085Z # Subtest: strafe-right follows the rendered camera right vector in both directions
2026-10-04T15:27:10.5834663Z ok 250 - strafe-right follows the rendered camera right vector in both directions
2026-10-04T15:27:10.5835021Z   ---
2026-10-04T15:27:10.5835208Z   duration_ms: 10.914548
2026-10-04T15:27:10.5835423Z   type: 'test'
2026-10-04T15:27:10.5835616Z   ...
2026-10-04T15:27:10.5835938Z # Subtest: jump lands, and holding jump does not repeatedly bounce
2026-10-04T15:27:10.5836409Z ok 251 - jump lands, and holding jump does not repeatedly bounce
2026-10-04T15:27:10.5836725Z   ---
2026-10-04T15:27:10.5836909Z   duration_ms: 11.305694
2026-10-04T15:27:10.5837137Z   type: 'test'
2026-10-04T15:27:10.5837337Z   ...
2026-10-04T15:27:10.5837758Z # Subtest: entering requires proximity; exiting needs low speed and an unobstructed location
2026-10-04T15:27:10.5838403Z ok 252 - entering requires proximity; exiting needs low speed and an unobstructed location
2026-10-04T15:27:10.5838804Z   ---
2026-10-04T15:27:10.5838986Z   duration_ms: 3.729157
2026-10-04T15:27:10.5839202Z   type: 'test'
2026-10-04T15:27:10.5839391Z   ...
2026-10-04T15:27:10.5839693Z # Subtest: fast vehicles cannot tunnel through a thin wall
2026-10-04T15:27:10.5840098Z ok 253 - fast vehicles cannot tunnel through a thin wall
2026-10-04T15:27:10.5840386Z   ---
2026-10-04T15:27:10.5840578Z   duration_ms: 35.653324
2026-10-04T15:27:10.5840791Z   type: 'test'
2026-10-04T15:27:10.5841068Z   ...
2026-10-04T15:27:10.5841423Z # Subtest: braking reduces speed, reversing and steering remain bounded
2026-10-04T15:27:10.5841917Z ok 254 - braking reduces speed, reversing and steering remain bounded
2026-10-04T15:27:10.5842352Z   ---
2026-10-04T15:27:10.5842544Z   duration_ms: 66.138539
2026-10-04T15:27:10.5842770Z   type: 'test'
2026-10-04T15:27:10.5842965Z   ...
2026-10-04T15:27:10.5843292Z # Subtest: courier checkpoints require a vehicle and correct order
2026-10-04T15:27:10.5843758Z ok 255 - courier checkpoints require a vehicle and correct order
2026-10-04T15:27:10.5844070Z   ---
2026-10-04T15:27:10.5844254Z   duration_ms: 3.578653
2026-10-04T15:27:10.5844477Z   type: 'test'
2026-10-04T15:27:10.5844668Z   ...
2026-10-04T15:27:10.5845039Z # Subtest: first clear pays exactly once, including after save/reload and replay
2026-10-04T15:27:10.5845591Z ok 256 - first clear pays exactly once, including after save/reload and replay
2026-10-04T15:27:10.5845953Z   ---
2026-10-04T15:27:10.5846146Z   duration_ms: 9.93323
2026-10-04T15:27:10.5846367Z   type: 'test'
2026-10-04T15:27:10.5846565Z   ...
2026-10-04T15:27:10.5846941Z # Subtest: expired missions fail without rewards and cancellation permits retry
2026-10-04T15:27:10.5847492Z ok 257 - expired missions fail without rewards and cancellation permits retry
2026-10-04T15:27:10.5847851Z   ---
2026-10-04T15:27:10.5848041Z   duration_ms: 1.400096
2026-10-04T15:27:10.5848257Z   type: 'test'
2026-10-04T15:27:10.5848455Z   ...
2026-10-04T15:27:10.5848831Z # Subtest: escape mission waits for wanted to clear before permitting the finish
2026-10-04T15:27:10.5849383Z ok 258 - escape mission waits for wanted to clear before permitting the finish
2026-10-04T15:27:10.5849736Z   ---
2026-10-04T15:27:10.5849938Z   duration_ms: 259.485213
2026-10-04T15:27:10.5850159Z   type: 'test'
2026-10-04T15:27:10.5850354Z   ...
2026-10-04T15:27:10.5850786Z # Subtest: shots consume ammunition, hit cars only along clear sightlines, and trigger pursuit
2026-10-04T15:27:10.5851498Z ok 259 - shots consume ammunition, hit cars only along clear sightlines, and trigger pursuit
2026-10-04T15:27:10.5851897Z   ---
2026-10-04T15:27:10.5852099Z   duration_ms: 16.568917
2026-10-04T15:27:10.5852421Z   type: 'test'
2026-10-04T15:27:10.5852613Z   ...
2026-10-04T15:27:10.5852929Z # Subtest: empty magazine reloads without negative ammunition
2026-10-04T15:27:10.5853363Z ok 260 - empty magazine reloads without negative ammunition
2026-10-04T15:27:10.5853666Z   ---
2026-10-04T15:27:10.5853856Z   duration_ms: 97.965825
2026-10-04T15:27:10.5854083Z   type: 'test'
2026-10-04T15:27:10.5854276Z   ...
2026-10-04T15:27:10.5854631Z # Subtest: wanted decays outside patrol sight and stays active inside sight
2026-10-04T15:27:10.5855148Z ok 261 - wanted decays outside patrol sight and stays active inside sight
2026-10-04T15:27:10.5855483Z   ---
2026-10-04T15:27:10.5855708Z   duration_ms: 569.968395
2026-10-04T15:27:10.5855938Z   type: 'test'
2026-10-04T15:27:10.5856129Z   ...
2026-10-04T15:27:10.5856471Z # Subtest: police movement remains on roads and cannot cross buildings
2026-10-04T15:27:10.5856965Z ok 262 - police movement remains on roads and cannot cross buildings
2026-10-04T15:27:10.5857291Z   ---
2026-10-04T15:27:10.5857488Z   duration_ms: 229.904108
2026-10-04T15:27:10.5857708Z   type: 'test'
2026-10-04T15:27:10.5857913Z   ...
2026-10-04T15:27:10.5858270Z # Subtest: traffic moves on its route and a vehicle collision raises wanted
2026-10-04T15:27:10.5858779Z ok 263 - traffic moves on its route and a vehicle collision raises wanted
2026-10-04T15:27:10.5859127Z   ---
2026-10-04T15:27:10.5859315Z   duration_ms: 21.272386
2026-10-04T15:27:10.5859532Z   type: 'test'
2026-10-04T15:27:10.5859729Z   ...
2026-10-04T15:27:10.5860081Z # Subtest: recovery clears transient state and charges only available funds
2026-10-04T15:27:10.5860597Z ok 264 - recovery clears transient state and charges only available funds
2026-10-04T15:27:10.5860936Z   ---
2026-10-04T15:27:10.5861134Z   duration_ms: 2.876366
2026-10-04T15:27:10.5861425Z   type: 'test'
2026-10-04T15:27:10.5861622Z   ...
2026-10-04T15:27:10.5862013Z # Subtest: repair charges only when needed and disallows repairs during pursuit
2026-10-04T15:27:10.5862660Z ok 265 - repair charges only when needed and disallows repairs during pursuit
2026-10-04T15:27:10.5863018Z   ---
2026-10-04T15:27:10.5863214Z   duration_ms: 2.2007
2026-10-04T15:27:10.5863430Z   type: 'test'
2026-10-04T15:27:10.5863621Z   ...
2026-10-04T15:27:10.5863980Z # Subtest: repair never charges a healthy pedestrian with no nearby vehicle
2026-10-04T15:27:10.5864488Z ok 266 - repair never charges a healthy pedestrian with no nearby vehicle
2026-10-04T15:27:10.5864827Z   ---
2026-10-04T15:27:10.5865017Z   duration_ms: 1.15931
2026-10-04T15:27:10.5865238Z   type: 'test'
2026-10-04T15:27:10.5865426Z   ...
2026-10-04T15:27:10.5865817Z # Subtest: reset restores a fresh game and discarded runtime state is absent from saves
2026-10-04T15:27:10.5866410Z ok 267 - reset restores a fresh game and discarded runtime state is absent from saves
2026-10-04T15:27:10.5866783Z   ---
2026-10-04T15:27:10.5866968Z   duration_ms: 8.910195
2026-10-04T15:27:10.5867235Z   type: 'test'
2026-10-04T15:27:10.5867424Z   ...
2026-10-04T15:27:10.5867898Z # Subtest: vehicle bumpers remain solid during a damage cooldown without oscillating while throttle is held
2026-10-04T15:27:10.5868642Z ok 268 - vehicle bumpers remain solid during a damage cooldown without oscillating while throttle is held
2026-10-04T15:27:10.5869072Z   ---
2026-10-04T15:27:10.5869266Z   duration_ms: 277.96767
2026-10-04T15:27:10.5869491Z   type: 'test'
2026-10-04T15:27:10.5869690Z   ...
2026-10-04T15:27:10.5870073Z # Subtest: parked cars block a walking character with their full bumper footprint
2026-10-04T15:27:10.5870622Z ok 269 - parked cars block a walking character with their full bumper footprint
2026-10-04T15:27:10.5870982Z   ---
2026-10-04T15:27:10.5871174Z   duration_ms: 17.932062
2026-10-04T15:27:10.5871397Z   type: 'test'
2026-10-04T15:27:10.5871598Z   ...
2026-10-04T15:27:10.5871972Z # Subtest: walking ignores a destroyed invisible vehicle
2026-10-04T15:27:10.5872460Z ok 270 - walking ignores a destroyed invisible vehicle
2026-10-04T15:27:10.5872867Z   ---
2026-10-04T15:27:10.5873061Z   duration_ms: 8.536377
2026-10-04T15:27:10.5873285Z   type: 'test'
2026-10-04T15:27:10.5873481Z   ...
2026-10-04T15:27:10.5873841Z # Subtest: entering a nearby car cannot teleport through a thin wall
2026-10-04T15:27:10.5874324Z ok 271 - entering a nearby car cannot teleport through a thin wall
2026-10-04T15:27:10.5874650Z   ---
2026-10-04T15:27:10.5874854Z   duration_ms: 2.225554
2026-10-04T15:27:10.5875066Z   type: 'test'
2026-10-04T15:27:10.5875253Z   ...
2026-10-04T15:27:10.5875706Z # Subtest: an exit destination beyond a thin wall is rejected even if the destination itself is clear
2026-10-04T15:27:10.5876378Z ok 272 - an exit destination beyond a thin wall is rejected even if the destination itself is clear
2026-10-04T15:27:10.5876791Z   ---
2026-10-04T15:27:10.5876980Z   duration_ms: 3.557202
2026-10-04T15:27:10.5877209Z   type: 'test'
2026-10-04T15:27:10.5877400Z   ...
2026-10-04T15:27:10.5877862Z # Subtest: unsafe saved positions use a validated fallback, including when the default spawn is blocked
2026-10-04T15:27:10.5878567Z ok 273 - unsafe saved positions use a validated fallback, including when the default spawn is blocked
2026-10-04T15:27:10.5878988Z   ---
2026-10-04T15:27:10.5879170Z   duration_ms: 3.173089
2026-10-04T15:27:10.5879388Z   type: 'test'
2026-10-04T15:27:10.5879573Z   ...
2026-10-04T15:27:10.5879976Z # Subtest: oncoming NPC traffic stops at contact instead of passing through other traffic
2026-10-04T15:27:10.5880595Z ok 274 - oncoming NPC traffic stops at contact instead of passing through other traffic
2026-10-04T15:27:10.5880975Z   ---
2026-10-04T15:27:10.5881160Z   duration_ms: 146.725018
2026-10-04T15:27:10.5881381Z   type: 'test'
2026-10-04T15:27:10.5881576Z   ...
2026-10-04T15:27:10.5881965Z # Subtest: jumping beneath a canopy clamps upward motion without horizontal ejection
2026-10-04T15:27:10.5882723Z ok 275 - jumping beneath a canopy clamps upward motion without horizontal ejection
2026-10-04T15:27:10.5883102Z   ---
2026-10-04T15:27:10.5883297Z   duration_ms: 13.118532
2026-10-04T15:27:10.5883517Z   type: 'test'
2026-10-04T15:27:10.5883719Z   ...
2026-10-04T15:27:10.5884149Z # Subtest: a jump can land on a low solid, remain supported and jump again without being ejected
2026-10-04T15:27:10.5884778Z ok 276 - a jump can land on a low solid, remain supported and jump again without being ejected
2026-10-04T15:27:10.5885184Z   ---
2026-10-04T15:27:10.5885373Z   duration_ms: 17.147951
2026-10-04T15:27:10.5885595Z   type: 'test'
2026-10-04T15:27:10.5885792Z   ...
2026-10-04T15:27:10.5886246Z # Subtest: an entirely obstructed world fails explicitly instead of placing the player inside a wall
2026-10-04T15:27:10.5886954Z ok 277 - an entirely obstructed world fails explicitly instead of placing the player inside a wall
2026-10-04T15:27:10.5887382Z   ---
2026-10-04T15:27:10.5887590Z   duration_ms: 76.960011
2026-10-04T15:27:10.5887810Z   type: 'test'
2026-10-04T15:27:10.5888003Z   ...
2026-10-04T15:27:10.5888408Z # Subtest: boarding respects the road level when a vehicle is directly below the player
2026-10-04T15:27:10.5888999Z ok 278 - boarding respects the road level when a vehicle is directly below the player
2026-10-04T15:27:10.5889371Z   ---
2026-10-04T15:27:10.5889564Z   duration_ms: 1.105989
2026-10-04T15:27:10.5889781Z   type: 'test'
2026-10-04T15:27:10.5889973Z   ...
2026-10-04T15:27:10.5890386Z # Subtest: exiting an elevated vehicle sweeps the door at deck height and stays on the deck
2026-10-04T15:27:10.5891000Z ok 279 - exiting an elevated vehicle sweeps the door at deck height and stays on the deck
2026-10-04T15:27:10.5891386Z   ---
2026-10-04T15:27:10.5891569Z   duration_ms: 3.534323
2026-10-04T15:27:10.5891788Z   type: 'test'
2026-10-04T15:27:10.5891974Z   ...
2026-10-04T15:27:10.5892445Z # Subtest: a driver cannot exit onto a different road level beyond the bridge edge
2026-10-04T15:27:10.5893083Z ok 280 - a driver cannot exit onto a different road level beyond the bridge edge
2026-10-04T15:27:10.5893437Z   ---
2026-10-04T15:27:10.5893626Z   duration_ms: 2.888969
2026-10-04T15:27:10.5893850Z   type: 'test'
2026-10-04T15:27:10.5894041Z   ...
2026-10-04T15:27:10.5894473Z # Subtest: stair opening removes the terrain itself and retains adjacent sloped surface and UVs
2026-10-04T15:27:10.5895130Z ok 281 - stair opening removes the terrain itself and retains adjacent sloped surface and UVs
2026-10-04T15:27:10.5895530Z   ---
2026-10-04T15:27:10.5895720Z   duration_ms: 6.591815
2026-10-04T15:27:10.5895936Z   type: 'test'
2026-10-04T15:27:10.5896139Z   ...
2026-10-04T15:27:10.5896602Z # Subtest: all three real world metro stair apertures are open to the sky while adjacent pavement remains
2026-10-04T15:27:10.5897308Z ok 282 - all three real world metro stair apertures are open to the sky while adjacent pavement remains
2026-10-04T15:27:10.5897748Z   ---
2026-10-04T15:27:10.5897941Z   duration_ms: 1032.515492
2026-10-04T15:27:10.5898171Z   type: 'test'
2026-10-04T15:27:10.5898367Z   ...
2026-10-04T15:27:10.5898806Z # Subtest: traffic uses opposite separated lanes and follows rounded corners without getting stuck
2026-10-04T15:27:10.5899484Z ok 283 - traffic uses opposite separated lanes and follows rounded corners without getting stuck
2026-10-04T15:27:10.5899903Z   ---
2026-10-04T15:27:10.5900091Z   duration_ms: 1894.702449
2026-10-04T15:27:10.5900320Z   type: 'test'
2026-10-04T15:27:10.5900512Z   ...
2026-10-04T15:27:10.5901015Z # Subtest: drivers brake for a queue before collision, let another lane pass and do not enter a blocked junction
2026-10-04T15:27:10.5901777Z ok 284 - drivers brake for a queue before collision, let another lane pass and do not enter a blocked junction
2026-10-04T15:27:10.5902221Z   ---
2026-10-04T15:27:10.5902520Z   duration_ms: 0.554133
2026-10-04T15:27:10.5902743Z   type: 'test'
2026-10-04T15:27:10.5902939Z   ...
2026-10-04T15:27:10.5903443Z # Subtest: each junction has mutually exclusive green phases and an all-red clearance interval
2026-10-04T15:27:10.5904091Z ok 285 - each junction has mutually exclusive green phases and an all-red clearance interval
2026-10-04T15:27:10.5904495Z   ---
2026-10-04T15:27:10.5904693Z   duration_ms: 0.996504
2026-10-04T15:27:10.5904913Z   type: 'test'
2026-10-04T15:27:10.5905109Z   ...
2026-10-04T15:27:10.5905601Z # Subtest: the complete southern fleet keeps moving past parked intersection cars for three simulated minutes
2026-10-04T15:27:10.5906344Z ok 286 - the complete southern fleet keeps moving past parked intersection cars for three simulated minutes
2026-10-04T15:27:10.5906813Z   ---
2026-10-04T15:27:10.5907008Z   duration_ms: 10714.31664
2026-10-04T15:27:10.5907230Z   type: 'test'
2026-10-04T15:27:10.5907417Z   ...
2026-10-04T15:27:10.5907863Z # Subtest: generated-city courier is completable with walking and real driving before its deadline
2026-10-04T15:27:10.5908560Z ok 287 - generated-city courier is completable with walking and real driving before its deadline
2026-10-04T15:27:10.5908975Z   ---
2026-10-04T15:27:10.5909164Z   duration_ms: 1933.03953
2026-10-04T15:27:10.5909399Z   type: 'test'
2026-10-04T15:27:10.5909588Z   ...
2026-10-04T15:27:10.5910050Z # {"seconds":13.783333333333685,"reached":2,"minimumHealth":100,"maximumWanted":0,"maximumPatrols":0}
2026-10-04T15:27:10.5910744Z # Subtest: generated-city timed circuit is completable through every checkpoint with real steering
2026-10-04T15:27:10.5911421Z ok 288 - generated-city timed circuit is completable through every checkpoint with real steering
2026-10-04T15:27:10.5911828Z   ---
2026-10-04T15:27:10.5912029Z   duration_ms: 10395.018407
2026-10-04T15:27:10.5912358Z   type: 'test'
2026-10-04T15:27:10.5912643Z   ...
2026-10-04T15:27:10.5913141Z # {"seconds":46.59999999999854,"reached":4,"minimumHealth":76.17862340525166,"maximumWanted":1,"maximumPatrols":2}
2026-10-04T15:27:10.5913966Z # Subtest: generated-city getaway can trigger pursuit, lose real patrols and return without teleporting
2026-10-04T15:27:10.5914680Z ok 289 - generated-city getaway can trigger pursuit, lose real patrols and return without teleporting
2026-10-04T15:27:10.5915122Z   ---
2026-10-04T15:27:10.5915325Z   duration_ms: 10105.266933
2026-10-04T15:27:10.5915565Z   type: 'test'
2026-10-04T15:27:10.5915768Z   ...
2026-10-04T15:27:10.5916239Z # {"seconds":74.69999999999695,"reached":5,"minimumHealth":100,"maximumWanted":2,"maximumPatrols":3}
2026-10-04T15:27:10.5916922Z # Subtest: asphalt surfaces tile the real road grid at one height without overlapping intersections
2026-10-04T15:27:10.5917602Z ok 290 - asphalt surfaces tile the real road grid at one height without overlapping intersections
2026-10-04T15:27:10.5918021Z   ---
2026-10-04T15:27:10.5918212Z   duration_ms: 4.869164
2026-10-04T15:27:10.5918428Z   type: 'test'
2026-10-04T15:27:10.5918623Z   ...
2026-10-04T15:27:10.5919110Z # Subtest: ground-height query agrees with rendered triangles at ramps, pavement, park paths and promenade
2026-10-04T15:27:10.5919850Z ok 291 - ground-height query agrees with rendered triangles at ramps, pavement, park paths and promenade
2026-10-04T15:27:10.5920298Z   ---
2026-10-04T15:27:10.5920485Z   duration_ms: 23.168303
2026-10-04T15:27:10.5920705Z   type: 'test'
2026-10-04T15:27:10.5920892Z   ...
2026-10-04T15:27:10.5921328Z # Subtest: all registered obstacles have finite height and cover their actual instance geometry
2026-10-04T15:27:10.5921983Z ok 292 - all registered obstacles have finite height and cover their actual instance geometry
2026-10-04T15:27:10.5922457Z   ---
2026-10-04T15:27:10.5922651Z   duration_ms: 17.384677
2026-10-04T15:27:10.5922869Z   type: 'test'
2026-10-04T15:27:10.5923060Z   ...
2026-10-04T15:27:10.5923455Z # Subtest: Node and browser texture paths emit identical physical and camera geometry
2026-10-04T15:27:10.5924044Z ok 293 - Node and browser texture paths emit identical physical and camera geometry
2026-10-04T15:27:10.5924417Z   ---
2026-10-04T15:27:10.5924681Z   duration_ms: 324.734422
2026-10-04T15:27:10.5924907Z   type: 'test'
2026-10-04T15:27:10.5925096Z   ...
2026-10-04T15:27:10.5925642Z # Subtest: shared vehicle and character dimensions enclose actual rendered geometry including mirrors and police lights
2026-10-04T15:27:10.5926468Z ok 294 - shared vehicle and character dimensions enclose actual rendered geometry including mirrors and police lights
2026-10-04T15:27:10.5926946Z   ---
2026-10-04T15:27:10.5927148Z   duration_ms: 742.460548
2026-10-04T15:27:10.5927375Z   type: 'test'
2026-10-04T15:27:10.5927567Z   ...
2026-10-04T15:27:10.5928036Z # Subtest: all decorative sidewalk routes remain clear of grounded obstacles and sample the real pavement
2026-10-04T15:27:10.5928754Z ok 295 - all decorative sidewalk routes remain clear of grounded obstacles and sample the real pavement
2026-10-04T15:27:10.5929179Z   ---
2026-10-04T15:27:10.5929368Z   duration_ms: 396.956405
2026-10-04T15:27:10.5929598Z   type: 'test'
2026-10-04T15:27:10.5929792Z   ...
2026-10-04T15:27:10.5930296Z # Subtest: world finish composes existing hooks, preserves physical values and runs once in real instance metres
2026-10-04T15:27:10.5931072Z ok 296 - world finish composes existing hooks, preserves physical values and runs once in real instance metres
2026-10-04T15:27:10.5931519Z   ---
2026-10-04T15:27:10.5931706Z   duration_ms: 3.869426
2026-10-04T15:27:10.5931932Z   type: 'test'
2026-10-04T15:27:10.5932126Z   ...
2026-10-04T15:27:10.5932763Z # Subtest: southern street and eastern shore retain checkpoint mineral and metal coverage without modifying glazing shaders
2026-10-04T15:27:10.5933629Z ok 297 - southern street and eastern shore retain checkpoint mineral and metal coverage without modifying glazing shaders
2026-10-04T15:27:10.5934118Z   ---
2026-10-04T15:27:10.5934308Z   duration_ms: 621.610461
2026-10-04T15:27:10.5934531Z   type: 'test'
2026-10-04T15:27:10.5934728Z   ...
2026-10-04T15:27:10.5935107Z # Subtest: browser facade texture projection survives the added world grain shader
2026-10-04T15:27:10.5935746Z ok 298 - browser facade texture projection survives the added world grain shader
2026-10-04T15:27:10.5936111Z   ---
2026-10-04T15:27:10.5936297Z   duration_ms: 476.569025
2026-10-04T15:27:10.5936518Z   type: 'test'
2026-10-04T15:27:10.5936710Z   ...
2026-10-04T15:27:10.5936887Z 1..298
2026-10-04T15:27:10.5937071Z # tests 298
2026-10-04T15:27:10.5937261Z # suites 0
2026-10-04T15:27:10.5937468Z # pass 298
2026-10-04T15:27:10.5937658Z # fail 0
2026-10-04T15:27:10.5937845Z # cancelled 0
2026-10-04T15:27:10.5938051Z # skipped 0
2026-10-04T15:27:10.5938238Z # todo 0
2026-10-04T15:27:10.5938445Z # duration_ms 137329.659366
2026-10-04T15:27:10.5965212Z ##[group]Run npm run build
2026-10-04T15:27:10.5965492Z [36;1mnpm run build[0m
2026-10-04T15:27:10.6001649Z shell: /usr/bin/bash -e {0}
2026-10-04T15:27:10.6001914Z ##[endgroup]
2026-10-04T15:27:10.6887818Z 
2026-10-04T15:27:10.6888732Z > neon-harbor@0.8.0 build
2026-10-04T15:27:10.6889623Z > node tools/build.mjs
2026-10-04T15:27:10.6890110Z 
2026-10-04T15:27:11.1454952Z Built 58 city districts (6888 KiB) at /home/runner/work/neon-harbor/neon-harbor/assets/city/chunks/
2026-10-04T15:27:11.3793420Z Built 12 north-shore districts (6603 KiB) at /home/runner/work/neon-harbor/neon-harbor/assets/metropolis/chunks/
2026-10-04T15:27:11.4911467Z Built static game at /home/runner/work/neon-harbor/neon-harbor/dist
2026-10-04T15:27:11.5099206Z ##[group]Run npx playwright install --with-deps chromium
2026-10-04T15:27:11.5099616Z [36;1mnpx playwright install --with-deps chromium[0m
2026-10-04T15:27:11.5136480Z shell: /usr/bin/bash -e {0}
2026-10-04T15:27:11.5136766Z ##[endgroup]
2026-10-04T15:27:12.2390444Z Installing dependencies...
2026-10-04T15:27:12.2444887Z Switching to root user to install dependencies...
2026-10-04T15:27:12.3214166Z Get:1 file:/etc/apt/apt-mirrors.txt Mirrorlist [144 B]
2026-10-04T15:27:12.3510811Z Hit:2 http://azure.archive.ubuntu.com/ubuntu noble InRelease
2026-10-04T15:27:12.3544248Z Get:6 https://packages.microsoft.com/ubuntu/24.04/prod noble InRelease [3600 B]
2026-10-04T15:27:12.3573521Z Get:3 http://azure.archive.ubuntu.com/ubuntu noble-updates InRelease [126 kB]
2026-10-04T15:27:12.3603272Z Get:4 http://azure.archive.ubuntu.com/ubuntu noble-backports InRelease [126 kB]
2026-10-04T15:27:12.3604403Z Get:5 http://azure.archive.ubuntu.com/ubuntu noble-security InRelease [126 kB]
2026-10-04T15:27:12.4708583Z Get:7 https://packages.microsoft.com/ubuntu/24.04/prod noble/main arm64 Packages [458 kB]
2026-10-04T15:27:12.4853629Z Get:8 https://packages.microsoft.com/ubuntu/24.04/prod noble/main amd64 Packages [511 kB]
2026-10-04T15:27:12.4884069Z Get:9 https://packages.microsoft.com/ubuntu/24.04/prod noble/main armhf Packages [12.6 kB]
2026-10-04T15:27:12.5142689Z Get:10 http://azure.archive.ubuntu.com/ubuntu noble-updates/main amd64 Packages [1364 kB]
2026-10-04T15:27:12.5203740Z Get:11 http://azure.archive.ubuntu.com/ubuntu noble-updates/main Translation-en [304 kB]
2026-10-04T15:27:12.5218742Z Get:12 http://azure.archive.ubuntu.com/ubuntu noble-updates/main amd64 Components [181 kB]
2026-10-04T15:27:12.5232838Z Get:13 http://azure.archive.ubuntu.com/ubuntu noble-updates/universe amd64 Packages [1699 kB]
2026-10-04T15:27:12.5315934Z Get:14 http://azure.archive.ubuntu.com/ubuntu noble-updates/universe Translation-en [341 kB]
2026-10-04T15:27:12.5336368Z Get:15 http://azure.archive.ubuntu.com/ubuntu noble-updates/universe amd64 Components [388 kB]
2026-10-04T15:27:12.5383499Z Get:16 http://azure.archive.ubuntu.com/ubuntu noble-updates/restricted amd64 Packages [1720 kB]
2026-10-04T15:27:12.5444810Z Get:17 http://azure.archive.ubuntu.com/ubuntu noble-updates/restricted Translation-en [394 kB]
2026-10-04T15:27:12.5472650Z Get:18 http://azure.archive.ubuntu.com/ubuntu noble-updates/multiverse amd64 Components [940 B]
2026-10-04T15:27:12.5629228Z Get:19 http://azure.archive.ubuntu.com/ubuntu noble-backports/main amd64 Components [5776 B]
2026-10-04T15:27:12.6094593Z Get:20 http://azure.archive.ubuntu.com/ubuntu noble-backports/universe amd64 Components [12.6 kB]
2026-10-04T15:27:12.6104192Z Get:21 http://azure.archive.ubuntu.com/ubuntu noble-security/main amd64 Packages [1069 kB]
2026-10-04T15:27:12.6150862Z Get:22 http://azure.archive.ubuntu.com/ubuntu noble-security/main Translation-en [221 kB]
2026-10-04T15:27:12.6167135Z Get:23 http://azure.archive.ubuntu.com/ubuntu noble-security/main amd64 Components [46.4 kB]
2026-10-04T15:27:12.6175528Z Get:24 http://azure.archive.ubuntu.com/ubuntu noble-security/universe amd64 Packages [1216 kB]
2026-10-04T15:27:12.6227960Z Get:25 http://azure.archive.ubuntu.com/ubuntu noble-security/universe Translation-en [244 kB]
2026-10-04T15:27:12.6242975Z Get:26 http://azure.archive.ubuntu.com/ubuntu noble-security/universe amd64 Components [76.4 kB]
2026-10-04T15:27:12.6251253Z Get:27 http://azure.archive.ubuntu.com/ubuntu noble-security/restricted amd64 Packages [1566 kB]
2026-10-04T15:27:12.6315515Z Get:28 http://azure.archive.ubuntu.com/ubuntu noble-security/restricted Translation-en [361 kB]
2026-10-04T15:27:16.7869477Z Fetched 12.6 MB in 1s (9359 kB/s)
2026-10-04T15:27:17.6024315Z Reading package lists...
2026-10-04T15:27:17.6284185Z Reading package lists...
2026-10-04T15:27:17.7967125Z Building dependency tree...
2026-10-04T15:27:17.7972689Z Reading state information...
2026-10-04T15:27:17.9385120Z libasound2t64 is already the newest version (1.2.11-1ubuntu0.3).
2026-10-04T15:27:17.9386583Z libasound2t64 set to manually installed.
2026-10-04T15:27:17.9387366Z libatk-bridge2.0-0t64 is already the newest version (2.52.0-1build1).
2026-10-04T15:27:17.9388118Z libatk-bridge2.0-0t64 set to manually installed.
2026-10-04T15:27:17.9388755Z libatk1.0-0t64 is already the newest version (2.52.0-1build1).
2026-10-04T15:27:17.9389320Z libatk1.0-0t64 set to manually installed.
2026-10-04T15:27:17.9389934Z libatspi2.0-0t64 is already the newest version (2.52.0-1build1).
2026-10-04T15:27:17.9390544Z libatspi2.0-0t64 set to manually installed.
2026-10-04T15:27:17.9391166Z libcairo2 is already the newest version (1.18.0-3build1).
2026-10-04T15:27:17.9392043Z libcairo2 set to manually installed.
2026-10-04T15:27:17.9392999Z libcups2t64 is already the newest version (2.4.7-1.2ubuntu7.14).
2026-10-04T15:27:17.9393667Z libcups2t64 set to manually installed.
2026-10-04T15:27:17.9394311Z libdbus-1-3 is already the newest version (1.14.10-4ubuntu4.1).
2026-10-04T15:27:17.9394980Z libdbus-1-3 set to manually installed.
2026-10-04T15:27:17.9395833Z libdrm2 is already the newest version (2.4.125-1ubuntu0.1~24.04.2).
2026-10-04T15:27:17.9396578Z libdrm2 set to manually installed.
2026-10-04T15:27:17.9397249Z libglib2.0-0t64 is already the newest version (2.80.0-6ubuntu3.9).
2026-10-04T15:27:17.9397956Z libglib2.0-0t64 set to manually installed.
2026-10-04T15:27:17.9398619Z libnspr4 is already the newest version (2:4.35-1.1build1).
2026-10-04T15:27:17.9399209Z libnspr4 set to manually installed.
2026-10-04T15:27:17.9399799Z libnss3 is already the newest version (2:3.98-1ubuntu0.2).
2026-10-04T15:27:17.9400375Z libnss3 set to manually installed.
2026-10-04T15:27:17.9401023Z libpango-1.0-0 is already the newest version (1.52.1+ds-1build1).
2026-10-04T15:27:17.9401559Z libpango-1.0-0 set to manually installed.
2026-10-04T15:27:17.9401940Z libx11-6 is already the newest version (2:1.8.7-1build1).
2026-10-04T15:27:17.9402469Z libx11-6 set to manually installed.
2026-10-04T15:27:17.9402833Z libxcb1 is already the newest version (1.15-1ubuntu2).
2026-10-04T15:27:17.9403181Z libxcb1 set to manually installed.
2026-10-04T15:27:17.9403593Z libxcomposite1 is already the newest version (1:0.4.5-1build3).
2026-10-04T15:27:17.9404029Z libxcomposite1 set to manually installed.
2026-10-04T15:27:17.9404568Z libxdamage1 is already the newest version (1:1.1.6-1build1).
2026-10-04T15:27:17.9404947Z libxdamage1 set to manually installed.
2026-10-04T15:27:17.9405315Z libxext6 is already the newest version (2:1.3.4-1build2).
2026-10-04T15:27:17.9405666Z libxext6 set to manually installed.
2026-10-04T15:27:17.9406039Z libxfixes3 is already the newest version (1:6.0.0-2build1).
2026-10-04T15:27:17.9406414Z libxfixes3 set to manually installed.
2026-10-04T15:27:17.9406800Z libxkbcommon0 is already the newest version (1.6.0-1build1).
2026-10-04T15:27:17.9407212Z libxkbcommon0 set to manually installed.
2026-10-04T15:27:17.9407679Z libxrandr2 is already the newest version (2:1.5.2-2build1).
2026-10-04T15:27:17.9408045Z libxrandr2 set to manually installed.
2026-10-04T15:27:17.9408411Z xvfb is already the newest version (2:21.1.12-1ubuntu1.8).
2026-10-04T15:27:17.9408923Z fonts-noto-color-emoji is already the newest version (2.047-0ubuntu0.24.04.1).
2026-10-04T15:27:17.9409452Z libfontconfig1 is already the newest version (2.15.0-1.1ubuntu2).
2026-10-04T15:27:17.9410044Z libfontconfig1 set to manually installed.
2026-10-04T15:27:17.9410710Z libfreetype6 is already the newest version (2.13.2+dfsg-1ubuntu0.1).
2026-10-04T15:27:17.9411361Z libfreetype6 set to manually installed.
2026-10-04T15:27:17.9412005Z fonts-liberation is already the newest version (1:2.1.5-3).
2026-10-04T15:27:17.9412650Z fonts-liberation set to manually installed.
2026-10-04T15:27:17.9413032Z The following additional packages will be installed:
2026-10-04T15:27:17.9413503Z   libgl1-mesa-dri libglx-mesa0 mesa-libgallium xfonts-encodings xfonts-utils
2026-10-04T15:27:17.9413925Z Recommended packages:
2026-10-04T15:27:17.9414259Z   fonts-ipafont-mincho fonts-tlwg-loma
2026-10-04T15:27:17.9563532Z The following NEW packages will be installed:
2026-10-04T15:27:17.9564510Z   fonts-freefont-ttf fonts-ipafont-gothic fonts-tlwg-loma-otf fonts-unifont
2026-10-04T15:27:17.9570968Z   fonts-wqy-zenhei xfonts-cyrillic xfonts-encodings xfonts-scalable
2026-10-04T15:27:17.9571680Z   xfonts-utils
2026-10-04T15:27:17.9576308Z The following packages will be upgraded:
2026-10-04T15:27:17.9581612Z   libgbm1 libgl1-mesa-dri libglx-mesa0 mesa-libgallium
2026-10-04T15:27:17.9723100Z 4 upgraded, 9 newly installed, 0 to remove and 21 not upgraded.
2026-10-04T15:27:17.9723546Z Need to get 32.1 MB of archives.
2026-10-04T15:27:17.9724206Z After this operation, 79.5 MB of additional disk space will be used.
2026-10-04T15:27:17.9724682Z Get:1 file:/etc/apt/apt-mirrors.txt Mirrorlist [144 B]
2026-10-04T15:27:18.0505925Z Get:2 http://azure.archive.ubuntu.com/ubuntu noble/universe amd64 fonts-ipafont-gothic all 00303-21ubuntu1 [3513 kB]
2026-10-04T15:27:18.1831728Z Get:3 http://azure.archive.ubuntu.com/ubuntu noble/main amd64 fonts-freefont-ttf all 20211204+svn4273-2 [5641 kB]
2026-10-04T15:27:18.3611351Z Get:4 http://azure.archive.ubuntu.com/ubuntu noble/universe amd64 fonts-tlwg-loma-otf all 1:0.7.3-1 [107 kB]
2026-10-04T15:27:18.4268375Z Get:5 http://azure.archive.ubuntu.com/ubuntu noble/universe amd64 fonts-unifont all 1:15.1.01-1build1 [2993 kB]
2026-10-04T15:27:18.6118513Z Get:6 http://azure.archive.ubuntu.com/ubuntu noble/universe amd64 fonts-wqy-zenhei all 0.9.45-8 [7472 kB]
2026-10-04T15:27:19.2776283Z Get:7 http://azure.archive.ubuntu.com/ubuntu noble-updates/main amd64 libgl1-mesa-dri amd64 25.2.8-0ubuntu0.24.04.4 [38.0 kB]
2026-10-04T15:27:19.3408720Z Get:8 http://azure.archive.ubuntu.com/ubuntu noble-updates/main amd64 libglx-mesa0 amd64 25.2.8-0ubuntu0.24.04.4 [110 kB]
2026-10-04T15:27:19.4046780Z Get:9 http://azure.archive.ubuntu.com/ubuntu noble-updates/main amd64 libgbm1 amd64 25.2.8-0ubuntu0.24.04.4 [34.2 kB]
2026-10-04T15:27:19.4681466Z Get:10 http://azure.archive.ubuntu.com/ubuntu noble-updates/main amd64 mesa-libgallium amd64 25.2.8-0ubuntu0.24.04.4 [10.8 MB]
2026-10-04T15:27:19.7326278Z Get:11 http://azure.archive.ubuntu.com/ubuntu noble/main amd64 xfonts-encodings all 1:1.0.5-0ubuntu2 [578 kB]
2026-10-04T15:27:19.8069995Z Get:12 http://azure.archive.ubuntu.com/ubuntu noble/main amd64 xfonts-utils amd64 1:7.7+6build3 [94.4 kB]
2026-10-04T15:27:19.8756152Z Get:13 http://azure.archive.ubuntu.com/ubuntu noble/universe amd64 xfonts-cyrillic all 1:1.0.5+nmu1 [384 kB]
2026-10-04T15:27:19.9391050Z Get:14 http://azure.archive.ubuntu.com/ubuntu noble/main amd64 xfonts-scalable all 1:1.0.3-1.3 [304 kB]
2026-10-04T15:27:20.1762471Z Fetched 32.1 MB in 2s (16.2 MB/s)
2026-10-04T15:27:20.1963279Z Selecting previously unselected package fonts-ipafont-gothic.
2026-10-04T15:27:20.2144495Z (Reading database ... 
2026-10-04T15:27:20.2144972Z (Reading database ... 5%
2026-10-04T15:27:20.2145419Z (Reading database ... 10%
2026-10-04T15:27:20.2145862Z (Reading database ... 15%
2026-10-04T15:27:20.2146331Z (Reading database ... 20%
2026-10-04T15:27:20.2146758Z (Reading database ... 25%
2026-10-04T15:27:20.2147553Z (Reading database ... 30%
2026-10-04T15:27:20.2147985Z (Reading database ... 35%
2026-10-04T15:27:20.2148285Z (Reading database ... 40%
2026-10-04T15:27:20.2148536Z (Reading database ... 45%
2026-10-04T15:27:20.2158387Z (Reading database ... 50%
2026-10-04T15:27:20.2171723Z (Reading database ... 55%
2026-10-04T15:27:20.3612738Z (Reading database ... 60%
2026-10-04T15:27:20.5686770Z (Reading database ... 65%
2026-10-04T15:27:20.7593155Z (Reading database ... 70%
2026-10-04T15:27:20.9241978Z (Reading database ... 75%
2026-10-04T15:27:21.1066325Z (Reading database ... 80%
2026-10-04T15:27:21.3145158Z (Reading database ... 85%
2026-10-04T15:27:21.5241122Z (Reading database ... 90%
2026-10-04T15:27:21.7168971Z (Reading database ... 95%
2026-10-04T15:27:21.7169549Z (Reading database ... 100%
2026-10-04T15:27:21.7170258Z (Reading database ... 202296 files and directories currently installed.)
2026-10-04T15:27:21.7215008Z Preparing to unpack .../00-fonts-ipafont-gothic_00303-21ubuntu1_all.deb ...
2026-10-04T15:27:21.7298776Z Unpacking fonts-ipafont-gothic (00303-21ubuntu1) ...
2026-10-04T15:27:21.9604138Z Selecting previously unselected package fonts-freefont-ttf.
2026-10-04T15:27:21.9715363Z Preparing to unpack .../01-fonts-freefont-ttf_20211204+svn4273-2_all.deb ...
2026-10-04T15:27:21.9727956Z Unpacking fonts-freefont-ttf (20211204+svn4273-2) ...
2026-10-04T15:27:22.0473231Z Selecting previously unselected package fonts-tlwg-loma-otf.
2026-10-04T15:27:22.0587221Z Preparing to unpack .../02-fonts-tlwg-loma-otf_1%3a0.7.3-1_all.deb ...
2026-10-04T15:27:22.0595862Z Unpacking fonts-tlwg-loma-otf (1:0.7.3-1) ...
2026-10-04T15:27:22.0762916Z Selecting previously unselected package fonts-unifont.
2026-10-04T15:27:22.0874901Z Preparing to unpack .../03-fonts-unifont_1%3a15.1.01-1build1_all.deb ...
2026-10-04T15:27:22.0886130Z Unpacking fonts-unifont (1:15.1.01-1build1) ...
2026-10-04T15:27:22.1834205Z Selecting previously unselected package fonts-wqy-zenhei.
2026-10-04T15:27:22.1948417Z Preparing to unpack .../04-fonts-wqy-zenhei_0.9.45-8_all.deb ...
2026-10-04T15:27:22.2036741Z Unpacking fonts-wqy-zenhei (0.9.45-8) ...
2026-10-04T15:27:22.6877171Z Preparing to unpack .../05-libgl1-mesa-dri_25.2.8-0ubuntu0.24.04.4_amd64.deb ...
2026-10-04T15:27:22.6989863Z Unpacking libgl1-mesa-dri:amd64 (25.2.8-0ubuntu0.24.04.4) over (25.2.8-0ubuntu0.24.04.2) ...
2026-10-04T15:27:22.7457560Z Preparing to unpack .../06-libglx-mesa0_25.2.8-0ubuntu0.24.04.4_amd64.deb ...
2026-10-04T15:27:22.7483679Z Unpacking libglx-mesa0:amd64 (25.2.8-0ubuntu0.24.04.4) over (25.2.8-0ubuntu0.24.04.2) ...
2026-10-04T15:27:22.7810352Z Preparing to unpack .../07-libgbm1_25.2.8-0ubuntu0.24.04.4_amd64.deb ...
2026-10-04T15:27:22.7874479Z Unpacking libgbm1:amd64 (25.2.8-0ubuntu0.24.04.4) over (25.2.8-0ubuntu0.24.04.2) ...
2026-10-04T15:27:22.8160398Z Preparing to unpack .../08-mesa-libgallium_25.2.8-0ubuntu0.24.04.4_amd64.deb ...
2026-10-04T15:27:22.8179528Z Unpacking mesa-libgallium:amd64 (25.2.8-0ubuntu0.24.04.4) over (25.2.8-0ubuntu0.24.04.2) ...
2026-10-04T15:27:22.9715713Z Selecting previously unselected package xfonts-encodings.
2026-10-04T15:27:22.9827147Z Preparing to unpack .../09-xfonts-encodings_1%3a1.0.5-0ubuntu2_all.deb ...
2026-10-04T15:27:22.9834652Z Unpacking xfonts-encodings (1:1.0.5-0ubuntu2) ...
2026-10-04T15:27:23.0032847Z Selecting previously unselected package xfonts-utils.
2026-10-04T15:27:23.0141204Z Preparing to unpack .../10-xfonts-utils_1%3a7.7+6build3_amd64.deb ...
2026-10-04T15:27:23.0147371Z Unpacking xfonts-utils (1:7.7+6build3) ...
2026-10-04T15:27:23.0514697Z Selecting previously unselected package xfonts-cyrillic.
2026-10-04T15:27:23.0624017Z Preparing to unpack .../11-xfonts-cyrillic_1%3a1.0.5+nmu1_all.deb ...
2026-10-04T15:27:23.0631025Z Unpacking xfonts-cyrillic (1:1.0.5+nmu1) ...
2026-10-04T15:27:23.0858707Z Selecting previously unselected package xfonts-scalable.
2026-10-04T15:27:23.0968339Z Preparing to unpack .../12-xfonts-scalable_1%3a1.0.3-1.3_all.deb ...
2026-10-04T15:27:23.0976767Z Unpacking xfonts-scalable (1:1.0.3-1.3) ...
2026-10-04T15:27:23.1311548Z Setting up mesa-libgallium:amd64 (25.2.8-0ubuntu0.24.04.4) ...
2026-10-04T15:27:23.1334934Z Setting up libgbm1:amd64 (25.2.8-0ubuntu0.24.04.4) ...
2026-10-04T15:27:23.1352451Z Setting up libgl1-mesa-dri:amd64 (25.2.8-0ubuntu0.24.04.4) ...
2026-10-04T15:27:23.1410408Z Setting up fonts-wqy-zenhei (0.9.45-8) ...
2026-10-04T15:27:23.1498711Z Setting up fonts-freefont-ttf (20211204+svn4273-2) ...
2026-10-04T15:27:23.1513849Z Setting up fonts-tlwg-loma-otf (1:0.7.3-1) ...
2026-10-04T15:27:23.1528480Z Setting up xfonts-encodings (1:1.0.5-0ubuntu2) ...
2026-10-04T15:27:23.1544561Z Setting up fonts-ipafont-gothic (00303-21ubuntu1) ...
2026-10-04T15:27:23.1593501Z update-alternatives: using /usr/share/fonts/opentype/ipafont-gothic/ipag.ttf to provide /usr/share/fonts/truetype/fonts-japanese-gothic.ttf (fonts-japanese-gothic.ttf) in auto mode
2026-10-04T15:27:23.1605125Z Setting up fonts-unifont (1:15.1.01-1build1) ...
2026-10-04T15:27:23.1620688Z Setting up libglx-mesa0:amd64 (25.2.8-0ubuntu0.24.04.4) ...
2026-10-04T15:27:23.1637475Z Setting up xfonts-utils (1:7.7+6build3) ...
2026-10-04T15:27:23.1670431Z Setting up xfonts-cyrillic (1:1.0.5+nmu1) ...
2026-10-04T15:27:23.1948423Z Setting up xfonts-scalable (1:1.0.3-1.3) ...
2026-10-04T15:27:23.2195960Z Processing triggers for libc-bin (2.39-0ubuntu8.9) ...
2026-10-04T15:27:23.2406518Z Processing triggers for man-db (2.12.0-4build2) ...
2026-10-04T15:27:23.2423085Z Not building database; man-db/auto-update is not 'true'.
2026-10-04T15:27:23.2433449Z Processing triggers for fontconfig (2.15.0-1.1ubuntu2) ...
2026-10-04T15:27:24.0572508Z 
2026-10-04T15:27:24.0573217Z Running kernel seems to be up-to-date.
2026-10-04T15:27:24.0573621Z 
2026-10-04T15:27:24.0573884Z No services need to be restarted.
2026-10-04T15:27:24.0574178Z 
2026-10-04T15:27:24.0574333Z No containers need to be restarted.
2026-10-04T15:27:24.0574516Z 
2026-10-04T15:27:24.0574723Z No user sessions are running outdated binaries.
2026-10-04T15:27:24.0574939Z 
2026-10-04T15:27:24.0575209Z No VM guests are running outdated hypervisor (qemu) binaries on this host.
2026-10-04T15:27:24.8610765Z Downloading Chrome for Testing 151.0.7922.34 (playwright chromium v1234) from https://cdn.playwright.dev/builds/cft/151.0.7922.34/linux64/chrome-linux64.zip
2026-10-04T15:27:25.8708100Z |                                                                                |   0% of 184.3 MiB
2026-10-04T15:27:26.0421092Z |■■■■■■■■                                                                        |  10% of 184.3 MiB
2026-10-04T15:27:26.1502573Z |■■■■■■■■■■■■■■■■                                                                |  20% of 184.3 MiB
2026-10-04T15:27:26.2509459Z |■■■■■■■■■■■■■■■■■■■■■■■■                                                        |  30% of 184.3 MiB
2026-10-04T15:27:26.4019812Z |■■■■■■■■■■■■■■■■■■■■■■■■■■■■■■■■                                                |  40% of 184.3 MiB
2026-10-04T15:27:26.5290621Z |■■■■■■■■■■■■■■■■■■■■■■■■■■■■■■■■■■■■■■■■                                        |  50% of 184.3 MiB
2026-10-04T15:27:26.6255891Z |■■■■■■■■■■■■■■■■■■■■■■■■■■■■■■■■■■■■■■■■■■■■■■■■                                |  60% of 184.3 MiB
2026-10-04T15:27:26.7468908Z |■■■■■■■■■■■■■■■■■■■■■■■■■■■■■■■■■■■■■■■■■■■■■■■■■■■■■■■■                        |  70% of 184.3 MiB
2026-10-04T15:27:26.8487874Z |■■■■■■■■■■■■■■■■■■■■■■■■■■■■■■■■■■■■■■■■■■■■■■■■■■■■■■■■■■■■■■■■                |  80% of 184.3 MiB
2026-10-04T15:27:26.9588853Z |■■■■■■■■■■■■■■■■■■■■■■■■■■■■■■■■■■■■■■■■■■■■■■■■■■■■■■■■■■■■■■■■■■■■■■■■        |  90% of 184.3 MiB
2026-10-04T15:27:27.0538358Z |■■■■■■■■■■■■■■■■■■■■■■■■■■■■■■■■■■■■■■■■■■■■■■■■■■■■■■■■■■■■■■■■■■■■■■■■■■■■■■■■| 100% of 184.3 MiB
2026-10-04T15:27:29.5238271Z Chrome for Testing 151.0.7922.34 (playwright chromium v1234) downloaded to /home/runner/.cache/ms-playwright/chromium-1234
2026-10-04T15:27:29.5241736Z Downloading FFmpeg (playwright ffmpeg v1011) from https://cdn.playwright.dev/dbazure/download/playwright/builds/ffmpeg/1011/ffmpeg-linux.zip
2026-10-04T15:27:30.6262573Z |                                                                                |   0% of 2.3 MiB
2026-10-04T15:27:30.6290784Z |■■■■■■■■                                                                        |  10% of 2.3 MiB
2026-10-04T15:27:30.6314374Z |■■■■■■■■■■■■■■■■                                                                |  20% of 2.3 MiB
2026-10-04T15:27:30.6382405Z |■■■■■■■■■■■■■■■■■■■■■■■■                                                        |  30% of 2.3 MiB
2026-10-04T15:27:30.6413121Z |■■■■■■■■■■■■■■■■■■■■■■■■■■■■■■■■                                                |  40% of 2.3 MiB
2026-10-04T15:27:30.6443292Z |■■■■■■■■■■■■■■■■■■■■■■■■■■■■■■■■■■■■■■■■                                        |  50% of 2.3 MiB
2026-10-04T15:27:30.6456166Z |■■■■■■■■■■■■■■■■■■■■■■■■■■■■■■■■■■■■■■■■■■■■■■■■                                |  60% of 2.3 MiB
2026-10-04T15:27:30.6473558Z |■■■■■■■■■■■■■■■■■■■■■■■■■■■■■■■■■■■■■■■■■■■■■■■■■■■■■■■■                        |  70% of 2.3 MiB
2026-10-04T15:27:30.6482945Z |■■■■■■■■■■■■■■■■■■■■■■■■■■■■■■■■■■■■■■■■■■■■■■■■■■■■■■■■■■■■■■■■                |  80% of 2.3 MiB
2026-10-04T15:27:30.6493677Z |■■■■■■■■■■■■■■■■■■■■■■■■■■■■■■■■■■■■■■■■■■■■■■■■■■■■■■■■■■■■■■■■■■■■■■■■        |  90% of 2.3 MiB
2026-10-04T15:27:30.6500827Z |■■■■■■■■■■■■■■■■■■■■■■■■■■■■■■■■■■■■■■■■■■■■■■■■■■■■■■■■■■■■■■■■■■■■■■■■■■■■■■■■| 100% of 2.3 MiB
2026-10-04T15:27:30.6999365Z FFmpeg (playwright ffmpeg v1011) downloaded to /home/runner/.cache/ms-playwright/ffmpeg-1011
2026-10-04T15:27:30.7002909Z Downloading Chrome Headless Shell 151.0.7922.34 (playwright chromium-headless-shell v1234) from https://cdn.playwright.dev/builds/cft/151.0.7922.34/linux64/chrome-headless-shell-linux64.zip
2026-10-04T15:27:31.7113613Z |                                                                                |   0% of 114.7 MiB
2026-10-04T15:27:31.8544897Z |■■■■■■■■                                                                        |  10% of 114.7 MiB
2026-10-04T15:27:31.9045419Z |■■■■■■■■■■■■■■■■                                                                |  20% of 114.7 MiB
2026-10-04T15:27:31.9530678Z |■■■■■■■■■■■■■■■■■■■■■■■■                                                        |  30% of 114.7 MiB
2026-10-04T15:27:31.9909269Z |■■■■■■■■■■■■■■■■■■■■■■■■■■■■■■■■                                                |  40% of 114.7 MiB
2026-10-04T15:27:32.0248813Z |■■■■■■■■■■■■■■■■■■■■■■■■■■■■■■■■■■■■■■■■                                        |  50% of 114.7 MiB
2026-10-04T15:27:32.0594489Z |■■■■■■■■■■■■■■■■■■■■■■■■■■■■■■■■■■■■■■■■■■■■■■■■                                |  60% of 114.7 MiB
2026-10-04T15:27:32.0953273Z |■■■■■■■■■■■■■■■■■■■■■■■■■■■■■■■■■■■■■■■■■■■■■■■■■■■■■■■■                        |  70% of 114.7 MiB
2026-10-04T15:27:32.1297387Z |■■■■■■■■■■■■■■■■■■■■■■■■■■■■■■■■■■■■■■■■■■■■■■■■■■■■■■■■■■■■■■■■                |  80% of 114.7 MiB
2026-10-04T15:27:32.1638673Z |■■■■■■■■■■■■■■■■■■■■■■■■■■■■■■■■■■■■■■■■■■■■■■■■■■■■■■■■■■■■■■■■■■■■■■■■        |  90% of 114.7 MiB
2026-10-04T15:27:32.1981049Z |■■■■■■■■■■■■■■■■■■■■■■■■■■■■■■■■■■■■■■■■■■■■■■■■■■■■■■■■■■■■■■■■■■■■■■■■■■■■■■■■| 100% of 114.7 MiB
2026-10-04T15:27:33.9500887Z Chrome Headless Shell 151.0.7922.34 (playwright chromium-headless-shell v1234) downloaded to /home/runner/.cache/ms-playwright/chromium_headless_shell-1234
2026-10-04T15:27:33.9689889Z ##[group]Run npx playwright test tests/e2e/metropolis.spec.js --fully-parallel --shard=1/3
2026-10-04T15:27:33.9690526Z [36;1mnpx playwright test tests/e2e/metropolis.spec.js --fully-parallel --shard=1/3[0m
2026-10-04T15:27:33.9726820Z shell: /usr/bin/bash -e {0}
2026-10-04T15:27:33.9727248Z ##[endgroup]
2026-10-04T15:27:35.0203177Z 
2026-10-04T15:27:35.0204188Z Running 2 tests using 1 worker, shard 1 of 3
2026-10-04T15:27:35.0204939Z 
2026-10-04T15:29:05.5657881Z   ✓  1 tests/e2e/metropolis.spec.js:62:1 › city atlas exposes all three shores and fetches and evicts real north-shore detail (1.5m)
2026-10-04T15:32:11.9845197Z   ✓  2 tests/e2e/metropolis.spec.js:113:3 › tide-museum: walk through the lobby, ride the elevator, return to the street (3.1m)
2026-10-04T15:32:27.3346919Z 
2026-10-04T15:32:27.3350953Z   2 passed (4.9m)
2026-10-04T15:32:27.3773134Z ##[group]Run actions/upload-artifact@v4
2026-10-04T15:32:27.3773433Z with:
2026-10-04T15:32:27.3773655Z   name: browser-test-results-metropolis-1
2026-10-04T15:32:27.3773972Z   path: playwright-report/
test-results/

2026-10-04T15:32:27.3774250Z   if-no-files-found: ignore
2026-10-04T15:32:27.3774500Z   compression-level: 6
2026-10-04T15:32:27.3774713Z   overwrite: false
2026-10-04T15:32:27.3774923Z   include-hidden-files: false
2026-10-04T15:32:27.3775187Z ##[endgroup]
2026-10-04T15:32:27.5361922Z (node:3577) [DEP0040] DeprecationWarning: The `punycode` module is deprecated. Please use a userland alternative instead.
2026-10-04T15:32:27.5363433Z (Use `node --trace-deprecation ...` to show where the warning was created)
2026-10-04T15:32:27.5444707Z Multiple search paths detected. Calculating the least common ancestor of all paths
2026-10-04T15:32:27.5446946Z The least common ancestor is /home/runner/work/neon-harbor/neon-harbor. This will be the root directory of the artifact
2026-10-04T15:32:27.5448228Z With the provided path, there will be 4 files uploaded
2026-10-04T15:32:27.5450277Z Artifact name is valid!
2026-10-04T15:32:27.5451209Z Root directory input is valid!
2026-10-04T15:32:27.8969567Z Beginning upload of artifact content to blob storage
2026-10-04T15:32:27.9529451Z (node:3577) [DEP0169] DeprecationWarning: `url.parse()` behavior is not standardized and prone to errors that have security implications. Use the WHATWG URL API instead. CVEs are not issued for `url.parse()` vulnerabilities.
2026-10-04T15:32:28.3894601Z Uploaded bytes 839933
2026-10-04T15:32:28.4463093Z Finished uploading artifact content to blob storage!
2026-10-04T15:32:28.4464124Z SHA256 digest of uploaded artifact zip is 0af1179e22074aea7c4a57e21828567cff1d0f6b7de4d9bb4cc18a30e5696574
2026-10-04T15:32:28.4465732Z Finalizing artifact upload
2026-10-04T15:32:28.6976507Z Artifact browser-test-results-metropolis-1.zip successfully finalized. Artifact ID 11307825935
2026-10-04T15:32:28.6978458Z Artifact browser-test-results-metropolis-1 has been successfully uploaded! Final size is 839933 bytes. Artifact ID is 11307825935
2026-10-04T15:32:28.6985322Z Artifact download URL: https://github.com/qifalab/neon-harbor/actions/runs/37212886714/artifacts/11307825935
2026-10-04T15:32:28.7140334Z Post job cleanup.
2026-10-04T15:32:28.8297721Z (node:3591) [DEP0040] DeprecationWarning: The `punycode` module is deprecated. Please use a userland alternative instead.
2026-10-04T15:32:28.8298508Z (Use `node --trace-deprecation ...` to show where the warning was created)
2026-10-04T15:32:28.8301625Z Cache hit occurred on the primary key node-cache-Linux-x64-npm-6438cc70f01e36935f5c8c9cb620f6c972b229821dda55e94f5b735e54c263b7, not saving cache.
2026-10-04T15:32:28.8410094Z Post job cleanup.
2026-10-04T15:32:28.9235722Z [command]/usr/bin/git version
2026-10-04T15:32:28.9276527Z git version 2.55.0
2026-10-04T15:32:28.9319169Z Temporarily overriding HOME='/home/runner/work/_temp/f225643f-9a55-4241-9e4f-414c8c830905' before making global git config changes
2026-10-04T15:32:28.9320697Z Adding repository directory to the temporary git global config as a safe directory
2026-10-04T15:32:28.9324159Z [command]/usr/bin/git config --global --add safe.directory /home/runner/work/neon-harbor/neon-harbor
2026-10-04T15:32:28.9361463Z [command]/usr/bin/git config --local --name-only --get-regexp core\.sshCommand
2026-10-04T15:32:28.9395000Z [command]/usr/bin/git submodule foreach --recursive sh -c "git config --local --name-only --get-regexp 'core\.sshCommand' && git config --local --unset-all 'core.sshCommand' || :"
2026-10-04T15:32:28.9602409Z [command]/usr/bin/git config --local --name-only --get-regexp http\.https\:\/\/github\.com\/\.extraheader
2026-10-04T15:32:28.9627056Z http.https://github.com/.extraheader
2026-10-04T15:32:28.9639110Z [command]/usr/bin/git config --local --unset-all http.https://github.com/.extraheader
2026-10-04T15:32:28.9671398Z [command]/usr/bin/git submodule foreach --recursive sh -c "git config --local --name-only --get-regexp 'http\.https\:\/\/github\.com\/\.extraheader' && git config --local --unset-all 'http.https://github.com/.extraheader' || :"
2026-10-04T15:32:28.9885436Z [command]/usr/bin/git config --local --name-only --get-regexp ^includeIf\.gitdir:
2026-10-04T15:32:28.9917349Z [command]/usr/bin/git submodule foreach --recursive git config --local --show-origin --name-only --get-regexp remote.origin.url
2026-10-04T15:32:29.0310409Z Cleaning up orphan processes
2026-10-04T15:32:29.0684175Z ##[warning]Node.js 20 is deprecated. The following actions target Node.js 20 but are being forced to run on Node.js 24: actions/checkout@v4, actions/setup-node@v4, actions/upload-artifact@v4. For more information see: https://github.blog/changelog/2025-09-19-deprecation-of-node-20-on-github-actions-runners/
