2026-10-04T15:24:39.7820050Z Current runner version: '2.337.0'
2026-10-04T15:24:39.7843846Z ##[group]Runner Image Provisioner
2026-10-04T15:24:39.7844615Z Hosted Compute Agent
2026-10-04T15:24:39.7845196Z Version: 20260901.588
2026-10-04T15:24:39.7845792Z Commit: f88ec8081b781fac6c440065ac7ff9e710ce3d0b
2026-10-04T15:24:39.7846437Z Build Date: 2026-09-01T19:56:44Z
2026-10-04T15:24:39.7847103Z Worker ID: {008c7b84-ba5c-49d5-b237-7b10ad46b2f2}
2026-10-04T15:24:39.7847892Z Azure Region: centralus
2026-10-04T15:24:39.7848485Z ##[endgroup]
2026-10-04T15:24:39.7850238Z ##[group]Operating System
2026-10-04T15:24:39.7850802Z Ubuntu
2026-10-04T15:24:39.7851333Z 24.04.5
2026-10-04T15:24:39.7851797Z LTS
2026-10-04T15:24:39.7852275Z ##[endgroup]
2026-10-04T15:24:39.7852809Z ##[group]Runner Image
2026-10-04T15:24:39.7853367Z Image: ubuntu-24.04
2026-10-04T15:24:39.7854212Z Version: 20260927.320.1
2026-10-04T15:24:39.7855420Z Included Software: https://github.com/actions/runner-images/blob/ubuntu24/20260927.320/images/ubuntu/Ubuntu2404-Readme.md
2026-10-04T15:24:39.7856890Z Image Release: https://github.com/actions/runner-images/releases/tag/ubuntu24%2F20260927.320
2026-10-04T15:24:39.7857940Z ##[endgroup]
2026-10-04T15:24:39.7859080Z ##[group]GITHUB_TOKEN Permissions
2026-10-04T15:24:39.7861238Z Contents: read
2026-10-04T15:24:39.7861849Z Metadata: read
2026-10-04T15:24:39.7862390Z ##[endgroup]
2026-10-04T15:24:39.7864421Z Secret source: Actions
2026-10-04T15:24:39.7865256Z Cache mode: write
2026-10-04T15:24:39.7866589Z Prepare workflow directory
2026-10-04T15:24:39.8178728Z Prepare all required actions
2026-10-04T15:24:39.8226520Z Getting action download info
2026-10-04T15:24:40.1099660Z Download action repository 'actions/checkout@v4' (SHA:11d5960a326750d5838078e36cf38b85af677262)
2026-10-04T15:24:40.2220211Z Download action repository 'actions/setup-node@v4' (SHA:49933ea5288caeca8642d1e84afbd3f7d6820020)
2026-10-04T15:24:40.2933037Z Download action repository 'actions/upload-artifact@v4' (SHA:ea165f8d65b6e75b540449e92b4886f43607fa02)
2026-10-04T15:24:40.4778177Z Complete job name: Build and gameplay tests (occupied-city)
2026-10-04T15:24:40.5479787Z ##[group]Run actions/checkout@v4
2026-10-04T15:24:40.5480540Z with:
2026-10-04T15:24:40.5480940Z   repository: qifalab/neon-harbor
2026-10-04T15:24:40.5484665Z   token: ***
2026-10-04T15:24:40.5485048Z   ssh-strict: true
2026-10-04T15:24:40.5485431Z   ssh-user: git
2026-10-04T15:24:40.5485822Z   persist-credentials: true
2026-10-04T15:24:40.5486247Z   clean: true
2026-10-04T15:24:40.5486640Z   sparse-checkout-cone-mode: true
2026-10-04T15:24:40.5487096Z   fetch-depth: 1
2026-10-04T15:24:40.5487479Z   fetch-tags: false
2026-10-04T15:24:40.5488280Z   show-progress: true
2026-10-04T15:24:40.5488684Z   lfs: false
2026-10-04T15:24:40.5489054Z   submodules: false
2026-10-04T15:24:40.5489458Z   set-safe-directory: true
2026-10-04T15:24:40.5489912Z   allow-unsafe-pr-checkout: false
2026-10-04T15:24:40.5490644Z ##[endgroup]
2026-10-04T15:24:40.6427652Z Syncing repository: qifalab/neon-harbor
2026-10-04T15:24:40.6429753Z ##[group]Getting Git version info
2026-10-04T15:24:40.6430494Z Working directory is '/home/runner/work/neon-harbor/neon-harbor'
2026-10-04T15:24:40.6431485Z [command]/usr/bin/git version
2026-10-04T15:24:40.6508477Z git version 2.55.0
2026-10-04T15:24:40.6527515Z ##[endgroup]
2026-10-04T15:24:40.6544047Z Temporarily overriding HOME='/home/runner/work/_temp/a43b3e48-ae0e-47a4-a6d3-c52b3d898798' before making global git config changes
2026-10-04T15:24:40.6546358Z Adding repository directory to the temporary git global config as a safe directory
2026-10-04T15:24:40.6549506Z [command]/usr/bin/git config --global --add safe.directory /home/runner/work/neon-harbor/neon-harbor
2026-10-04T15:24:40.6603810Z Deleting the contents of '/home/runner/work/neon-harbor/neon-harbor'
2026-10-04T15:24:40.6609592Z ##[group]Initializing the repository
2026-10-04T15:24:40.6614530Z [command]/usr/bin/git init /home/runner/work/neon-harbor/neon-harbor
2026-10-04T15:24:40.6704422Z hint: Using 'master' as the name for the initial branch. This default branch name
2026-10-04T15:24:40.6705745Z hint: will change to "main" in Git 3.0. To configure the initial branch name
2026-10-04T15:24:40.6706599Z hint: to use in all of your new repositories, which will suppress this warning,
2026-10-04T15:24:40.6707265Z hint: call:
2026-10-04T15:24:40.6708014Z hint:
2026-10-04T15:24:40.6708495Z hint: 	git config --global init.defaultBranch <name>
2026-10-04T15:24:40.6709042Z hint:
2026-10-04T15:24:40.6709739Z hint: Names commonly chosen instead of 'master' are 'main', 'trunk' and
2026-10-04T15:24:40.6711155Z hint: 'development'. The just-created branch can be renamed via this command:
2026-10-04T15:24:40.6712296Z hint:
2026-10-04T15:24:40.6712969Z hint: 	git branch -m <name>
2026-10-04T15:24:40.6713726Z hint:
2026-10-04T15:24:40.6714765Z hint: Disable this message with "git config set advice.defaultBranchName false"
2026-10-04T15:24:40.6716434Z Initialized empty Git repository in /home/runner/work/neon-harbor/neon-harbor/.git/
2026-10-04T15:24:40.6730354Z [command]/usr/bin/git remote add origin https://github.com/qifalab/neon-harbor
2026-10-04T15:24:40.6768769Z ##[endgroup]
2026-10-04T15:24:40.6770218Z ##[group]Disabling automatic garbage collection
2026-10-04T15:24:40.6771742Z [command]/usr/bin/git config --local gc.auto 0
2026-10-04T15:24:40.6804734Z ##[endgroup]
2026-10-04T15:24:40.6806080Z ##[group]Setting up auth
2026-10-04T15:24:40.6820409Z [command]/usr/bin/git config --local --name-only --get-regexp core\.sshCommand
2026-10-04T15:24:40.6849242Z [command]/usr/bin/git submodule foreach --recursive sh -c "git config --local --name-only --get-regexp 'core\.sshCommand' && git config --local --unset-all 'core.sshCommand' || :"
2026-10-04T15:24:40.7184975Z [command]/usr/bin/git config --local --name-only --get-regexp http\.https\:\/\/github\.com\/\.extraheader
2026-10-04T15:24:40.7217527Z [command]/usr/bin/git submodule foreach --recursive sh -c "git config --local --name-only --get-regexp 'http\.https\:\/\/github\.com\/\.extraheader' && git config --local --unset-all 'http.https://github.com/.extraheader' || :"
2026-10-04T15:24:40.7406973Z [command]/usr/bin/git config --local --name-only --get-regexp ^includeIf\.gitdir:
2026-10-04T15:24:40.7434761Z [command]/usr/bin/git submodule foreach --recursive git config --local --show-origin --name-only --get-regexp remote.origin.url
2026-10-04T15:24:40.7622427Z [command]/usr/bin/git config --local http.https://github.com/.extraheader AUTHORIZATION: basic ***
2026-10-04T15:24:40.7653952Z ##[endgroup]
2026-10-04T15:24:40.7655203Z ##[group]Fetching the repository
2026-10-04T15:24:40.7664911Z [command]/usr/bin/git -c protocol.version=2 fetch --no-tags --prune --no-recurse-submodules --depth=1 origin +0330df7ee1042d0f211304b042e01cdf6a0b4d44:refs/remotes/origin/main
2026-10-04T15:24:46.7249719Z From https://github.com/qifalab/neon-harbor
2026-10-04T15:24:46.7251690Z  * [new ref]         0330df7ee1042d0f211304b042e01cdf6a0b4d44 -> origin/main
2026-10-04T15:24:46.7255636Z ##[endgroup]
2026-10-04T15:24:46.7257115Z ##[group]Determining the checkout info
2026-10-04T15:24:46.7259037Z ##[endgroup]
2026-10-04T15:24:46.7270691Z [command]/usr/bin/git sparse-checkout disable
2026-10-04T15:24:46.7318693Z [command]/usr/bin/git config --local --unset-all extensions.worktreeConfig
2026-10-04T15:24:46.7345561Z ##[group]Checking out the ref
2026-10-04T15:24:46.7350636Z [command]/usr/bin/git checkout --progress --force -B main refs/remotes/origin/main
2026-10-04T15:24:46.9170451Z Switched to a new branch 'main'
2026-10-04T15:24:46.9173201Z branch 'main' set up to track 'origin/main'.
2026-10-04T15:24:46.9193283Z ##[endgroup]
2026-10-04T15:24:46.9233598Z [command]/usr/bin/git log -1 --format=%H
2026-10-04T15:24:46.9255328Z 0330df7ee1042d0f211304b042e01cdf6a0b4d44
2026-10-04T15:24:46.9521315Z ##[group]Run actions/setup-node@v4
2026-10-04T15:24:46.9521887Z with:
2026-10-04T15:24:46.9522295Z   node-version: 22
2026-10-04T15:24:46.9522712Z   cache: npm
2026-10-04T15:24:46.9523101Z   always-auth: false
2026-10-04T15:24:46.9523558Z   check-latest: false
2026-10-04T15:24:46.9528189Z   token: ***
2026-10-04T15:24:46.9528607Z ##[endgroup]
2026-10-04T15:24:47.0966593Z Found in cache @ /opt/hostedtoolcache/node/22.23.3/x64
2026-10-04T15:24:47.0970146Z (node:2234) [DEP0040] DeprecationWarning: The `punycode` module is deprecated. Please use a userland alternative instead.
2026-10-04T15:24:47.0971419Z (Use `node --trace-deprecation ...` to show where the warning was created)
2026-10-04T15:24:47.0973252Z ##[group]Environment details
2026-10-04T15:24:47.4822258Z node: v22.23.3
2026-10-04T15:24:47.4823221Z npm: 10.9.9
2026-10-04T15:24:47.4824064Z yarn: 1.22.22
2026-10-04T15:24:47.4825776Z ##[endgroup]
2026-10-04T15:24:47.4866279Z [command]/opt/hostedtoolcache/node/22.23.3/x64/bin/npm config get cache
2026-10-04T15:24:47.5906188Z /home/runner/.npm
2026-10-04T15:24:47.7336263Z Cache hit for: node-cache-Linux-x64-npm-6438cc70f01e36935f5c8c9cb620f6c972b229821dda55e94f5b735e54c263b7
2026-10-04T15:24:47.7438867Z (node:2234) [DEP0169] DeprecationWarning: `url.parse()` behavior is not standardized and prone to errors that have security implications. Use the WHATWG URL API instead. CVEs are not issued for `url.parse()` vulnerabilities.
2026-10-04T15:24:48.3176880Z Received 3980947 of 3980947 (100.0%), 8.8 MBs/sec
2026-10-04T15:24:48.3179702Z Cache Size: ~4 MB (3980947 B)
2026-10-04T15:24:48.3205407Z [command]/usr/bin/tar -xf /home/runner/work/_temp/28dcb468-fe7c-4faa-9538-a80d4dc5fc22/cache.tzst -P -C /home/runner/work/neon-harbor/neon-harbor --use-compress-program unzstd
2026-10-04T15:24:48.3290972Z Cache restored successfully
2026-10-04T15:24:48.3296233Z Cache restored from key: node-cache-Linux-x64-npm-6438cc70f01e36935f5c8c9cb620f6c972b229821dda55e94f5b735e54c263b7
2026-10-04T15:24:48.3419368Z ##[group]Run npm ci
2026-10-04T15:24:48.3419714Z [36;1mnpm ci[0m
2026-10-04T15:24:48.3638855Z shell: /usr/bin/bash -e {0}
2026-10-04T15:24:48.3639175Z ##[endgroup]
2026-10-04T15:24:49.2012437Z 
2026-10-04T15:24:49.2021886Z added 3 packages, and audited 4 packages in 782ms
2026-10-04T15:24:49.2022533Z 
2026-10-04T15:24:49.2022836Z found 0 vulnerabilities
2026-10-04T15:24:49.2264549Z ##[group]Run npm test
2026-10-04T15:24:49.2264833Z [36;1mnpm test[0m
2026-10-04T15:24:49.2303725Z shell: /usr/bin/bash -e {0}
2026-10-04T15:24:49.2304025Z ##[endgroup]
2026-10-04T15:24:49.3317482Z 
2026-10-04T15:24:49.3318424Z > neon-harbor@0.8.0 test
2026-10-04T15:24:49.3319132Z > node --test tests/*.test.js
2026-10-04T15:24:49.3319497Z 
2026-10-04T15:24:49.3939754Z TAP version 13
2026-10-04T15:24:49.5448158Z # Subtest: render interpolation removes fixed-step staircasing at 30/60/90/144 Hz and uneven cadences
2026-10-04T15:24:49.5454969Z ok 1 - render interpolation removes fixed-step staircasing at 30/60/90/144 Hz and uneven cadences
2026-10-04T15:24:49.5456150Z   ---
2026-10-04T15:24:49.5456787Z   duration_ms: 64.02134
2026-10-04T15:24:49.5457510Z   type: 'test'
2026-10-04T15:24:49.5458281Z   ...
2026-10-04T15:24:49.5493431Z # Subtest: yaw interpolation follows the shortest arc; ground, pitch and roll remain shared
2026-10-04T15:24:49.5495256Z ok 2 - yaw interpolation follows the shortest arc; ground, pitch and roll remain shared
2026-10-04T15:24:49.5496379Z   ---
2026-10-04T15:24:49.5497054Z   duration_ms: 1.007356
2026-10-04T15:24:49.5497848Z   type: 'test'
2026-10-04T15:24:49.5498442Z   ...
2026-10-04T15:24:49.5499658Z # Subtest: teleports and entering or leaving a vehicle never interpolate across the city
2026-10-04T15:24:49.5539538Z ok 3 - teleports and entering or leaving a vehicle never interpolate across the city
2026-10-04T15:24:49.5540368Z   ---
2026-10-04T15:24:49.5540722Z   duration_ms: 0.657929
2026-10-04T15:24:49.5541141Z   type: 'test'
2026-10-04T15:24:49.5541512Z   ...
2026-10-04T15:24:49.5542370Z # Subtest: rendered OBB interpolation cannot clip a corner between two legal headings
2026-10-04T15:24:49.5543531Z ok 4 - rendered OBB interpolation cannot clip a corner between two legal headings
2026-10-04T15:24:49.5544243Z   ---
2026-10-04T15:24:49.5544634Z   duration_ms: 0.72302
2026-10-04T15:24:49.5545561Z   type: 'test'
2026-10-04T15:24:49.5545924Z   ...
2026-10-04T15:24:49.5546802Z # Subtest: sequential legal vehicle moves cannot produce a colliding render interpolant
2026-10-04T15:24:49.5548154Z ok 5 - sequential legal vehicle moves cannot produce a colliding render interpolant
2026-10-04T15:24:49.5548893Z   ---
2026-10-04T15:24:49.5549248Z   duration_ms: 0.503178
2026-10-04T15:24:49.5549652Z   type: 'test'
2026-10-04T15:24:49.5550072Z   ...
2026-10-04T15:24:49.5551027Z # Subtest: moving-target exponential damping is cadence-independent at constant speed
2026-10-04T15:24:49.5552510Z ok 6 - moving-target exponential damping is cadence-independent at constant speed
2026-10-04T15:24:49.5553224Z   ---
2026-10-04T15:24:49.5553559Z   duration_ms: 0.593447
2026-10-04T15:24:49.5553944Z   type: 'test'
2026-10-04T15:24:49.5554289Z   ...
2026-10-04T15:24:49.5555017Z # Subtest: chase camera position, look target and yaw stay consistent at 30/60/144 Hz
2026-10-04T15:24:49.5556379Z ok 7 - chase camera position, look target and yaw stay consistent at 30/60/144 Hz
2026-10-04T15:24:49.5557260Z   ---
2026-10-04T15:24:49.5557885Z   duration_ms: 25.846719
2026-10-04T15:24:49.5558418Z   type: 'test'
2026-10-04T15:24:49.5558919Z   ...
2026-10-04T15:24:49.5559779Z # Subtest: camera follows the same bounded simulation time at 4 Hz and uneven slow frames
2026-10-04T15:24:49.5561020Z ok 8 - camera follows the same bounded simulation time at 4 Hz and uneven slow frames
2026-10-04T15:24:49.5561822Z   ---
2026-10-04T15:24:49.5562258Z   duration_ms: 6.303745
2026-10-04T15:24:49.5562768Z   type: 'test'
2026-10-04T15:24:49.5563210Z   ...
2026-10-04T15:24:49.5564145Z # Subtest: height-aware swept camera clears curbs, catches thin walls, and pads the near plane
2026-10-04T15:24:49.5565488Z ok 9 - height-aware swept camera clears curbs, catches thin walls, and pads the near plane
2026-10-04T15:24:49.5566306Z   ---
2026-10-04T15:24:49.5582580Z   duration_ms: 0.702332
2026-10-04T15:24:49.5583234Z   type: 'test'
2026-10-04T15:24:49.5583813Z   ...
2026-10-04T15:24:49.5585274Z # Subtest: camera focus inside foliage is moved to a legal pivot before the boom sweep
2026-10-04T15:24:49.5586664Z ok 10 - camera focus inside foliage is moved to a legal pivot before the boom sweep
2026-10-04T15:24:49.5587629Z   ---
2026-10-04T15:24:49.5588543Z   duration_ms: 0.576352
2026-10-04T15:24:49.5589141Z   type: 'test'
2026-10-04T15:24:49.5589668Z   ...
2026-10-04T15:24:49.5590655Z # Subtest: camera retracts without entering buildings and releases an obstruction gradually
2026-10-04T15:24:49.5592209Z ok 11 - camera retracts without entering buildings and releases an obstruction gradually
2026-10-04T15:24:49.5593143Z   ---
2026-10-04T15:24:49.5593623Z   duration_ms: 0.252384
2026-10-04T15:24:49.5594126Z   type: 'test'
2026-10-04T15:24:49.5594640Z   ...
2026-10-04T15:24:49.5595770Z # Subtest: camera takes shortest yaw arc and does not advance its pose with a zero timestep
2026-10-04T15:24:49.5597159Z ok 12 - camera takes shortest yaw arc and does not advance its pose with a zero timestep
2026-10-04T15:24:49.5598235Z   ---
2026-10-04T15:24:49.5598791Z   duration_ms: 1.026506
2026-10-04T15:24:49.5599369Z   type: 'test'
2026-10-04T15:24:49.5599870Z   ...
2026-10-04T15:25:19.0429649Z # Subtest: the northern resident network has legal doorstep routes, unobstructed station entrances and real crossing edges
2026-10-04T15:25:19.0449282Z ok 13 - the northern resident network has legal doorstep routes, unobstructed station entrances and real crossing edges
2026-10-04T15:25:19.0478945Z   ---
2026-10-04T15:25:19.0518988Z   duration_ms: 5810.874504
2026-10-04T15:25:19.0548912Z   type: 'test'
2026-10-04T15:25:19.0579288Z   ...
2026-10-04T15:25:19.0609765Z # Subtest: all 240 residents finish real work visits, use all four shared routes, return and rest in actual homes without stranded journeys
2026-10-04T15:25:19.0632092Z ok 14 - all 240 residents finish real work visits, use all four shared routes, return and rest in actual homes without stranded journeys
2026-10-04T15:25:19.0648623Z   ---
2026-10-04T15:25:19.0669869Z   duration_ms: 18205.032548
2026-10-04T15:25:19.0687296Z   type: 'test'
2026-10-04T15:25:19.0688188Z   ...
2026-10-04T15:25:19.0691984Z # Subtest: citizens enter a crossing only with enough green time, and traffic yields for the occupied lane and releases it after the walker leaves
2026-10-04T15:25:19.0694247Z ok 15 - citizens enter a crossing only with enough green time, and traffic yields for the occupied lane and releases it after the walker leaves
2026-10-04T15:25:19.0695479Z   ---
2026-10-04T15:25:19.0695997Z   duration_ms: 76.921485
2026-10-04T15:25:19.0696560Z   type: 'test'
2026-10-04T15:25:19.0697108Z   ...
2026-10-04T15:25:19.0698492Z # Subtest: working periods keep residents at their real posts and the night change starts a walk home without resetting position
2026-10-04T15:25:19.0700354Z ok 16 - working periods keep residents at their real posts and the night change starts a walk home without resetting position
2026-10-04T15:25:19.0701481Z   ---
2026-10-04T15:25:19.0701998Z   duration_ms: 1967.1981
2026-10-04T15:25:19.0702580Z   type: 'test'
2026-10-04T15:25:19.0703107Z   ...
2026-10-04T15:25:19.0704224Z # Subtest: every assigned home and workplace has a clear arrival and departure through its actual room door
2026-10-04T15:25:19.0705859Z ok 17 - every assigned home and workplace has a clear arrival and departure through its actual room door
2026-10-04T15:25:19.0706784Z   ---
2026-10-04T15:25:19.0707251Z   duration_ms: 689.251045
2026-10-04T15:25:19.0707924Z   type: 'test'
2026-10-04T15:25:19.0708469Z   ...
2026-10-04T15:25:19.0709472Z # Subtest: boarding paths align with real carriage doors and keep passengers out of carriage gaps and the ferry cabin
2026-10-04T15:25:19.0711153Z ok 18 - boarding paths align with real carriage doors and keep passengers out of carriage gaps and the ferry cabin
2026-10-04T15:25:19.0712186Z   ---
2026-10-04T15:25:19.0712682Z   duration_ms: 5.223018
2026-10-04T15:25:19.0713262Z   type: 'test'
2026-10-04T15:25:19.0713792Z   ...
2026-10-04T15:25:19.0715376Z # Subtest: elevated station lift poses have continuous movement, real landings and enough door time to walk aboard
2026-10-04T15:25:19.0717106Z ok 19 - elevated station lift poses have continuous movement, real landings and enough door time to walk aboard
2026-10-04T15:25:19.0718297Z   ---
2026-10-04T15:25:19.0718796Z   duration_ms: 2.723025
2026-10-04T15:25:19.0719349Z   type: 'test'
2026-10-04T15:25:19.0719846Z   ...
2026-10-04T15:25:31.4826636Z # Subtest: integrated building travel, continuous elevator and forced departure restore outdoor collision and cars
2026-10-04T15:25:31.4880796Z ok 20 - integrated building travel, continuous elevator and forced departure restore outdoor collision and cars
2026-10-04T15:25:31.4886876Z   ---
2026-10-04T15:25:31.4887495Z   duration_ms: 11350.651511
2026-10-04T15:25:31.4888246Z   type: 'test'
2026-10-04T15:25:31.4888720Z   ...
2026-10-04T15:25:31.4889967Z # Subtest: underground platform remains below street and transit motion does not trigger teleports or reindex every tick
2026-10-04T15:25:31.4891905Z ok 21 - underground platform remains below street and transit motion does not trigger teleports or reindex every tick
2026-10-04T15:25:31.4892980Z   ---
2026-10-04T15:25:31.4893478Z   duration_ms: 21801.964519
2026-10-04T15:25:31.4894037Z   type: 'test'
2026-10-04T15:25:31.4894521Z   ...
2026-10-04T15:25:31.4895519Z # Subtest: a saved journey from the north ferry restores at its own pier, including after departure
2026-10-04T15:25:31.4896971Z ok 22 - a saved journey from the north ferry restores at its own pier, including after departure
2026-10-04T15:25:31.4898063Z   ---
2026-10-04T15:25:31.4898551Z   duration_ms: 8752.628341
2026-10-04T15:25:31.4899104Z   type: 'test'
2026-10-04T15:25:31.4899540Z   ...
2026-10-04T15:25:31.4900693Z # Subtest: camera supports below-sea-level clearance and seated passenger views without roof-crossing chase booms
2026-10-04T15:25:31.4902438Z ok 23 - camera supports below-sea-level clearance and seated passenger views without roof-crossing chase booms
2026-10-04T15:25:31.4903967Z   ---
2026-10-04T15:25:31.4904470Z   duration_ms: 1.411177
2026-10-04T15:25:31.4905018Z   type: 'test'
2026-10-04T15:25:31.4905512Z   ...
2026-10-04T15:25:31.5437583Z # Subtest: collapsed city guide lists addresses without reading floor contents or constructing room rows
2026-10-04T15:25:31.5459378Z ok 24 - collapsed city guide lists addresses without reading floor contents or constructing room rows
2026-10-04T15:25:31.5468365Z   ---
2026-10-04T15:25:31.5528269Z   duration_ms: 7.718853
2026-10-04T15:25:31.5548545Z   type: 'test'
2026-10-04T15:25:31.5588316Z   ...
2026-10-04T15:25:31.5628907Z # Subtest: first disclosure resolves its current floor and room records once, including both compact rooms
2026-10-04T15:25:31.5658849Z ok 25 - first disclosure resolves its current floor and room records once, including both compact rooms
2026-10-04T15:25:31.5708243Z   ---
2026-10-04T15:25:31.5708635Z   duration_ms: 8.449207
2026-10-04T15:25:31.5709041Z   type: 'test'
2026-10-04T15:25:31.5709469Z   ...
2026-10-04T15:25:31.5710352Z # Subtest: search and district filtering preserve visit targets without resolving hidden floor programmes
2026-10-04T15:25:31.5738885Z ok 26 - search and district filtering preserve visit targets without resolving hidden floor programmes
2026-10-04T15:25:31.5739751Z   ---
2026-10-04T15:25:31.5740086Z   duration_ms: 3.739106
2026-10-04T15:25:31.5740480Z   type: 'test'
2026-10-04T15:25:31.5740783Z   ...
2026-10-04T15:25:31.5741770Z # Subtest: every address targets its own entrance and safely restores its exterior, traffic and save position
2026-10-04T15:25:31.5779020Z ok 27 - every address targets its own entrance and safely restores its exterior, traffic and save position
2026-10-04T15:25:31.5825737Z   ---
2026-10-04T15:25:31.5837049Z   duration_ms: 9927.534487
2026-10-04T15:25:31.5858282Z   type: 'test'
2026-10-04T15:25:31.5858690Z   ...
2026-10-04T15:25:31.5859943Z # Subtest: every occupied floor has finite positive solids, rooms inside its footprint, a clear arrival and continuous stair elevations
2026-10-04T15:25:31.5862213Z ok 28 - every occupied floor has finite positive solids, rooms inside its footprint, a clear arrival and continuous stair elevations
2026-10-04T15:25:31.5863295Z   ---
2026-10-04T15:25:31.5863658Z   duration_ms: 3938.909816
2026-10-04T15:25:31.5864091Z   type: 'test'
2026-10-04T15:25:31.5864436Z   ...
2026-10-04T15:25:31.5865504Z # Subtest: multiplayer accepts the actual eastern top floors and rejects out-of-world or nonfinite positions
2026-10-04T15:25:31.5909097Z ok 29 - multiplayer accepts the actual eastern top floors and rejects out-of-world or nonfinite positions
2026-10-04T15:25:31.5938297Z   ---
2026-10-04T15:25:31.5958483Z   duration_ms: 1.090426
2026-10-04T15:25:31.5973095Z   type: 'test'
2026-10-04T15:25:31.5998773Z   ...
2026-10-04T15:25:31.6000167Z # Subtest: a south shell stays hidden through an actual streamed load and restores valid culling bounds and fallback scenery on exit
2026-10-04T15:25:31.6002265Z ok 30 - a south shell stays hidden through an actual streamed load and restores valid culling bounds and fallback scenery on exit
2026-10-04T15:25:31.6003618Z   ---
2026-10-04T15:25:31.6004139Z   duration_ms: 260.799939
2026-10-04T15:25:31.6004714Z   type: 'test'
2026-10-04T15:25:31.6005215Z   ...
2026-10-04T15:25:31.6006214Z # Subtest: prepare fetches only nearby real district payloads and exposes resident metrics
2026-10-04T15:25:31.6007981Z ok 31 - prepare fetches only nearby real district payloads and exposes resident metrics
2026-10-04T15:25:31.6009225Z   ---
2026-10-04T15:25:31.6010101Z   duration_ms: 4.518962
2026-10-04T15:25:31.6010657Z   type: 'test'
2026-10-04T15:25:31.6011160Z   ...
2026-10-04T15:25:31.6012230Z # Subtest: directional prefetch anticipates travel while distance and hysteresis drive actual disposal
2026-10-04T15:25:31.6013894Z ok 32 - directional prefetch anticipates travel while distance and hysteresis drive actual disposal
2026-10-04T15:25:31.6014929Z   ---
2026-10-04T15:25:31.6015808Z   duration_ms: 7.120196
2026-10-04T15:25:31.6016370Z   type: 'test'
2026-10-04T15:25:31.6016874Z   ...
2026-10-04T15:25:31.6017896Z # Subtest: resident budget is a hard bound even when more targets are nearby
2026-10-04T15:25:31.6019117Z ok 33 - resident budget is a hard bound even when more targets are nearby
2026-10-04T15:25:31.6019925Z   ---
2026-10-04T15:25:31.6020387Z   duration_ms: 0.622243
2026-10-04T15:25:31.6020937Z   type: 'test'
2026-10-04T15:25:31.6021422Z   ...
2026-10-04T15:25:31.6022554Z # Subtest: failed near district remains failed until retry succeeds without pretending a proxy is full detail
2026-10-04T15:25:31.6024228Z ok 34 - failed near district remains failed until retry succeeds without pretending a proxy is full detail
2026-10-04T15:25:31.6025241Z   ---
2026-10-04T15:25:31.6025733Z   duration_ms: 0.758664
2026-10-04T15:25:31.6026248Z   type: 'test'
2026-10-04T15:25:31.6026746Z   ...
2026-10-04T15:25:31.6027854Z # Subtest: dispose settles prepare, releases late payloads, and never attaches after disposal
2026-10-04T15:25:31.6029502Z ok 35 - dispose settles prepare, releases late payloads, and never attaches after disposal
2026-10-04T15:25:31.6030420Z   ---
2026-10-04T15:25:31.6031075Z   duration_ms: 4.407206
2026-10-04T15:25:31.6031635Z   type: 'test'
2026-10-04T15:25:31.6032131Z   ...
2026-10-04T15:25:31.6033043Z # Subtest: cancelled district can be revisited before its aborted request settles
2026-10-04T15:25:31.6034315Z ok 36 - cancelled district can be revisited before its aborted request settles
2026-10-04T15:25:31.6035212Z   ---
2026-10-04T15:25:31.6035740Z   duration_ms: 3.034883
2026-10-04T15:25:31.6036301Z   type: 'test'
2026-10-04T15:25:31.6036813Z   ...
2026-10-04T15:25:31.6037678Z # Subtest: old request failure cannot overwrite the latest successful prepare state
2026-10-04T15:25:31.6039157Z ok 37 - old request failure cannot overwrite the latest successful prepare state
2026-10-04T15:25:31.6040000Z   ---
2026-10-04T15:25:31.6040489Z   duration_ms: 2.955203
2026-10-04T15:25:31.6041051Z   type: 'test'
2026-10-04T15:25:31.6041542Z   ...
2026-10-04T15:25:31.6042749Z # Subtest: chunk validation rejects malformed geometry before creating GPU resources
2026-10-04T15:25:31.6044119Z ok 38 - chunk validation rejects malformed geometry before creating GPU resources
2026-10-04T15:25:31.6044985Z   ---
2026-10-04T15:25:31.6045483Z   duration_ms: 0.625255
2026-10-04T15:25:31.6046004Z   type: 'test'
2026-10-04T15:25:31.6046492Z   ...
2026-10-04T15:25:31.6047495Z # Subtest: a normal 60 Hz steering arc cannot graze a building corner between two clear endpoints
2026-10-04T15:25:31.6049054Z ok 39 - a normal 60 Hz steering arc cannot graze a building corner between two clear endpoints
2026-10-04T15:25:31.6049964Z   ---
2026-10-04T15:25:31.6050473Z   duration_ms: 16.648578
2026-10-04T15:25:31.6051028Z   type: 'test'
2026-10-04T15:25:31.6051513Z   ...
2026-10-04T15:25:31.6052487Z # Subtest: a short diagonal translation cannot cut a building corner with clear endpoints
2026-10-04T15:25:31.6053881Z ok 40 - a short diagonal translation cannot cut a building corner with clear endpoints
2026-10-04T15:25:31.6054775Z   ---
2026-10-04T15:25:31.6055268Z   duration_ms: 3.896215
2026-10-04T15:25:31.6055810Z   type: 'test'
2026-10-04T15:25:31.6056291Z   ...
2026-10-04T15:25:31.6057972Z # Subtest: grazing the corner of another vehicle stays blocked between clear endpoints
2026-10-04T15:25:31.6059069Z ok 41 - grazing the corner of another vehicle stays blocked between clear endpoints
2026-10-04T15:25:31.6059751Z   ---
2026-10-04T15:25:31.6060120Z   duration_ms: 5.154595
2026-10-04T15:25:31.6060527Z   type: 'test'
2026-10-04T15:25:31.6060864Z   ...
2026-10-04T15:25:31.6061730Z # Subtest: the circular pedestrian footprint cannot cross a shallow rounded corner between samples
2026-10-04T15:25:31.6063064Z ok 42 - the circular pedestrian footprint cannot cross a shallow rounded corner between samples
2026-10-04T15:25:31.6063858Z   ---
2026-10-04T15:25:31.6064201Z   duration_ms: 7.180926
2026-10-04T15:25:31.6064711Z   type: 'test'
2026-10-04T15:25:31.6065332Z   ...
2026-10-04T15:25:31.6066137Z # Subtest: the prospective supported vehicle envelope and height participate in collision
2026-10-04T15:25:31.6067195Z ok 43 - the prospective supported vehicle envelope and height participate in collision
2026-10-04T15:25:31.6068137Z   ---
2026-10-04T15:25:31.6068465Z   duration_ms: 1.696123
2026-10-04T15:25:31.6068819Z   type: 'test'
2026-10-04T15:25:31.6069179Z   ...
2026-10-04T15:25:31.6069898Z # Subtest: stepping onto higher ground under an awning cannot eject an entity sideways
2026-10-04T15:25:31.6070981Z ok 44 - stepping onto higher ground under an awning cannot eject an entity sideways
2026-10-04T15:25:31.6071621Z   ---
2026-10-04T15:25:31.6071940Z   duration_ms: 0.426541
2026-10-04T15:25:31.6072308Z   type: 'test'
2026-10-04T15:25:31.6072680Z   ...
2026-10-04T15:25:31.6073500Z # Subtest: vehicle bounds contain the full rotated footprint and swap width/length at a quarter turn
2026-10-04T15:25:31.6074813Z ok 45 - vehicle bounds contain the full rotated footprint and swap width/length at a quarter turn
2026-10-04T15:25:31.6075577Z   ---
2026-10-04T15:25:31.6075899Z   duration_ms: 1.907343
2026-10-04T15:25:31.6076260Z   type: 'test'
2026-10-04T15:25:31.6076589Z   ...
2026-10-04T15:25:31.6077305Z # Subtest: SAT catches a vehicle nose beyond the old centre radius and its rotated outer corner
2026-10-04T15:25:31.6078745Z ok 46 - SAT catches a vehicle nose beyond the old centre radius and its rotated outer corner
2026-10-04T15:25:31.6079477Z   ---
2026-10-04T15:25:31.6079778Z   duration_ms: 0.486733
2026-10-04T15:25:31.6080147Z   type: 'test'
2026-10-04T15:25:31.6080496Z   ...
2026-10-04T15:25:31.6081332Z # Subtest: SAT reports a separation normal, permits touching and rejects separated rotated rectangles
2026-10-04T15:25:31.6082678Z ok 47 - SAT reports a separation normal, permits touching and rejects separated rotated rectangles
2026-10-04T15:25:31.6083441Z   ---
2026-10-04T15:25:31.6083769Z   duration_ms: 0.221946
2026-10-04T15:25:31.6084140Z   type: 'test'
2026-10-04T15:25:31.6084449Z   ...
2026-10-04T15:25:31.6085444Z # Subtest: circle/OBB checks the whole foot radius without treating clear diagonal corners as walls
2026-10-04T15:25:31.6086657Z ok 48 - circle/OBB checks the whole foot radius without treating clear diagonal corners as walls
2026-10-04T15:25:31.6087375Z   ---
2026-10-04T15:25:31.6087864Z   duration_ms: 0.247977
2026-10-04T15:25:31.6088207Z   type: 'test'
2026-10-04T15:25:31.6088510Z   ...
2026-10-04T15:25:31.6089422Z # Subtest: spatial queries find large colliders across cell edges, including negative coordinates, without duplicates
2026-10-04T15:25:31.6090883Z ok 49 - spatial queries find large colliders across cell edges, including negative coordinates, without duplicates
2026-10-04T15:25:31.6091780Z   ---
2026-10-04T15:25:31.6092090Z   duration_ms: 1.084215
2026-10-04T15:25:31.6092450Z   type: 'test'
2026-10-04T15:25:31.6092751Z   ...
2026-10-04T15:25:31.6093557Z # Subtest: a fast vehicle cannot tunnel through a thin wall, even across a long one-frame displacement
2026-10-04T15:25:31.6094750Z ok 50 - a fast vehicle cannot tunnel through a thin wall, even across a long one-frame displacement
2026-10-04T15:25:31.6095540Z   ---
2026-10-04T15:25:31.6095861Z   duration_ms: 6.507985
2026-10-04T15:25:31.6096246Z   type: 'test'
2026-10-04T15:25:31.6096575Z   ...
2026-10-04T15:25:31.6097552Z # Subtest: a rotation sweep cannot pass through a thin obstacle even when the final orientation would be clear
2026-10-04T15:25:31.6099238Z ok 51 - a rotation sweep cannot pass through a thin obstacle even when the final orientation would be clear
2026-10-04T15:25:31.6100083Z   ---
2026-10-04T15:25:31.6100435Z   duration_ms: 23.720683
2026-10-04T15:25:31.6100856Z   type: 'test'
2026-10-04T15:25:31.6101205Z   ...
2026-10-04T15:25:31.6102053Z # Subtest: continuous diagonal pressure slides along a wall without bouncing or oscillating
2026-10-04T15:25:31.6103337Z ok 52 - continuous diagonal pressure slides along a wall without bouncing or oscillating
2026-10-04T15:25:31.6104315Z   ---
2026-10-04T15:25:31.6104677Z   duration_ms: 9.045764
2026-10-04T15:25:31.6105093Z   type: 'test'
2026-10-04T15:25:31.6105445Z   ...
2026-10-04T15:25:31.6106262Z # Subtest: walking keeps the entire character circle outside a thin wall during a swept move
2026-10-04T15:25:31.6107456Z ok 53 - walking keeps the entire character circle outside a thin wall during a swept move
2026-10-04T15:25:31.6108356Z   ---
2026-10-04T15:25:31.6108705Z   duration_ms: 1.933853
2026-10-04T15:25:31.6109111Z   type: 'test'
2026-10-04T15:25:31.6109476Z   ...
2026-10-04T15:25:31.6110322Z # Subtest: parked and moving vehicles both block a swept vehicle without moving the other car
2026-10-04T15:25:31.6111583Z ok 54 - parked and moving vehicles both block a swept vehicle without moving the other car
2026-10-04T15:25:31.6112355Z   ---
2026-10-04T15:25:31.6112712Z   duration_ms: 7.727315
2026-10-04T15:25:31.6113114Z   type: 'test'
2026-10-04T15:25:31.6113471Z   ...
2026-10-04T15:25:31.6114427Z # Subtest: walking collides with parked cars and dynamic self references never block their own movement
2026-10-04T15:25:31.6115855Z ok 55 - walking collides with parked cars and dynamic self references never block their own movement
2026-10-04T15:25:31.6116702Z   ---
2026-10-04T15:25:31.6117043Z   duration_ms: 1.912529
2026-10-04T15:25:31.6117435Z   type: 'test'
2026-10-04T15:25:31.6117882Z   ...
2026-10-04T15:25:31.6118568Z # Subtest: a car stops for a pedestrian using the pedestrian full circular footprint
2026-10-04T15:25:31.6119600Z ok 56 - a car stops for a pedestrian using the pedestrian full circular footprint
2026-10-04T15:25:31.6120247Z   ---
2026-10-04T15:25:31.6120594Z   duration_ms: 2.762283
2026-10-04T15:25:31.6120952Z   type: 'test'
2026-10-04T15:25:31.6121280Z   ...
2026-10-04T15:25:31.6122273Z # Subtest: height filtering blocks building sides while allowing rooftop travel and passage beneath elevated solids
2026-10-04T15:25:31.6123787Z ok 57 - height filtering blocks building sides while allowing rooftop travel and passage beneath elevated solids
2026-10-04T15:25:31.6227138Z   ---
2026-10-04T15:25:31.6227623Z   duration_ms: 14.316151
2026-10-04T15:25:31.6228181Z   type: 'test'
2026-10-04T15:25:31.6228545Z   ...
2026-10-04T15:25:31.6229262Z # Subtest: world boundaries constrain the rotated vehicle footprint and full character radius
2026-10-04T15:25:31.6230311Z ok 58 - world boundaries constrain the rotated vehicle footprint and full character radius
2026-10-04T15:25:31.6230937Z   ---
2026-10-04T15:25:31.6231225Z   duration_ms: 12.837537
2026-10-04T15:25:31.6231559Z   type: 'test'
2026-10-04T15:25:31.6231849Z   ...
2026-10-04T15:25:31.6232510Z # Subtest: legacy overlapping poses are repaired once and remain stable while stationary
2026-10-04T15:25:31.6233594Z ok 59 - legacy overlapping poses are repaired once and remain stable while stationary
2026-10-04T15:25:31.6234304Z   ---
2026-10-04T15:25:31.6234638Z   duration_ms: 14.099911
2026-10-04T15:25:31.6235009Z   type: 'test'
2026-10-04T15:25:31.6235337Z   ...
2026-10-04T15:25:31.6236073Z # Subtest: camera-only foliage never becomes a physical wall at overlapping character height
2026-10-04T15:25:31.6237271Z ok 60 - camera-only foliage never becomes a physical wall at overlapping character height
2026-10-04T15:25:31.6238280Z   ---
2026-10-04T15:25:31.6238647Z   duration_ms: 1.203216
2026-10-04T15:25:31.6239011Z   type: 'test'
2026-10-04T15:25:31.6258604Z   ...
2026-10-04T15:25:31.6259757Z # Subtest: every compact building supports all-floor stair walks, furnished-room entries, lift return and street exit
2026-10-04T15:25:31.6261017Z ok 61 - every compact building supports all-floor stair walks, furnished-room entries, lift return and street exit
2026-10-04T15:25:31.6261761Z   ---
2026-10-04T15:25:31.6262097Z   duration_ms: 6207.41248
2026-10-04T15:25:31.6262473Z   type: 'test'
2026-10-04T15:25:31.6262756Z   ...
2026-10-04T15:25:31.6263722Z # Subtest: minimum compact shell keeps real stair openings, clear cabin approach and height-filtered exterior prompts
2026-10-04T15:25:31.6265356Z ok 62 - minimum compact shell keeps real stair openings, clear cabin approach and height-filtered exterior prompts
2026-10-04T15:25:31.6266180Z   ---
2026-10-04T15:25:31.6266545Z   duration_ms: 17.847904
2026-10-04T15:25:31.6266910Z   type: 'test'
2026-10-04T15:25:31.6267213Z   ...
2026-10-04T15:25:31.6277399Z # Subtest: east-bay room furnishings fit every shell and narrow floors preserve room, stair and lift routes
2026-10-04T15:25:31.6278828Z ok 63 - east-bay room furnishings fit every shell and narrow floors preserve room, stair and lift routes
2026-10-04T15:25:31.6279642Z   ---
2026-10-04T15:25:31.6280028Z   duration_ms: 9572.320918
2026-10-04T15:25:31.6286510Z   type: 'test'
2026-10-04T15:25:31.6286933Z   ...
2026-10-04T15:25:31.6288151Z # Subtest: every restored southern workplace has fitting functional furniture and a clear full-height room approach
2026-10-04T15:25:31.6289790Z ok 64 - every restored southern workplace has fitting functional furniture and a clear full-height room approach
2026-10-04T15:25:31.6290726Z   ---
2026-10-04T15:25:31.6291100Z   duration_ms: 107.624613
2026-10-04T15:25:31.6291537Z   type: 'test'
2026-10-04T15:25:31.6291898Z   ...
2026-10-04T15:25:31.6292926Z # Subtest: shared workplace layouts fit the minimum compact shell and support future taller freight buildings
2026-10-04T15:25:31.6294478Z ok 65 - shared workplace layouts fit the minimum compact shell and support future taller freight buildings
2026-10-04T15:25:31.6295356Z   ---
2026-10-04T15:25:31.6295703Z   duration_ms: 2.416134
2026-10-04T15:25:31.6296103Z   type: 'test'
2026-10-04T15:25:31.6296439Z   ...
2026-10-04T15:25:31.6297243Z # Subtest: existing shell uses survive stable address IDs and safer floor heights across both new shores
2026-10-04T15:25:31.6298780Z ok 66 - existing shell uses survive stable address IDs and safer floor heights across both new shores
2026-10-04T15:25:31.6299519Z   ---
2026-10-04T15:25:31.6299820Z   duration_ms: 4.578067
2026-10-04T15:25:31.6300157Z   type: 'test'
2026-10-04T15:25:31.6300480Z   ...
2026-10-04T15:25:31.6301676Z # Subtest: harbor shop overrides and residents actual homes remain distinct from the restored employment warehouses
2026-10-04T15:25:31.6303047Z ok 67 - harbor shop overrides and residents actual homes remain distinct from the restored employment warehouses
2026-10-04T15:25:31.6303880Z   ---
2026-10-04T15:25:31.6304174Z   duration_ms: 0.778846
2026-10-04T15:25:31.6304524Z   type: 'test'
2026-10-04T15:25:31.6304853Z   ...
2026-10-04T15:25:31.6305888Z # Subtest: bounded fixed-step clock preserves visible simulation time at 4–144 Hz
2026-10-04T15:25:31.6306943Z ok 68 - bounded fixed-step clock preserves visible simulation time at 4–144 Hz
2026-10-04T15:25:31.6307544Z   ---
2026-10-04T15:25:31.6308205Z   duration_ms: 8.334217
2026-10-04T15:25:31.6308619Z   type: 'test'
2026-10-04T15:25:31.6308938Z   ...
2026-10-04T15:25:31.6309685Z # Subtest: a long rendering stall runs at most 15 small steps without a future backlog
2026-10-04T15:25:31.6310846Z ok 69 - a long rendering stall runs at most 15 small steps without a future backlog
2026-10-04T15:25:31.6311561Z   ---
2026-10-04T15:25:31.6311900Z   duration_ms: 0.378865
2026-10-04T15:25:31.6312305Z   type: 'test'
2026-10-04T15:25:31.6312660Z   ...
2026-10-04T15:25:31.6313528Z # Subtest: pause and visibility resume discard inactive time without rewinding the rendered phase
2026-10-04T15:25:31.6314886Z ok 70 - pause and visibility resume discard inactive time without rewinding the rendered phase
2026-10-04T15:25:31.6315707Z   ---
2026-10-04T15:25:31.6316049Z   duration_ms: 0.271641
2026-10-04T15:25:31.6316435Z   type: 'test'
2026-10-04T15:25:31.6316775Z   ...
2026-10-04T15:25:31.6317518Z # Subtest: flat streets produce zero body pitch/roll and keep wheels on the road
2026-10-04T15:25:31.6318572Z ok 71 - flat streets produce zero body pitch/roll and keep wheels on the road
2026-10-04T15:25:31.6319148Z   ---
2026-10-04T15:25:31.6319449Z   duration_ms: 1.053932
2026-10-04T15:25:31.6319784Z   type: 'test'
2026-10-04T15:25:31.6320342Z   ...
2026-10-04T15:25:31.6321100Z # Subtest: a diagonal curb residual raises only the clearance missing from a fitted plane
2026-10-04T15:25:31.6322304Z ok 72 - a diagonal curb residual raises only the clearance missing from a fitted plane
2026-10-04T15:25:31.6322909Z   ---
2026-10-04T15:25:31.6323202Z   duration_ms: 0.993994
2026-10-04T15:25:31.6323567Z   type: 'test'
2026-10-04T15:25:31.6323858Z   ...
2026-10-04T15:25:31.6324621Z # Subtest: actual rendered tire vertices stay above the real city ramp at known curb problem positions
2026-10-04T15:25:31.6326004Z ok 73 - actual rendered tire vertices stay above the real city ramp at known curb problem positions
2026-10-04T15:25:31.6326815Z   ---
2026-10-04T15:25:31.6327165Z   duration_ms: 356.184847
2026-10-04T15:25:31.6327558Z   type: 'test'
2026-10-04T15:25:31.6327998Z   ...
2026-10-04T15:25:31.6328757Z # Subtest: slope collision envelope encloses every rendered car vertex including tilted mirrors
2026-10-04T15:25:31.6329949Z ok 74 - slope collision envelope encloses every rendered car vertex including tilted mirrors
2026-10-04T15:25:31.6330792Z   ---
2026-10-04T15:25:31.6331120Z   duration_ms: 183.564398
2026-10-04T15:25:31.6331538Z   type: 'test'
2026-10-04T15:25:31.6331891Z   ...
2026-10-04T15:25:31.6332683Z # Subtest: authored frontages attach to six actual occupied shells and keep High the default
2026-10-04T15:25:31.6334386Z ok 75 - authored frontages attach to six actual occupied shells and keep High the default
2026-10-04T15:25:31.6335040Z   ---
2026-10-04T15:25:31.6335355Z   duration_ms: 57.506522
2026-10-04T15:25:31.6335727Z   type: 'test'
2026-10-04T15:25:31.6336069Z   ...
2026-10-04T15:25:31.6336912Z # Subtest: clear original entrance approaches, frontage walking strip and road lanes are preserved
2026-10-04T15:25:31.6338210Z ok 76 - clear original entrance approaches, frontage walking strip and road lanes are preserved
2026-10-04T15:25:31.6338907Z   ---
2026-10-04T15:25:31.6339212Z   duration_ms: 24.887223
2026-10-04T15:25:31.6339563Z   type: 'test'
2026-10-04T15:25:31.6339901Z   ...
2026-10-04T15:25:31.6340862Z # Subtest: finite curved art geometry, metre projected scanned UVs and a bounded render budget
2026-10-04T15:25:31.6342071Z ok 77 - finite curved art geometry, metre projected scanned UVs and a bounded render budget
2026-10-04T15:25:31.6342799Z   ---
2026-10-04T15:25:31.6343109Z   duration_ms: 251.997925
2026-10-04T15:25:31.6343472Z   type: 'test'
2026-10-04T15:25:31.6343805Z   ...
2026-10-04T15:25:31.6344582Z # Subtest: near detail uses hysteresis, actually destroys buffers and restores far proxies
2026-10-04T15:25:31.6345785Z ok 78 - near detail uses hysteresis, actually destroys buffers and restores far proxies
2026-10-04T15:25:31.6346465Z   ---
2026-10-04T15:25:31.6346760Z   duration_ms: 101.557235
2026-10-04T15:25:31.6347116Z   type: 'test'
2026-10-04T15:25:31.6347412Z   ...
2026-10-04T15:25:31.6348598Z # Subtest: shared interior shell IDs hide both proxy and resident art, including later streamed loads
2026-10-04T15:25:31.6350036Z ok 79 - shared interior shell IDs hide both proxy and resident art, including later streamed loads
2026-10-04T15:25:31.6350872Z   ---
2026-10-04T15:25:31.6351244Z   duration_ms: 44.178184
2026-10-04T15:25:31.6351659Z   type: 'test'
2026-10-04T15:25:31.6352019Z   ...
2026-10-04T15:25:31.6352855Z # Subtest: locally served scanned material maps have recorded CC0 provenance and verified hashes
2026-10-04T15:25:31.6353952Z ok 80 - locally served scanned material maps have recorded CC0 provenance and verified hashes
2026-10-04T15:25:31.6354672Z   ---
2026-10-04T15:25:31.6354968Z   duration_ms: 13.739397
2026-10-04T15:25:31.6355320Z   type: 'test'
2026-10-04T15:25:31.6355611Z   ...
2026-10-04T15:25:31.6356428Z # Subtest: sample room craft fits actual furniture and overhead walls without adding circulation obstacles
2026-10-04T15:25:31.6358695Z ok 81 - sample room craft fits actual furniture and overhead walls without adding circulation obstacles
2026-10-04T15:25:31.6359527Z   ---
2026-10-04T15:25:31.6359863Z   duration_ms: 159.761224
2026-10-04T15:25:31.6360449Z   type: 'test'
2026-10-04T15:25:31.6360749Z   ...
2026-10-04T15:25:38.1849947Z # Subtest: sample binds twenty separate residents to actual homes, counter frontages and legal routes
2026-10-04T15:25:38.1867324Z ok 82 - sample binds twenty separate residents to actual homes, counter frontages and legal routes
2026-10-04T15:25:38.1868307Z   ---
2026-10-04T15:25:38.1868656Z   duration_ms: 543.284482
2026-10-04T15:25:38.1869048Z   type: 'test'
2026-10-04T15:25:38.1869373Z   ...
2026-10-04T15:25:38.1870356Z # Subtest: actual delivery moves finite stock, debits wholesale and escrow, and pays the player once at the recipient
2026-10-04T15:25:38.1871300Z ok 83 - actual delivery moves finite stock, debits wholesale and escrow, and pays the player once at the recipient
2026-10-04T15:25:38.1871768Z   ---
2026-10-04T15:25:38.1871978Z   duration_ms: 226.792578
2026-10-04T15:25:38.1872203Z   type: 'test'
2026-10-04T15:25:38.1872394Z   ...
2026-10-04T15:25:38.1872851Z # Subtest: stock availability and shop funds cause actual successful or blocked purchases
2026-10-04T15:25:38.1873481Z ok 84 - stock availability and shop funds cause actual successful or blocked purchases
2026-10-04T15:25:38.1873864Z   ---
2026-10-04T15:25:38.1874057Z   duration_ms: 190.308632
2026-10-04T15:25:38.1874283Z   type: 'test'
2026-10-04T15:25:38.1874473Z   ...
2026-10-04T15:25:38.1875003Z # Subtest: daily schedules complete home, work, shop and courier loops regardless of visible distance or indoor context
2026-10-04T15:25:38.1875820Z ok 85 - daily schedules complete home, work, shop and courier loops regardless of visible distance or indoor context
2026-10-04T15:25:38.1876283Z   ---
2026-10-04T15:25:38.1876472Z   duration_ms: 608.708533
2026-10-04T15:25:38.1876701Z   type: 'test'
2026-10-04T15:25:38.1876895Z   ...
2026-10-04T15:25:38.1877411Z # Subtest: fixed economic ticks and persisted paths resume deterministically without repeating wages or deliveries
2026-10-04T15:25:38.1881198Z ok 86 - fixed economic ticks and persisted paths resume deterministically without repeating wages or deliveries
2026-10-04T15:25:38.1882285Z   ---
2026-10-04T15:25:38.1882658Z   duration_ms: 743.602576
2026-10-04T15:25:38.1883070Z   type: 'test'
2026-10-04T15:25:38.1883412Z   ...
2026-10-04T15:25:38.1884358Z # Subtest: corrupt or foreign snapshots cannot mint stock, money, arbitrary positions or orphan delivery payouts
2026-10-04T15:25:38.1885939Z ok 87 - corrupt or foreign snapshots cannot mint stock, money, arbitrary positions or orphan delivery payouts
2026-10-04T15:25:38.1886804Z   ---
2026-10-04T15:25:38.1887155Z   duration_ms: 136.210492
2026-10-04T15:25:38.1887567Z   type: 'test'
2026-10-04T15:25:38.1888114Z   ...
2026-10-04T15:25:38.1889114Z # Subtest: warehouse commutes board real moving trams and physically alight onto legal final pavement routes
2026-10-04T15:25:38.1890593Z ok 88 - warehouse commutes board real moving trams and physically alight onto legal final pavement routes
2026-10-04T15:25:38.1891452Z   ---
2026-10-04T15:25:38.1891802Z   duration_ms: 909.250126
2026-10-04T15:25:38.1892219Z   type: 'test'
2026-10-04T15:25:38.1892588Z   ...
2026-10-04T15:25:38.1893557Z # Subtest: renderer streams at most twelve detailed instances while presentation never advances city state
2026-10-04T15:25:38.1895026Z ok 89 - renderer streams at most twelve detailed instances while presentation never advances city state
2026-10-04T15:25:38.1895880Z   ---
2026-10-04T15:25:38.1896218Z   duration_ms: 398.729809
2026-10-04T15:25:38.1896629Z   type: 'test'
2026-10-04T15:25:38.1896961Z   ...
2026-10-04T15:25:38.1898187Z # Subtest: restoring real in-flight fleet tickets preserves boarding, cargo and deterministic continuation
2026-10-04T15:25:38.1899698Z ok 90 - restoring real in-flight fleet tickets preserves boarding, cargo and deterministic continuation
2026-10-04T15:25:38.1900543Z   ---
2026-10-04T15:25:38.1900897Z   duration_ms: 495.630087
2026-10-04T15:25:38.1901305Z   type: 'test'
2026-10-04T15:25:38.1901652Z   ...
2026-10-04T15:25:38.1902811Z # Subtest: rewinding display time never repeats an elapsed wage slot or changes the money supply
2026-10-04T15:25:38.1904098Z ok 91 - rewinding display time never repeats an elapsed wage slot or changes the money supply
2026-10-04T15:25:38.1904877Z   ---
2026-10-04T15:25:38.1905230Z   duration_ms: 57.393105
2026-10-04T15:25:38.1905640Z   type: 'test'
2026-10-04T15:25:38.1905985Z   ...
2026-10-04T15:25:38.1906988Z # Subtest: player buys an actual stocked portion only from the staffed counter and game-owned cash funds the shop
2026-10-04T15:25:38.1908682Z ok 92 - player buys an actual stocked portion only from the staffed counter and game-owned cash funds the shop
2026-10-04T15:25:38.1909577Z   ---
2026-10-04T15:25:38.1909935Z   duration_ms: 265.10219
2026-10-04T15:25:38.1910335Z   type: 'test'
2026-10-04T15:25:38.1910678Z   ...
2026-10-04T15:25:38.1911611Z # Subtest: remote, unfunded, unstaffed, closed and sold-out retail requests never debit the game wallet
2026-10-04T15:25:38.1913068Z ok 93 - remote, unfunded, unstaffed, closed and sold-out retail requests never debit the game wallet
2026-10-04T15:25:38.1913872Z   ---
2026-10-04T15:25:38.1914216Z   duration_ms: 163.196278
2026-10-04T15:25:38.1914631Z   type: 'test'
2026-10-04T15:25:38.1914973Z   ...
2026-10-04T15:25:38.1915931Z # Subtest: runtime traffic clock controls crossing permission independently of persisted economic days
2026-10-04T15:25:38.1917401Z ok 94 - runtime traffic clock controls crossing permission independently of persisted economic days
2026-10-04T15:25:38.1920540Z   ---
2026-10-04T15:25:38.1920903Z   duration_ms: 135.684918
2026-10-04T15:25:38.1921334Z   type: 'test'
2026-10-04T15:25:38.1921683Z   ...
2026-10-04T15:25:38.1922674Z # Subtest: integrated E retail changes the sole game wallet and a saved inventory restores alongside its ledger
2026-10-04T15:25:38.1924193Z ok 95 - integrated E retail changes the sole game wallet and a saved inventory restores alongside its ledger
2026-10-04T15:25:38.1925081Z   ---
2026-10-04T15:25:38.1925446Z   duration_ms: 8165.114111
2026-10-04T15:25:38.1926088Z   type: 'test'
2026-10-04T15:25:38.1926454Z   ...
2026-10-04T15:25:38.2487281Z # Subtest: opposite-shore landmarks retain contrast across the full public harbour view
2026-10-04T15:25:38.2489422Z ok 96 - opposite-shore landmarks retain contrast across the full public harbour view
2026-10-04T15:25:38.2490319Z   ---
2026-10-04T15:25:38.2490816Z   duration_ms: 2.283428
2026-10-04T15:25:38.2491350Z   type: 'test'
2026-10-04T15:25:38.2491839Z   ...
2026-10-04T15:25:38.2492889Z # Subtest: water variants keep independent clocks, shared programs and working cloned shader hooks
2026-10-04T15:25:38.2494350Z ok 97 - water variants keep independent clocks, shared programs and working cloned shader hooks
2026-10-04T15:25:38.2495300Z   ---
2026-10-04T15:25:38.2495787Z   duration_ms: 2.027234
2026-10-04T15:25:38.2496308Z   type: 'test'
2026-10-04T15:25:38.2496795Z   ...
2026-10-04T15:25:38.2498763Z # Subtest: urban finishes separate dielectric glazing, rough mineral surfaces and metal frames
2026-10-04T15:25:38.2500340Z ok 98 - urban finishes separate dielectric glazing, rough mineral surfaces and metal frames
2026-10-04T15:25:38.2501269Z   ---
2026-10-04T15:25:38.2501743Z   duration_ms: 52.278138
2026-10-04T15:25:38.2502287Z   type: 'test'
2026-10-04T15:25:38.2502765Z   ...
2026-10-04T15:27:07.7262616Z # Subtest: normal city play boards bus, walks both decks, travels and alights at another physical stop
2026-10-04T15:27:07.7266423Z ok 99 - normal city play boards bus, walks both decks, travels and alights at another physical stop
2026-10-04T15:27:07.7267577Z   ---
2026-10-04T15:27:07.7268597Z   duration_ms: 11121.252028
2026-10-04T15:27:07.7269137Z   type: 'test'
2026-10-04T15:27:07.7269530Z   ...
2026-10-04T15:27:07.7270566Z # Subtest: normal city play boards tram, walks both decks, travels and alights at another physical stop
2026-10-04T15:27:07.7272107Z ok 100 - normal city play boards tram, walks both decks, travels and alights at another physical stop
2026-10-04T15:27:07.7273413Z   ---
2026-10-04T15:27:07.7273812Z   duration_ms: 18396.489437
2026-10-04T15:27:07.7274279Z   type: 'test'
2026-10-04T15:27:07.7274608Z   ...
2026-10-04T15:27:07.7275593Z # Subtest: normal city play boards ferry, walks both decks, travels and alights at another physical stop
2026-10-04T15:27:07.7277190Z ok 101 - normal city play boards ferry, walks both decks, travels and alights at another physical stop
2026-10-04T15:27:07.7290852Z   ---
2026-10-04T15:27:07.7291537Z   duration_ms: 19799.638762
2026-10-04T15:27:07.7291997Z   type: 'test'
2026-10-04T15:27:07.7292322Z   ...
2026-10-04T15:27:07.7293111Z # Subtest: interior visits preserve street traffic, sample service clocks and resident phases
2026-10-04T15:27:07.7294300Z ok 102 - interior visits preserve street traffic, sample service clocks and resident phases
2026-10-04T15:27:07.7295026Z   ---
2026-10-04T15:27:07.7295345Z   duration_ms: 2182.098096
2026-10-04T15:27:07.7295716Z   type: 'test'
2026-10-04T15:27:07.7296036Z   ...
2026-10-04T15:27:07.7296914Z # Subtest: safeSave restores real commuting tickets, economic paths and delayed dwell before another tick
2026-10-04T15:27:07.7298455Z ok 103 - safeSave restores real commuting tickets, economic paths and delayed dwell before another tick
2026-10-04T15:27:07.7299242Z   ---
2026-10-04T15:27:07.7299563Z   duration_ms: 39151.539116
2026-10-04T15:27:07.7299937Z   type: 'test'
2026-10-04T15:27:07.7300262Z   ...
2026-10-04T15:27:07.7300995Z # Subtest: fresh binding and malformed saved sample fields leave finite clean street state
2026-10-04T15:27:07.7302113Z ok 104 - fresh binding and malformed saved sample fields leave finite clean street state
2026-10-04T15:27:07.7302800Z   ---
2026-10-04T15:27:07.7303156Z   duration_ms: 2827.126458
2026-10-04T15:27:07.7303530Z   type: 'test'
2026-10-04T15:27:07.7303841Z   ...
2026-10-04T15:27:07.7304711Z # Subtest: fixed simulation and render updates remain separate, with bounded collector-height tram wires
2026-10-04T15:27:07.7306324Z ok 105 - fixed simulation and render updates remain separate, with bounded collector-height tram wires
2026-10-04T15:27:07.7307108Z   ---
2026-10-04T15:27:07.7307436Z   duration_ms: 4274.904438
2026-10-04T15:27:07.7307927Z   type: 'test'
2026-10-04T15:27:07.7308261Z   ...
2026-10-04T15:27:07.7309458Z # Subtest: a restored south-shore signal clock controls real cars, rendered lights and crossing residents while north traffic keeps its original clock
2026-10-04T15:27:07.7311358Z ok 106 - a restored south-shore signal clock controls real cars, rendered lights and crossing residents while north traffic keeps its original clock
2026-10-04T15:27:07.7312367Z   ---
2026-10-04T15:27:07.7312696Z   duration_ms: 246.327692
2026-10-04T15:27:07.7313078Z   type: 'test'
2026-10-04T15:27:07.7313400Z   ...
2026-10-04T15:27:07.7314295Z # Subtest: ordinary city steps yield the long bus to a real resident already crossing, including after save/load
2026-10-04T15:27:07.7315655Z ok 107 - ordinary city steps yield the long bus to a real resident already crossing, including after save/load
2026-10-04T15:27:07.7316460Z   ---
2026-10-04T15:27:07.7316779Z   duration_ms: 3802.693782
2026-10-04T15:27:07.7317173Z   type: 'test'
2026-10-04T15:27:07.7317490Z   ...
2026-10-04T15:27:07.7755762Z # Subtest: harbor towers occupy land behind a continuous shore and have authored geometric crowns
2026-10-04T15:27:07.7756861Z ok 108 - harbor towers occupy land behind a continuous shore and have authored geometric crowns
2026-10-04T15:27:07.7762899Z   ---
2026-10-04T15:27:07.7763229Z   duration_ms: 26.2266
2026-10-04T15:27:07.7763628Z   type: 'test'
2026-10-04T15:27:07.7763973Z   ...
2026-10-04T15:27:07.7764648Z # Subtest: the actual eye-level promenade camera sees multiple distinct towers across open water
2026-10-04T15:27:07.7765712Z ok 109 - the actual eye-level promenade camera sees multiple distinct towers across open water
2026-10-04T15:27:07.7766317Z   ---
2026-10-04T15:27:07.7766522Z   duration_ms: 72.65925
2026-10-04T15:27:07.7766754Z   type: 'test'
2026-10-04T15:27:07.7767341Z   ...
2026-10-04T15:27:07.7768178Z # Subtest: all three harbor viewpoints are reached on existing real pavement with the full player radius
2026-10-04T15:27:07.7769322Z ok 110 - all three harbor viewpoints are reached on existing real pavement with the full player radius
2026-10-04T15:27:07.7769880Z   ---
2026-10-04T15:27:07.7770180Z   duration_ms: 323.920988
2026-10-04T15:27:07.7770483Z   type: 'test'
2026-10-04T15:27:07.7770715Z   ...
2026-10-04T15:27:07.7771449Z # Subtest: walking inland across the former support edge stays on the rendered shore and mountain triangles
2026-10-04T15:27:07.7772559Z ok 111 - walking inland across the former support edge stays on the rendered shore and mountain triangles
2026-10-04T15:27:07.7773177Z   ---
2026-10-04T15:27:07.7773478Z   duration_ms: 379.740079
2026-10-04T15:27:07.7773795Z   type: 'test'
2026-10-04T15:27:07.7774078Z   ...
2026-10-04T15:27:07.7774740Z # Subtest: view distance streams and disposes real facade details without changing skyline massing or quality
2026-10-04T15:27:07.7775964Z ok 112 - view distance streams and disposes real facade details without changing skyline massing or quality
2026-10-04T15:27:07.7776580Z   ---
2026-10-04T15:27:07.7776837Z   duration_ms: 35.996888
2026-10-04T15:27:07.7777161Z   type: 'test'
2026-10-04T15:27:07.7777400Z   ...
2026-10-04T15:27:07.7778201Z # Subtest: small window bays use metre UVs and sparse office lights follow the world clock
2026-10-04T15:27:07.7779074Z ok 113 - small window bays use metre UVs and sparse office lights follow the world clock
2026-10-04T15:27:07.7779636Z   ---
2026-10-04T15:27:07.7779867Z   duration_ms: 22.500889
2026-10-04T15:27:07.7780170Z   type: 'test'
2026-10-04T15:27:07.7780481Z   ...
2026-10-04T15:27:07.7780926Z # Subtest: shared shore support ends at the visible coastline and preserves water outside it
2026-10-04T15:27:07.7781718Z ok 114 - shared shore support ends at the visible coastline and preserves water outside it
2026-10-04T15:27:07.7782218Z   ---
2026-10-04T15:27:07.7782515Z   duration_ms: 2.543015
2026-10-04T15:27:07.7782875Z   type: 'test'
2026-10-04T15:27:07.7783426Z   ...
2026-10-04T15:27:07.7784141Z # Subtest: client and multiplayer server support match raycast triangles on both sides of ridge diagonals
2026-10-04T15:27:07.7785151Z ok 115 - client and multiplayer server support match raycast triangles on both sides of ridge diagonals
2026-10-04T15:27:07.7785887Z   ---
2026-10-04T15:27:07.7786150Z   duration_ms: 224.87971
2026-10-04T15:27:07.7786583Z   type: 'test'
2026-10-04T15:27:07.7786792Z   ...
2026-10-04T15:27:07.7787371Z # Subtest: multiplayer support retains reachable infrastructure decks and the road beneath an underpass
2026-10-04T15:27:07.7788677Z ok 116 - multiplayer support retains reachable infrastructure decks and the road beneath an underpass
2026-10-04T15:27:07.7789277Z   ---
2026-10-04T15:27:07.7789511Z   duration_ms: 0.436088
2026-10-04T15:27:07.7789803Z   type: 'test'
2026-10-04T15:27:07.7790162Z   ...
2026-10-04T15:27:07.7790845Z # Subtest: every original service fits its existing street or water corridor for a whole circuit
2026-10-04T15:27:07.7791584Z ok 117 - every original service fits its existing street or water corridor for a whole circuit
2026-10-04T15:27:07.7792225Z   ---
2026-10-04T15:27:07.7792591Z   duration_ms: 1680.994293
2026-10-04T15:27:07.7792871Z   type: 'test'
2026-10-04T15:27:07.7793185Z   ...
2026-10-04T15:27:07.7793954Z # Subtest: bus: walk through the boarding door, upstairs, along the upper aisle and back downstairs
2026-10-04T15:27:07.7795105Z ok 118 - bus: walk through the boarding door, upstairs, along the upper aisle and back downstairs
2026-10-04T15:27:07.7795698Z   ---
2026-10-04T15:27:07.7795963Z   duration_ms: 155.324568
2026-10-04T15:27:07.7796357Z   type: 'test'
2026-10-04T15:27:07.7796630Z   ...
2026-10-04T15:27:07.7797300Z # Subtest: tram: walk through the boarding door, upstairs, along the upper aisle and back downstairs
2026-10-04T15:27:07.7798404Z ok 119 - tram: walk through the boarding door, upstairs, along the upper aisle and back downstairs
2026-10-04T15:27:07.7798961Z   ---
2026-10-04T15:27:07.7799162Z   duration_ms: 109.120981
2026-10-04T15:27:07.7799472Z   type: 'test'
2026-10-04T15:27:07.7799854Z   ...
2026-10-04T15:27:07.7800463Z # Subtest: ferry: walk through the boarding door, upstairs, along the upper aisle and back downstairs
2026-10-04T15:27:07.7801494Z ok 120 - ferry: walk through the boarding door, upstairs, along the upper aisle and back downstairs
2026-10-04T15:27:07.7802138Z   ---
2026-10-04T15:27:07.7802359Z   duration_ms: 164.864876
2026-10-04T15:27:07.7802724Z   type: 'test'
2026-10-04T15:27:07.7803054Z   ...
2026-10-04T15:27:07.7803820Z # Subtest: passenger seats, closed doors and end walls reject movement rather than pinning the passenger
2026-10-04T15:27:07.7804953Z ok 121 - passenger seats, closed doors and end walls reject movement rather than pinning the passenger
2026-10-04T15:27:07.7805554Z   ---
2026-10-04T15:27:07.7805810Z   duration_ms: 12.987896
2026-10-04T15:27:07.7806170Z   type: 'test'
2026-10-04T15:27:07.7806365Z   ...
2026-10-04T15:27:07.7806746Z # Subtest: ten minutes of independent timetables keep bus and tram bodies apart
2026-10-04T15:27:07.7807625Z ok 122 - ten minutes of independent timetables keep bus and tram bodies apart
2026-10-04T15:27:07.7808317Z   ---
2026-10-04T15:27:07.7808552Z   duration_ms: 724.547434
2026-10-04T15:27:07.7808916Z   type: 'test'
2026-10-04T15:27:07.7809197Z   ...
2026-10-04T15:27:07.7809690Z # Subtest: external traffic stops the bus before contact and the delayed timetable resumes
2026-10-04T15:27:07.7810313Z ok 123 - external traffic stops the bus before contact and the delayed timetable resumes
2026-10-04T15:27:07.7810706Z   ---
2026-10-04T15:27:07.7810901Z   duration_ms: 37.302454
2026-10-04T15:27:07.7811122Z   type: 'test'
2026-10-04T15:27:07.7811323Z   ...
2026-10-04T15:27:07.7811927Z # Subtest: saving restores stop dwell and delayed schedules without placing a load inside a vehicle
2026-10-04T15:27:07.7812715Z ok 124 - saving restores stop dwell and delayed schedules without placing a load inside a vehicle
2026-10-04T15:27:07.7813668Z   ---
2026-10-04T15:27:07.7813918Z   duration_ms: 22.500623
2026-10-04T15:27:07.7814274Z   type: 'test'
2026-10-04T15:27:07.7814538Z   ...
2026-10-04T15:27:07.7815207Z # Subtest: citizens board a real stop, travel in the moving cabin and alight at a different stop
2026-10-04T15:27:07.7816125Z ok 125 - citizens board a real stop, travel in the moving cabin and alight at a different stop
2026-10-04T15:27:07.7816729Z   ---
2026-10-04T15:27:07.7816928Z   duration_ms: 77.45796
2026-10-04T15:27:07.7817153Z   type: 'test'
2026-10-04T15:27:07.7817354Z   ...
2026-10-04T15:27:07.7817937Z # Subtest: a saved boarding token, door hold and citizen cabin pose continue after load
2026-10-04T15:27:07.7818846Z ok 126 - a saved boarding token, door hold and citizen cabin pose continue after load
2026-10-04T15:27:07.7819533Z   ---
2026-10-04T15:27:07.7819825Z   duration_ms: 28.736939
2026-10-04T15:27:07.7820137Z   type: 'test'
2026-10-04T15:27:07.7820482Z   ...
2026-10-04T15:27:07.7821216Z # Subtest: both ferry piers can be walked from real street height over the sea wall and match rendered support
2026-10-04T15:27:07.7822373Z ok 127 - both ferry piers can be walked from real street height over the sea wall and match rendered support
2026-10-04T15:27:07.7823026Z   ---
2026-10-04T15:27:07.7823281Z   duration_ms: 1579.393785
2026-10-04T15:27:07.7823622Z   type: 'test'
2026-10-04T15:27:07.7823989Z   ...
2026-10-04T15:27:07.7824837Z # Subtest: sixteen static batches retain all 101 original transforms, materials and shadow flags with independent bank bounds
2026-10-04T15:27:07.7826106Z ok 128 - sixteen static batches retain all 101 original transforms, materials and shadow flags with independent bank bounds
2026-10-04T15:27:07.7826823Z   ---
2026-10-04T15:27:07.7827016Z   duration_ms: 33.994698
2026-10-04T15:27:07.7827238Z   type: 'test'
2026-10-04T15:27:07.7827432Z   ...
2026-10-04T15:27:07.7828256Z # Subtest: static instances stay shared while ferry gangways, eleven canvas signs and the live fleet remain independent
2026-10-04T15:27:07.7829781Z ok 129 - static instances stay shared while ferry gangways, eleven canvas signs and the live fleet remain independent
2026-10-04T15:27:07.7830465Z   ---
2026-10-04T15:27:07.7830745Z   duration_ms: 86.251096
2026-10-04T15:27:07.7831038Z   type: 'test'
2026-10-04T15:27:07.7831388Z   ...
2026-10-04T15:27:07.7832141Z # Subtest: bus at its actual eight-metre curb lane brakes before red, restores its queue and resumes on green
2026-10-04T15:27:07.7833143Z ok 130 - bus at its actual eight-metre curb lane brakes before red, restores its queue and resumes on green
2026-10-04T15:27:07.7833885Z   ---
2026-10-04T15:27:07.7834219Z   duration_ms: 41.754505
2026-10-04T15:27:07.7834504Z   type: 'test'
2026-10-04T15:27:07.7834769Z   ...
2026-10-04T15:27:07.7835500Z # Subtest: tram at its actual eight-metre curb lane brakes before red, restores its queue and resumes on green
2026-10-04T15:27:07.7836706Z ok 131 - tram at its actual eight-metre curb lane brakes before red, restores its queue and resumes on green
2026-10-04T15:27:07.7837149Z   ---
2026-10-04T15:27:07.7837340Z   duration_ms: 48.376415
2026-10-04T15:27:07.7837627Z   type: 'test'
2026-10-04T15:27:07.7838093Z   ...
2026-10-04T15:27:07.7838702Z # Subtest: a vehicle already admitted through green clears a newly red junction after save/load
2026-10-04T15:27:07.7839785Z ok 132 - a vehicle already admitted through green clears a newly red junction after save/load
2026-10-04T15:27:07.7840441Z   ---
2026-10-04T15:27:07.7840658Z   duration_ms: 45.734268
2026-10-04T15:27:07.7840994Z   type: 'test'
2026-10-04T15:27:07.7841279Z   ...
2026-10-04T15:27:07.7842069Z # Subtest: the shared pedestrian stop-distance hook protects the bus front, persists its wait and excludes the ferry
2026-10-04T15:27:07.7843312Z ok 133 - the shared pedestrian stop-distance hook protects the bus front, persists its wait and excludes the ferry
2026-10-04T15:27:07.7843978Z   ---
2026-10-04T15:27:07.7844290Z   duration_ms: 84.152513
2026-10-04T15:27:07.7844559Z   type: 'test'
2026-10-04T15:27:07.7844875Z   ...
2026-10-04T15:27:07.7845359Z # Subtest: harbor assets have finite geometry and actual closed/open bounds inside their metre envelopes
2026-10-04T15:27:07.7846327Z ok 134 - harbor assets have finite geometry and actual closed/open bounds inside their metre envelopes
2026-10-04T15:27:07.7846928Z   ---
2026-10-04T15:27:07.7847170Z   duration_ms: 1793.623772
2026-10-04T15:27:07.7847471Z   type: 'test'
2026-10-04T15:27:07.7847896Z   ...
2026-10-04T15:27:07.7848566Z # Subtest: both decks, all portals and stair landings remain reachable by the declared passenger capsule
2026-10-04T15:27:07.7849646Z ok 135 - both decks, all portals and stair landings remain reachable by the declared passenger capsule
2026-10-04T15:27:07.7850332Z   ---
2026-10-04T15:27:07.7850603Z   duration_ms: 14.070141
2026-10-04T15:27:07.7851004Z   type: 'test'
2026-10-04T15:27:07.7851279Z   ...
2026-10-04T15:27:07.7851892Z # Subtest: open doorway geometry clears a full body at both jambs, and closed leaves block passage
2026-10-04T15:27:07.7852960Z ok 136 - open doorway geometry clears a full body at both jambs, and closed leaves block passage
2026-10-04T15:27:07.7853520Z   ---
2026-10-04T15:27:07.7853865Z   duration_ms: 658.653688
2026-10-04T15:27:07.7854134Z   type: 'test'
2026-10-04T15:27:07.7854474Z   ...
2026-10-04T15:27:07.7855163Z # Subtest: actual stair mesh and ceilings leave standing headroom across the entire companionway
2026-10-04T15:27:07.7856247Z ok 137 - actual stair mesh and ceilings leave standing headroom across the entire companionway
2026-10-04T15:27:07.7856808Z   ---
2026-10-04T15:27:07.7857106Z   duration_ms: 2967.806485
2026-10-04T15:27:07.7857448Z   type: 'test'
2026-10-04T15:27:07.7857870Z   ...
2026-10-04T15:27:07.7858597Z # Subtest: ferry support and side collision narrow with its bow rather than exposing square deck overhangs
2026-10-04T15:27:07.7859891Z ok 138 - ferry support and side collision narrow with its bow rather than exposing square deck overhangs
2026-10-04T15:27:07.7860634Z   ---
2026-10-04T15:27:07.7860932Z   duration_ms: 1.31391
2026-10-04T15:27:07.7861220Z   type: 'test'
2026-10-04T15:27:07.7861583Z   ...
2026-10-04T15:27:07.7862394Z # Subtest: LOD budgets, original provenance and material response are explicit and lighting updates are instance-local
2026-10-04T15:27:07.7863240Z ok 139 - LOD budgets, original provenance and material response are explicit and lighting updates are instance-local
2026-10-04T15:27:07.7863934Z   ---
2026-10-04T15:27:07.7864202Z   duration_ms: 35.506782
2026-10-04T15:27:07.7864532Z   type: 'test'
2026-10-04T15:27:07.7864754Z   ...
2026-10-04T15:27:07.7865532Z # Subtest: instance disposal is idempotent and preserves shared geometry used by remaining vehicles and all LODs
2026-10-04T15:27:07.7866743Z ok 140 - instance disposal is idempotent and preserves shared geometry used by remaining vehicles and all LODs
2026-10-04T15:27:07.7867508Z   ---
2026-10-04T15:27:07.7867917Z   duration_ms: 23.390384
2026-10-04T15:27:07.7868233Z   type: 'test'
2026-10-04T15:27:07.7868439Z   ...
2026-10-04T15:27:07.7868821Z # Subtest: closed cabin actually blocks the former gap above the door leaves
2026-10-04T15:27:07.7869404Z ok 141 - closed cabin actually blocks the former gap above the door leaves
2026-10-04T15:27:07.7869980Z   ---
2026-10-04T15:27:07.7870304Z   duration_ms: 148.435415
2026-10-04T15:27:07.7870688Z   type: 'test'
2026-10-04T15:27:07.7871030Z   ...
2026-10-04T15:27:07.7871783Z # Subtest: cabin occlusion follows actual camera bounds and restores city before doors open
2026-10-04T15:27:07.7872931Z ok 142 - cabin occlusion follows actual camera bounds and restores city before doors open
2026-10-04T15:27:07.7873630Z   ---
2026-10-04T15:27:07.7873938Z   duration_ms: 2092.819558
2026-10-04T15:27:07.7874277Z   type: 'test'
2026-10-04T15:27:07.7874591Z   ...
2026-10-04T15:27:07.7875433Z # Subtest: ordinary third-person camera retracts behind the safety door throughout the high lift ride
2026-10-04T15:27:07.7876808Z ok 143 - ordinary third-person camera retracts behind the safety door throughout the high lift ride
2026-10-04T15:27:07.7877544Z   ---
2026-10-04T15:27:07.7878046Z   duration_ms: 103.287746
2026-10-04T15:27:07.7878403Z   type: 'test'
2026-10-04T15:27:07.7878700Z   ...
2026-10-04T15:27:07.7879461Z # Subtest: moving lift carries the normal low-pitch camera at 60 Hz without a floor-level view
2026-10-04T15:27:07.7880652Z ok 144 - moving lift carries the normal low-pitch camera at 60 Hz without a floor-level view
2026-10-04T15:27:07.7881340Z   ---
2026-10-04T15:27:07.7881639Z   duration_ms: 78.285606
2026-10-04T15:27:07.7881926Z   type: 'test'
2026-10-04T15:27:07.7882125Z   ...
2026-10-04T15:27:07.7882566Z # Subtest: moving lift carries the normal low-pitch camera at 4 Hz without a floor-level view
2026-10-04T15:27:07.7883206Z ok 145 - moving lift carries the normal low-pitch camera at 4 Hz without a floor-level view
2026-10-04T15:27:07.7883602Z   ---
2026-10-04T15:27:07.7883809Z   duration_ms: 27.796758
2026-10-04T15:27:07.7884052Z   type: 'test'
2026-10-04T15:27:07.7884255Z   ...
2026-10-04T15:27:07.7884672Z # Subtest: west-link: a pedestrian walks up, across and down without height mutation
2026-10-04T15:27:07.7885271Z ok 146 - west-link: a pedestrian walks up, across and down without height mutation
2026-10-04T15:27:07.7885645Z   ---
2026-10-04T15:27:07.7885843Z   duration_ms: 1278.322779
2026-10-04T15:27:07.7886080Z   type: 'test'
2026-10-04T15:27:07.7886273Z   ...
2026-10-04T15:27:07.7886652Z # {"maximum":8,"maximumStep":0.010181811998556611,"seconds":87.48333333332965}
2026-10-04T15:27:07.7887203Z # Subtest: west-link: a car drives both ramps and saves on a safe ground entrance
2026-10-04T15:27:07.7887934Z ok 147 - west-link: a car drives both ramps and saves on a safe ground entrance
2026-10-04T15:27:07.7888339Z   ---
2026-10-04T15:27:07.7888545Z   duration_ms: 1199.586907
2026-10-04T15:27:07.7888779Z   type: 'test'
2026-10-04T15:27:07.7888970Z   ...
2026-10-04T15:27:07.7889349Z # {"maximum":8.001,"maximumStep":0.04337433879758379,"seconds":21.883333333333372}
2026-10-04T15:27:07.7890082Z # Subtest: east-link: a pedestrian walks up, across and down without height mutation
2026-10-04T15:27:07.7890661Z ok 148 - east-link: a pedestrian walks up, across and down without height mutation
2026-10-04T15:27:07.7891040Z   ---
2026-10-04T15:27:07.7891242Z   duration_ms: 1570.98471
2026-10-04T15:27:07.7891474Z   type: 'test'
2026-10-04T15:27:07.7891671Z   ...
2026-10-04T15:27:07.7892047Z # {"maximum":9,"maximumStep":0.01049999775308752,"seconds":130.34999999999587}
2026-10-04T15:27:07.7892899Z # Subtest: east-link: a car drives both ramps and saves on a safe ground entrance
2026-10-04T15:27:07.7893857Z ok 149 - east-link: a car drives both ramps and saves on a safe ground entrance
2026-10-04T15:27:07.7894511Z   ---
2026-10-04T15:27:07.7894813Z   duration_ms: 1486.63
2026-10-04T15:27:07.7895180Z   type: 'test'
2026-10-04T15:27:07.7895523Z   ...
2026-10-04T15:27:07.7896190Z # {"maximum":9.001,"maximumStep":0.0447177873670066,"seconds":31.983333333332798}
2026-10-04T15:27:07.7897391Z # Subtest: a pedestrian reaches the public freight-port promenade and walks back over the sea wall
2026-10-04T15:27:07.7898868Z ok 150 - a pedestrian reaches the public freight-port promenade and walks back over the sea wall
2026-10-04T15:27:07.7899609Z   ---
2026-10-04T15:27:07.7899936Z   duration_ms: 451.441814
2026-10-04T15:27:07.7900341Z   type: 'test'
2026-10-04T15:27:07.7900675Z   ...
2026-10-04T15:27:07.7901990Z # {"outbound":{"maximum":2.4,"maximumStep":0.017683754768263338,"seconds":16.95000000000032},"inbound":{"maximum":2.4,"maximumStep":0.017683754768263338,"seconds":16.933333333332374}}
2026-10-04T15:27:07.7903441Z # Subtest: cars cross below both flyovers without being lifted onto the deck
2026-10-04T15:27:07.7904396Z ok 151 - cars cross below both flyovers without being lifted onto the deck
2026-10-04T15:27:07.7905017Z   ---
2026-10-04T15:27:07.7905352Z   duration_ms: 130.425318
2026-10-04T15:27:07.7905751Z   type: 'test'
2026-10-04T15:27:07.7906098Z   ...
2026-10-04T15:27:07.7907102Z # Subtest: added piers and street equipment leave existing north-shore traffic crossings open
2026-10-04T15:27:07.7908141Z ok 152 - added piers and street equipment leave existing north-shore traffic crossings open
2026-10-04T15:27:07.7908565Z   ---
2026-10-04T15:27:07.7908771Z   duration_ms: 667.424851
2026-10-04T15:27:07.7909018Z   type: 'test'
2026-10-04T15:27:07.7909217Z   ...
2026-10-04T15:27:07.7909674Z # Subtest: every address has an explicit entrance, frontage, roof, and unique physical signature
2026-10-04T15:27:07.7910350Z ok 153 - every address has an explicit entrance, frontage, roof, and unique physical signature
2026-10-04T15:27:07.7910754Z   ---
2026-10-04T15:27:07.7910946Z   duration_ms: 2.155846
2026-10-04T15:27:07.7911173Z   type: 'test'
2026-10-04T15:27:07.7911365Z   ...
2026-10-04T15:27:07.7911815Z # Subtest: all 192 authored display fronts are visible chunk geometry and clear the central approach
2026-10-04T15:27:07.7912503Z ok 154 - all 192 authored display fronts are visible chunk geometry and clear the central approach
2026-10-04T15:27:07.7912929Z   ---
2026-10-04T15:27:07.7913125Z   duration_ms: 5.624786
2026-10-04T15:27:07.7913340Z   type: 'test'
2026-10-04T15:27:07.7913539Z   ...
2026-10-04T15:27:07.7913978Z # Subtest: shop lettering preserves its physical aspect ratio and uses ordinary UV projection
2026-10-04T15:27:07.7914628Z ok 155 - shop lettering preserves its physical aspect ratio and uses ordinary UV projection
2026-10-04T15:27:07.7915044Z   ---
2026-10-04T15:27:07.7915242Z   duration_ms: 103.992743
2026-10-04T15:27:07.7915470Z   type: 'test'
2026-10-04T15:27:07.7915669Z   ...
2026-10-04T15:27:07.7916046Z # Subtest: upper facade ribs do not obscure retail signs or the entrance canopy
2026-10-04T15:27:07.7916590Z ok 156 - upper facade ribs do not obscure retail signs or the entrance canopy
2026-10-04T15:27:07.7916942Z   ---
2026-10-04T15:27:07.7917146Z   duration_ms: 17.11716
2026-10-04T15:27:07.7917366Z   type: 'test'
2026-10-04T15:27:07.7917678Z   ...
2026-10-04T15:27:07.7918578Z # Subtest: retail counters and collision agree at adult scale, with small goods resting on top
2026-10-04T15:27:07.7919279Z ok 157 - retail counters and collision agree at adult scale, with small goods resting on top
2026-10-04T15:27:07.7919687Z   ---
2026-10-04T15:27:07.7919897Z   duration_ms: 54.300405
2026-10-04T15:27:07.7920134Z   type: 'test'
2026-10-04T15:27:07.7920339Z   ...
2026-10-04T15:27:07.7920746Z # Subtest: human-scale motifs and curved components survive actual chunk export
2026-10-04T15:27:07.7921314Z ok 158 - human-scale motifs and curved components survive actual chunk export
2026-10-04T15:27:07.7921736Z   ---
2026-10-04T15:27:07.7921961Z   duration_ms: 317.036125
2026-10-04T15:27:07.7922220Z   type: 'test'
2026-10-04T15:27:07.7922460Z   ...
2026-10-04T15:27:07.7922944Z # Subtest: additional architectural detail stays streamed and within bounded chunk budgets
2026-10-04T15:27:07.7923676Z ok 159 - additional architectural detail stays streamed and within bounded chunk budgets
2026-10-04T15:27:07.7924153Z   ---
2026-10-04T15:27:07.7924372Z   duration_ms: 31.123485
2026-10-04T15:27:07.7924631Z   type: 'test'
2026-10-04T15:27:07.7924849Z   ...
2026-10-04T15:27:07.7925329Z # Subtest: architectural refinement retains the full wide lobby approach at every address
2026-10-04T15:27:07.7926044Z ok 160 - architectural refinement retains the full wide lobby approach at every address
2026-10-04T15:27:07.7926496Z   ---
2026-10-04T15:27:07.7926738Z   duration_ms: 9.035085
2026-10-04T15:27:07.7926978Z   type: 'test'
2026-10-04T15:27:07.7927229Z   ...
2026-10-04T15:27:07.7927826Z # Subtest: address-specific sign materials are disposed along with their streamed district
2026-10-04T15:27:07.7928535Z ok 161 - address-specific sign materials are disposed along with their streamed district
2026-10-04T15:27:07.7928989Z   ---
2026-10-04T15:27:07.7929210Z   duration_ms: 104.258863
2026-10-04T15:27:07.7929483Z   type: 'test'
2026-10-04T15:27:07.7929711Z   ...
2026-10-04T15:27:07.7930261Z # Subtest: an underpass and its upper carriageway stay independent at the same x/z
2026-10-04T15:27:07.7930831Z ok 162 - an underpass and its upper carriageway stay independent at the same x/z
2026-10-04T15:27:07.7931233Z   ---
2026-10-04T15:27:07.7931428Z   duration_ms: 4.372658
2026-10-04T15:27:07.7931678Z   type: 'test'
2026-10-04T15:27:07.7931871Z   ...
2026-10-04T15:27:07.7933495Z # Subtest: both directions of both ramps support a continuous pedestrian journey without an elevation snap
2026-10-04T15:27:07.7934507Z ok 163 - both directions of both ramps support a continuous pedestrian journey without an elevation snap
2026-10-04T15:27:07.7935016Z   ---
2026-10-04T15:27:07.7935241Z   duration_ms: 373.300942
2026-10-04T15:27:07.7935497Z   type: 'test'
2026-10-04T15:27:07.7935698Z   ...
2026-10-04T15:27:07.7936205Z # Subtest: four-wheel car support follows both complete flyovers without jumping level or striking a collider
2026-10-04T15:27:07.7936969Z ok 164 - four-wheel car support follows both complete flyovers without jumping level or striking a collider
2026-10-04T15:27:07.7937422Z   ---
2026-10-04T15:27:07.7937624Z   duration_ms: 566.547979
2026-10-04T15:27:07.7938043Z   type: 'test'
2026-10-04T15:27:07.7938250Z   ...
2026-10-04T15:27:07.7938702Z # Subtest: rendered carriageway tops agree with the analytical support profile to one centimetre
2026-10-04T15:27:07.7939558Z ok 165 - rendered carriageway tops agree with the analytical support profile to one centimetre
2026-10-04T15:27:07.7939968Z   ---
2026-10-04T15:27:07.7940168Z   duration_ms: 0.995823
2026-10-04T15:27:07.7940393Z   type: 'test'
2026-10-04T15:27:07.7940587Z   ...
2026-10-04T15:27:07.7941071Z # Subtest: cross-streets retain a clear path below the flyovers and bridge piers remain outside carriageways
2026-10-04T15:27:07.7941820Z ok 166 - cross-streets retain a clear path below the flyovers and bridge piers remain outside carriageways
2026-10-04T15:27:07.7942257Z   ---
2026-10-04T15:27:07.7942453Z   duration_ms: 23.228523
2026-10-04T15:27:07.7942869Z   type: 'test'
2026-10-04T15:27:07.7943067Z   ...
2026-10-04T15:27:07.7943527Z # Subtest: freight access rises continuously over the original seawall and reaches a real clear deck
2026-10-04T15:27:07.7944238Z ok 167 - freight access rises continuously over the original seawall and reaches a real clear deck
2026-10-04T15:27:07.7944657Z   ---
2026-10-04T15:27:07.7944851Z   duration_ms: 23.090529
2026-10-04T15:27:07.7945084Z   type: 'test'
2026-10-04T15:27:07.7945326Z   ...
2026-10-04T15:27:07.7945777Z # Subtest: station additions preserve every building entrance, transit entrance and ferry passage
2026-10-04T15:27:07.7946457Z ok 168 - station additions preserve every building entrance, transit entrance and ferry passage
2026-10-04T15:27:07.7946875Z   ---
2026-10-04T15:27:07.7947069Z   duration_ms: 6.530504
2026-10-04T15:27:07.7947290Z   type: 'test'
2026-10-04T15:27:07.7947498Z   ...
2026-10-04T15:27:07.7948178Z # Subtest: district culling hides distant detail while keeping local geometry and permanent collisions
2026-10-04T15:27:07.7948925Z ok 169 - district culling hides distant detail while keeping local geometry and permanent collisions
2026-10-04T15:27:07.7949397Z   ---
2026-10-04T15:27:07.7949597Z   duration_ms: 0.352481
2026-10-04T15:27:07.7949819Z   type: 'test'
2026-10-04T15:27:07.7950022Z   ...
2026-10-04T15:27:07.7950609Z # Subtest: entry signs face their approach routes and every sign has an opaque blank reverse
2026-10-04T15:27:07.7951242Z ok 170 - entry signs face their approach routes and every sign has an opaque blank reverse
2026-10-04T15:27:07.7951644Z   ---
2026-10-04T15:27:07.7951838Z   duration_ms: 26.357078
2026-10-04T15:27:07.7952059Z   type: 'test'
2026-10-04T15:27:07.7952251Z   ...
2026-10-04T15:27:07.7952780Z # Subtest: every one of 48 addresses has distinct furnished programmes, open entrances, and a walkable elevator route
2026-10-04T15:27:07.7953585Z ok 171 - every one of 48 addresses has distinct furnished programmes, open entrances, and a walkable elevator route
2026-10-04T15:27:07.7954058Z   ---
2026-10-04T15:27:07.7954366Z   duration_ms: 1084.151144
2026-10-04T15:27:07.7954607Z   type: 'test'
2026-10-04T15:27:07.7954805Z   ...
2026-10-04T15:27:07.7955331Z # Subtest: all natural floor plans keep furniture collision aligned with visible geometry and guard upper-floor edges
2026-10-04T15:27:07.7956146Z ok 172 - all natural floor plans keep furniture collision aligned with visible geometry and guard upper-floor edges
2026-10-04T15:27:07.7956617Z   ---
2026-10-04T15:27:07.7956826Z   duration_ms: 2370.029998
2026-10-04T15:27:07.7957054Z   type: 'test'
2026-10-04T15:27:07.7957246Z   ...
2026-10-04T15:27:07.7957979Z # Subtest: the tallest lift carries a boarded passenger continuously, closes its doors, and arrives clear of furniture
2026-10-04T15:27:07.7958896Z ok 173 - the tallest lift carries a boarded passenger continuously, closes its doors, and arrives clear of furniture
2026-10-04T15:27:07.7959410Z   ---
2026-10-04T15:27:07.7959611Z   duration_ms: 130.307295
2026-10-04T15:27:07.7959842Z   type: 'test'
2026-10-04T15:27:07.7960038Z   ...
2026-10-04T15:27:07.7960589Z # Subtest: elevator selection validates the passenger still occupies the physical cabin and forced leave clears a moving ride
2026-10-04T15:27:07.7961466Z ok 174 - elevator selection validates the passenger still occupies the physical cabin and forced leave clears a moving ride
2026-10-04T15:27:07.7961966Z   ---
2026-10-04T15:27:07.7962158Z   duration_ms: 29.974954
2026-10-04T15:27:07.7962387Z   type: 'test'
2026-10-04T15:27:07.7962582Z   ...
2026-10-04T15:27:07.7963110Z # Subtest: interiors use textured shared finishes but transparent local glazing, and refresh copied player snapshots
2026-10-04T15:27:07.7963931Z ok 175 - interiors use textured shared finishes but transparent local glazing, and refresh copied player snapshots
2026-10-04T15:27:07.7964407Z   ---
2026-10-04T15:27:07.7964598Z   duration_ms: 20.721925
2026-10-04T15:27:07.7964838Z   type: 'test'
2026-10-04T15:27:07.7965033Z   ...
2026-10-04T15:27:07.7965672Z # Subtest: entering and leaving rooms preserves the global point-light shader budget without changing outdoor daylight
2026-10-04T15:27:07.7966502Z ok 176 - entering and leaving rooms preserves the global point-light shader budget without changing outdoor daylight
2026-10-04T15:27:07.7966989Z   ---
2026-10-04T15:27:07.7967185Z   duration_ms: 44.626263
2026-10-04T15:27:07.7967413Z   type: 'test'
2026-10-04T15:27:07.7967641Z   ...
2026-10-04T15:27:07.7968349Z # Subtest: every natural stair flight carries ordinary walking up and down all occupied floors without teleporting
2026-10-04T15:27:07.7969143Z ok 177 - every natural stair flight carries ordinary walking up and down all occupied floors without teleporting
2026-10-04T15:27:07.7969628Z   ---
2026-10-04T15:27:07.7969833Z   duration_ms: 21314.655301
2026-10-04T15:27:07.7970079Z   type: 'test'
2026-10-04T15:27:07.7970285Z   ...
2026-10-04T15:27:07.7970736Z # Subtest: stair treads, nosings, landings and cutouts agree with continuous-world support geometry
2026-10-04T15:27:07.7971428Z ok 178 - stair treads, nosings, landings and cutouts agree with continuous-world support geometry
2026-10-04T15:27:07.7971847Z   ---
2026-10-04T15:27:07.7972040Z   duration_ms: 5959.945269
2026-10-04T15:27:07.7972269Z   type: 'test'
2026-10-04T15:27:07.7972472Z   ...
2026-10-04T15:27:07.7972908Z # Subtest: the upper stair opening guards its wrong end without a four-metre ground-height snap
2026-10-04T15:27:07.7973562Z ok 179 - the upper stair opening guards its wrong end without a four-metre ground-height snap
2026-10-04T15:27:07.7973973Z   ---
2026-10-04T15:27:07.7974164Z   duration_ms: 27.722767
2026-10-04T15:27:07.7974388Z   type: 'test'
2026-10-04T15:27:07.7974582Z   ...
2026-10-04T15:27:07.7975150Z # Subtest: hidden enclosed floors keep their collision and furnishings resident while the stair opening reveals adjacent floors
2026-10-04T15:27:07.7976038Z ok 180 - hidden enclosed floors keep their collision and furnishings resident while the stair opening reveals adjacent floors
2026-10-04T15:27:07.7976547Z   ---
2026-10-04T15:27:07.7976829Z   duration_ms: 15.316605
2026-10-04T15:27:07.7977060Z   type: 'test'
2026-10-04T15:27:07.7977254Z   ...
2026-10-04T15:27:07.7977856Z # Subtest: painted corridor ceilings sit below the stone slab above instead of exposing its underside
2026-10-04T15:27:07.7978599Z ok 181 - painted corridor ceilings sit below the stone slab above instead of exposing its underside
2026-10-04T15:27:07.7979212Z   ---
2026-10-04T15:27:07.7979547Z   duration_ms: 63.368029
2026-10-04T15:27:07.7979933Z   type: 'test'
2026-10-04T15:27:07.7980235Z   ...
2026-10-04T15:27:07.7981174Z # Subtest: occupied finishes retain matte microtexture and modest indirect light with the same two-point-light budget
2026-10-04T15:27:07.7982125Z ok 182 - occupied finishes retain matte microtexture and modest indirect light with the same two-point-light budget
2026-10-04T15:27:07.7982609Z   ---
2026-10-04T15:27:07.7982806Z   duration_ms: 15.448076
2026-10-04T15:27:07.7983044Z   type: 'test'
2026-10-04T15:27:07.7983237Z   ...
2026-10-04T15:27:07.7983690Z # Subtest: all 48 closed pedestrian routes remain on pavements and outside every building envelope
2026-10-04T15:27:07.7984377Z ok 183 - all 48 closed pedestrian routes remain on pavements and outside every building envelope
2026-10-04T15:27:07.7984792Z   ---
2026-10-04T15:27:07.7984989Z   duration_ms: 188.681308
2026-10-04T15:27:07.7985221Z   type: 'test'
2026-10-04T15:27:07.7985416Z   ...
2026-10-04T15:27:07.7985892Z # Subtest: population has continuous persistent identities, social groups and eight original wardrobes
2026-10-04T15:27:07.7986620Z ok 184 - population has continuous persistent identities, social groups and eight original wardrobes
2026-10-04T15:27:07.7987052Z   ---
2026-10-04T15:27:07.7987241Z   duration_ms: 741.580183
2026-10-04T15:27:07.7987466Z   type: 'test'
2026-10-04T15:27:07.7987661Z   ...
2026-10-04T15:27:07.7988602Z # Subtest: distance streaming enforces entity budgets and unloads the entire crowd beyond the city
2026-10-04T15:27:07.7989462Z ok 185 - distance streaming enforces entity budgets and unloads the entire crowd beyond the city
2026-10-04T15:27:07.7989890Z   ---
2026-10-04T15:27:07.7990085Z   duration_ms: 227.19552
2026-10-04T15:27:07.7990311Z   type: 'test'
2026-10-04T15:27:07.7990519Z   ...
2026-10-04T15:27:07.7991050Z # Subtest: pause freezes resident positions and animation time, and nearby conversations return actual local directions
2026-10-04T15:27:07.7991872Z ok 186 - pause freezes resident positions and animation time, and nearby conversations return actual local directions
2026-10-04T15:27:07.7992394Z   ---
2026-10-04T15:27:07.7992583Z   duration_ms: 25.480477
2026-10-04T15:27:07.7992803Z   type: 'test'
2026-10-04T15:27:07.7993001Z   ...
2026-10-04T15:27:07.7993445Z # Subtest: pedestrians wait for a stopped vehicle on their route without tunnelling into its body
2026-10-04T15:27:07.7994112Z ok 187 - pedestrians wait for a stopped vehicle on their route without tunnelling into its body
2026-10-04T15:27:07.7994534Z   ---
2026-10-04T15:27:07.7994730Z   duration_ms: 68.308493
2026-10-04T15:27:07.7994956Z   type: 'test'
2026-10-04T15:27:07.7995152Z   ...
2026-10-04T15:27:07.7995630Z # Subtest: wardrobe variants share cached geometry while retaining compatible animated knees and elbows
2026-10-04T15:27:07.7996372Z ok 188 - wardrobe variants share cached geometry while retaining compatible animated knees and elbows
2026-10-04T15:27:07.7996808Z   ---
2026-10-04T15:27:07.7997013Z   duration_ms: 7.14496
2026-10-04T15:27:07.7997233Z   type: 'test'
2026-10-04T15:27:07.7997430Z   ...
2026-10-04T15:27:07.7998163Z # Subtest: local collision queries match a full-population reference after movement and reuse stable body records
2026-10-04T15:27:07.7998958Z ok 189 - local collision queries match a full-population reference after movement and reuse stable body records
2026-10-04T15:27:07.7999425Z   ---
2026-10-04T15:27:07.7999641Z   duration_ms: 61.379028
2026-10-04T15:27:07.7999877Z   type: 'test'
2026-10-04T15:27:07.8000088Z   ...
2026-10-04T15:27:07.8000695Z # Subtest: all citizens have stable distinct names, district occupations and four changing daily purposes
2026-10-04T15:27:07.8001502Z ok 190 - all citizens have stable distinct names, district occupations and four changing daily purposes
2026-10-04T15:27:07.8001949Z   ---
2026-10-04T15:27:07.8002203Z   duration_ms: 4.605085
2026-10-04T15:27:07.8002512Z   type: 'test'
2026-10-04T15:27:07.8002772Z   ...
2026-10-04T15:27:07.8003596Z # Subtest: street activities are finite, social residents resume walking, and hour changes never teleport people
2026-10-04T15:27:07.8004961Z ok 191 - street activities are finite, social residents resume walking, and hour changes never teleport people
2026-10-04T15:27:07.8005578Z   ---
2026-10-04T15:27:07.8005851Z   duration_ms: 499.774141
2026-10-04T15:27:07.8006165Z   type: 'test'
2026-10-04T15:27:07.8006433Z   ...
2026-10-04T15:27:07.8007267Z # Subtest: repeated conversations expose identity, current purpose and actual local floors instead of one repeated tip
2026-10-04T15:27:07.8008518Z ok 192 - repeated conversations expose identity, current purpose and actual local floors instead of one repeated tip
2026-10-04T15:27:07.8009005Z   ---
2026-10-04T15:27:07.8009203Z   duration_ms: 4.972127
2026-10-04T15:27:07.8009443Z   type: 'test'
2026-10-04T15:27:07.8009644Z   ...
2026-10-04T15:27:07.8010119Z # Subtest: occupational props retain hand attachment, cache geometry, and fit varied anatomical bodies
2026-10-04T15:27:07.8010850Z ok 193 - occupational props retain hand attachment, cache geometry, and fit varied anatomical bodies
2026-10-04T15:27:07.8011290Z   ---
2026-10-04T15:27:07.8011491Z   duration_ms: 3.365447
2026-10-04T15:27:07.8011716Z   type: 'test'
2026-10-04T15:27:07.8011918Z   ...
2026-10-04T15:27:07.8012455Z # Subtest: real bus-bay residents stay outside the avenue and parked vehicles without adding population or fake boarding
2026-10-04T15:27:07.8013288Z ok 194 - real bus-bay residents stay outside the avenue and parked vehicles without adding population or fake boarding
2026-10-04T15:27:07.8013919Z   ---
2026-10-04T15:27:07.8014123Z   duration_ms: 142.556853
2026-10-04T15:27:07.8014356Z   type: 'test'
2026-10-04T15:27:07.8014561Z   ...
2026-10-04T15:27:07.8015027Z # Subtest: all natural floors name distinct functional areas without substituting furniture for rooms
2026-10-04T15:27:07.8015744Z ok 195 - all natural floors name distinct functional areas without substituting furniture for rooms
2026-10-04T15:27:07.8016185Z   ---
2026-10-04T15:27:07.8016382Z   duration_ms: 13.885321
2026-10-04T15:27:07.8016606Z   type: 'test'
2026-10-04T15:27:07.8016809Z   ...
2026-10-04T15:27:07.8017321Z # Subtest: every natural-floor room threshold remain reachable through the central aisle and real door openings
2026-10-04T15:27:07.8018317Z ok 196 - every natural-floor room threshold remain reachable through the central aisle and real door openings
2026-10-04T15:27:07.8018801Z   ---
2026-10-04T15:27:07.8019005Z   duration_ms: 9639.570048
2026-10-04T15:27:07.8019248Z   type: 'test'
2026-10-04T15:27:07.8019447Z   ...
2026-10-04T15:27:07.8019953Z # Subtest: distinct programmes contain their recognizable specialist equipment and real domestic subdivisions
2026-10-04T15:27:07.8020726Z ok 197 - distinct programmes contain their recognizable specialist equipment and real domestic subdivisions
2026-10-04T15:27:07.8021178Z   ---
2026-10-04T15:27:07.8021375Z   duration_ms: 863.326256
2026-10-04T15:27:07.8021596Z   type: 'test'
2026-10-04T15:27:07.8021790Z   ...
2026-10-04T15:27:07.8022287Z # Subtest: soft furniture batches share geometry and materials while snapshot exposes navigable room metadata
2026-10-04T15:27:07.8023035Z ok 198 - soft furniture batches share geometry and materials while snapshot exposes navigable room metadata
2026-10-04T15:27:07.8023483Z   ---
2026-10-04T15:27:07.8023679Z   duration_ms: 103.01721
2026-10-04T15:27:07.8023903Z   type: 'test'
2026-10-04T15:27:07.8024097Z   ...
2026-10-04T15:27:07.8024520Z # Subtest: domestic room dimensions reflect furnished homes rather than unused public halls
2026-10-04T15:27:07.8025304Z ok 199 - domestic room dimensions reflect furnished homes rather than unused public halls
2026-10-04T15:27:07.8025719Z   ---
2026-10-04T15:27:07.8025911Z   duration_ms: 4.768228
2026-10-04T15:27:07.8026141Z   type: 'test'
2026-10-04T15:27:07.8026339Z   ...
2026-10-04T15:27:07.8026809Z # Subtest: eight hospital rooms have clean bounded interiors and medical furniture within real walls
2026-10-04T15:27:07.8027516Z ok 200 - eight hospital rooms have clean bounded interiors and medical furniture within real walls
2026-10-04T15:27:07.8028101Z   ---
2026-10-04T15:27:07.8028298Z   duration_ms: 2.871844
2026-10-04T15:27:07.8028536Z   type: 'test'
2026-10-04T15:27:07.8028736Z   ...
2026-10-04T15:27:07.8029255Z # Subtest: hospital visitors can reach counters, seats, beds, handwashing and rehabilitation equipment and return
2026-10-04T15:27:07.8030048Z ok 201 - hospital visitors can reach counters, seats, beds, handwashing and rehabilitation equipment and return
2026-10-04T15:27:07.8030518Z   ---
2026-10-04T15:27:07.8030717Z   duration_ms: 22.747505
2026-10-04T15:27:07.8030942Z   type: 'test'
2026-10-04T15:27:07.8031149Z   ...
2026-10-04T15:27:07.8031609Z # Subtest: all enclosed occupied rooms have human-scale enclosures and furnishings within their walls
2026-10-04T15:27:07.8032309Z ok 202 - all enclosed occupied rooms have human-scale enclosures and furnishings within their walls
2026-10-04T15:27:07.8053312Z   ---
2026-10-04T15:27:07.8053559Z   duration_ms: 1095.758854
2026-10-04T15:27:07.8053831Z   type: 'test'
2026-10-04T15:27:07.8054046Z   ...
2026-10-04T15:27:07.8054593Z # Subtest: public arrival and corridor spaces contain legible orientation, seating and programme-specific displays
2026-10-04T15:27:07.8055418Z ok 203 - public arrival and corridor spaces contain legible orientation, seating and programme-specific displays
2026-10-04T15:27:07.8055898Z   ---
2026-10-04T15:27:07.8056099Z   duration_ms: 735.240151
2026-10-04T15:27:07.8056509Z   type: 'test'
2026-10-04T15:27:07.8056708Z   ...
2026-10-04T15:27:07.8057107Z # Subtest: metro: enter, wait, board, travel and disembark at the next station
2026-10-04T15:27:07.8057651Z ok 204 - metro: enter, wait, board, travel and disembark at the next station
2026-10-04T15:27:07.8058336Z   ---
2026-10-04T15:27:07.8058551Z   duration_ms: 90.83399
2026-10-04T15:27:07.8058775Z   type: 'test'
2026-10-04T15:27:07.8058976Z   ...
2026-10-04T15:27:07.8059386Z # Subtest: light-rail: enter, wait, board, travel and disembark at the next station
2026-10-04T15:27:07.8059963Z ok 205 - light-rail: enter, wait, board, travel and disembark at the next station
2026-10-04T15:27:07.8060326Z   ---
2026-10-04T15:27:07.8060536Z   duration_ms: 3.89783
2026-10-04T15:27:07.8060754Z   type: 'test'
2026-10-04T15:27:07.8060948Z   ...
2026-10-04T15:27:07.8061338Z # Subtest: high-speed: enter, wait, board, travel and disembark at the next station
2026-10-04T15:27:07.8061909Z ok 206 - high-speed: enter, wait, board, travel and disembark at the next station
2026-10-04T15:27:07.8062275Z   ---
2026-10-04T15:27:07.8062471Z   duration_ms: 7.77721
2026-10-04T15:27:07.8062696Z   type: 'test'
2026-10-04T15:27:07.8062887Z   ...
2026-10-04T15:27:07.8063249Z # Subtest: ferry: enter, wait, board, travel and disembark at the next station
2026-10-04T15:27:07.8063782Z ok 207 - ferry: enter, wait, board, travel and disembark at the next station
2026-10-04T15:27:07.8064123Z   ---
2026-10-04T15:27:07.8064317Z   duration_ms: 5.820309
2026-10-04T15:27:07.8064536Z   type: 'test'
2026-10-04T15:27:07.8064742Z   ...
2026-10-04T15:27:07.8065198Z # Subtest: all ten stations have an initial visible service and maximum waiting time under 25 seconds
2026-10-04T15:27:07.8065892Z ok 208 - all ten stations have an initial visible service and maximum waiting time under 25 seconds
2026-10-04T15:27:07.8066315Z   ---
2026-10-04T15:27:07.8066511Z   duration_ms: 32.494501
2026-10-04T15:27:07.8066738Z   type: 'test'
2026-10-04T15:27:07.8066940Z   ...
2026-10-04T15:27:07.8067519Z # Subtest: underground platforms preserve their own floor height and cannot activate from the street
2026-10-04T15:27:07.8068492Z ok 209 - underground platforms preserve their own floor height and cannot activate from the street
2026-10-04T15:27:07.8068926Z   ---
2026-10-04T15:27:07.8069119Z   duration_ms: 1.602542
2026-10-04T15:27:07.8069339Z   type: 'test'
2026-10-04T15:27:07.8069534Z   ...
2026-10-04T15:27:07.8069959Z # Subtest: leave and reset return a platform or moving passenger to a safe street entrance
2026-10-04T15:27:07.8070574Z ok 210 - leave and reset return a platform or moving passenger to a safe street entrance
2026-10-04T15:27:07.8070960Z   ---
2026-10-04T15:27:07.8071161Z   duration_ms: 2.976746
2026-10-04T15:27:07.8071382Z   type: 'test'
2026-10-04T15:27:07.8071576Z   ...
2026-10-04T15:27:07.8071988Z # Subtest: large or invalid frame increments preserve deterministic finite vehicle poses
2026-10-04T15:27:07.8072596Z ok 211 - large or invalid frame increments preserve deterministic finite vehicle poses
2026-10-04T15:27:07.8072981Z   ---
2026-10-04T15:27:07.8073185Z   duration_ms: 12.961502
2026-10-04T15:27:07.8073412Z   type: 'test'
2026-10-04T15:27:07.8073603Z   ...
2026-10-04T15:27:07.8074033Z # Subtest: boarding requires reaching the marked platform area and an open stationary vehicle
2026-10-04T15:27:07.8074689Z ok 212 - boarding requires reaching the marked platform area and an open stationary vehicle
2026-10-04T15:27:07.8075097Z   ---
2026-10-04T15:27:07.8075291Z   duration_ms: 1.387837
2026-10-04T15:27:07.8075524Z   type: 'test'
2026-10-04T15:27:07.8075721Z   ...
2026-10-04T15:27:07.8076204Z # Subtest: station architecture and fleet share instanced resources and cull remote underground vehicles
2026-10-04T15:27:07.8076945Z ok 213 - station architecture and fleet share instanced resources and cull remote underground vehicles
2026-10-04T15:27:07.8077384Z   ---
2026-10-04T15:27:07.8077580Z   duration_ms: 174.045689
2026-10-04T15:27:07.8077971Z   type: 'test'
2026-10-04T15:27:07.8078273Z   ...
2026-10-04T15:27:07.8078792Z # Subtest: underground and elevated station roofs clip a steep camera boom without altering walking collision
2026-10-04T15:27:07.8079576Z ok 214 - underground and elevated station roofs clip a steep camera boom without altering walking collision
2026-10-04T15:27:07.8080040Z   ---
2026-10-04T15:27:07.8080245Z   duration_ms: 5.251793
2026-10-04T15:27:07.8080490Z   type: 'test'
2026-10-04T15:27:07.8080692Z   ...
2026-10-04T15:27:07.8081105Z # Subtest: ferry entrance signage supports stay above an approaching pedestrian camera
2026-10-04T15:27:07.8081712Z ok 215 - ferry entrance signage supports stay above an approaching pedestrian camera
2026-10-04T15:27:07.8082103Z   ---
2026-10-04T15:27:07.8082299Z   duration_ms: 71.128833
2026-10-04T15:27:07.8082527Z   type: 'test'
2026-10-04T15:27:07.8082728Z   ...
2026-10-04T15:27:07.8083166Z # Subtest: every station returns the player to rendered street ground clear of all world obstacles
2026-10-04T15:27:07.8083836Z ok 216 - every station returns the player to rendered street ground clear of all world obstacles
2026-10-04T15:27:07.8084288Z   ---
2026-10-04T15:27:07.8084551Z   duration_ms: 996.436101
2026-10-04T15:27:07.8084811Z   type: 'test'
2026-10-04T15:27:07.8085002Z   ...
2026-10-04T15:27:07.8085506Z # Subtest: the ferry passenger stands on the forward deck clear of furniture with an unobstructed forward view
2026-10-04T15:27:07.8086248Z ok 217 - the ferry passenger stands on the forward deck clear of furniture with an unobstructed forward view
2026-10-04T15:27:07.8086683Z   ---
2026-10-04T15:27:07.8086887Z   duration_ms: 55.128128
2026-10-04T15:27:07.8087109Z   type: 'test'
2026-10-04T15:27:07.8087302Z   ...
2026-10-04T15:27:07.8087870Z # Subtest: ferry entrance sign planes retract the default chase boom on both landward exits
2026-10-04T15:27:07.8088554Z ok 218 - ferry entrance sign planes retract the default chase boom on both landward exits
2026-10-04T15:27:07.8088947Z   ---
2026-10-04T15:27:07.8089148Z   duration_ms: 56.091785
2026-10-04T15:27:07.8089379Z   type: 'test'
2026-10-04T15:27:07.8089683Z   ...
2026-10-04T15:27:07.8090188Z # Subtest: all three metro stations can be walked down and back up with the real player capsule and no teleport
2026-10-04T15:27:07.8090933Z ok 219 - all three metro stations can be walked down and back up with the real player capsule and no teleport
2026-10-04T15:27:07.8091376Z   ---
2026-10-04T15:27:07.8091581Z   duration_ms: 311.272914
2026-10-04T15:27:07.8091812Z   type: 'test'
2026-10-04T15:27:07.8092010Z   ...
2026-10-04T15:27:07.8092471Z # Subtest: metro upper streets, lower platforms and switchback stairs keep their independent heights
2026-10-04T15:27:07.8093177Z ok 220 - metro upper streets, lower platforms and switchback stairs keep their independent heights
2026-10-04T15:27:07.8093603Z   ---
2026-10-04T15:27:07.8093796Z   duration_ms: 0.379467
2026-10-04T15:27:07.8094025Z   type: 'test'
2026-10-04T15:27:07.8094218Z   ...
2026-10-04T15:27:07.8094673Z # Subtest: metro gate turns remain walkable in both directions throughout the bounded endpoint margin
2026-10-04T15:27:07.8095375Z ok 221 - metro gate turns remain walkable in both directions throughout the bounded endpoint margin
2026-10-04T15:27:07.8095800Z   ---
2026-10-04T15:27:07.8095992Z   duration_ms: 134.206105
2026-10-04T15:27:07.8096225Z   type: 'test'
2026-10-04T15:27:07.8096414Z   ...
2026-10-04T15:27:07.8096880Z # Subtest: rendered metro treads match the physical walking slope within one riser, with clear headroom
2026-10-04T15:27:07.8097579Z ok 222 - rendered metro treads match the physical walking slope within one riser, with clear headroom
2026-10-04T15:27:07.8098208Z   ---
2026-10-04T15:27:07.8098403Z   duration_ms: 1021.622949
2026-10-04T15:27:07.8098630Z   type: 'test'
2026-10-04T15:27:07.8098832Z   ...
2026-10-04T15:27:07.8099325Z # Subtest: upper metro stairs see a solid retaining wall above the covered landing instead of the world underside
2026-10-04T15:27:07.8100087Z ok 223 - upper metro stairs see a solid retaining wall above the covered landing instead of the world underside
2026-10-04T15:27:07.8100636Z   ---
2026-10-04T15:27:07.8100831Z   duration_ms: 153.047185
2026-10-04T15:27:07.8101060Z   type: 'test'
2026-10-04T15:27:07.8101265Z   ...
2026-10-04T15:27:07.8101750Z # Subtest: every animated train-door batch has a stable conservative envelope for both open and closed poses
2026-10-04T15:27:07.8102494Z ok 224 - every animated train-door batch has a stable conservative envelope for both open and closed poses
2026-10-04T15:27:07.8102938Z   ---
2026-10-04T15:27:07.8103128Z   duration_ms: 28.933122
2026-10-04T15:27:07.8103353Z   type: 'test'
2026-10-04T15:27:07.8103545Z   ...
2026-10-04T15:27:07.8104032Z # Subtest: offscreen above-ground train doors cull for a metro viewer while doors inside the view remain
2026-10-04T15:27:07.8104743Z ok 225 - offscreen above-ground train doors cull for a metro viewer while doors inside the view remain
2026-10-04T15:27:07.8105175Z   ---
2026-10-04T15:27:07.8105384Z   duration_ms: 24.756668
2026-10-04T15:27:07.8105615Z   type: 'test'
2026-10-04T15:27:07.8105813Z   ...
2026-10-04T15:27:07.8106311Z # Subtest: 48 permanent addresses have unique identity, continuous natural storeys, and distinct programmes
2026-10-04T15:27:07.8107056Z ok 226 - 48 permanent addresses have unique identity, continuous natural storeys, and distinct programmes
2026-10-04T15:27:07.8107544Z   ---
2026-10-04T15:27:07.8107877Z   duration_ms: 2.779839
2026-10-04T15:27:07.8108155Z   type: 'test'
2026-10-04T15:27:07.8108356Z   ...
2026-10-04T15:27:07.8108767Z # Subtest: every south entrance has a physical street approach and a door opening
2026-10-04T15:27:07.8109345Z ok 227 - every south entrance has a physical street approach and a door opening
2026-10-04T15:27:07.8109719Z   ---
2026-10-04T15:27:07.8109922Z   duration_ms: 3.571773
2026-10-04T15:27:07.8110164Z   type: 'test'
2026-10-04T15:27:07.8110378Z   ...
2026-10-04T15:27:07.8110792Z # Subtest: permanent road lanes remain free of building collision with unloaded districts
2026-10-04T15:27:07.8111504Z ok 228 - permanent road lanes remain free of building collision with unloaded districts
2026-10-04T15:27:07.8111902Z   ---
2026-10-04T15:27:07.8112106Z   duration_ms: 12.896192
2026-10-04T15:27:07.8112349Z   type: 'test'
2026-10-04T15:27:07.8112543Z   ...
2026-10-04T15:27:07.8112918Z # Subtest: bridge deck joins both shores continuously, with no abrupt end slope
2026-10-04T15:27:07.8113474Z ok 229 - bridge deck joins both shores continuously, with no abrupt end slope
2026-10-04T15:27:07.8113825Z   ---
2026-10-04T15:27:07.8114013Z   duration_ms: 0.355827
2026-10-04T15:27:07.8114234Z   type: 'test'
2026-10-04T15:27:07.8114422Z   ...
2026-10-04T15:27:07.8114812Z # Subtest: north ferry, metro, light rail and high-speed station approaches stay open
2026-10-04T15:27:07.8115395Z ok 230 - north ferry, metro, light rail and high-speed station approaches stay open
2026-10-04T15:27:07.8115768Z   ---
2026-10-04T15:27:07.8115957Z   duration_ms: 0.225396
2026-10-04T15:27:07.8116172Z   type: 'test'
2026-10-04T15:27:07.8116370Z   ...
2026-10-04T15:27:07.8116792Z # Subtest: export contains twelve real validated chunks with independent detailed geometry
2026-10-04T15:27:07.8117417Z ok 231 - export contains twelve real validated chunks with independent detailed geometry
2026-10-04T15:27:07.8118169Z   ---
2026-10-04T15:27:07.8118374Z   duration_ms: 26.321635
2026-10-04T15:27:07.8118607Z   type: 'test'
2026-10-04T15:27:07.8118812Z   ...
2026-10-04T15:27:07.8119180Z # Subtest: entering one address hides just its shell and exiting restores it
2026-10-04T15:27:07.8119707Z ok 232 - entering one address hides just its shell and exiting restores it
2026-10-04T15:27:07.8120057Z   ---
2026-10-04T15:27:07.8120259Z   duration_ms: 70.796903
2026-10-04T15:27:07.8120485Z   type: 'test'
2026-10-04T15:27:07.8120678Z   ...
2026-10-04T15:27:07.8121086Z # Subtest: runtime fetches nearby JSON and actually disposes detail after moving away
2026-10-04T15:27:07.8121677Z ok 233 - runtime fetches nearby JSON and actually disposes detail after moving away
2026-10-04T15:27:07.8122135Z   ---
2026-10-04T15:27:07.8122338Z   duration_ms: 92.532254
2026-10-04T15:27:07.8122564Z   type: 'test'
2026-10-04T15:27:07.8122763Z   ...
2026-10-04T15:27:07.8123166Z # Subtest: streaming startup retains no authored detail transforms before any fetch
2026-10-04T15:27:07.8123751Z ok 234 - streaming startup retains no authored detail transforms before any fetch
2026-10-04T15:27:07.8124127Z   ---
2026-10-04T15:27:07.8124321Z   duration_ms: 19.313653
2026-10-04T15:27:07.8124555Z   type: 'test'
2026-10-04T15:27:07.8124752Z   ...
2026-10-04T15:27:07.8125220Z # Subtest: paving keeps every doorway covered while an occupied lobby has exactly one visible y=0 floor
2026-10-04T15:27:07.8125939Z ok 235 - paving keeps every doorway covered while an occupied lobby has exactly one visible y=0 floor
2026-10-04T15:27:07.8126363Z   ---
2026-10-04T15:27:07.8126556Z   duration_ms: 1398.334351
2026-10-04T15:27:07.8126792Z   type: 'test'
2026-10-04T15:27:07.8126987Z   ...
2026-10-04T15:27:07.8127503Z # Subtest: distance LOD preserves the hero car and reduces distant geometry without changing its collision envelope
2026-10-04T15:27:07.8128533Z ok 236 - distance LOD preserves the hero car and reduces distant geometry without changing its collision envelope
2026-10-04T15:27:07.8128997Z   ---
2026-10-04T15:27:07.8129194Z   duration_ms: 434.180221
2026-10-04T15:27:07.8129433Z   type: 'test'
2026-10-04T15:27:07.8129628Z   ...
2026-10-04T15:27:07.8130021Z # Subtest: distant pedestrians retain animated joints and original human dimensions
2026-10-04T15:27:07.8130601Z ok 237 - distant pedestrians retain animated joints and original human dimensions
2026-10-04T15:27:07.8130975Z   ---
2026-10-04T15:27:07.8131164Z   duration_ms: 122.268347
2026-10-04T15:27:07.8131386Z   type: 'test'
2026-10-04T15:27:07.8131588Z   ...
2026-10-04T15:27:07.8132018Z # Subtest: removing a car disposes owned paint and lights while preserving shared LOD geometry
2026-10-04T15:27:07.8132667Z ok 238 - removing a car disposes owned paint and lights while preserving shared LOD geometry
2026-10-04T15:27:07.8133158Z   ---
2026-10-04T15:27:07.8133357Z   duration_ms: 148.540098
2026-10-04T15:27:07.8133586Z   type: 'test'
2026-10-04T15:27:07.8133792Z   ...
2026-10-04T15:27:07.8134289Z # Subtest: real room service joins two clients, streams movement/chat, isolates rooms and rejects invalid packets
2026-10-04T15:27:07.8135058Z ok 239 - real room service joins two clients, streams movement/chat, isolates rooms and rejects invalid packets
2026-10-04T15:27:07.8135519Z   ---
2026-10-04T15:27:07.8135709Z   duration_ms: 646.940103
2026-10-04T15:27:07.8135935Z   type: 'test'
2026-10-04T15:27:07.8136132Z   ...
2026-10-04T15:27:07.8136486Z # Subtest: vehicle claims are exclusive and leaving releases ownership
2026-10-04T15:27:07.8136982Z ok 240 - vehicle claims are exclusive and leaving releases ownership
2026-10-04T15:27:07.8137316Z   ---
2026-10-04T15:27:07.8137516Z   duration_ms: 21.733364
2026-10-04T15:27:07.8137904Z   type: 'test'
2026-10-04T15:27:07.8138120Z   ...
2026-10-04T15:27:07.8138656Z # Subtest: room capacity is enforced and peer interpolation follows shortest angles without interpolating travel
2026-10-04T15:27:07.8139444Z ok 241 - room capacity is enforced and peer interpolation follows shortest angles without interpolating travel
2026-10-04T15:27:07.8139907Z   ---
2026-10-04T15:27:07.8140111Z   duration_ms: 22.303564
2026-10-04T15:27:07.8140341Z   type: 'test'
2026-10-04T15:27:07.8140534Z   ...
2026-10-04T15:27:07.8140973Z # Subtest: traffic follows the same street route while the player uses an indoor collision context
2026-10-04T15:27:07.8141642Z ok 242 - traffic follows the same street route while the player uses an indoor collision context
2026-10-04T15:27:07.8142049Z   ---
2026-10-04T15:27:07.8142238Z   duration_ms: 3442.194544
2026-10-04T15:27:07.8142468Z   type: 'test'
2026-10-04T15:27:07.8142661Z   ...
2026-10-04T15:27:07.8143070Z # Subtest: background traffic restores indoor data after an invalid road update throws
2026-10-04T15:27:07.8143763Z ok 243 - background traffic restores indoor data after an invalid road update throws
2026-10-04T15:27:07.8144144Z   ---
2026-10-04T15:27:07.8144343Z   duration_ms: 1.238027
2026-10-04T15:27:07.8144567Z   type: 'test'
2026-10-04T15:27:07.8144761Z   ...
2026-10-04T15:27:07.8145176Z # Subtest: precision input crosses a 1.6 metre doorway at four rendered frames per second
2026-10-04T15:27:07.8145801Z ok 244 - precision input crosses a 1.6 metre doorway at four rendered frames per second
2026-10-04T15:27:07.8146195Z   ---
2026-10-04T15:27:07.8146392Z   duration_ms: 25.293497
2026-10-04T15:27:07.8146613Z   type: 'test'
2026-10-04T15:27:07.8146816Z   ...
2026-10-04T15:27:07.8147275Z # Subtest: normal and sprint speeds stay intact; precision overrides sprint without draining stamina
2026-10-04T15:27:07.8148099Z ok 245 - normal and sprint speeds stay intact; precision overrides sprint without draining stamina
2026-10-04T15:27:07.8148529Z   ---
2026-10-04T15:27:07.8148722Z   duration_ms: 5.797174
2026-10-04T15:27:07.8148951Z   type: 'test'
2026-10-04T15:27:07.8149162Z   ...
2026-10-04T15:27:07.8149587Z # Subtest: double-decker hull blocks feet above sedan height and preserves its actual span
2026-10-04T15:27:07.8150218Z ok 246 - double-decker hull blocks feet above sedan height and preserves its actual span
2026-10-04T15:27:07.8150610Z   ---
2026-10-04T15:27:07.8150809Z   duration_ms: 2.109747
2026-10-04T15:27:07.8151028Z   type: 'test'
2026-10-04T15:27:07.8151220Z   ...
2026-10-04T15:27:07.8151632Z # Subtest: fresh saves have bounded values; corrupt and incompatible saves recover safely
2026-10-04T15:27:07.8152247Z ok 247 - fresh saves have bounded values; corrupt and incompatible saves recover safely
2026-10-04T15:27:07.8152630Z   ---
2026-10-04T15:27:07.8152829Z   duration_ms: 2.921043
2026-10-04T15:27:07.8153045Z   type: 'test'
2026-10-04T15:27:07.8153234Z   ...
2026-10-04T15:27:07.8153594Z # Subtest: walking respects camera orientation, bounds and solid buildings
2026-10-04T15:27:07.8154112Z ok 248 - walking respects camera orientation, bounds and solid buildings
2026-10-04T15:27:07.8154537Z   ---
2026-10-04T15:27:07.8154731Z   duration_ms: 47.631208
2026-10-04T15:27:07.8154962Z   type: 'test'
2026-10-04T15:27:07.8155155Z   ...
2026-10-04T15:27:07.8155499Z # Subtest: diagonal movement is normalized and sprint consumes stamina
2026-10-04T15:27:07.8156000Z ok 249 - diagonal movement is normalized and sprint consumes stamina
2026-10-04T15:27:07.8156332Z   ---
2026-10-04T15:27:07.8156522Z   duration_ms: 34.243999
2026-10-04T15:27:07.8156756Z   type: 'test'
2026-10-04T15:27:07.8156944Z   ...
2026-10-04T15:27:07.8157338Z # Subtest: strafe-right follows the rendered camera right vector in both directions
2026-10-04T15:27:07.8158142Z ok 250 - strafe-right follows the rendered camera right vector in both directions
2026-10-04T15:27:07.8158525Z   ---
2026-10-04T15:27:07.8158718Z   duration_ms: 6.967755
2026-10-04T15:27:07.8158938Z   type: 'test'
2026-10-04T15:27:07.8159141Z   ...
2026-10-04T15:27:07.8159474Z # Subtest: jump lands, and holding jump does not repeatedly bounce
2026-10-04T15:27:07.8159949Z ok 251 - jump lands, and holding jump does not repeatedly bounce
2026-10-04T15:27:07.8160269Z   ---
2026-10-04T15:27:07.8160456Z   duration_ms: 12.44753
2026-10-04T15:27:07.8160677Z   type: 'test'
2026-10-04T15:27:07.8160876Z   ...
2026-10-04T15:27:07.8161311Z # Subtest: entering requires proximity; exiting needs low speed and an unobstructed location
2026-10-04T15:27:07.8161961Z ok 252 - entering requires proximity; exiting needs low speed and an unobstructed location
2026-10-04T15:27:07.8162359Z   ---
2026-10-04T15:27:07.8162558Z   duration_ms: 7.961277
2026-10-04T15:27:07.8162774Z   type: 'test'
2026-10-04T15:27:07.8162966Z   ...
2026-10-04T15:27:07.8163276Z # Subtest: fast vehicles cannot tunnel through a thin wall
2026-10-04T15:27:07.8163686Z ok 253 - fast vehicles cannot tunnel through a thin wall
2026-10-04T15:27:07.8163979Z   ---
2026-10-04T15:27:07.8164191Z   duration_ms: 19.462669
2026-10-04T15:27:07.8164514Z   type: 'test'
2026-10-04T15:27:07.8164721Z   ...
2026-10-04T15:27:07.8165090Z # Subtest: braking reduces speed, reversing and steering remain bounded
2026-10-04T15:27:07.8165607Z ok 254 - braking reduces speed, reversing and steering remain bounded
2026-10-04T15:27:07.8165946Z   ---
2026-10-04T15:27:07.8166141Z   duration_ms: 54.269573
2026-10-04T15:27:07.8166376Z   type: 'test'
2026-10-04T15:27:07.8166571Z   ...
2026-10-04T15:27:07.8166898Z # Subtest: courier checkpoints require a vehicle and correct order
2026-10-04T15:27:07.8167369Z ok 255 - courier checkpoints require a vehicle and correct order
2026-10-04T15:27:07.8167680Z   ---
2026-10-04T15:27:07.8168068Z   duration_ms: 9.539525
2026-10-04T15:27:07.8168296Z   type: 'test'
2026-10-04T15:27:07.8168493Z   ...
2026-10-04T15:27:07.8168875Z # Subtest: first clear pays exactly once, including after save/reload and replay
2026-10-04T15:27:07.8169429Z ok 256 - first clear pays exactly once, including after save/reload and replay
2026-10-04T15:27:07.8169803Z   ---
2026-10-04T15:27:07.8169995Z   duration_ms: 5.517152
2026-10-04T15:27:07.8170217Z   type: 'test'
2026-10-04T15:27:07.8170413Z   ...
2026-10-04T15:27:07.8170795Z # Subtest: expired missions fail without rewards and cancellation permits retry
2026-10-04T15:27:07.8171347Z ok 257 - expired missions fail without rewards and cancellation permits retry
2026-10-04T15:27:07.8171712Z   ---
2026-10-04T15:27:07.8171905Z   duration_ms: 1.431029
2026-10-04T15:27:07.8172128Z   type: 'test'
2026-10-04T15:27:07.8172324Z   ...
2026-10-04T15:27:07.8172714Z # Subtest: escape mission waits for wanted to clear before permitting the finish
2026-10-04T15:27:07.8173272Z ok 258 - escape mission waits for wanted to clear before permitting the finish
2026-10-04T15:27:07.8173633Z   ---
2026-10-04T15:27:07.8173841Z   duration_ms: 277.167554
2026-10-04T15:27:07.8174068Z   type: 'test'
2026-10-04T15:27:07.8174266Z   ...
2026-10-04T15:27:07.8174710Z # Subtest: shots consume ammunition, hit cars only along clear sightlines, and trigger pursuit
2026-10-04T15:27:07.8175479Z ok 259 - shots consume ammunition, hit cars only along clear sightlines, and trigger pursuit
2026-10-04T15:27:07.8175885Z   ---
2026-10-04T15:27:07.8176088Z   duration_ms: 22.399672
2026-10-04T15:27:07.8176315Z   type: 'test'
2026-10-04T15:27:07.8176513Z   ...
2026-10-04T15:27:07.8176835Z # Subtest: empty magazine reloads without negative ammunition
2026-10-04T15:27:07.8177299Z ok 260 - empty magazine reloads without negative ammunition
2026-10-04T15:27:07.8177620Z   ---
2026-10-04T15:27:07.8178052Z   duration_ms: 140.39892
2026-10-04T15:27:07.8178297Z   type: 'test'
2026-10-04T15:27:07.8178501Z   ...
2026-10-04T15:27:07.8178868Z # Subtest: wanted decays outside patrol sight and stays active inside sight
2026-10-04T15:27:07.8179402Z ok 261 - wanted decays outside patrol sight and stays active inside sight
2026-10-04T15:27:07.8179739Z   ---
2026-10-04T15:27:07.8179927Z   duration_ms: 575.431593
2026-10-04T15:27:07.8180161Z   type: 'test'
2026-10-04T15:27:07.8180351Z   ...
2026-10-04T15:27:07.8180699Z # Subtest: police movement remains on roads and cannot cross buildings
2026-10-04T15:27:07.8181183Z ok 262 - police movement remains on roads and cannot cross buildings
2026-10-04T15:27:07.8181515Z   ---
2026-10-04T15:27:07.8181710Z   duration_ms: 274.287791
2026-10-04T15:27:07.8181932Z   type: 'test'
2026-10-04T15:27:07.8182134Z   ...
2026-10-04T15:27:07.8182491Z # Subtest: traffic moves on its route and a vehicle collision raises wanted
2026-10-04T15:27:07.8183003Z ok 263 - traffic moves on its route and a vehicle collision raises wanted
2026-10-04T15:27:07.8183348Z   ---
2026-10-04T15:27:07.8183541Z   duration_ms: 20.058124
2026-10-04T15:27:07.8183762Z   type: 'test'
2026-10-04T15:27:07.8183955Z   ...
2026-10-04T15:27:07.8184327Z # Subtest: recovery clears transient state and charges only available funds
2026-10-04T15:27:07.8184854Z ok 264 - recovery clears transient state and charges only available funds
2026-10-04T15:27:07.8185198Z   ---
2026-10-04T15:27:07.8185400Z   duration_ms: 2.739458
2026-10-04T15:27:07.8185701Z   type: 'test'
2026-10-04T15:27:07.8185904Z   ...
2026-10-04T15:27:07.8186303Z # Subtest: repair charges only when needed and disallows repairs during pursuit
2026-10-04T15:27:07.8186857Z ok 265 - repair charges only when needed and disallows repairs during pursuit
2026-10-04T15:27:07.8187222Z   ---
2026-10-04T15:27:07.8187421Z   duration_ms: 2.027761
2026-10-04T15:27:07.8187644Z   type: 'test'
2026-10-04T15:27:07.8188010Z   ...
2026-10-04T15:27:07.8188380Z # Subtest: repair never charges a healthy pedestrian with no nearby vehicle
2026-10-04T15:27:07.8188910Z ok 266 - repair never charges a healthy pedestrian with no nearby vehicle
2026-10-04T15:27:07.8189260Z   ---
2026-10-04T15:27:07.8189468Z   duration_ms: 1.147941
2026-10-04T15:27:07.8189710Z   type: 'test'
2026-10-04T15:27:07.8189913Z   ...
2026-10-04T15:27:07.8190324Z # Subtest: reset restores a fresh game and discarded runtime state is absent from saves
2026-10-04T15:27:07.8190933Z ok 267 - reset restores a fresh game and discarded runtime state is absent from saves
2026-10-04T15:27:07.8191317Z   ---
2026-10-04T15:27:07.8191502Z   duration_ms: 4.482551
2026-10-04T15:27:07.8191716Z   type: 'test'
2026-10-04T15:27:07.8191916Z   ...
2026-10-04T15:27:07.8192401Z # Subtest: vehicle bumpers remain solid during a damage cooldown without oscillating while throttle is held
2026-10-04T15:27:07.8193129Z ok 268 - vehicle bumpers remain solid during a damage cooldown without oscillating while throttle is held
2026-10-04T15:27:07.8193567Z   ---
2026-10-04T15:27:07.8193756Z   duration_ms: 237.029943
2026-10-04T15:27:07.8193980Z   type: 'test'
2026-10-04T15:27:07.8194177Z   ...
2026-10-04T15:27:07.8194458Z # Subtest: parked cars block a walking character with their full bumper footprint
2026-10-04T15:27:07.8194731Z ok 269 - parked cars block a walking character with their full bumper footprint
2026-10-04T15:27:07.8194815Z   ---
2026-10-04T15:27:07.8194907Z   duration_ms: 16.437932
2026-10-04T15:27:07.8194997Z   type: 'test'
2026-10-04T15:27:07.8195084Z   ...
2026-10-04T15:27:07.8195359Z # Subtest: walking ignores a destroyed invisible vehicle
2026-10-04T15:27:07.8195552Z ok 270 - walking ignores a destroyed invisible vehicle
2026-10-04T15:27:07.8195641Z   ---
2026-10-04T15:27:07.8195741Z   duration_ms: 7.775547
2026-10-04T15:27:07.8195825Z   type: 'test'
2026-10-04T15:27:07.8195912Z   ...
2026-10-04T15:27:07.8196164Z # Subtest: entering a nearby car cannot teleport through a thin wall
2026-10-04T15:27:07.8196393Z ok 271 - entering a nearby car cannot teleport through a thin wall
2026-10-04T15:27:07.8196478Z   ---
2026-10-04T15:27:07.8196578Z   duration_ms: 2.379732
2026-10-04T15:27:07.8196670Z   type: 'test'
2026-10-04T15:27:07.8196747Z   ...
2026-10-04T15:27:07.8197119Z # Subtest: an exit destination beyond a thin wall is rejected even if the destination itself is clear
2026-10-04T15:27:07.8197462Z ok 272 - an exit destination beyond a thin wall is rejected even if the destination itself is clear
2026-10-04T15:27:07.8197542Z   ---
2026-10-04T15:27:07.8197644Z   duration_ms: 2.998736
2026-10-04T15:27:07.8197908Z   type: 'test'
2026-10-04T15:27:07.8198039Z   ...
2026-10-04T15:27:07.8198447Z # Subtest: unsafe saved positions use a validated fallback, including when the default spawn is blocked
2026-10-04T15:27:07.8198805Z ok 273 - unsafe saved positions use a validated fallback, including when the default spawn is blocked
2026-10-04T15:27:07.8198896Z   ---
2026-10-04T15:27:07.8198986Z   duration_ms: 3.041791
2026-10-04T15:27:07.8199080Z   type: 'test'
2026-10-04T15:27:07.8199169Z   ...
2026-10-04T15:27:07.8199489Z # Subtest: oncoming NPC traffic stops at contact instead of passing through other traffic
2026-10-04T15:27:07.8199798Z ok 274 - oncoming NPC traffic stops at contact instead of passing through other traffic
2026-10-04T15:27:07.8199890Z   ---
2026-10-04T15:27:07.8199995Z   duration_ms: 137.660563
2026-10-04T15:27:07.8200079Z   type: 'test'
2026-10-04T15:27:07.8200172Z   ...
2026-10-04T15:27:07.8200480Z # Subtest: jumping beneath a canopy clamps upward motion without horizontal ejection
2026-10-04T15:27:07.8200838Z ok 275 - jumping beneath a canopy clamps upward motion without horizontal ejection
2026-10-04T15:27:07.8200926Z   ---
2026-10-04T15:27:07.8201028Z   duration_ms: 16.012059
2026-10-04T15:27:07.8201123Z   type: 'test'
2026-10-04T15:27:07.8201201Z   ...
2026-10-04T15:27:07.8201535Z # Subtest: a jump can land on a low solid, remain supported and jump again without being ejected
2026-10-04T15:27:07.8201857Z ok 276 - a jump can land on a low solid, remain supported and jump again without being ejected
2026-10-04T15:27:07.8201941Z   ---
2026-10-04T15:27:07.8202042Z   duration_ms: 15.557791
2026-10-04T15:27:07.8202141Z   type: 'test'
2026-10-04T15:27:07.8202225Z   ...
2026-10-04T15:27:07.8202597Z # Subtest: an entirely obstructed world fails explicitly instead of placing the player inside a wall
2026-10-04T15:27:07.8202945Z ok 277 - an entirely obstructed world fails explicitly instead of placing the player inside a wall
2026-10-04T15:27:07.8203036Z   ---
2026-10-04T15:27:07.8203128Z   duration_ms: 74.121136
2026-10-04T15:27:07.8203222Z   type: 'test'
2026-10-04T15:27:07.8203306Z   ...
2026-10-04T15:27:07.8203609Z # Subtest: boarding respects the road level when a vehicle is directly below the player
2026-10-04T15:27:07.8203908Z ok 278 - boarding respects the road level when a vehicle is directly below the player
2026-10-04T15:27:07.8203998Z   ---
2026-10-04T15:27:07.8204098Z   duration_ms: 1.071205
2026-10-04T15:27:07.8204180Z   type: 'test'
2026-10-04T15:27:07.8204266Z   ...
2026-10-04T15:27:07.8204588Z # Subtest: exiting an elevated vehicle sweeps the door at deck height and stays on the deck
2026-10-04T15:27:07.8204888Z ok 279 - exiting an elevated vehicle sweeps the door at deck height and stays on the deck
2026-10-04T15:27:07.8204979Z   ---
2026-10-04T15:27:07.8205078Z   duration_ms: 3.428743
2026-10-04T15:27:07.8205163Z   type: 'test'
2026-10-04T15:27:07.8205245Z   ...
2026-10-04T15:27:07.8205538Z # Subtest: a driver cannot exit onto a different road level beyond the bridge edge
2026-10-04T15:27:07.8205871Z ok 280 - a driver cannot exit onto a different road level beyond the bridge edge
2026-10-04T15:27:07.8205951Z   ---
2026-10-04T15:27:07.8206046Z   duration_ms: 3.075959
2026-10-04T15:27:07.8206137Z   type: 'test'
2026-10-04T15:27:07.8206214Z   ...
2026-10-04T15:27:07.8206557Z # Subtest: stair opening removes the terrain itself and retains adjacent sloped surface and UVs
2026-10-04T15:27:07.8206878Z ok 281 - stair opening removes the terrain itself and retains adjacent sloped surface and UVs
2026-10-04T15:27:07.8206962Z   ---
2026-10-04T15:27:07.8207049Z   duration_ms: 6.512745
2026-10-04T15:27:07.8207139Z   type: 'test'
2026-10-04T15:27:07.8207220Z   ...
2026-10-04T15:27:07.8207587Z # Subtest: all three real world metro stair apertures are open to the sky while adjacent pavement remains
2026-10-04T15:27:07.8208026Z ok 282 - all three real world metro stair apertures are open to the sky while adjacent pavement remains
2026-10-04T15:27:07.8208116Z   ---
2026-10-04T15:27:07.8208214Z   duration_ms: 1125.393214
2026-10-04T15:27:07.8208304Z   type: 'test'
2026-10-04T15:27:07.8208390Z   ...
2026-10-04T15:27:07.8208745Z # Subtest: traffic uses opposite separated lanes and follows rounded corners without getting stuck
2026-10-04T15:27:07.8209075Z ok 283 - traffic uses opposite separated lanes and follows rounded corners without getting stuck
2026-10-04T15:27:07.8209164Z   ---
2026-10-04T15:27:07.8209265Z   duration_ms: 1850.76026
2026-10-04T15:27:07.8209349Z   type: 'test'
2026-10-04T15:27:07.8209442Z   ...
2026-10-04T15:27:07.8209847Z # Subtest: drivers brake for a queue before collision, let another lane pass and do not enter a blocked junction
2026-10-04T15:27:07.8210234Z ok 284 - drivers brake for a queue before collision, let another lane pass and do not enter a blocked junction
2026-10-04T15:27:07.8210312Z   ---
2026-10-04T15:27:07.8210410Z   duration_ms: 0.517012
2026-10-04T15:27:07.8210502Z   type: 'test'
2026-10-04T15:27:07.8210644Z   ...
2026-10-04T15:27:07.8210985Z # Subtest: each junction has mutually exclusive green phases and an all-red clearance interval
2026-10-04T15:27:07.8211312Z ok 285 - each junction has mutually exclusive green phases and an all-red clearance interval
2026-10-04T15:27:07.8211391Z   ---
2026-10-04T15:27:07.8211491Z   duration_ms: 0.930098
2026-10-04T15:27:07.8211584Z   type: 'test'
2026-10-04T15:27:07.8211672Z   ...
2026-10-04T15:27:07.8212068Z # Subtest: the complete southern fleet keeps moving past parked intersection cars for three simulated minutes
2026-10-04T15:27:07.8212459Z ok 286 - the complete southern fleet keeps moving past parked intersection cars for three simulated minutes
2026-10-04T15:27:07.8212548Z   ---
2026-10-04T15:27:07.8212644Z   duration_ms: 16240.367666
2026-10-04T15:27:07.8212742Z   type: 'test'
2026-10-04T15:27:07.8212831Z   ...
2026-10-04T15:27:07.8213196Z # Subtest: generated-city courier is completable with walking and real driving before its deadline
2026-10-04T15:27:07.8213541Z ok 287 - generated-city courier is completable with walking and real driving before its deadline
2026-10-04T15:27:07.8213626Z   ---
2026-10-04T15:27:07.8213731Z   duration_ms: 1902.097688
2026-10-04T15:27:07.8213814Z   type: 'test'
2026-10-04T15:27:07.8213902Z   ...
2026-10-04T15:27:07.8214276Z # {"seconds":13.783333333333685,"reached":2,"minimumHealth":100,"maximumWanted":0,"maximumPatrols":0}
2026-10-04T15:27:07.8214630Z # Subtest: generated-city timed circuit is completable through every checkpoint with real steering
2026-10-04T15:27:07.8214967Z ok 288 - generated-city timed circuit is completable through every checkpoint with real steering
2026-10-04T15:27:07.8215054Z   ---
2026-10-04T15:27:07.8215156Z   duration_ms: 8020.304211
2026-10-04T15:27:07.8215240Z   type: 'test'
2026-10-04T15:27:07.8215334Z   ...
2026-10-04T15:27:07.8215744Z # {"seconds":46.59999999999854,"reached":4,"minimumHealth":76.17862340525166,"maximumWanted":1,"maximumPatrols":2}
2026-10-04T15:27:07.8216175Z # Subtest: generated-city getaway can trigger pursuit, lose real patrols and return without teleporting
2026-10-04T15:27:07.8216539Z ok 289 - generated-city getaway can trigger pursuit, lose real patrols and return without teleporting
2026-10-04T15:27:07.8216628Z   ---
2026-10-04T15:27:07.8216728Z   duration_ms: 11842.20224
2026-10-04T15:27:07.8216812Z   type: 'test'
2026-10-04T15:27:07.8216897Z   ...
2026-10-04T15:27:07.8217250Z # {"seconds":74.69999999999695,"reached":5,"minimumHealth":100,"maximumWanted":2,"maximumPatrols":3}
2026-10-04T15:27:07.8217633Z # Subtest: asphalt surfaces tile the real road grid at one height without overlapping intersections
2026-10-04T15:27:07.8218172Z ok 290 - asphalt surfaces tile the real road grid at one height without overlapping intersections
2026-10-04T15:27:07.8218263Z   ---
2026-10-04T15:27:07.8218366Z   duration_ms: 7.105498
2026-10-04T15:27:07.8218450Z   type: 'test'
2026-10-04T15:27:07.8218540Z   ...
2026-10-04T15:27:07.8218943Z # Subtest: ground-height query agrees with rendered triangles at ramps, pavement, park paths and promenade
2026-10-04T15:27:07.8219321Z ok 291 - ground-height query agrees with rendered triangles at ramps, pavement, park paths and promenade
2026-10-04T15:27:07.8219409Z   ---
2026-10-04T15:27:07.8219511Z   duration_ms: 14.399971
2026-10-04T15:27:07.8219602Z   type: 'test'
2026-10-04T15:27:07.8219679Z   ...
2026-10-04T15:27:07.8220027Z # Subtest: all registered obstacles have finite height and cover their actual instance geometry
2026-10-04T15:27:07.8220358Z ok 292 - all registered obstacles have finite height and cover their actual instance geometry
2026-10-04T15:27:07.8220436Z   ---
2026-10-04T15:27:07.8220534Z   duration_ms: 16.224767
2026-10-04T15:27:07.8220621Z   type: 'test'
2026-10-04T15:27:07.8220704Z   ...
2026-10-04T15:27:07.8221009Z # Subtest: Node and browser texture paths emit identical physical and camera geometry
2026-10-04T15:27:07.8221299Z ok 293 - Node and browser texture paths emit identical physical and camera geometry
2026-10-04T15:27:07.8221386Z   ---
2026-10-04T15:27:07.8221542Z   duration_ms: 426.77187
2026-10-04T15:27:07.8221635Z   type: 'test'
2026-10-04T15:27:07.8221717Z   ...
2026-10-04T15:27:07.8222155Z # Subtest: shared vehicle and character dimensions enclose actual rendered geometry including mirrors and police lights
2026-10-04T15:27:07.8222588Z ok 294 - shared vehicle and character dimensions enclose actual rendered geometry including mirrors and police lights
2026-10-04T15:27:07.8222674Z   ---
2026-10-04T15:27:07.8222775Z   duration_ms: 763.549703
2026-10-04T15:27:07.8222857Z   type: 'test'
2026-10-04T15:27:07.8222939Z   ...
2026-10-04T15:27:07.8223320Z # Subtest: all decorative sidewalk routes remain clear of grounded obstacles and sample the real pavement
2026-10-04T15:27:07.8223683Z ok 295 - all decorative sidewalk routes remain clear of grounded obstacles and sample the real pavement
2026-10-04T15:27:07.8223769Z   ---
2026-10-04T15:27:07.8223867Z   duration_ms: 430.149027
2026-10-04T15:27:07.8223957Z   type: 'test'
2026-10-04T15:27:07.8224038Z   ...
2026-10-04T15:27:07.8224448Z # Subtest: world finish composes existing hooks, preserves physical values and runs once in real instance metres
2026-10-04T15:27:07.8224844Z ok 296 - world finish composes existing hooks, preserves physical values and runs once in real instance metres
2026-10-04T15:27:07.8224923Z   ---
2026-10-04T15:27:07.8225020Z   duration_ms: 3.848506
2026-10-04T15:27:07.8225110Z   type: 'test'
2026-10-04T15:27:07.8225189Z   ...
2026-10-04T15:27:07.8225639Z # Subtest: southern street and eastern shore retain checkpoint mineral and metal coverage without modifying glazing shaders
2026-10-04T15:27:07.8226080Z ok 297 - southern street and eastern shore retain checkpoint mineral and metal coverage without modifying glazing shaders
2026-10-04T15:27:07.8226166Z   ---
2026-10-04T15:27:07.8226258Z   duration_ms: 610.571481
2026-10-04T15:27:07.8226351Z   type: 'test'
2026-10-04T15:27:07.8226437Z   ...
2026-10-04T15:27:07.8226731Z # Subtest: browser facade texture projection survives the added world grain shader
2026-10-04T15:27:07.8227077Z ok 298 - browser facade texture projection survives the added world grain shader
2026-10-04T15:27:07.8227168Z   ---
2026-10-04T15:27:07.8227270Z   duration_ms: 465.455474
2026-10-04T15:27:07.8227352Z   type: 'test'
2026-10-04T15:27:07.8227437Z   ...
2026-10-04T15:27:07.8227528Z 1..298
2026-10-04T15:27:07.8227612Z # tests 298
2026-10-04T15:27:07.8227774Z # suites 0
2026-10-04T15:27:07.8227866Z # pass 298
2026-10-04T15:27:07.8227947Z # fail 0
2026-10-04T15:27:07.8228045Z # cancelled 0
2026-10-04T15:27:07.8228139Z # skipped 0
2026-10-04T15:27:07.8228220Z # todo 0
2026-10-04T15:27:07.8228337Z # duration_ms 138407.019092
2026-10-04T15:27:07.8256415Z ##[group]Run npm run build
2026-10-04T15:27:07.8256545Z [36;1mnpm run build[0m
2026-10-04T15:27:07.8292680Z shell: /usr/bin/bash -e {0}
2026-10-04T15:27:07.8292786Z ##[endgroup]
2026-10-04T15:27:07.9189597Z 
2026-10-04T15:27:07.9190509Z > neon-harbor@0.8.0 build
2026-10-04T15:27:07.9190902Z > node tools/build.mjs
2026-10-04T15:27:07.9191079Z 
2026-10-04T15:27:08.3860557Z Built 58 city districts (6888 KiB) at /home/runner/work/neon-harbor/neon-harbor/assets/city/chunks/
2026-10-04T15:27:08.6108626Z Built 12 north-shore districts (6603 KiB) at /home/runner/work/neon-harbor/neon-harbor/assets/metropolis/chunks/
2026-10-04T15:27:08.7124101Z Built static game at /home/runner/work/neon-harbor/neon-harbor/dist
2026-10-04T15:27:08.7322019Z ##[group]Run npx playwright install --with-deps chromium
2026-10-04T15:27:08.7322436Z [36;1mnpx playwright install --with-deps chromium[0m
2026-10-04T15:27:08.7359706Z shell: /usr/bin/bash -e {0}
2026-10-04T15:27:08.7360115Z ##[endgroup]
2026-10-04T15:27:09.4250572Z Installing dependencies...
2026-10-04T15:27:09.4303453Z Switching to root user to install dependencies...
2026-10-04T15:27:09.5049465Z Get:1 file:/etc/apt/apt-mirrors.txt Mirrorlist [144 B]
2026-10-04T15:27:09.5379505Z Hit:2 http://azure.archive.ubuntu.com/ubuntu noble InRelease
2026-10-04T15:27:09.5389118Z Get:3 http://azure.archive.ubuntu.com/ubuntu noble-updates InRelease [126 kB]
2026-10-04T15:27:09.5470905Z Get:4 http://azure.archive.ubuntu.com/ubuntu noble-backports InRelease [126 kB]
2026-10-04T15:27:09.5506958Z Get:5 http://azure.archive.ubuntu.com/ubuntu noble-security InRelease [126 kB]
2026-10-04T15:27:09.5606351Z Get:6 https://packages.microsoft.com/ubuntu/24.04/prod noble InRelease [3600 B]
2026-10-04T15:27:09.6658247Z Get:7 http://azure.archive.ubuntu.com/ubuntu noble-updates/main amd64 Packages [1364 kB]
2026-10-04T15:27:09.6797940Z Get:8 http://azure.archive.ubuntu.com/ubuntu noble-updates/main Translation-en [304 kB]
2026-10-04T15:27:09.6819334Z Get:9 http://azure.archive.ubuntu.com/ubuntu noble-updates/main amd64 Components [181 kB]
2026-10-04T15:27:09.6829622Z Get:10 http://azure.archive.ubuntu.com/ubuntu noble-updates/universe amd64 Packages [1699 kB]
2026-10-04T15:27:09.6912339Z Get:11 http://azure.archive.ubuntu.com/ubuntu noble-updates/universe Translation-en [341 kB]
2026-10-04T15:27:09.6932386Z Get:12 http://azure.archive.ubuntu.com/ubuntu noble-updates/universe amd64 Components [388 kB]
2026-10-04T15:27:09.6979666Z Get:13 http://azure.archive.ubuntu.com/ubuntu noble-updates/restricted amd64 Packages [1720 kB]
2026-10-04T15:27:09.7048013Z Get:14 http://azure.archive.ubuntu.com/ubuntu noble-updates/restricted Translation-en [394 kB]
2026-10-04T15:27:09.7066438Z Get:15 http://azure.archive.ubuntu.com/ubuntu noble-updates/multiverse amd64 Components [940 B]
2026-10-04T15:27:09.7139173Z Get:16 http://azure.archive.ubuntu.com/ubuntu noble-backports/main amd64 Components [5776 B]
2026-10-04T15:27:09.7567639Z Get:17 http://azure.archive.ubuntu.com/ubuntu noble-backports/universe amd64 Components [12.6 kB]
2026-10-04T15:27:09.7579269Z Get:18 http://azure.archive.ubuntu.com/ubuntu noble-security/main amd64 Packages [1069 kB]
2026-10-04T15:27:09.7636369Z Get:19 http://azure.archive.ubuntu.com/ubuntu noble-security/main Translation-en [221 kB]
2026-10-04T15:27:09.7650689Z Get:20 http://azure.archive.ubuntu.com/ubuntu noble-security/main amd64 Components [46.4 kB]
2026-10-04T15:27:09.7658619Z Get:21 http://azure.archive.ubuntu.com/ubuntu noble-security/universe amd64 Packages [1216 kB]
2026-10-04T15:27:09.7719814Z Get:22 http://azure.archive.ubuntu.com/ubuntu noble-security/universe Translation-en [244 kB]
2026-10-04T15:27:09.7735398Z Get:23 http://azure.archive.ubuntu.com/ubuntu noble-security/universe amd64 Components [76.4 kB]
2026-10-04T15:27:09.7746386Z Get:24 http://azure.archive.ubuntu.com/ubuntu noble-security/restricted amd64 Packages [1566 kB]
2026-10-04T15:27:09.7819823Z Get:25 http://azure.archive.ubuntu.com/ubuntu noble-security/restricted Translation-en [361 kB]
2026-10-04T15:27:09.8008200Z Get:26 https://packages.microsoft.com/ubuntu/24.04/prod noble/main arm64 Packages [458 kB]
2026-10-04T15:27:09.8095701Z Get:27 https://packages.microsoft.com/ubuntu/24.04/prod noble/main armhf Packages [12.6 kB]
2026-10-04T15:27:09.8122095Z Get:28 https://packages.microsoft.com/ubuntu/24.04/prod noble/main amd64 Packages [511 kB]
2026-10-04T15:27:13.9677257Z Fetched 12.6 MB in 1s (9333 kB/s)
2026-10-04T15:27:14.7788925Z Reading package lists...
2026-10-04T15:27:14.8030697Z Reading package lists...
2026-10-04T15:27:14.9727922Z Building dependency tree...
2026-10-04T15:27:14.9734369Z Reading state information...
2026-10-04T15:27:15.1134454Z libasound2t64 is already the newest version (1.2.11-1ubuntu0.3).
2026-10-04T15:27:15.1135684Z libasound2t64 set to manually installed.
2026-10-04T15:27:15.1136542Z libatk-bridge2.0-0t64 is already the newest version (2.52.0-1build1).
2026-10-04T15:27:15.1137380Z libatk-bridge2.0-0t64 set to manually installed.
2026-10-04T15:27:15.1138365Z libatk1.0-0t64 is already the newest version (2.52.0-1build1).
2026-10-04T15:27:15.1138784Z libatk1.0-0t64 set to manually installed.
2026-10-04T15:27:15.1139208Z libatspi2.0-0t64 is already the newest version (2.52.0-1build1).
2026-10-04T15:27:15.1139606Z libatspi2.0-0t64 set to manually installed.
2026-10-04T15:27:15.1139999Z libcairo2 is already the newest version (1.18.0-3build1).
2026-10-04T15:27:15.1140647Z libcairo2 set to manually installed.
2026-10-04T15:27:15.1141260Z libcups2t64 is already the newest version (2.4.7-1.2ubuntu7.14).
2026-10-04T15:27:15.1141690Z libcups2t64 set to manually installed.
2026-10-04T15:27:15.1142094Z libdbus-1-3 is already the newest version (1.14.10-4ubuntu4.1).
2026-10-04T15:27:15.1142482Z libdbus-1-3 set to manually installed.
2026-10-04T15:27:15.1142879Z libdrm2 is already the newest version (2.4.125-1ubuntu0.1~24.04.2).
2026-10-04T15:27:15.1143269Z libdrm2 set to manually installed.
2026-10-04T15:27:15.1143665Z libglib2.0-0t64 is already the newest version (2.80.0-6ubuntu3.9).
2026-10-04T15:27:15.1144060Z libglib2.0-0t64 set to manually installed.
2026-10-04T15:27:15.1144457Z libnspr4 is already the newest version (2:4.35-1.1build1).
2026-10-04T15:27:15.1144817Z libnspr4 set to manually installed.
2026-10-04T15:27:15.1145183Z libnss3 is already the newest version (2:3.98-1ubuntu0.2).
2026-10-04T15:27:15.1145535Z libnss3 set to manually installed.
2026-10-04T15:27:15.1145940Z libpango-1.0-0 is already the newest version (1.52.1+ds-1build1).
2026-10-04T15:27:15.1146335Z libpango-1.0-0 set to manually installed.
2026-10-04T15:27:15.1146722Z libx11-6 is already the newest version (2:1.8.7-1build1).
2026-10-04T15:27:15.1147333Z libx11-6 set to manually installed.
2026-10-04T15:27:15.1148087Z libxcb1 is already the newest version (1.15-1ubuntu2).
2026-10-04T15:27:15.1148713Z libxcb1 set to manually installed.
2026-10-04T15:27:15.1149427Z libxcomposite1 is already the newest version (1:0.4.5-1build3).
2026-10-04T15:27:15.1149872Z libxcomposite1 set to manually installed.
2026-10-04T15:27:15.1150434Z libxdamage1 is already the newest version (1:1.1.6-1build1).
2026-10-04T15:27:15.1150825Z libxdamage1 set to manually installed.
2026-10-04T15:27:15.1151204Z libxext6 is already the newest version (2:1.3.4-1build2).
2026-10-04T15:27:15.1151563Z libxext6 set to manually installed.
2026-10-04T15:27:15.1151951Z libxfixes3 is already the newest version (1:6.0.0-2build1).
2026-10-04T15:27:15.1152332Z libxfixes3 set to manually installed.
2026-10-04T15:27:15.1152724Z libxkbcommon0 is already the newest version (1.6.0-1build1).
2026-10-04T15:27:15.1153117Z libxkbcommon0 set to manually installed.
2026-10-04T15:27:15.1153519Z libxrandr2 is already the newest version (2:1.5.2-2build1).
2026-10-04T15:27:15.1153893Z libxrandr2 set to manually installed.
2026-10-04T15:27:15.1154333Z xvfb is already the newest version (2:21.1.12-1ubuntu1.8).
2026-10-04T15:27:15.1154850Z fonts-noto-color-emoji is already the newest version (2.047-0ubuntu0.24.04.1).
2026-10-04T15:27:15.1155379Z libfontconfig1 is already the newest version (2.15.0-1.1ubuntu2).
2026-10-04T15:27:15.1155774Z libfontconfig1 set to manually installed.
2026-10-04T15:27:15.1156228Z libfreetype6 is already the newest version (2.13.2+dfsg-1ubuntu0.1).
2026-10-04T15:27:15.1156653Z libfreetype6 set to manually installed.
2026-10-04T15:27:15.1157049Z fonts-liberation is already the newest version (1:2.1.5-3).
2026-10-04T15:27:15.1157500Z fonts-liberation set to manually installed.
2026-10-04T15:27:15.1158067Z The following additional packages will be installed:
2026-10-04T15:27:15.1158544Z   libgl1-mesa-dri libglx-mesa0 mesa-libgallium xfonts-encodings xfonts-utils
2026-10-04T15:27:15.1158961Z Recommended packages:
2026-10-04T15:27:15.1159249Z   fonts-ipafont-mincho fonts-tlwg-loma
2026-10-04T15:27:15.1316750Z The following NEW packages will be installed:
2026-10-04T15:27:15.1317647Z   fonts-freefont-ttf fonts-ipafont-gothic fonts-tlwg-loma-otf fonts-unifont
2026-10-04T15:27:15.1323941Z   fonts-wqy-zenhei xfonts-cyrillic xfonts-encodings xfonts-scalable
2026-10-04T15:27:15.1324535Z   xfonts-utils
2026-10-04T15:27:15.1328658Z The following packages will be upgraded:
2026-10-04T15:27:15.1333548Z   libgbm1 libgl1-mesa-dri libglx-mesa0 mesa-libgallium
2026-10-04T15:27:15.1474406Z 4 upgraded, 9 newly installed, 0 to remove and 21 not upgraded.
2026-10-04T15:27:15.1475120Z Need to get 32.1 MB of archives.
2026-10-04T15:27:15.1476079Z After this operation, 79.5 MB of additional disk space will be used.
2026-10-04T15:27:15.1476568Z Get:1 file:/etc/apt/apt-mirrors.txt Mirrorlist [144 B]
2026-10-04T15:27:15.1876177Z Get:2 http://azure.archive.ubuntu.com/ubuntu noble/universe amd64 fonts-ipafont-gothic all 00303-21ubuntu1 [3513 kB]
2026-10-04T15:27:15.4277024Z Get:3 http://azure.archive.ubuntu.com/ubuntu noble/main amd64 fonts-freefont-ttf all 20211204+svn4273-2 [5641 kB]
2026-10-04T15:27:15.4983546Z Get:4 http://azure.archive.ubuntu.com/ubuntu noble/universe amd64 fonts-tlwg-loma-otf all 1:0.7.3-1 [107 kB]
2026-10-04T15:27:15.5303388Z Get:5 http://azure.archive.ubuntu.com/ubuntu noble/universe amd64 fonts-unifont all 1:15.1.01-1build1 [2993 kB]
2026-10-04T15:27:15.5874400Z Get:6 http://azure.archive.ubuntu.com/ubuntu noble/universe amd64 fonts-wqy-zenhei all 0.9.45-8 [7472 kB]
2026-10-04T15:27:15.6886713Z Get:7 http://azure.archive.ubuntu.com/ubuntu noble-updates/main amd64 libgl1-mesa-dri amd64 25.2.8-0ubuntu0.24.04.4 [38.0 kB]
2026-10-04T15:27:15.7167135Z Get:8 http://azure.archive.ubuntu.com/ubuntu noble-updates/main amd64 libglx-mesa0 amd64 25.2.8-0ubuntu0.24.04.4 [110 kB]
2026-10-04T15:27:15.7453966Z Get:9 http://azure.archive.ubuntu.com/ubuntu noble-updates/main amd64 libgbm1 amd64 25.2.8-0ubuntu0.24.04.4 [34.2 kB]
2026-10-04T15:27:15.7735978Z Get:10 http://azure.archive.ubuntu.com/ubuntu noble-updates/main amd64 mesa-libgallium amd64 25.2.8-0ubuntu0.24.04.4 [10.8 MB]
2026-10-04T15:27:15.8951728Z Get:11 http://azure.archive.ubuntu.com/ubuntu noble/main amd64 xfonts-encodings all 1:1.0.5-0ubuntu2 [578 kB]
2026-10-04T15:27:15.9278500Z Get:12 http://azure.archive.ubuntu.com/ubuntu noble/main amd64 xfonts-utils amd64 1:7.7+6build3 [94.4 kB]
2026-10-04T15:27:15.9560515Z Get:13 http://azure.archive.ubuntu.com/ubuntu noble/universe amd64 xfonts-cyrillic all 1:1.0.5+nmu1 [384 kB]
2026-10-04T15:27:15.9862105Z Get:14 http://azure.archive.ubuntu.com/ubuntu noble/main amd64 xfonts-scalable all 1:1.0.3-1.3 [304 kB]
2026-10-04T15:27:16.2192842Z Fetched 32.1 MB in 1s (37.7 MB/s)
2026-10-04T15:27:16.2401877Z Selecting previously unselected package fonts-ipafont-gothic.
2026-10-04T15:27:16.2624001Z (Reading database ... 
2026-10-04T15:27:16.2624343Z (Reading database ... 5%
2026-10-04T15:27:16.2624620Z (Reading database ... 10%
2026-10-04T15:27:16.2624880Z (Reading database ... 15%
2026-10-04T15:27:16.2625301Z (Reading database ... 20%
2026-10-04T15:27:16.2625697Z (Reading database ... 25%
2026-10-04T15:27:16.2626085Z (Reading database ... 30%
2026-10-04T15:27:16.2626435Z (Reading database ... 35%
2026-10-04T15:27:16.2626682Z (Reading database ... 40%
2026-10-04T15:27:16.2626934Z (Reading database ... 45%
2026-10-04T15:27:16.2627185Z (Reading database ... 50%
2026-10-04T15:27:16.2673989Z (Reading database ... 55%
2026-10-04T15:27:16.4196574Z (Reading database ... 60%
2026-10-04T15:27:16.6091608Z (Reading database ... 65%
2026-10-04T15:27:16.8143507Z (Reading database ... 70%
2026-10-04T15:27:17.0026087Z (Reading database ... 75%
2026-10-04T15:27:17.1620033Z (Reading database ... 80%
2026-10-04T15:27:17.3712619Z (Reading database ... 85%
2026-10-04T15:27:17.5673612Z (Reading database ... 90%
2026-10-04T15:27:17.7701685Z (Reading database ... 95%
2026-10-04T15:27:17.7702114Z (Reading database ... 100%
2026-10-04T15:27:17.7702543Z (Reading database ... 202296 files and directories currently installed.)
2026-10-04T15:27:17.7744988Z Preparing to unpack .../00-fonts-ipafont-gothic_00303-21ubuntu1_all.deb ...
2026-10-04T15:27:17.7823721Z Unpacking fonts-ipafont-gothic (00303-21ubuntu1) ...
2026-10-04T15:27:18.0084996Z Selecting previously unselected package fonts-freefont-ttf.
2026-10-04T15:27:18.0191233Z Preparing to unpack .../01-fonts-freefont-ttf_20211204+svn4273-2_all.deb ...
2026-10-04T15:27:18.0196990Z Unpacking fonts-freefont-ttf (20211204+svn4273-2) ...
2026-10-04T15:27:18.0891382Z Selecting previously unselected package fonts-tlwg-loma-otf.
2026-10-04T15:27:18.0997372Z Preparing to unpack .../02-fonts-tlwg-loma-otf_1%3a0.7.3-1_all.deb ...
2026-10-04T15:27:18.1004534Z Unpacking fonts-tlwg-loma-otf (1:0.7.3-1) ...
2026-10-04T15:27:18.1160678Z Selecting previously unselected package fonts-unifont.
2026-10-04T15:27:18.1270566Z Preparing to unpack .../03-fonts-unifont_1%3a15.1.01-1build1_all.deb ...
2026-10-04T15:27:18.1280085Z Unpacking fonts-unifont (1:15.1.01-1build1) ...
2026-10-04T15:27:18.2186951Z Selecting previously unselected package fonts-wqy-zenhei.
2026-10-04T15:27:18.2293270Z Preparing to unpack .../04-fonts-wqy-zenhei_0.9.45-8_all.deb ...
2026-10-04T15:27:18.2376423Z Unpacking fonts-wqy-zenhei (0.9.45-8) ...
2026-10-04T15:27:18.7153328Z Preparing to unpack .../05-libgl1-mesa-dri_25.2.8-0ubuntu0.24.04.4_amd64.deb ...
2026-10-04T15:27:18.7266277Z Unpacking libgl1-mesa-dri:amd64 (25.2.8-0ubuntu0.24.04.4) over (25.2.8-0ubuntu0.24.04.2) ...
2026-10-04T15:27:18.7626578Z Preparing to unpack .../06-libglx-mesa0_25.2.8-0ubuntu0.24.04.4_amd64.deb ...
2026-10-04T15:27:18.7653587Z Unpacking libglx-mesa0:amd64 (25.2.8-0ubuntu0.24.04.4) over (25.2.8-0ubuntu0.24.04.2) ...
2026-10-04T15:27:18.7934687Z Preparing to unpack .../07-libgbm1_25.2.8-0ubuntu0.24.04.4_amd64.deb ...
2026-10-04T15:27:18.7953750Z Unpacking libgbm1:amd64 (25.2.8-0ubuntu0.24.04.4) over (25.2.8-0ubuntu0.24.04.2) ...
2026-10-04T15:27:18.8231926Z Preparing to unpack .../08-mesa-libgallium_25.2.8-0ubuntu0.24.04.4_amd64.deb ...
2026-10-04T15:27:18.8253191Z Unpacking mesa-libgallium:amd64 (25.2.8-0ubuntu0.24.04.4) over (25.2.8-0ubuntu0.24.04.2) ...
2026-10-04T15:27:18.9746719Z Selecting previously unselected package xfonts-encodings.
2026-10-04T15:27:18.9853638Z Preparing to unpack .../09-xfonts-encodings_1%3a1.0.5-0ubuntu2_all.deb ...
2026-10-04T15:27:18.9860066Z Unpacking xfonts-encodings (1:1.0.5-0ubuntu2) ...
2026-10-04T15:27:19.0069316Z Selecting previously unselected package xfonts-utils.
2026-10-04T15:27:19.0182435Z Preparing to unpack .../10-xfonts-utils_1%3a7.7+6build3_amd64.deb ...
2026-10-04T15:27:19.0191119Z Unpacking xfonts-utils (1:7.7+6build3) ...
2026-10-04T15:27:19.0471649Z Selecting previously unselected package xfonts-cyrillic.
2026-10-04T15:27:19.0594978Z Preparing to unpack .../11-xfonts-cyrillic_1%3a1.0.5+nmu1_all.deb ...
2026-10-04T15:27:19.0604032Z Unpacking xfonts-cyrillic (1:1.0.5+nmu1) ...
2026-10-04T15:27:19.0846893Z Selecting previously unselected package xfonts-scalable.
2026-10-04T15:27:19.0954985Z Preparing to unpack .../12-xfonts-scalable_1%3a1.0.3-1.3_all.deb ...
2026-10-04T15:27:19.0963776Z Unpacking xfonts-scalable (1:1.0.3-1.3) ...
2026-10-04T15:27:19.1299146Z Setting up mesa-libgallium:amd64 (25.2.8-0ubuntu0.24.04.4) ...
2026-10-04T15:27:19.1321026Z Setting up libgbm1:amd64 (25.2.8-0ubuntu0.24.04.4) ...
2026-10-04T15:27:19.1337010Z Setting up libgl1-mesa-dri:amd64 (25.2.8-0ubuntu0.24.04.4) ...
2026-10-04T15:27:19.1396281Z Setting up fonts-wqy-zenhei (0.9.45-8) ...
2026-10-04T15:27:19.1490712Z Setting up fonts-freefont-ttf (20211204+svn4273-2) ...
2026-10-04T15:27:19.1505397Z Setting up fonts-tlwg-loma-otf (1:0.7.3-1) ...
2026-10-04T15:27:19.1527185Z Setting up xfonts-encodings (1:1.0.5-0ubuntu2) ...
2026-10-04T15:27:19.1544666Z Setting up fonts-ipafont-gothic (00303-21ubuntu1) ...
2026-10-04T15:27:19.1595133Z update-alternatives: using /usr/share/fonts/opentype/ipafont-gothic/ipag.ttf to provide /usr/share/fonts/truetype/fonts-japanese-gothic.ttf (fonts-japanese-gothic.ttf) in auto mode
2026-10-04T15:27:19.1610360Z Setting up fonts-unifont (1:15.1.01-1build1) ...
2026-10-04T15:27:19.1643216Z Setting up libglx-mesa0:amd64 (25.2.8-0ubuntu0.24.04.4) ...
2026-10-04T15:27:19.1672004Z Setting up xfonts-utils (1:7.7+6build3) ...
2026-10-04T15:27:19.1708169Z Setting up xfonts-cyrillic (1:1.0.5+nmu1) ...
2026-10-04T15:27:19.1950152Z Setting up xfonts-scalable (1:1.0.3-1.3) ...
2026-10-04T15:27:19.2166172Z Processing triggers for libc-bin (2.39-0ubuntu8.9) ...
2026-10-04T15:27:19.2422820Z Processing triggers for man-db (2.12.0-4build2) ...
2026-10-04T15:27:19.2440363Z Not building database; man-db/auto-update is not 'true'.
2026-10-04T15:27:19.2450386Z Processing triggers for fontconfig (2.15.0-1.1ubuntu2) ...
2026-10-04T15:27:19.8658906Z 
2026-10-04T15:27:19.8659498Z Running kernel seems to be up-to-date.
2026-10-04T15:27:19.8659757Z 
2026-10-04T15:27:19.8659900Z No services need to be restarted.
2026-10-04T15:27:19.8660078Z 
2026-10-04T15:27:19.8660220Z No containers need to be restarted.
2026-10-04T15:27:19.8660392Z 
2026-10-04T15:27:19.8660594Z No user sessions are running outdated binaries.
2026-10-04T15:27:19.8660803Z 
2026-10-04T15:27:19.8661065Z No VM guests are running outdated hypervisor (qemu) binaries on this host.
2026-10-04T15:27:20.6794056Z Downloading Chrome for Testing 151.0.7922.34 (playwright chromium v1234) from https://cdn.playwright.dev/builds/cft/151.0.7922.34/linux64/chrome-linux64.zip
2026-10-04T15:27:21.7435809Z |                                                                                |   0% of 184.3 MiB
2026-10-04T15:27:22.4730298Z |■■■■■■■■                                                                        |  10% of 184.3 MiB
2026-10-04T15:27:22.9694232Z |■■■■■■■■■■■■■■■■                                                                |  20% of 184.3 MiB
2026-10-04T15:27:23.1825141Z |■■■■■■■■■■■■■■■■■■■■■■■■                                                        |  30% of 184.3 MiB
2026-10-04T15:27:23.3308104Z |■■■■■■■■■■■■■■■■■■■■■■■■■■■■■■■■                                                |  40% of 184.3 MiB
2026-10-04T15:27:23.5771055Z |■■■■■■■■■■■■■■■■■■■■■■■■■■■■■■■■■■■■■■■■                                        |  50% of 184.3 MiB
2026-10-04T15:27:23.6890297Z |■■■■■■■■■■■■■■■■■■■■■■■■■■■■■■■■■■■■■■■■■■■■■■■■                                |  60% of 184.3 MiB
2026-10-04T15:27:23.9872025Z |■■■■■■■■■■■■■■■■■■■■■■■■■■■■■■■■■■■■■■■■■■■■■■■■■■■■■■■■                        |  70% of 184.3 MiB
2026-10-04T15:27:24.2003419Z |■■■■■■■■■■■■■■■■■■■■■■■■■■■■■■■■■■■■■■■■■■■■■■■■■■■■■■■■■■■■■■■■                |  80% of 184.3 MiB
2026-10-04T15:27:24.3510133Z |■■■■■■■■■■■■■■■■■■■■■■■■■■■■■■■■■■■■■■■■■■■■■■■■■■■■■■■■■■■■■■■■■■■■■■■■        |  90% of 184.3 MiB
2026-10-04T15:27:24.4714581Z |■■■■■■■■■■■■■■■■■■■■■■■■■■■■■■■■■■■■■■■■■■■■■■■■■■■■■■■■■■■■■■■■■■■■■■■■■■■■■■■■| 100% of 184.3 MiB
2026-10-04T15:27:26.9356468Z Chrome for Testing 151.0.7922.34 (playwright chromium v1234) downloaded to /home/runner/.cache/ms-playwright/chromium-1234
2026-10-04T15:27:26.9359890Z Downloading FFmpeg (playwright ffmpeg v1011) from https://cdn.playwright.dev/dbazure/download/playwright/builds/ffmpeg/1011/ffmpeg-linux.zip
2026-10-04T15:27:27.9092543Z |                                                                                |   0% of 2.3 MiB
2026-10-04T15:27:27.9340055Z |■■■■■■■■                                                                        |  10% of 2.3 MiB
2026-10-04T15:27:27.9433533Z |■■■■■■■■■■■■■■■■                                                                |  20% of 2.3 MiB
2026-10-04T15:27:27.9516984Z |■■■■■■■■■■■■■■■■■■■■■■■■                                                        |  30% of 2.3 MiB
2026-10-04T15:27:27.9593247Z |■■■■■■■■■■■■■■■■■■■■■■■■■■■■■■■■                                                |  40% of 2.3 MiB
2026-10-04T15:27:27.9667561Z |■■■■■■■■■■■■■■■■■■■■■■■■■■■■■■■■■■■■■■■■                                        |  50% of 2.3 MiB
2026-10-04T15:27:27.9680706Z |■■■■■■■■■■■■■■■■■■■■■■■■■■■■■■■■■■■■■■■■■■■■■■■■                                |  60% of 2.3 MiB
2026-10-04T15:27:27.9703208Z |■■■■■■■■■■■■■■■■■■■■■■■■■■■■■■■■■■■■■■■■■■■■■■■■■■■■■■■■                        |  70% of 2.3 MiB
2026-10-04T15:27:27.9767299Z |■■■■■■■■■■■■■■■■■■■■■■■■■■■■■■■■■■■■■■■■■■■■■■■■■■■■■■■■■■■■■■■■                |  80% of 2.3 MiB
2026-10-04T15:27:27.9777935Z |■■■■■■■■■■■■■■■■■■■■■■■■■■■■■■■■■■■■■■■■■■■■■■■■■■■■■■■■■■■■■■■■■■■■■■■■        |  90% of 2.3 MiB
2026-10-04T15:27:27.9851462Z |■■■■■■■■■■■■■■■■■■■■■■■■■■■■■■■■■■■■■■■■■■■■■■■■■■■■■■■■■■■■■■■■■■■■■■■■■■■■■■■■| 100% of 2.3 MiB
2026-10-04T15:27:28.0328085Z FFmpeg (playwright ffmpeg v1011) downloaded to /home/runner/.cache/ms-playwright/ffmpeg-1011
2026-10-04T15:27:28.0331905Z Downloading Chrome Headless Shell 151.0.7922.34 (playwright chromium-headless-shell v1234) from https://cdn.playwright.dev/builds/cft/151.0.7922.34/linux64/chrome-headless-shell-linux64.zip
2026-10-04T15:27:29.0396832Z |                                                                                |   0% of 114.7 MiB
2026-10-04T15:27:29.1971600Z |■■■■■■■■                                                                        |  10% of 114.7 MiB
2026-10-04T15:27:29.2639717Z |■■■■■■■■■■■■■■■■                                                                |  20% of 114.7 MiB
2026-10-04T15:27:29.3347007Z |■■■■■■■■■■■■■■■■■■■■■■■■                                                        |  30% of 114.7 MiB
2026-10-04T15:27:29.4010271Z |■■■■■■■■■■■■■■■■■■■■■■■■■■■■■■■■                                                |  40% of 114.7 MiB
2026-10-04T15:27:29.4606124Z |■■■■■■■■■■■■■■■■■■■■■■■■■■■■■■■■■■■■■■■■                                        |  50% of 114.7 MiB
2026-10-04T15:27:29.5298841Z |■■■■■■■■■■■■■■■■■■■■■■■■■■■■■■■■■■■■■■■■■■■■■■■■                                |  60% of 114.7 MiB
2026-10-04T15:27:29.6277466Z |■■■■■■■■■■■■■■■■■■■■■■■■■■■■■■■■■■■■■■■■■■■■■■■■■■■■■■■■                        |  70% of 114.7 MiB
2026-10-04T15:27:29.7018447Z |■■■■■■■■■■■■■■■■■■■■■■■■■■■■■■■■■■■■■■■■■■■■■■■■■■■■■■■■■■■■■■■■                |  80% of 114.7 MiB
2026-10-04T15:27:29.7858923Z |■■■■■■■■■■■■■■■■■■■■■■■■■■■■■■■■■■■■■■■■■■■■■■■■■■■■■■■■■■■■■■■■■■■■■■■■        |  90% of 114.7 MiB
2026-10-04T15:27:29.8527415Z |■■■■■■■■■■■■■■■■■■■■■■■■■■■■■■■■■■■■■■■■■■■■■■■■■■■■■■■■■■■■■■■■■■■■■■■■■■■■■■■■| 100% of 114.7 MiB
2026-10-04T15:27:31.6051143Z Chrome Headless Shell 151.0.7922.34 (playwright chromium-headless-shell v1234) downloaded to /home/runner/.cache/ms-playwright/chromium_headless_shell-1234
2026-10-04T15:27:31.6277189Z ##[group]Run npx playwright test tests/e2e/occupied-city.spec.js --fully-parallel --shard=1/1
2026-10-04T15:27:31.6278117Z [36;1mnpx playwright test tests/e2e/occupied-city.spec.js --fully-parallel --shard=1/1[0m
2026-10-04T15:27:31.6313796Z shell: /usr/bin/bash -e {0}
2026-10-04T15:27:31.6314240Z ##[endgroup]
2026-10-04T15:27:32.6605570Z 
2026-10-04T15:27:32.6606180Z Running 2 tests using 1 worker, shard 1 of 1
2026-10-04T15:27:32.6606612Z 
2026-10-04T15:34:53.2882500Z   ✓  1 tests/e2e/occupied-city.spec.js:11:1 › all storeys are selectable and a visitor walks an upper stair flight without accumulating floors or sign textures (7.3m)
2026-10-04T15:37:02.8653293Z Resident progress: {"time":16.416666666667016,"phase":"walking-to-building","x":-619.6872345291326,"y":0,"z":-439.0771488161472,"floor":null,"visible":false}
2026-10-04T15:37:32.9698912Z Resident progress: {"time":21.833333333333375,"phase":"walking-to-building","x":-614.0400801940275,"y":0,"z":-440.4701135521384,"floor":null,"visible":false}
2026-10-04T15:38:03.0636591Z Resident progress: {"time":27.716666666666374,"phase":"walking-to-building","x":-607.9064017931287,"y":0,"z":-441.98308755769204,"floor":null,"visible":false}
2026-10-04T15:38:33.0439724Z Resident progress: {"time":32.76666666666609,"phase":"walking-to-building","x":-602.6415163668614,"y":0,"z":-443.28175929617163,"floor":null,"visible":false}
2026-10-04T15:39:03.0404386Z Resident progress: {"time":38.91666666666574,"phase":"walking-to-building","x":-596.2298242140805,"y":0,"z":-444.8633100271913,"floor":null,"visible":false}
2026-10-04T15:39:33.0198347Z Resident progress: {"time":44.79999999999874,"phase":"walking-to-building","x":-590.0961458131817,"y":0,"z":-446.3762840327467,"floor":null,"visible":false}
2026-10-04T15:40:03.0681160Z Resident progress: {"time":50.31666666666509,"phase":"walking-to-building","x":-584.3447363211208,"y":0,"z":-447.7949650407887,"floor":null,"visible":false}
2026-10-04T15:40:33.1158273Z Resident progress: {"time":55.98333333333144,"phase":"walking-to-building","x":-578.4369440936262,"y":0,"z":-449.25222045690447,"floor":null,"visible":false}
2026-10-04T15:41:03.1293850Z Resident progress: {"time":61.19999999999781,"phase":"walking-to-building","x":-572.9983000724326,"y":0,"z":-450.5937526487992,"floor":null,"visible":false}
2026-10-04T15:41:33.1139455Z Resident progress: {"time":67.11666666666414,"phase":"walking-to-building","x":-566.8298699525485,"y":0,"z":-452.11529874503765,"floor":null,"visible":false}
2026-10-04T15:42:03.1741813Z Resident progress: {"time":73.0666666666638,"phase":"walking-to-building","x":-560.6266881136792,"y":0,"z":-453.6454169319591,"floor":null,"visible":false}
2026-10-04T15:42:33.2977812Z Resident progress: {"time":78.81666666666348,"phase":"entering-building","x":-560,"y":0,"z":-459.2763800000006,"floor":"lobby","visible":false}
2026-10-04T15:43:03.2023947Z Resident progress: {"time":84.49999999999649,"phase":"entering-building","x":-556.5,"y":0,"z":-461.29785768956106,"floor":"lobby","visible":false}
2026-10-04T15:43:33.2810992Z Resident progress: {"time":90.09999999999617,"phase":"entering-building","x":-556.5,"y":2.625,"z":-466.85883984704714,"floor":"gallery","visible":false}
2026-10-04T15:44:03.2458621Z Resident progress: {"time":95.74999999999585,"phase":"entering-building","x":-557.8780433333324,"y":4.2,"z":-471.40000000000003,"floor":"gallery","visible":false}
2026-10-04T15:44:33.3265333Z Resident progress: {"time":101.4166666666622,"phase":"entering-building","x":-560,"y":4.2,"z":-467.4627333333327,"floor":"gallery","visible":false}
2026-10-04T15:45:03.3926722Z Resident progress: {"time":106.6666666666619,"phase":"entering-building","x":-560,"y":4.2,"z":-461.82528333333204,"floor":"gallery","visible":false}
2026-10-04T15:45:33.3813104Z Resident progress: {"time":112.48333333332823,"phase":"entering-building","x":-556.5,"y":4.55,"z":-462.5141620246738,"floor":"gallery","visible":false}
2026-10-04T15:46:03.5067279Z Resident progress: {"time":117.93333333332792,"phase":"entering-building","x":-556.5,"y":7.3500000000000005,"z":-467.95567713690383,"floor":"workplace","visible":true}
2026-10-04T15:46:33.4088562Z Resident progress: {"time":123.89999999999425,"phase":"entering-building","x":-559.3634666666645,"y":8.4,"z":-471.40000000000003,"floor":"workplace","visible":true}
2026-10-04T15:47:03.3803355Z Resident progress: {"time":129.249999999995,"phase":"entering-building","x":-560,"y":8.4,"z":-476.50055000000094,"floor":"workplace","visible":true}
2026-10-04T15:47:33.3977246Z Resident progress: {"time":134.9666666666662,"phase":"entering-building","x":-560,"y":8.4,"z":-482.63910666666993,"floor":"workplace","visible":true}
2026-10-04T15:48:03.3801846Z Resident progress: {"time":140.91666666667095,"phase":"entering-building","x":-560,"y":8.4,"z":-489.028216666672,"floor":"workplace","visible":true}
2026-10-04T15:48:33.4387434Z Resident progress: {"time":146.2000000000085,"phase":"entering-building","x":-560,"y":8.4,"z":-494.70146000000784,"floor":"workplace","visible":true}
2026-10-04T15:49:03.4771034Z Resident progress: {"time":151.70000000001286,"phase":"entering-building","x":-560,"y":8.4,"z":-500.60736000001,"floor":"workplace","visible":true}
2026-10-04T15:49:33.5627909Z Resident progress: {"time":157.13333333335052,"phase":"entering-building","x":-561.0737999999992,"y":8.4,"z":-505.325,"floor":"workplace","visible":true}
2026-10-04T15:50:03.5278793Z Resident progress: {"time":163.28333333335542,"phase":"entering-building","x":-567.6776699999947,"y":8.4,"z":-505.325,"floor":"workplace","visible":true}
2026-10-04T15:51:04.4914909Z   ✓  2 tests/e2e/occupied-city.spec.js:54:1 › the rendered resident enters a real workplace and stays there during working hours (16.2m)
2026-10-04T15:51:14.1688193Z 
2026-10-04T15:51:14.1690623Z   Slow test file: tests/e2e/occupied-city.spec.js (23.5m)
2026-10-04T15:51:14.1691659Z   Consider running tests from slow files in parallel. See: https://playwright.dev/docs/test-parallel
2026-10-04T15:51:14.1692455Z   2 passed (23.7m)
2026-10-04T15:51:14.2197499Z ##[group]Run actions/upload-artifact@v4
2026-10-04T15:51:14.2198001Z with:
2026-10-04T15:51:14.2198247Z   name: browser-test-results-occupied-city
2026-10-04T15:51:14.2198559Z   path: playwright-report/
test-results/

2026-10-04T15:51:14.2198848Z   if-no-files-found: ignore
2026-10-04T15:51:14.2199112Z   compression-level: 6
2026-10-04T15:51:14.2199338Z   overwrite: false
2026-10-04T15:51:14.2199552Z   include-hidden-files: false
2026-10-04T15:51:14.2199792Z ##[endgroup]
2026-10-04T15:51:14.3775027Z (node:3764) [DEP0040] DeprecationWarning: The `punycode` module is deprecated. Please use a userland alternative instead.
2026-10-04T15:51:14.3775782Z (Use `node --trace-deprecation ...` to show where the warning was created)
2026-10-04T15:51:14.3854710Z Multiple search paths detected. Calculating the least common ancestor of all paths
2026-10-04T15:51:14.3857399Z The least common ancestor is /home/runner/work/neon-harbor/neon-harbor. This will be the root directory of the artifact
2026-10-04T15:51:14.3858644Z With the provided path, there will be 5 files uploaded
2026-10-04T15:51:14.3863964Z Artifact name is valid!
2026-10-04T15:51:14.3865066Z Root directory input is valid!
2026-10-04T15:51:14.6765884Z Beginning upload of artifact content to blob storage
2026-10-04T15:51:14.7380458Z (node:3764) [DEP0169] DeprecationWarning: `url.parse()` behavior is not standardized and prone to errors that have security implications. Use the WHATWG URL API instead. CVEs are not issued for `url.parse()` vulnerabilities.
2026-10-04T15:51:15.0462498Z Uploaded bytes 748682
2026-10-04T15:51:15.0891357Z Finished uploading artifact content to blob storage!
2026-10-04T15:51:15.0892453Z SHA256 digest of uploaded artifact zip is 053ad2ffd2869f952d0a9b35a0333b7dddbccfda94b7a0df1891448470e74717
2026-10-04T15:51:15.0893543Z Finalizing artifact upload
2026-10-04T15:51:15.3447140Z Artifact browser-test-results-occupied-city.zip successfully finalized. Artifact ID 11308185292
2026-10-04T15:51:15.3448641Z Artifact browser-test-results-occupied-city has been successfully uploaded! Final size is 748682 bytes. Artifact ID is 11308185292
2026-10-04T15:51:15.3453908Z Artifact download URL: https://github.com/qifalab/neon-harbor/actions/runs/37212886714/artifacts/11308185292
2026-10-04T15:51:15.3603472Z Post job cleanup.
2026-10-04T15:51:15.4790411Z (node:3776) [DEP0040] DeprecationWarning: The `punycode` module is deprecated. Please use a userland alternative instead.
2026-10-04T15:51:15.4794106Z (Use `node --trace-deprecation ...` to show where the warning was created)
2026-10-04T15:51:15.4795201Z Cache hit occurred on the primary key node-cache-Linux-x64-npm-6438cc70f01e36935f5c8c9cb620f6c972b229821dda55e94f5b735e54c263b7, not saving cache.
2026-10-04T15:51:15.4988553Z Post job cleanup.
2026-10-04T15:51:15.5803178Z [command]/usr/bin/git version
2026-10-04T15:51:15.5840036Z git version 2.55.0
2026-10-04T15:51:15.5874334Z Temporarily overriding HOME='/home/runner/work/_temp/57a2bbb1-863a-4b05-971a-0ce2c551d308' before making global git config changes
2026-10-04T15:51:15.5875909Z Adding repository directory to the temporary git global config as a safe directory
2026-10-04T15:51:15.5880446Z [command]/usr/bin/git config --global --add safe.directory /home/runner/work/neon-harbor/neon-harbor
2026-10-04T15:51:15.5912240Z [command]/usr/bin/git config --local --name-only --get-regexp core\.sshCommand
2026-10-04T15:51:15.5942136Z [command]/usr/bin/git submodule foreach --recursive sh -c "git config --local --name-only --get-regexp 'core\.sshCommand' && git config --local --unset-all 'core.sshCommand' || :"
2026-10-04T15:51:15.6132010Z [command]/usr/bin/git config --local --name-only --get-regexp http\.https\:\/\/github\.com\/\.extraheader
2026-10-04T15:51:15.6156578Z http.https://github.com/.extraheader
2026-10-04T15:51:15.6167443Z [command]/usr/bin/git config --local --unset-all http.https://github.com/.extraheader
2026-10-04T15:51:15.6198847Z [command]/usr/bin/git submodule foreach --recursive sh -c "git config --local --name-only --get-regexp 'http\.https\:\/\/github\.com\/\.extraheader' && git config --local --unset-all 'http.https://github.com/.extraheader' || :"
2026-10-04T15:51:15.6399806Z [command]/usr/bin/git config --local --name-only --get-regexp ^includeIf\.gitdir:
2026-10-04T15:51:15.6441032Z [command]/usr/bin/git submodule foreach --recursive git config --local --show-origin --name-only --get-regexp remote.origin.url
2026-10-04T15:51:15.6829233Z Cleaning up orphan processes
2026-10-04T15:51:15.7088881Z ##[warning]Node.js 20 is deprecated. The following actions target Node.js 20 but are being forced to run on Node.js 24: actions/checkout@v4, actions/setup-node@v4, actions/upload-artifact@v4. For more information see: https://github.blog/changelog/2025-09-19-deprecation-of-node-20-on-github-actions-runners/
