2026-10-04T15:24:39.1772102Z Current runner version: '2.337.0'
2026-10-04T15:24:39.1787475Z ##[group]Runner Image Provisioner
2026-10-04T15:24:39.1788026Z Hosted Compute Agent
2026-10-04T15:24:39.1788410Z Version: 20260901.588
2026-10-04T15:24:39.1788791Z Commit: f88ec8081b781fac6c440065ac7ff9e710ce3d0b
2026-10-04T15:24:39.1789255Z Build Date: 2026-09-01T19:56:44Z
2026-10-04T15:24:39.1789682Z Worker ID: {8f4038b5-0f38-493a-93f4-749b22d162be}
2026-10-04T15:24:39.1790089Z Azure Region: centralus
2026-10-04T15:24:39.1790418Z ##[endgroup]
2026-10-04T15:24:39.1791417Z ##[group]Operating System
2026-10-04T15:24:39.1791821Z Ubuntu
2026-10-04T15:24:39.1792173Z 24.04.5
2026-10-04T15:24:39.1792472Z LTS
2026-10-04T15:24:39.1792762Z ##[endgroup]
2026-10-04T15:24:39.1793121Z ##[group]Runner Image
2026-10-04T15:24:39.1793502Z Image: ubuntu-24.04
2026-10-04T15:24:39.1794078Z Version: 20260927.320.1
2026-10-04T15:24:39.1794807Z Included Software: https://github.com/actions/runner-images/blob/ubuntu24/20260927.320/images/ubuntu/Ubuntu2404-Readme.md
2026-10-04T15:24:39.1795680Z Image Release: https://github.com/actions/runner-images/releases/tag/ubuntu24%2F20260927.320
2026-10-04T15:24:39.1796243Z ##[endgroup]
2026-10-04T15:24:39.1796912Z ##[group]GITHUB_TOKEN Permissions
2026-10-04T15:24:39.1798154Z Contents: read
2026-10-04T15:24:39.1798525Z Metadata: read
2026-10-04T15:24:39.1798897Z ##[endgroup]
2026-10-04T15:24:39.1800116Z Secret source: Actions
2026-10-04T15:24:39.1800703Z Cache mode: write
2026-10-04T15:24:39.1801093Z Prepare workflow directory
2026-10-04T15:24:39.2027738Z Prepare all required actions
2026-10-04T15:24:39.2057333Z Getting action download info
2026-10-04T15:24:39.4587243Z Download action repository 'actions/checkout@v4' (SHA:11d5960a326750d5838078e36cf38b85af677262)
2026-10-04T15:24:39.5583019Z Download action repository 'actions/setup-node@v4' (SHA:49933ea5288caeca8642d1e84afbd3f7d6820020)
2026-10-04T15:24:39.6568996Z Download action repository 'actions/upload-artifact@v4' (SHA:ea165f8d65b6e75b540449e92b4886f43607fa02)
2026-10-04T15:24:39.8482318Z Complete job name: Build and gameplay tests (city-materials)
2026-10-04T15:24:39.8868060Z ##[group]Run actions/checkout@v4
2026-10-04T15:24:39.8868433Z with:
2026-10-04T15:24:39.8868663Z   repository: qifalab/neon-harbor
2026-10-04T15:24:39.8870693Z   token: ***
2026-10-04T15:24:39.8870914Z   ssh-strict: true
2026-10-04T15:24:39.8871269Z   ssh-user: git
2026-10-04T15:24:39.8871505Z   persist-credentials: true
2026-10-04T15:24:39.8871764Z   clean: true
2026-10-04T15:24:39.8871997Z   sparse-checkout-cone-mode: true
2026-10-04T15:24:39.8872266Z   fetch-depth: 1
2026-10-04T15:24:39.8872489Z   fetch-tags: false
2026-10-04T15:24:39.8872719Z   show-progress: true
2026-10-04T15:24:39.8872951Z   lfs: false
2026-10-04T15:24:39.8873166Z   submodules: false
2026-10-04T15:24:39.8873402Z   set-safe-directory: true
2026-10-04T15:24:39.8873663Z   allow-unsafe-pr-checkout: false
2026-10-04T15:24:39.8874000Z ##[endgroup]
2026-10-04T15:24:39.9503245Z Syncing repository: qifalab/neon-harbor
2026-10-04T15:24:39.9504286Z ##[group]Getting Git version info
2026-10-04T15:24:39.9504710Z Working directory is '/home/runner/work/neon-harbor/neon-harbor'
2026-10-04T15:24:39.9505480Z [command]/usr/bin/git version
2026-10-04T15:24:39.9593878Z git version 2.55.0
2026-10-04T15:24:39.9607583Z ##[endgroup]
2026-10-04T15:24:39.9618017Z Temporarily overriding HOME='/home/runner/work/_temp/bf3176bd-10b5-4d49-a4e6-d99dd8e00733' before making global git config changes
2026-10-04T15:24:39.9622149Z Adding repository directory to the temporary git global config as a safe directory
2026-10-04T15:24:39.9622754Z [command]/usr/bin/git config --global --add safe.directory /home/runner/work/neon-harbor/neon-harbor
2026-10-04T15:24:39.9666214Z Deleting the contents of '/home/runner/work/neon-harbor/neon-harbor'
2026-10-04T15:24:39.9669008Z ##[group]Initializing the repository
2026-10-04T15:24:39.9672732Z [command]/usr/bin/git init /home/runner/work/neon-harbor/neon-harbor
2026-10-04T15:24:39.9772772Z hint: Using 'master' as the name for the initial branch. This default branch name
2026-10-04T15:24:39.9774040Z hint: will change to "main" in Git 3.0. To configure the initial branch name
2026-10-04T15:24:39.9774850Z hint: to use in all of your new repositories, which will suppress this warning,
2026-10-04T15:24:39.9775495Z hint: call:
2026-10-04T15:24:39.9775861Z hint:
2026-10-04T15:24:39.9776299Z hint: 	git config --global init.defaultBranch <name>
2026-10-04T15:24:39.9776857Z hint:
2026-10-04T15:24:39.9777353Z hint: Names commonly chosen instead of 'master' are 'main', 'trunk' and
2026-10-04T15:24:39.9778172Z hint: 'development'. The just-created branch can be renamed via this command:
2026-10-04T15:24:39.9778848Z hint:
2026-10-04T15:24:39.9779193Z hint: 	git branch -m <name>
2026-10-04T15:24:39.9779583Z hint:
2026-10-04T15:24:39.9780098Z hint: Disable this message with "git config set advice.defaultBranchName false"
2026-10-04T15:24:39.9781015Z Initialized empty Git repository in /home/runner/work/neon-harbor/neon-harbor/.git/
2026-10-04T15:24:39.9783641Z [command]/usr/bin/git remote add origin https://github.com/qifalab/neon-harbor
2026-10-04T15:24:39.9831424Z ##[endgroup]
2026-10-04T15:24:39.9834153Z ##[group]Disabling automatic garbage collection
2026-10-04T15:24:39.9834859Z [command]/usr/bin/git config --local gc.auto 0
2026-10-04T15:24:39.9862164Z ##[endgroup]
2026-10-04T15:24:39.9862785Z ##[group]Setting up auth
2026-10-04T15:24:39.9867000Z [command]/usr/bin/git config --local --name-only --get-regexp core\.sshCommand
2026-10-04T15:24:39.9894850Z [command]/usr/bin/git submodule foreach --recursive sh -c "git config --local --name-only --get-regexp 'core\.sshCommand' && git config --local --unset-all 'core.sshCommand' || :"
2026-10-04T15:24:40.0187313Z [command]/usr/bin/git config --local --name-only --get-regexp http\.https\:\/\/github\.com\/\.extraheader
2026-10-04T15:24:40.0214890Z [command]/usr/bin/git submodule foreach --recursive sh -c "git config --local --name-only --get-regexp 'http\.https\:\/\/github\.com\/\.extraheader' && git config --local --unset-all 'http.https://github.com/.extraheader' || :"
2026-10-04T15:24:40.0385131Z [command]/usr/bin/git config --local --name-only --get-regexp ^includeIf\.gitdir:
2026-10-04T15:24:40.0411555Z [command]/usr/bin/git submodule foreach --recursive git config --local --show-origin --name-only --get-regexp remote.origin.url
2026-10-04T15:24:40.0580949Z [command]/usr/bin/git config --local http.https://github.com/.extraheader AUTHORIZATION: basic ***
2026-10-04T15:24:40.0612419Z ##[endgroup]
2026-10-04T15:24:40.0613009Z ##[group]Fetching the repository
2026-10-04T15:24:40.0618720Z [command]/usr/bin/git -c protocol.version=2 fetch --no-tags --prune --no-recurse-submodules --depth=1 origin +0330df7ee1042d0f211304b042e01cdf6a0b4d44:refs/remotes/origin/main
2026-10-04T15:24:46.0154750Z From https://github.com/qifalab/neon-harbor
2026-10-04T15:24:46.0159241Z  * [new ref]         0330df7ee1042d0f211304b042e01cdf6a0b4d44 -> origin/main
2026-10-04T15:24:46.0162027Z ##[endgroup]
2026-10-04T15:24:46.0162877Z ##[group]Determining the checkout info
2026-10-04T15:24:46.0164075Z ##[endgroup]
2026-10-04T15:24:46.0164823Z [command]/usr/bin/git sparse-checkout disable
2026-10-04T15:24:46.0211475Z [command]/usr/bin/git config --local --unset-all extensions.worktreeConfig
2026-10-04T15:24:46.0238174Z ##[group]Checking out the ref
2026-10-04T15:24:46.0240602Z [command]/usr/bin/git checkout --progress --force -B main refs/remotes/origin/main
2026-10-04T15:24:46.1542051Z Switched to a new branch 'main'
2026-10-04T15:24:46.1544662Z branch 'main' set up to track 'origin/main'.
2026-10-04T15:24:46.1567507Z ##[endgroup]
2026-10-04T15:24:46.1606169Z [command]/usr/bin/git log -1 --format=%H
2026-10-04T15:24:46.1628524Z 0330df7ee1042d0f211304b042e01cdf6a0b4d44
2026-10-04T15:24:46.1882551Z ##[group]Run actions/setup-node@v4
2026-10-04T15:24:46.1883215Z with:
2026-10-04T15:24:46.1883682Z   node-version: 22
2026-10-04T15:24:46.1884191Z   cache: npm
2026-10-04T15:24:46.1884678Z   always-auth: false
2026-10-04T15:24:46.1937848Z   check-latest: false
2026-10-04T15:24:46.1948019Z   token: ***
2026-10-04T15:24:46.1948648Z ##[endgroup]
2026-10-04T15:24:46.2839413Z Found in cache @ /opt/hostedtoolcache/node/22.23.3/x64
2026-10-04T15:24:46.2841970Z (node:2096) [DEP0040] DeprecationWarning: The `punycode` module is deprecated. Please use a userland alternative instead.
2026-10-04T15:24:46.2844438Z (Use `node --trace-deprecation ...` to show where the warning was created)
2026-10-04T15:24:46.2846964Z ##[group]Environment details
2026-10-04T15:24:46.5686746Z node: v22.23.3
2026-10-04T15:24:46.5687201Z npm: 10.9.9
2026-10-04T15:24:46.5687430Z yarn: 1.22.22
2026-10-04T15:24:46.5688185Z ##[endgroup]
2026-10-04T15:24:46.5739566Z [command]/opt/hostedtoolcache/node/22.23.3/x64/bin/npm config get cache
2026-10-04T15:24:46.6456316Z /home/runner/.npm
2026-10-04T15:24:46.7899312Z Cache hit for: node-cache-Linux-x64-npm-6438cc70f01e36935f5c8c9cb620f6c972b229821dda55e94f5b735e54c263b7
2026-10-04T15:24:46.7960127Z (node:2096) [DEP0169] DeprecationWarning: `url.parse()` behavior is not standardized and prone to errors that have security implications. Use the WHATWG URL API instead. CVEs are not issued for `url.parse()` vulnerabilities.
2026-10-04T15:24:47.3040369Z Received 3980947 of 3980947 (100.0%), 10.1 MBs/sec
2026-10-04T15:24:47.3041905Z Cache Size: ~4 MB (3980947 B)
2026-10-04T15:24:47.3055584Z [command]/usr/bin/tar -xf /home/runner/work/_temp/0a785166-1a72-4937-a4eb-012873558434/cache.tzst -P -C /home/runner/work/neon-harbor/neon-harbor --use-compress-program unzstd
2026-10-04T15:24:47.3144200Z Cache restored successfully
2026-10-04T15:24:47.3148616Z Cache restored from key: node-cache-Linux-x64-npm-6438cc70f01e36935f5c8c9cb620f6c972b229821dda55e94f5b735e54c263b7
2026-10-04T15:24:47.3269189Z ##[group]Run npm ci
2026-10-04T15:24:47.3269366Z [36;1mnpm ci[0m
2026-10-04T15:24:47.3495381Z shell: /usr/bin/bash -e {0}
2026-10-04T15:24:47.3495554Z ##[endgroup]
2026-10-04T15:24:47.9333915Z 
2026-10-04T15:24:47.9338899Z added 3 packages, and audited 4 packages in 545ms
2026-10-04T15:24:47.9339224Z 
2026-10-04T15:24:47.9339336Z found 0 vulnerabilities
2026-10-04T15:24:47.9676306Z ##[group]Run npm test
2026-10-04T15:24:47.9676480Z [36;1mnpm test[0m
2026-10-04T15:24:47.9733003Z shell: /usr/bin/bash -e {0}
2026-10-04T15:24:47.9733156Z ##[endgroup]
2026-10-04T15:24:48.0390900Z 
2026-10-04T15:24:48.0391508Z > neon-harbor@0.8.0 test
2026-10-04T15:24:48.0391884Z > node --test tests/*.test.js
2026-10-04T15:24:48.0392042Z 
2026-10-04T15:24:48.0777490Z TAP version 13
2026-10-04T15:24:48.1702330Z # Subtest: render interpolation removes fixed-step staircasing at 30/60/90/144 Hz and uneven cadences
2026-10-04T15:24:48.1756347Z ok 1 - render interpolation removes fixed-step staircasing at 30/60/90/144 Hz and uneven cadences
2026-10-04T15:24:48.1756816Z   ---
2026-10-04T15:24:48.1757080Z   duration_ms: 33.227173
2026-10-04T15:24:48.1757367Z   type: 'test'
2026-10-04T15:24:48.1757604Z   ...
2026-10-04T15:24:48.1758009Z # Subtest: yaw interpolation follows the shortest arc; ground, pitch and roll remain shared
2026-10-04T15:24:48.1758693Z ok 2 - yaw interpolation follows the shortest arc; ground, pitch and roll remain shared
2026-10-04T15:24:48.1759035Z   ---
2026-10-04T15:24:48.1759230Z   duration_ms: 0.416748
2026-10-04T15:24:48.1759499Z   type: 'test'
2026-10-04T15:24:48.1759721Z   ...
2026-10-04T15:24:48.1760160Z # Subtest: teleports and entering or leaving a vehicle never interpolate across the city
2026-10-04T15:24:48.1760675Z ok 3 - teleports and entering or leaving a vehicle never interpolate across the city
2026-10-04T15:24:48.1760987Z   ---
2026-10-04T15:24:48.1761299Z   duration_ms: 0.362766
2026-10-04T15:24:48.1761512Z   type: 'test'
2026-10-04T15:24:48.1761691Z   ...
2026-10-04T15:24:48.1762122Z # Subtest: rendered OBB interpolation cannot clip a corner between two legal headings
2026-10-04T15:24:48.1762658Z ok 4 - rendered OBB interpolation cannot clip a corner between two legal headings
2026-10-04T15:24:48.1762970Z   ---
2026-10-04T15:24:48.1763266Z   duration_ms: 0.462086
2026-10-04T15:24:48.1763820Z   type: 'test'
2026-10-04T15:24:48.1764065Z   ...
2026-10-04T15:24:48.1764449Z # Subtest: sequential legal vehicle moves cannot produce a colliding render interpolant
2026-10-04T15:24:48.1764960Z ok 5 - sequential legal vehicle moves cannot produce a colliding render interpolant
2026-10-04T15:24:48.1765261Z   ---
2026-10-04T15:24:48.1765465Z   duration_ms: 0.265249
2026-10-04T15:24:48.1765643Z   type: 'test'
2026-10-04T15:24:48.1765819Z   ...
2026-10-04T15:24:48.1766065Z # Subtest: moving-target exponential damping is cadence-independent at constant speed
2026-10-04T15:24:48.1766417Z ok 6 - moving-target exponential damping is cadence-independent at constant speed
2026-10-04T15:24:48.1766637Z   ---
2026-10-04T15:24:48.1766756Z   duration_ms: 0.362526
2026-10-04T15:24:48.1766885Z   type: 'test'
2026-10-04T15:24:48.1767000Z   ...
2026-10-04T15:24:48.1767235Z # Subtest: chase camera position, look target and yaw stay consistent at 30/60/144 Hz
2026-10-04T15:24:48.1767571Z ok 7 - chase camera position, look target and yaw stay consistent at 30/60/144 Hz
2026-10-04T15:24:48.1767788Z   ---
2026-10-04T15:24:48.1768013Z   duration_ms: 13.360444
2026-10-04T15:24:48.1768260Z   type: 'test'
2026-10-04T15:24:48.1768479Z   ...
2026-10-04T15:24:48.1768853Z # Subtest: camera follows the same bounded simulation time at 4 Hz and uneven slow frames
2026-10-04T15:24:48.1769202Z ok 8 - camera follows the same bounded simulation time at 4 Hz and uneven slow frames
2026-10-04T15:24:48.1769500Z   ---
2026-10-04T15:24:48.1769689Z   duration_ms: 3.755103
2026-10-04T15:24:48.1769865Z   type: 'test'
2026-10-04T15:24:48.1770061Z   ...
2026-10-04T15:24:48.1770452Z # Subtest: height-aware swept camera clears curbs, catches thin walls, and pads the near plane
2026-10-04T15:24:48.1770832Z ok 9 - height-aware swept camera clears curbs, catches thin walls, and pads the near plane
2026-10-04T15:24:48.1771249Z   ---
2026-10-04T15:24:48.1771438Z   duration_ms: 0.639412
2026-10-04T15:24:48.1771624Z   type: 'test'
2026-10-04T15:24:48.1771820Z   ...
2026-10-04T15:24:48.1772415Z # Subtest: camera focus inside foliage is moved to a legal pivot before the boom sweep
2026-10-04T15:24:48.1772918Z ok 10 - camera focus inside foliage is moved to a legal pivot before the boom sweep
2026-10-04T15:24:48.1773215Z   ---
2026-10-04T15:24:48.1773405Z   duration_ms: 0.497659
2026-10-04T15:24:48.1773663Z   type: 'test'
2026-10-04T15:24:48.1773856Z   ...
2026-10-04T15:24:48.1774161Z # Subtest: camera retracts without entering buildings and releases an obstruction gradually
2026-10-04T15:24:48.1774684Z ok 11 - camera retracts without entering buildings and releases an obstruction gradually
2026-10-04T15:24:48.1774986Z   ---
2026-10-04T15:24:48.1775173Z   duration_ms: 0.231198
2026-10-04T15:24:48.1775349Z   type: 'test'
2026-10-04T15:24:48.1775495Z   ...
2026-10-04T15:24:48.1775985Z # Subtest: camera takes shortest yaw arc and does not advance its pose with a zero timestep
2026-10-04T15:24:48.1776501Z ok 12 - camera takes shortest yaw arc and does not advance its pose with a zero timestep
2026-10-04T15:24:48.1776802Z   ---
2026-10-04T15:24:48.1776995Z   duration_ms: 0.78415
2026-10-04T15:24:48.1777176Z   type: 'test'
2026-10-04T15:24:48.1777377Z   ...
2026-10-04T15:25:03.6570307Z # Subtest: the northern resident network has legal doorstep routes, unobstructed station entrances and real crossing edges
2026-10-04T15:25:03.6576185Z ok 13 - the northern resident network has legal doorstep routes, unobstructed station entrances and real crossing edges
2026-10-04T15:25:03.6576946Z   ---
2026-10-04T15:25:03.6577330Z   duration_ms: 2509.004468
2026-10-04T15:25:03.6577752Z   type: 'test'
2026-10-04T15:25:03.6578115Z   ...
2026-10-04T15:25:03.6582711Z # Subtest: all 240 residents finish real work visits, use all four shared routes, return and rest in actual homes without stranded journeys
2026-10-04T15:25:03.6583983Z ok 14 - all 240 residents finish real work visits, use all four shared routes, return and rest in actual homes without stranded journeys
2026-10-04T15:25:03.6585267Z   ---
2026-10-04T15:25:03.6590570Z   duration_ms: 9925.7182
2026-10-04T15:25:03.6600870Z   type: 'test'
2026-10-04T15:25:03.6601412Z   ...
2026-10-04T15:25:03.6602258Z # Subtest: citizens enter a crossing only with enough green time, and traffic yields for the occupied lane and releases it after the walker leaves
2026-10-04T15:25:03.6603499Z ok 15 - citizens enter a crossing only with enough green time, and traffic yields for the occupied lane and releases it after the walker leaves
2026-10-04T15:25:03.6604208Z   ---
2026-10-04T15:25:03.6604545Z   duration_ms: 41.217497
2026-10-04T15:25:03.6604910Z   type: 'test'
2026-10-04T15:25:03.6605239Z   ...
2026-10-04T15:25:03.6605969Z # Subtest: working periods keep residents at their real posts and the night change starts a walk home without resetting position
2026-10-04T15:25:03.6607004Z ok 16 - working periods keep residents at their real posts and the night change starts a walk home without resetting position
2026-10-04T15:25:03.6607643Z   ---
2026-10-04T15:25:03.6607980Z   duration_ms: 998.762028
2026-10-04T15:25:03.6608346Z   type: 'test'
2026-10-04T15:25:03.6608677Z   ...
2026-10-04T15:25:03.6609310Z # Subtest: every assigned home and workplace has a clear arrival and departure through its actual room door
2026-10-04T15:25:03.6610216Z ok 17 - every assigned home and workplace has a clear arrival and departure through its actual room door
2026-10-04T15:25:03.6610798Z   ---
2026-10-04T15:25:03.6611234Z   duration_ms: 346.072782
2026-10-04T15:25:03.6611600Z   type: 'test'
2026-10-04T15:25:03.6612023Z   ...
2026-10-04T15:25:03.6612658Z # Subtest: boarding paths align with real carriage doors and keep passengers out of carriage gaps and the ferry cabin
2026-10-04T15:25:03.6613598Z ok 18 - boarding paths align with real carriage doors and keep passengers out of carriage gaps and the ferry cabin
2026-10-04T15:25:03.6614130Z   ---
2026-10-04T15:25:03.6614412Z   duration_ms: 1.575983
2026-10-04T15:25:03.6614726Z   type: 'test'
2026-10-04T15:25:03.6615012Z   ...
2026-10-04T15:25:03.6615872Z # Subtest: elevated station lift poses have continuous movement, real landings and enough door time to walk aboard
2026-10-04T15:25:03.6616762Z ok 19 - elevated station lift poses have continuous movement, real landings and enough door time to walk aboard
2026-10-04T15:25:03.6617327Z   ---
2026-10-04T15:25:03.6617613Z   duration_ms: 1.410543
2026-10-04T15:25:03.6617924Z   type: 'test'
2026-10-04T15:25:03.6618213Z   ...
2026-10-04T15:25:13.2558418Z # Subtest: integrated building travel, continuous elevator and forced departure restore outdoor collision and cars
2026-10-04T15:25:13.2567553Z ok 20 - integrated building travel, continuous elevator and forced departure restore outdoor collision and cars
2026-10-04T15:25:13.2568385Z   ---
2026-10-04T15:25:13.2568774Z   duration_ms: 6518.635776
2026-10-04T15:25:13.2569141Z   type: 'test'
2026-10-04T15:25:13.2569482Z   ...
2026-10-04T15:25:13.2570190Z # Subtest: underground platform remains below street and transit motion does not trigger teleports or reindex every tick
2026-10-04T15:25:13.2571377Z ok 21 - underground platform remains below street and transit motion does not trigger teleports or reindex every tick
2026-10-04T15:25:13.2572014Z   ---
2026-10-04T15:25:13.2572347Z   duration_ms: 13991.335544
2026-10-04T15:25:13.2572714Z   type: 'test'
2026-10-04T15:25:13.2573034Z   ...
2026-10-04T15:25:13.2573620Z # Subtest: a saved journey from the north ferry restores at its own pier, including after departure
2026-10-04T15:25:13.2574452Z ok 22 - a saved journey from the north ferry restores at its own pier, including after departure
2026-10-04T15:25:13.2574992Z   ---
2026-10-04T15:25:13.2575317Z   duration_ms: 4567.395964
2026-10-04T15:25:13.2575670Z   type: 'test'
2026-10-04T15:25:13.2576008Z   ...
2026-10-04T15:25:13.2577836Z # Subtest: camera supports below-sea-level clearance and seated passenger views without roof-crossing chase booms
2026-10-04T15:25:13.2578975Z ok 23 - camera supports below-sea-level clearance and seated passenger views without roof-crossing chase booms
2026-10-04T15:25:13.2580107Z   ---
2026-10-04T15:25:13.2580430Z   duration_ms: 1.025824
2026-10-04T15:25:13.2580778Z   type: 'test'
2026-10-04T15:25:13.2581095Z   ...
2026-10-04T15:25:13.3199429Z # Subtest: collapsed city guide lists addresses without reading floor contents or constructing room rows
2026-10-04T15:25:13.3212767Z ok 24 - collapsed city guide lists addresses without reading floor contents or constructing room rows
2026-10-04T15:25:13.3213458Z   ---
2026-10-04T15:25:13.3213781Z   duration_ms: 4.347956
2026-10-04T15:25:13.3214106Z   type: 'test'
2026-10-04T15:25:13.3214439Z   ...
2026-10-04T15:25:13.3215050Z # Subtest: first disclosure resolves its current floor and room records once, including both compact rooms
2026-10-04T15:25:13.3215919Z ok 25 - first disclosure resolves its current floor and room records once, including both compact rooms
2026-10-04T15:25:13.3216463Z   ---
2026-10-04T15:25:13.3216762Z   duration_ms: 6.201006
2026-10-04T15:25:13.3217078Z   type: 'test'
2026-10-04T15:25:13.3217410Z   ...
2026-10-04T15:25:13.3218016Z # Subtest: search and district filtering preserve visit targets without resolving hidden floor programmes
2026-10-04T15:25:13.3218864Z ok 26 - search and district filtering preserve visit targets without resolving hidden floor programmes
2026-10-04T15:25:13.3219399Z   ---
2026-10-04T15:25:13.3219686Z   duration_ms: 2.118299
2026-10-04T15:25:13.3219998Z   type: 'test'
2026-10-04T15:25:13.3220284Z   ...
2026-10-04T15:25:13.3220880Z # Subtest: every address targets its own entrance and safely restores its exterior, traffic and save position
2026-10-04T15:25:13.3221848Z ok 27 - every address targets its own entrance and safely restores its exterior, traffic and save position
2026-10-04T15:25:13.3222390Z   ---
2026-10-04T15:25:13.3222680Z   duration_ms: 6089.412319
2026-10-04T15:25:13.3223002Z   type: 'test'
2026-10-04T15:25:13.3223292Z   ...
2026-10-04T15:25:13.3223987Z # Subtest: every occupied floor has finite positive solids, rooms inside its footprint, a clear arrival and continuous stair elevations
2026-10-04T15:25:13.3225522Z ok 28 - every occupied floor has finite positive solids, rooms inside its footprint, a clear arrival and continuous stair elevations
2026-10-04T15:25:13.3226154Z   ---
2026-10-04T15:25:13.3226440Z   duration_ms: 2960.700616
2026-10-04T15:25:13.3226763Z   type: 'test'
2026-10-04T15:25:13.3227053Z   ...
2026-10-04T15:25:13.3227651Z # Subtest: multiplayer accepts the actual eastern top floors and rejects out-of-world or nonfinite positions
2026-10-04T15:25:13.3228513Z ok 29 - multiplayer accepts the actual eastern top floors and rejects out-of-world or nonfinite positions
2026-10-04T15:25:13.3229064Z   ---
2026-10-04T15:25:13.3229351Z   duration_ms: 0.802908
2026-10-04T15:25:13.3229666Z   type: 'test'
2026-10-04T15:25:13.3229949Z   ...
2026-10-04T15:25:13.3230631Z # Subtest: a south shell stays hidden through an actual streamed load and restores valid culling bounds and fallback scenery on exit
2026-10-04T15:25:13.3232069Z ok 30 - a south shell stays hidden through an actual streamed load and restores valid culling bounds and fallback scenery on exit
2026-10-04T15:25:13.3232678Z   ---
2026-10-04T15:25:13.3232964Z   duration_ms: 168.178505
2026-10-04T15:25:13.3233287Z   type: 'test'
2026-10-04T15:25:13.3233574Z   ...
2026-10-04T15:25:13.3234097Z # Subtest: prepare fetches only nearby real district payloads and exposes resident metrics
2026-10-04T15:25:13.3234826Z ok 31 - prepare fetches only nearby real district payloads and exposes resident metrics
2026-10-04T15:25:13.3235313Z   ---
2026-10-04T15:25:13.3235598Z   duration_ms: 2.905774
2026-10-04T15:25:13.3235914Z   type: 'test'
2026-10-04T15:25:13.3236199Z   ...
2026-10-04T15:25:13.3236775Z # Subtest: directional prefetch anticipates travel while distance and hysteresis drive actual disposal
2026-10-04T15:25:13.3237607Z ok 32 - directional prefetch anticipates travel while distance and hysteresis drive actual disposal
2026-10-04T15:25:13.3238146Z   ---
2026-10-04T15:25:13.3238669Z   duration_ms: 3.994331
2026-10-04T15:25:13.3238986Z   type: 'test'
2026-10-04T15:25:13.3271618Z   ...
2026-10-04T15:25:13.3301716Z # Subtest: resident budget is a hard bound even when more targets are nearby
2026-10-04T15:25:13.3302721Z ok 33 - resident budget is a hard bound even when more targets are nearby
2026-10-04T15:25:13.3361707Z   ---
2026-10-04T15:25:13.3361962Z   duration_ms: 0.475235
2026-10-04T15:25:13.3362193Z   type: 'test'
2026-10-04T15:25:13.3362391Z   ...
2026-10-04T15:25:13.3362877Z # Subtest: failed near district remains failed until retry succeeds without pretending a proxy is full detail
2026-10-04T15:25:13.3363592Z ok 34 - failed near district remains failed until retry succeeds without pretending a proxy is full detail
2026-10-04T15:25:13.3363990Z   ---
2026-10-04T15:25:13.3364168Z   duration_ms: 0.483898
2026-10-04T15:25:13.3364300Z   type: 'test'
2026-10-04T15:25:13.3364449Z   ...
2026-10-04T15:25:13.3364885Z # Subtest: dispose settles prepare, releases late payloads, and never attaches after disposal
2026-10-04T15:25:13.3365541Z ok 35 - dispose settles prepare, releases late payloads, and never attaches after disposal
2026-10-04T15:25:13.3365919Z   ---
2026-10-04T15:25:13.3366092Z   duration_ms: 3.943605
2026-10-04T15:25:13.3366295Z   type: 'test'
2026-10-04T15:25:13.3366468Z   ...
2026-10-04T15:25:13.3366834Z # Subtest: cancelled district can be revisited before its aborted request settles
2026-10-04T15:25:13.3367378Z ok 36 - cancelled district can be revisited before its aborted request settles
2026-10-04T15:25:13.3367716Z   ---
2026-10-04T15:25:13.3367887Z   duration_ms: 2.111478
2026-10-04T15:25:13.3368089Z   type: 'test'
2026-10-04T15:25:13.3368262Z   ...
2026-10-04T15:25:13.3368638Z # Subtest: old request failure cannot overwrite the latest successful prepare state
2026-10-04T15:25:13.3369193Z ok 37 - old request failure cannot overwrite the latest successful prepare state
2026-10-04T15:25:13.3369540Z   ---
2026-10-04T15:25:13.3369711Z   duration_ms: 4.408525
2026-10-04T15:25:13.3369915Z   type: 'test'
2026-10-04T15:25:13.3370091Z   ...
2026-10-04T15:25:13.3370759Z # Subtest: chunk validation rejects malformed geometry before creating GPU resources
2026-10-04T15:25:13.3371511Z ok 38 - chunk validation rejects malformed geometry before creating GPU resources
2026-10-04T15:25:13.3371868Z   ---
2026-10-04T15:25:13.3372038Z   duration_ms: 0.423798
2026-10-04T15:25:13.3372237Z   type: 'test'
2026-10-04T15:25:13.3372842Z   ...
2026-10-04T15:25:13.3373270Z # Subtest: a normal 60 Hz steering arc cannot graze a building corner between two clear endpoints
2026-10-04T15:25:13.3373903Z ok 39 - a normal 60 Hz steering arc cannot graze a building corner between two clear endpoints
2026-10-04T15:25:13.3374284Z   ---
2026-10-04T15:25:13.3374458Z   duration_ms: 6.420753
2026-10-04T15:25:13.3374660Z   type: 'test'
2026-10-04T15:25:13.3374834Z   ...
2026-10-04T15:25:13.3375230Z # Subtest: a short diagonal translation cannot cut a building corner with clear endpoints
2026-10-04T15:25:13.3375838Z ok 40 - a short diagonal translation cannot cut a building corner with clear endpoints
2026-10-04T15:25:13.3376203Z   ---
2026-10-04T15:25:13.3376371Z   duration_ms: 5.589022
2026-10-04T15:25:13.3376565Z   type: 'test'
2026-10-04T15:25:13.3376740Z   ...
2026-10-04T15:25:13.3377122Z # Subtest: grazing the corner of another vehicle stays blocked between clear endpoints
2026-10-04T15:25:13.3377691Z ok 41 - grazing the corner of another vehicle stays blocked between clear endpoints
2026-10-04T15:25:13.3378047Z   ---
2026-10-04T15:25:13.3378243Z   duration_ms: 1.127887
2026-10-04T15:25:13.3378449Z   type: 'test'
2026-10-04T15:25:13.3378623Z   ...
2026-10-04T15:25:13.3379058Z # Subtest: the circular pedestrian footprint cannot cross a shallow rounded corner between samples
2026-10-04T15:25:13.3379746Z ok 42 - the circular pedestrian footprint cannot cross a shallow rounded corner between samples
2026-10-04T15:25:13.3380148Z   ---
2026-10-04T15:25:13.3380327Z   duration_ms: 11.886739
2026-10-04T15:25:13.3380537Z   type: 'test'
2026-10-04T15:25:13.3380905Z   ...
2026-10-04T15:25:13.3381432Z # Subtest: the prospective supported vehicle envelope and height participate in collision
2026-10-04T15:25:13.3382048Z ok 43 - the prospective supported vehicle envelope and height participate in collision
2026-10-04T15:25:13.3382457Z   ---
2026-10-04T15:25:13.3382630Z   duration_ms: 0.962509
2026-10-04T15:25:13.3382853Z   type: 'test'
2026-10-04T15:25:13.3383027Z   ...
2026-10-04T15:25:13.3383430Z # Subtest: stepping onto higher ground under an awning cannot eject an entity sideways
2026-10-04T15:25:13.3384058Z ok 44 - stepping onto higher ground under an awning cannot eject an entity sideways
2026-10-04T15:25:13.3384412Z   ---
2026-10-04T15:25:13.3384602Z   duration_ms: 0.21971
2026-10-04T15:25:13.3384825Z   type: 'test'
2026-10-04T15:25:13.3384989Z   ...
2026-10-04T15:25:13.3385407Z # Subtest: vehicle bounds contain the full rotated footprint and swap width/length at a quarter turn
2026-10-04T15:25:13.3386085Z ok 45 - vehicle bounds contain the full rotated footprint and swap width/length at a quarter turn
2026-10-04T15:25:13.3386450Z   ---
2026-10-04T15:25:13.3386614Z   duration_ms: 1.349671
2026-10-04T15:25:13.3386798Z   type: 'test'
2026-10-04T15:25:13.3386988Z   ...
2026-10-04T15:25:13.3387393Z # Subtest: SAT catches a vehicle nose beyond the old centre radius and its rotated outer corner
2026-10-04T15:25:13.3388105Z ok 46 - SAT catches a vehicle nose beyond the old centre radius and its rotated outer corner
2026-10-04T15:25:13.3388512Z   ---
2026-10-04T15:25:13.3388697Z   duration_ms: 0.345169
2026-10-04T15:25:13.3388903Z   type: 'test'
2026-10-04T15:25:13.3389098Z   ...
2026-10-04T15:25:13.3389521Z # Subtest: SAT reports a separation normal, permits touching and rejects separated rotated rectangles
2026-10-04T15:25:13.3390162Z ok 47 - SAT reports a separation normal, permits touching and rejects separated rotated rectangles
2026-10-04T15:25:13.3390552Z   ---
2026-10-04T15:25:13.3390716Z   duration_ms: 0.138038
2026-10-04T15:25:13.3390932Z   type: 'test'
2026-10-04T15:25:13.3391242Z   ...
2026-10-04T15:25:13.3391822Z # Subtest: circle/OBB checks the whole foot radius without treating clear diagonal corners as walls
2026-10-04T15:25:13.3392454Z ok 48 - circle/OBB checks the whole foot radius without treating clear diagonal corners as walls
2026-10-04T15:25:13.3392810Z   ---
2026-10-04T15:25:13.3392977Z   duration_ms: 0.150526
2026-10-04T15:25:13.3393165Z   type: 'test'
2026-10-04T15:25:13.3393335Z   ...
2026-10-04T15:25:13.3393827Z # Subtest: spatial queries find large colliders across cell edges, including negative coordinates, without duplicates
2026-10-04T15:25:13.3394596Z ok 49 - spatial queries find large colliders across cell edges, including negative coordinates, without duplicates
2026-10-04T15:25:13.3395029Z   ---
2026-10-04T15:25:13.3395197Z   duration_ms: 0.719963
2026-10-04T15:25:13.3395395Z   type: 'test'
2026-10-04T15:25:13.3395558Z   ...
2026-10-04T15:25:13.3395984Z # Subtest: a fast vehicle cannot tunnel through a thin wall, even across a long one-frame displacement
2026-10-04T15:25:13.3396671Z ok 50 - a fast vehicle cannot tunnel through a thin wall, even across a long one-frame displacement
2026-10-04T15:25:13.3397048Z   ---
2026-10-04T15:25:13.3397215Z   duration_ms: 4.268454
2026-10-04T15:25:13.3397413Z   type: 'test'
2026-10-04T15:25:13.3397574Z   ...
2026-10-04T15:25:13.3398035Z # Subtest: a rotation sweep cannot pass through a thin obstacle even when the final orientation would be clear
2026-10-04T15:25:13.3398734Z ok 51 - a rotation sweep cannot pass through a thin obstacle even when the final orientation would be clear
2026-10-04T15:25:13.3399161Z   ---
2026-10-04T15:25:13.3399330Z   duration_ms: 14.816179
2026-10-04T15:25:13.3399531Z   type: 'test'
2026-10-04T15:25:13.3399702Z   ...
2026-10-04T15:25:13.3400093Z # Subtest: continuous diagonal pressure slides along a wall without bouncing or oscillating
2026-10-04T15:25:13.3400680Z ok 52 - continuous diagonal pressure slides along a wall without bouncing or oscillating
2026-10-04T15:25:13.3401384Z   ---
2026-10-04T15:25:13.3401578Z   duration_ms: 4.155925
2026-10-04T15:25:13.3401787Z   type: 'test'
2026-10-04T15:25:13.3401964Z   ...
2026-10-04T15:25:13.3402389Z # Subtest: walking keeps the entire character circle outside a thin wall during a swept move
2026-10-04T15:25:13.3403020Z ok 53 - walking keeps the entire character circle outside a thin wall during a swept move
2026-10-04T15:25:13.3403404Z   ---
2026-10-04T15:25:13.3403576Z   duration_ms: 1.107136
2026-10-04T15:25:13.3403776Z   type: 'test'
2026-10-04T15:25:13.3403948Z   ...
2026-10-04T15:25:13.3404367Z # Subtest: parked and moving vehicles both block a swept vehicle without moving the other car
2026-10-04T15:25:13.3404999Z ok 54 - parked and moving vehicles both block a swept vehicle without moving the other car
2026-10-04T15:25:13.3405381Z   ---
2026-10-04T15:25:13.3405558Z   duration_ms: 4.592031
2026-10-04T15:25:13.3405758Z   type: 'test'
2026-10-04T15:25:13.3405933Z   ...
2026-10-04T15:25:13.3406399Z # Subtest: walking collides with parked cars and dynamic self references never block their own movement
2026-10-04T15:25:13.3407108Z ok 55 - walking collides with parked cars and dynamic self references never block their own movement
2026-10-04T15:25:13.3407516Z   ---
2026-10-04T15:25:13.3407691Z   duration_ms: 1.071302
2026-10-04T15:25:13.3407895Z   type: 'test'
2026-10-04T15:25:13.3408069Z   ...
2026-10-04T15:25:13.3408448Z # Subtest: a car stops for a pedestrian using the pedestrian full circular footprint
2026-10-04T15:25:13.3409012Z ok 56 - a car stops for a pedestrian using the pedestrian full circular footprint
2026-10-04T15:25:13.3409357Z   ---
2026-10-04T15:25:13.3409534Z   duration_ms: 1.611585
2026-10-04T15:25:13.3409737Z   type: 'test'
2026-10-04T15:25:13.3409913Z   ...
2026-10-04T15:25:13.3410431Z # Subtest: height filtering blocks building sides while allowing rooftop travel and passage beneath elevated solids
2026-10-04T15:25:13.3411365Z ok 57 - height filtering blocks building sides while allowing rooftop travel and passage beneath elevated solids
2026-10-04T15:25:13.3411956Z   ---
2026-10-04T15:25:13.3412130Z   duration_ms: 7.861331
2026-10-04T15:25:13.3412336Z   type: 'test'
2026-10-04T15:25:13.3412512Z   ...
2026-10-04T15:25:13.3412933Z # Subtest: world boundaries constrain the rotated vehicle footprint and full character radius
2026-10-04T15:25:13.3413578Z ok 58 - world boundaries constrain the rotated vehicle footprint and full character radius
2026-10-04T15:25:13.3413966Z   ---
2026-10-04T15:25:13.3414135Z   duration_ms: 14.95668
2026-10-04T15:25:13.3435265Z   type: 'test'
2026-10-04T15:25:13.3435485Z   ...
2026-10-04T15:25:13.3435914Z # Subtest: legacy overlapping poses are repaired once and remain stable while stationary
2026-10-04T15:25:13.3436508Z ok 59 - legacy overlapping poses are repaired once and remain stable while stationary
2026-10-04T15:25:13.3436893Z   ---
2026-10-04T15:25:13.3437077Z   duration_ms: 10.188443
2026-10-04T15:25:13.3437287Z   type: 'test'
2026-10-04T15:25:13.3437466Z   ...
2026-10-04T15:25:13.3437888Z # Subtest: camera-only foliage never becomes a physical wall at overlapping character height
2026-10-04T15:25:13.3438505Z ok 60 - camera-only foliage never becomes a physical wall at overlapping character height
2026-10-04T15:25:13.3438894Z   ---
2026-10-04T15:25:13.3439075Z   duration_ms: 0.772312
2026-10-04T15:25:13.3439273Z   type: 'test'
2026-10-04T15:25:13.3439440Z   ...
2026-10-04T15:25:13.3439965Z # Subtest: every compact building supports all-floor stair walks, furnished-room entries, lift return and street exit
2026-10-04T15:25:13.3440755Z ok 61 - every compact building supports all-floor stair walks, furnished-room entries, lift return and street exit
2026-10-04T15:25:13.3441327Z   ---
2026-10-04T15:25:13.3441507Z   duration_ms: 3258.864081
2026-10-04T15:25:13.3441718Z   type: 'test'
2026-10-04T15:25:13.3441894Z   ...
2026-10-04T15:25:13.3442401Z # Subtest: minimum compact shell keeps real stair openings, clear cabin approach and height-filtered exterior prompts
2026-10-04T15:25:13.3443412Z ok 62 - minimum compact shell keeps real stair openings, clear cabin approach and height-filtered exterior prompts
2026-10-04T15:25:13.3443867Z   ---
2026-10-04T15:25:13.3444049Z   duration_ms: 20.76529
2026-10-04T15:25:13.3444253Z   type: 'test'
2026-10-04T15:25:13.3444433Z   ...
2026-10-04T15:25:13.3444911Z # Subtest: east-bay room furnishings fit every shell and narrow floors preserve room, stair and lift routes
2026-10-04T15:25:13.3445648Z ok 63 - east-bay room furnishings fit every shell and narrow floors preserve room, stair and lift routes
2026-10-04T15:25:13.3446072Z   ---
2026-10-04T15:25:13.3446252Z   duration_ms: 5851.282795
2026-10-04T15:25:13.3446469Z   type: 'test'
2026-10-04T15:25:13.3446648Z   ...
2026-10-04T15:25:13.3447163Z # Subtest: every restored southern workplace has fitting functional furniture and a clear full-height room approach
2026-10-04T15:25:13.3448018Z ok 64 - every restored southern workplace has fitting functional furniture and a clear full-height room approach
2026-10-04T15:25:13.3448482Z   ---
2026-10-04T15:25:13.3448670Z   duration_ms: 68.627658
2026-10-04T15:25:13.3448882Z   type: 'test'
2026-10-04T15:25:13.3449062Z   ...
2026-10-04T15:25:13.3449613Z # Subtest: shared workplace layouts fit the minimum compact shell and support future taller freight buildings
2026-10-04T15:25:13.3450376Z ok 65 - shared workplace layouts fit the minimum compact shell and support future taller freight buildings
2026-10-04T15:25:13.3450813Z   ---
2026-10-04T15:25:13.3450990Z   duration_ms: 1.818339
2026-10-04T15:25:13.3451305Z   type: 'test'
2026-10-04T15:25:13.3451482Z   ...
2026-10-04T15:25:13.3451951Z # Subtest: existing shell uses survive stable address IDs and safer floor heights across both new shores
2026-10-04T15:25:13.3452671Z ok 66 - existing shell uses survive stable address IDs and safer floor heights across both new shores
2026-10-04T15:25:13.3453090Z   ---
2026-10-04T15:25:13.3453269Z   duration_ms: 3.797928
2026-10-04T15:25:13.3453476Z   type: 'test'
2026-10-04T15:25:13.3453658Z   ...
2026-10-04T15:25:13.3454304Z # Subtest: harbor shop overrides and residents actual homes remain distinct from the restored employment warehouses
2026-10-04T15:25:13.3455107Z ok 67 - harbor shop overrides and residents actual homes remain distinct from the restored employment warehouses
2026-10-04T15:25:13.3455561Z   ---
2026-10-04T15:25:13.3455736Z   duration_ms: 0.528435
2026-10-04T15:25:13.3455945Z   type: 'test'
2026-10-04T15:25:13.3456123Z   ...
2026-10-04T15:25:13.3456826Z # Subtest: bounded fixed-step clock preserves visible simulation time at 4–144 Hz
2026-10-04T15:25:13.3457450Z ok 68 - bounded fixed-step clock preserves visible simulation time at 4–144 Hz
2026-10-04T15:25:13.3457806Z   ---
2026-10-04T15:25:13.3457985Z   duration_ms: 4.043637
2026-10-04T15:25:13.3458191Z   type: 'test'
2026-10-04T15:25:13.3458376Z   ...
2026-10-04T15:25:13.3458762Z # Subtest: a long rendering stall runs at most 15 small steps without a future backlog
2026-10-04T15:25:13.3459351Z ok 69 - a long rendering stall runs at most 15 small steps without a future backlog
2026-10-04T15:25:13.3459730Z   ---
2026-10-04T15:25:13.3459907Z   duration_ms: 0.275875
2026-10-04T15:25:13.3460110Z   type: 'test'
2026-10-04T15:25:13.3460287Z   ...
2026-10-04T15:25:13.3460739Z # Subtest: pause and visibility resume discard inactive time without rewinding the rendered phase
2026-10-04T15:25:13.3461528Z ok 70 - pause and visibility resume discard inactive time without rewinding the rendered phase
2026-10-04T15:25:13.3461935Z   ---
2026-10-04T15:25:13.3462115Z   duration_ms: 0.145228
2026-10-04T15:25:13.3462318Z   type: 'test'
2026-10-04T15:25:13.3462493Z   ...
2026-10-04T15:25:13.3462870Z # Subtest: flat streets produce zero body pitch/roll and keep wheels on the road
2026-10-04T15:25:13.3463423Z ok 71 - flat streets produce zero body pitch/roll and keep wheels on the road
2026-10-04T15:25:13.3463768Z   ---
2026-10-04T15:25:13.3463945Z   duration_ms: 0.715086
2026-10-04T15:25:13.3464147Z   type: 'test'
2026-10-04T15:25:13.3464447Z   ...
2026-10-04T15:25:13.3464857Z # Subtest: a diagonal curb residual raises only the clearance missing from a fitted plane
2026-10-04T15:25:13.3465460Z ok 72 - a diagonal curb residual raises only the clearance missing from a fitted plane
2026-10-04T15:25:13.3465831Z   ---
2026-10-04T15:25:13.3466005Z   duration_ms: 0.625412
2026-10-04T15:25:13.3466203Z   type: 'test'
2026-10-04T15:25:13.3466378Z   ...
2026-10-04T15:25:13.3466834Z # Subtest: actual rendered tire vertices stay above the real city ramp at known curb problem positions
2026-10-04T15:25:13.3467535Z ok 73 - actual rendered tire vertices stay above the real city ramp at known curb problem positions
2026-10-04T15:25:13.3467947Z   ---
2026-10-04T15:25:13.3468121Z   duration_ms: 255.669745
2026-10-04T15:25:13.3468336Z   type: 'test'
2026-10-04T15:25:13.3468510Z   ...
2026-10-04T15:25:13.3468944Z # Subtest: slope collision envelope encloses every rendered car vertex including tilted mirrors
2026-10-04T15:25:13.3469611Z ok 74 - slope collision envelope encloses every rendered car vertex including tilted mirrors
2026-10-04T15:25:13.3470013Z   ---
2026-10-04T15:25:13.3470190Z   duration_ms: 103.581767
2026-10-04T15:25:13.3470401Z   type: 'test'
2026-10-04T15:25:13.3470574Z   ...
2026-10-04T15:25:13.3470984Z # Subtest: authored frontages attach to six actual occupied shells and keep High the default
2026-10-04T15:25:13.3471718Z ok 75 - authored frontages attach to six actual occupied shells and keep High the default
2026-10-04T15:25:13.3472100Z   ---
2026-10-04T15:25:13.3472274Z   duration_ms: 26.955096
2026-10-04T15:25:13.3472482Z   type: 'test'
2026-10-04T15:25:13.3472663Z   ...
2026-10-04T15:25:13.3473108Z # Subtest: clear original entrance approaches, frontage walking strip and road lanes are preserved
2026-10-04T15:25:13.3473795Z ok 76 - clear original entrance approaches, frontage walking strip and road lanes are preserved
2026-10-04T15:25:13.3474175Z   ---
2026-10-04T15:25:13.3474335Z   duration_ms: 9.589366
2026-10-04T15:25:13.3474533Z   type: 'test'
2026-10-04T15:25:13.3474706Z   ...
2026-10-04T15:25:13.3475263Z # Subtest: finite curved art geometry, metre projected scanned UVs and a bounded render budget
2026-10-04T15:25:13.3475864Z ok 77 - finite curved art geometry, metre projected scanned UVs and a bounded render budget
2026-10-04T15:25:13.3476234Z   ---
2026-10-04T15:25:13.3476403Z   duration_ms: 105.356338
2026-10-04T15:25:13.3476600Z   type: 'test'
2026-10-04T15:25:13.3476763Z   ...
2026-10-04T15:25:13.3477152Z # Subtest: near detail uses hysteresis, actually destroys buffers and restores far proxies
2026-10-04T15:25:13.3477717Z ok 78 - near detail uses hysteresis, actually destroys buffers and restores far proxies
2026-10-04T15:25:13.3478077Z   ---
2026-10-04T15:25:13.3478255Z   duration_ms: 54.598831
2026-10-04T15:25:13.3478456Z   type: 'test'
2026-10-04T15:25:13.3478627Z   ...
2026-10-04T15:25:13.3479074Z # Subtest: shared interior shell IDs hide both proxy and resident art, including later streamed loads
2026-10-04T15:25:13.3479764Z ok 79 - shared interior shell IDs hide both proxy and resident art, including later streamed loads
2026-10-04T15:25:13.3480167Z   ---
2026-10-04T15:25:13.3480344Z   duration_ms: 24.80514
2026-10-04T15:25:13.3480548Z   type: 'test'
2026-10-04T15:25:13.3480727Z   ...
2026-10-04T15:25:13.3481298Z # Subtest: locally served scanned material maps have recorded CC0 provenance and verified hashes
2026-10-04T15:25:13.3481972Z ok 80 - locally served scanned material maps have recorded CC0 provenance and verified hashes
2026-10-04T15:25:13.3482367Z   ---
2026-10-04T15:25:13.3482540Z   duration_ms: 8.373445
2026-10-04T15:25:13.3482746Z   type: 'test'
2026-10-04T15:25:13.3482918Z   ...
2026-10-04T15:25:13.3483394Z # Subtest: sample room craft fits actual furniture and overhead walls without adding circulation obstacles
2026-10-04T15:25:13.3484130Z ok 81 - sample room craft fits actual furniture and overhead walls without adding circulation obstacles
2026-10-04T15:25:13.3484550Z   ---
2026-10-04T15:25:13.3484724Z   duration_ms: 94.157862
2026-10-04T15:25:13.3485094Z   type: 'test'
2026-10-04T15:25:13.3485271Z   ...
2026-10-04T15:25:14.8091619Z # Subtest: sample binds twenty separate residents to actual homes, counter frontages and legal routes
2026-10-04T15:25:14.8092494Z ok 82 - sample binds twenty separate residents to actual homes, counter frontages and legal routes
2026-10-04T15:25:14.8111702Z   ---
2026-10-04T15:25:14.8120020Z   duration_ms: 246.19174
2026-10-04T15:25:14.8120456Z   type: 'test'
2026-10-04T15:25:14.8120765Z   ...
2026-10-04T15:25:14.8121628Z # Subtest: actual delivery moves finite stock, debits wholesale and escrow, and pays the player once at the recipient
2026-10-04T15:25:14.8122568Z ok 83 - actual delivery moves finite stock, debits wholesale and escrow, and pays the player once at the recipient
2026-10-04T15:25:14.8123119Z   ---
2026-10-04T15:25:14.8123379Z   duration_ms: 123.343051
2026-10-04T15:25:14.8123711Z   type: 'test'
2026-10-04T15:25:14.8123961Z   ...
2026-10-04T15:25:14.8124496Z # Subtest: stock availability and shop funds cause actual successful or blocked purchases
2026-10-04T15:25:14.8125224Z ok 84 - stock availability and shop funds cause actual successful or blocked purchases
2026-10-04T15:25:14.8125681Z   ---
2026-10-04T15:25:14.8125932Z   duration_ms: 88.260738
2026-10-04T15:25:14.8126221Z   type: 'test'
2026-10-04T15:25:14.8126475Z   ...
2026-10-04T15:25:14.8127088Z # Subtest: daily schedules complete home, work, shop and courier loops regardless of visible distance or indoor context
2026-10-04T15:25:14.8128017Z ok 85 - daily schedules complete home, work, shop and courier loops regardless of visible distance or indoor context
2026-10-04T15:25:14.8128564Z   ---
2026-10-04T15:25:14.8128825Z   duration_ms: 338.045409
2026-10-04T15:25:14.8129117Z   type: 'test'
2026-10-04T15:25:14.8129372Z   ...
2026-10-04T15:25:14.8129970Z # Subtest: fixed economic ticks and persisted paths resume deterministically without repeating wages or deliveries
2026-10-04T15:25:14.8131777Z ok 86 - fixed economic ticks and persisted paths resume deterministically without repeating wages or deliveries
2026-10-04T15:25:14.8132364Z   ---
2026-10-04T15:25:14.8132663Z   duration_ms: 441.144181
2026-10-04T15:25:14.8132951Z   type: 'test'
2026-10-04T15:25:14.8133207Z   ...
2026-10-04T15:25:14.8133804Z # Subtest: corrupt or foreign snapshots cannot mint stock, money, arbitrary positions or orphan delivery payouts
2026-10-04T15:25:14.8134691Z ok 87 - corrupt or foreign snapshots cannot mint stock, money, arbitrary positions or orphan delivery payouts
2026-10-04T15:25:14.8135213Z   ---
2026-10-04T15:25:14.8135472Z   duration_ms: 55.452785
2026-10-04T15:25:14.8135761Z   type: 'test'
2026-10-04T15:25:14.8136018Z   ...
2026-10-04T15:25:14.8136604Z # Subtest: warehouse commutes board real moving trams and physically alight onto legal final pavement routes
2026-10-04T15:25:14.8137468Z ok 88 - warehouse commutes board real moving trams and physically alight onto legal final pavement routes
2026-10-04T15:25:14.8137990Z   ---
2026-10-04T15:25:14.8138259Z   duration_ms: 583.226363
2026-10-04T15:25:14.8138549Z   type: 'test'
2026-10-04T15:25:14.8138800Z   ...
2026-10-04T15:25:14.8139372Z # Subtest: renderer streams at most twelve detailed instances while presentation never advances city state
2026-10-04T15:25:14.8140212Z ok 89 - renderer streams at most twelve detailed instances while presentation never advances city state
2026-10-04T15:25:14.8140732Z   ---
2026-10-04T15:25:14.8140985Z   duration_ms: 352.201349
2026-10-04T15:25:14.8141399Z   type: 'test'
2026-10-04T15:25:14.8141670Z   ...
2026-10-04T15:25:14.8142243Z # Subtest: restoring real in-flight fleet tickets preserves boarding, cargo and deterministic continuation
2026-10-04T15:25:14.8143309Z ok 90 - restoring real in-flight fleet tickets preserves boarding, cargo and deterministic continuation
2026-10-04T15:25:14.8143829Z   ---
2026-10-04T15:25:14.8144083Z   duration_ms: 400.823662
2026-10-04T15:25:14.8144372Z   type: 'test'
2026-10-04T15:25:14.8144631Z   ...
2026-10-04T15:25:14.8145488Z # Subtest: rewinding display time never repeats an elapsed wage slot or changes the money supply
2026-10-04T15:25:14.8146256Z ok 91 - rewinding display time never repeats an elapsed wage slot or changes the money supply
2026-10-04T15:25:14.8146747Z   ---
2026-10-04T15:25:14.8147003Z   duration_ms: 51.948216
2026-10-04T15:25:14.8147292Z   type: 'test'
2026-10-04T15:25:14.8147556Z   ...
2026-10-04T15:25:14.8148149Z # Subtest: player buys an actual stocked portion only from the staffed counter and game-owned cash funds the shop
2026-10-04T15:25:14.8149030Z ok 92 - player buys an actual stocked portion only from the staffed counter and game-owned cash funds the shop
2026-10-04T15:25:14.8149566Z   ---
2026-10-04T15:25:14.8149820Z   duration_ms: 277.4434
2026-10-04T15:25:14.8150109Z   type: 'test'
2026-10-04T15:25:14.8150365Z   ...
2026-10-04T15:25:14.8150914Z # Subtest: remote, unfunded, unstaffed, closed and sold-out retail requests never debit the game wallet
2026-10-04T15:25:14.8151848Z ok 93 - remote, unfunded, unstaffed, closed and sold-out retail requests never debit the game wallet
2026-10-04T15:25:14.8152356Z   ---
2026-10-04T15:25:14.8152610Z   duration_ms: 162.401936
2026-10-04T15:25:14.8152905Z   type: 'test'
2026-10-04T15:25:14.8153158Z   ...
2026-10-04T15:25:14.8153721Z # Subtest: runtime traffic clock controls crossing permission independently of persisted economic days
2026-10-04T15:25:14.8154546Z ok 94 - runtime traffic clock controls crossing permission independently of persisted economic days
2026-10-04T15:25:14.8155060Z   ---
2026-10-04T15:25:14.8155322Z   duration_ms: 140.070953
2026-10-04T15:25:14.8155616Z   type: 'test'
2026-10-04T15:25:14.8155876Z   ...
2026-10-04T15:25:14.8156448Z # Subtest: integrated E retail changes the sole game wallet and a saved inventory restores alongside its ledger
2026-10-04T15:25:14.8157248Z ok 95 - integrated E retail changes the sole game wallet and a saved inventory restores alongside its ledger
2026-10-04T15:25:14.8157734Z   ---
2026-10-04T15:25:14.8157979Z   duration_ms: 4369.308145
2026-10-04T15:25:14.8158260Z   type: 'test'
2026-10-04T15:25:14.8158772Z   ...
2026-10-04T15:25:14.8822115Z # Subtest: opposite-shore landmarks retain contrast across the full public harbour view
2026-10-04T15:25:14.8827175Z ok 96 - opposite-shore landmarks retain contrast across the full public harbour view
2026-10-04T15:25:14.8827736Z   ---
2026-10-04T15:25:14.8828054Z   duration_ms: 1.421509
2026-10-04T15:25:14.8828393Z   type: 'test'
2026-10-04T15:25:14.8828698Z   ...
2026-10-04T15:25:14.8829300Z # Subtest: water variants keep independent clocks, shared programs and working cloned shader hooks
2026-10-04T15:25:14.8830148Z ok 97 - water variants keep independent clocks, shared programs and working cloned shader hooks
2026-10-04T15:25:14.8830694Z   ---
2026-10-04T15:25:14.8830994Z   duration_ms: 1.319426
2026-10-04T15:25:14.8831446Z   type: 'test'
2026-10-04T15:25:14.8831746Z   ...
2026-10-04T15:25:14.8832304Z # Subtest: urban finishes separate dielectric glazing, rough mineral surfaces and metal frames
2026-10-04T15:25:14.8833116Z ok 98 - urban finishes separate dielectric glazing, rough mineral surfaces and metal frames
2026-10-04T15:25:14.8833630Z   ---
2026-10-04T15:25:14.8833928Z   duration_ms: 38.547768
2026-10-04T15:25:14.8834260Z   type: 'test'
2026-10-04T15:25:14.8834564Z   ...
2026-10-04T15:26:08.6356542Z # Subtest: normal city play boards bus, walks both decks, travels and alights at another physical stop
2026-10-04T15:26:08.6358638Z ok 99 - normal city play boards bus, walks both decks, travels and alights at another physical stop
2026-10-04T15:26:08.6359310Z   ---
2026-10-04T15:26:08.6359701Z   duration_ms: 6592.476229
2026-10-04T15:26:08.6359979Z   type: 'test'
2026-10-04T15:26:08.6360128Z   ...
2026-10-04T15:26:08.6360629Z # Subtest: normal city play boards tram, walks both decks, travels and alights at another physical stop
2026-10-04T15:26:08.6361683Z ok 100 - normal city play boards tram, walks both decks, travels and alights at another physical stop
2026-10-04T15:26:08.6362725Z   ---
2026-10-04T15:26:08.6362920Z   duration_ms: 11099.194926
2026-10-04T15:26:08.6363165Z   type: 'test'
2026-10-04T15:26:08.6363348Z   ...
2026-10-04T15:26:08.6363819Z # Subtest: normal city play boards ferry, walks both decks, travels and alights at another physical stop
2026-10-04T15:26:08.6364553Z ok 101 - normal city play boards ferry, walks both decks, travels and alights at another physical stop
2026-10-04T15:26:08.6364974Z   ---
2026-10-04T15:26:08.6365158Z   duration_ms: 12306.000829
2026-10-04T15:26:08.6365378Z   type: 'test'
2026-10-04T15:26:08.6365566Z   ...
2026-10-04T15:26:08.6366022Z # Subtest: interior visits preserve street traffic, sample service clocks and resident phases
2026-10-04T15:26:08.6366689Z ok 102 - interior visits preserve street traffic, sample service clocks and resident phases
2026-10-04T15:26:08.6367104Z   ---
2026-10-04T15:26:08.6367287Z   duration_ms: 1168.95225
2026-10-04T15:26:08.6367506Z   type: 'test'
2026-10-04T15:26:08.6367692Z   ...
2026-10-04T15:26:08.6368187Z # Subtest: safeSave restores real commuting tickets, economic paths and delayed dwell before another tick
2026-10-04T15:26:08.6368945Z ok 103 - safeSave restores real commuting tickets, economic paths and delayed dwell before another tick
2026-10-04T15:26:08.6369386Z   ---
2026-10-04T15:26:08.6369568Z   duration_ms: 20789.573078
2026-10-04T15:26:08.6369790Z   type: 'test'
2026-10-04T15:26:08.6369963Z   ...
2026-10-04T15:26:08.6370208Z # Subtest: fresh binding and malformed saved sample fields leave finite clean street state
2026-10-04T15:26:08.6370566Z ok 104 - fresh binding and malformed saved sample fields leave finite clean street state
2026-10-04T15:26:08.6370789Z   ---
2026-10-04T15:26:08.6370905Z   duration_ms: 1559.828808
2026-10-04T15:26:08.6371037Z   type: 'test'
2026-10-04T15:26:08.6371303Z   ...
2026-10-04T15:26:08.6371631Z # Subtest: fixed simulation and render updates remain separate, with bounded collector-height tram wires
2026-10-04T15:26:08.6372060Z ok 105 - fixed simulation and render updates remain separate, with bounded collector-height tram wires
2026-10-04T15:26:08.6372477Z   ---
2026-10-04T15:26:08.6372596Z   duration_ms: 2346.781856
2026-10-04T15:26:08.6372729Z   type: 'test'
2026-10-04T15:26:08.6372843Z   ...
2026-10-04T15:26:08.6373224Z # Subtest: a restored south-shore signal clock controls real cars, rendered lights and crossing residents while north traffic keeps its original clock
2026-10-04T15:26:08.6373819Z ok 106 - a restored south-shore signal clock controls real cars, rendered lights and crossing residents while north traffic keeps its original clock
2026-10-04T15:26:08.6374142Z   ---
2026-10-04T15:26:08.6374259Z   duration_ms: 142.669327
2026-10-04T15:26:08.6374391Z   type: 'test'
2026-10-04T15:26:08.6374501Z   ...
2026-10-04T15:26:08.6374789Z # Subtest: ordinary city steps yield the long bus to a real resident already crossing, including after save/load
2026-10-04T15:26:08.6375219Z ok 107 - ordinary city steps yield the long bus to a real resident already crossing, including after save/load
2026-10-04T15:26:08.6375473Z   ---
2026-10-04T15:26:08.6375591Z   duration_ms: 2090.126304
2026-10-04T15:26:08.6375721Z   type: 'test'
2026-10-04T15:26:08.6375831Z   ...
2026-10-04T15:26:08.6932832Z # Subtest: harbor towers occupy land behind a continuous shore and have authored geometric crowns
2026-10-04T15:26:08.6933742Z ok 108 - harbor towers occupy land behind a continuous shore and have authored geometric crowns
2026-10-04T15:26:08.6934357Z   ---
2026-10-04T15:26:08.6934668Z   duration_ms: 22.60517
2026-10-04T15:26:08.6935013Z   type: 'test'
2026-10-04T15:26:08.6935317Z   ...
2026-10-04T15:26:08.6940181Z # Subtest: the actual eye-level promenade camera sees multiple distinct towers across open water
2026-10-04T15:26:08.6940976Z ok 109 - the actual eye-level promenade camera sees multiple distinct towers across open water
2026-10-04T15:26:08.6941507Z   ---
2026-10-04T15:26:08.6941688Z   duration_ms: 51.760938
2026-10-04T15:26:08.6941895Z   type: 'test'
2026-10-04T15:26:08.6942064Z   ...
2026-10-04T15:26:08.6942929Z # Subtest: all three harbor viewpoints are reached on existing real pavement with the full player radius
2026-10-04T15:26:08.6943623Z ok 110 - all three harbor viewpoints are reached on existing real pavement with the full player radius
2026-10-04T15:26:08.6944016Z   ---
2026-10-04T15:26:08.6944191Z   duration_ms: 173.772365
2026-10-04T15:26:08.6944408Z   type: 'test'
2026-10-04T15:26:08.6944585Z   ...
2026-10-04T15:26:08.6945057Z # Subtest: walking inland across the former support edge stays on the rendered shore and mountain triangles
2026-10-04T15:26:08.6945762Z ok 111 - walking inland across the former support edge stays on the rendered shore and mountain triangles
2026-10-04T15:26:08.6946167Z   ---
2026-10-04T15:26:08.6946346Z   duration_ms: 175.730982
2026-10-04T15:26:08.6946552Z   type: 'test'
2026-10-04T15:26:08.6946725Z   ...
2026-10-04T15:26:08.6947189Z # Subtest: view distance streams and disposes real facade details without changing skyline massing or quality
2026-10-04T15:26:08.6947910Z ok 112 - view distance streams and disposes real facade details without changing skyline massing or quality
2026-10-04T15:26:08.6948325Z   ---
2026-10-04T15:26:08.6948496Z   duration_ms: 20.054173
2026-10-04T15:26:08.6948697Z   type: 'test'
2026-10-04T15:26:08.6948872Z   ...
2026-10-04T15:26:08.6949260Z # Subtest: small window bays use metre UVs and sparse office lights follow the world clock
2026-10-04T15:26:08.6949628Z ok 113 - small window bays use metre UVs and sparse office lights follow the world clock
2026-10-04T15:26:08.6949849Z   ---
2026-10-04T15:26:08.6949958Z   duration_ms: 10.064428
2026-10-04T15:26:08.6950088Z   type: 'test'
2026-10-04T15:26:08.6950202Z   ...
2026-10-04T15:26:08.6950446Z # Subtest: shared shore support ends at the visible coastline and preserves water outside it
2026-10-04T15:26:08.6950808Z ok 114 - shared shore support ends at the visible coastline and preserves water outside it
2026-10-04T15:26:08.6951034Z   ---
2026-10-04T15:26:08.6951297Z   duration_ms: 1.188368
2026-10-04T15:26:08.6951433Z   type: 'test'
2026-10-04T15:26:08.6951791Z   ...
2026-10-04T15:26:08.6952241Z # Subtest: client and multiplayer server support match raycast triangles on both sides of ridge diagonals
2026-10-04T15:26:08.6952763Z ok 115 - client and multiplayer server support match raycast triangles on both sides of ridge diagonals
2026-10-04T15:26:08.6953014Z   ---
2026-10-04T15:26:08.6953126Z   duration_ms: 136.113738
2026-10-04T15:26:08.6953257Z   type: 'test'
2026-10-04T15:26:08.6953369Z   ...
2026-10-04T15:26:08.6953643Z # Subtest: multiplayer support retains reachable infrastructure decks and the road beneath an underpass
2026-10-04T15:26:08.6954057Z ok 116 - multiplayer support retains reachable infrastructure decks and the road beneath an underpass
2026-10-04T15:26:08.6954307Z   ---
2026-10-04T15:26:08.6954415Z   duration_ms: 0.302446
2026-10-04T15:26:08.6954543Z   type: 'test'
2026-10-04T15:26:08.6954653Z   ...
2026-10-04T15:26:08.6954905Z # Subtest: every original service fits its existing street or water corridor for a whole circuit
2026-10-04T15:26:08.6955291Z ok 117 - every original service fits its existing street or water corridor for a whole circuit
2026-10-04T15:26:08.6955521Z   ---
2026-10-04T15:26:08.6955635Z   duration_ms: 907.843335
2026-10-04T15:26:08.6955766Z   type: 'test'
2026-10-04T15:26:08.6955877Z   ...
2026-10-04T15:26:08.6956135Z # Subtest: bus: walk through the boarding door, upstairs, along the upper aisle and back downstairs
2026-10-04T15:26:08.6956518Z ok 118 - bus: walk through the boarding door, upstairs, along the upper aisle and back downstairs
2026-10-04T15:26:08.6956749Z   ---
2026-10-04T15:26:08.6956861Z   duration_ms: 79.881953
2026-10-04T15:26:08.6956990Z   type: 'test'
2026-10-04T15:26:08.6957100Z   ...
2026-10-04T15:26:08.6957353Z # Subtest: tram: walk through the boarding door, upstairs, along the upper aisle and back downstairs
2026-10-04T15:26:08.6957738Z ok 119 - tram: walk through the boarding door, upstairs, along the upper aisle and back downstairs
2026-10-04T15:26:08.6958062Z   ---
2026-10-04T15:26:08.6958177Z   duration_ms: 65.889694
2026-10-04T15:26:08.6958309Z   type: 'test'
2026-10-04T15:26:08.6958418Z   ...
2026-10-04T15:26:08.6958673Z # Subtest: ferry: walk through the boarding door, upstairs, along the upper aisle and back downstairs
2026-10-04T15:26:08.6959062Z ok 120 - ferry: walk through the boarding door, upstairs, along the upper aisle and back downstairs
2026-10-04T15:26:08.6959298Z   ---
2026-10-04T15:26:08.6959408Z   duration_ms: 117.130671
2026-10-04T15:26:08.6959542Z   type: 'test'
2026-10-04T15:26:08.6959651Z   ...
2026-10-04T15:26:08.6959921Z # Subtest: passenger seats, closed doors and end walls reject movement rather than pinning the passenger
2026-10-04T15:26:08.6960329Z ok 121 - passenger seats, closed doors and end walls reject movement rather than pinning the passenger
2026-10-04T15:26:08.6960571Z   ---
2026-10-04T15:26:08.6960679Z   duration_ms: 7.929195
2026-10-04T15:26:08.6960804Z   type: 'test'
2026-10-04T15:26:08.6960923Z   ...
2026-10-04T15:26:08.6961326Z # Subtest: ten minutes of independent timetables keep bus and tram bodies apart
2026-10-04T15:26:08.6961700Z ok 122 - ten minutes of independent timetables keep bus and tram bodies apart
2026-10-04T15:26:08.6962027Z   ---
2026-10-04T15:26:08.6962198Z   duration_ms: 306.981283
2026-10-04T15:26:08.6962401Z   type: 'test'
2026-10-04T15:26:08.6962577Z   ...
2026-10-04T15:26:08.6962965Z # Subtest: external traffic stops the bus before contact and the delayed timetable resumes
2026-10-04T15:26:08.6963547Z ok 123 - external traffic stops the bus before contact and the delayed timetable resumes
2026-10-04T15:26:08.6963907Z   ---
2026-10-04T15:26:08.6964080Z   duration_ms: 14.893597
2026-10-04T15:26:08.6964283Z   type: 'test'
2026-10-04T15:26:08.6964455Z   ...
2026-10-04T15:26:08.6964877Z # Subtest: saving restores stop dwell and delayed schedules without placing a load inside a vehicle
2026-10-04T15:26:08.6965451Z ok 124 - saving restores stop dwell and delayed schedules without placing a load inside a vehicle
2026-10-04T15:26:08.6965906Z   ---
2026-10-04T15:26:08.6966080Z   duration_ms: 13.657056
2026-10-04T15:26:08.6966279Z   type: 'test'
2026-10-04T15:26:08.6966448Z   ...
2026-10-04T15:26:08.6966853Z # Subtest: citizens board a real stop, travel in the moving cabin and alight at a different stop
2026-10-04T15:26:08.6967455Z ok 125 - citizens board a real stop, travel in the moving cabin and alight at a different stop
2026-10-04T15:26:08.6967818Z   ---
2026-10-04T15:26:08.6967990Z   duration_ms: 40.668873
2026-10-04T15:26:08.6968187Z   type: 'test'
2026-10-04T15:26:08.6968357Z   ...
2026-10-04T15:26:08.6968727Z # Subtest: a saved boarding token, door hold and citizen cabin pose continue after load
2026-10-04T15:26:08.6969279Z ok 126 - a saved boarding token, door hold and citizen cabin pose continue after load
2026-10-04T15:26:08.6969620Z   ---
2026-10-04T15:26:08.6969786Z   duration_ms: 18.829311
2026-10-04T15:26:08.6969988Z   type: 'test'
2026-10-04T15:26:08.6970159Z   ...
2026-10-04T15:26:08.6970615Z # Subtest: both ferry piers can be walked from real street height over the sea wall and match rendered support
2026-10-04T15:26:08.6971414Z ok 127 - both ferry piers can be walked from real street height over the sea wall and match rendered support
2026-10-04T15:26:08.6971811Z   ---
2026-10-04T15:26:08.6971981Z   duration_ms: 953.653265
2026-10-04T15:26:08.6972185Z   type: 'test'
2026-10-04T15:26:08.6972355Z   ...
2026-10-04T15:26:08.6972873Z # Subtest: sixteen static batches retain all 101 original transforms, materials and shadow flags with independent bank bounds
2026-10-04T15:26:08.6973681Z ok 128 - sixteen static batches retain all 101 original transforms, materials and shadow flags with independent bank bounds
2026-10-04T15:26:08.6974133Z   ---
2026-10-04T15:26:08.6974300Z   duration_ms: 25.210866
2026-10-04T15:26:08.6974521Z   type: 'test'
2026-10-04T15:26:08.6974693Z   ...
2026-10-04T15:26:08.6975191Z # Subtest: static instances stay shared while ferry gangways, eleven canvas signs and the live fleet remain independent
2026-10-04T15:26:08.6976063Z ok 129 - static instances stay shared while ferry gangways, eleven canvas signs and the live fleet remain independent
2026-10-04T15:26:08.6976501Z   ---
2026-10-04T15:26:08.6976668Z   duration_ms: 53.7742
2026-10-04T15:26:08.6976863Z   type: 'test'
2026-10-04T15:26:08.6977037Z   ...
2026-10-04T15:26:08.6977482Z # Subtest: bus at its actual eight-metre curb lane brakes before red, restores its queue and resumes on green
2026-10-04T15:26:08.6978166Z ok 130 - bus at its actual eight-metre curb lane brakes before red, restores its queue and resumes on green
2026-10-04T15:26:08.6978568Z   ---
2026-10-04T15:26:08.6978736Z   duration_ms: 25.344537
2026-10-04T15:26:08.6978933Z   type: 'test'
2026-10-04T15:26:08.6979107Z   ...
2026-10-04T15:26:08.6979554Z # Subtest: tram at its actual eight-metre curb lane brakes before red, restores its queue and resumes on green
2026-10-04T15:26:08.6980239Z ok 131 - tram at its actual eight-metre curb lane brakes before red, restores its queue and resumes on green
2026-10-04T15:26:08.6980650Z   ---
2026-10-04T15:26:08.6980817Z   duration_ms: 32.087857
2026-10-04T15:26:08.6981016Z   type: 'test'
2026-10-04T15:26:08.6981278Z   ...
2026-10-04T15:26:08.6981685Z # Subtest: a vehicle already admitted through green clears a newly red junction after save/load
2026-10-04T15:26:08.6982297Z ok 132 - a vehicle already admitted through green clears a newly red junction after save/load
2026-10-04T15:26:08.6982663Z   ---
2026-10-04T15:26:08.6982834Z   duration_ms: 23.248032
2026-10-04T15:26:08.6983031Z   type: 'test'
2026-10-04T15:26:08.6983200Z   ...
2026-10-04T15:26:08.6983693Z # Subtest: the shared pedestrian stop-distance hook protects the bus front, persists its wait and excludes the ferry
2026-10-04T15:26:08.6984507Z ok 133 - the shared pedestrian stop-distance hook protects the bus front, persists its wait and excludes the ferry
2026-10-04T15:26:08.6984784Z   ---
2026-10-04T15:26:08.6984896Z   duration_ms: 36.11623
2026-10-04T15:26:08.6985030Z   type: 'test'
2026-10-04T15:26:08.6985236Z   ...
2026-10-04T15:26:08.6985509Z # Subtest: harbor assets have finite geometry and actual closed/open bounds inside their metre envelopes
2026-10-04T15:26:08.6985915Z ok 134 - harbor assets have finite geometry and actual closed/open bounds inside their metre envelopes
2026-10-04T15:26:08.6986159Z   ---
2026-10-04T15:26:08.6986270Z   duration_ms: 870.282765
2026-10-04T15:26:08.6986398Z   type: 'test'
2026-10-04T15:26:08.6986508Z   ...
2026-10-04T15:26:08.6986778Z # Subtest: both decks, all portals and stair landings remain reachable by the declared passenger capsule
2026-10-04T15:26:08.6987185Z ok 135 - both decks, all portals and stair landings remain reachable by the declared passenger capsule
2026-10-04T15:26:08.6987427Z   ---
2026-10-04T15:26:08.6987534Z   duration_ms: 8.854071
2026-10-04T15:26:08.6987665Z   type: 'test'
2026-10-04T15:26:08.6987773Z   ...
2026-10-04T15:26:08.6988024Z # Subtest: open doorway geometry clears a full body at both jambs, and closed leaves block passage
2026-10-04T15:26:08.6988411Z ok 136 - open doorway geometry clears a full body at both jambs, and closed leaves block passage
2026-10-04T15:26:08.6988643Z   ---
2026-10-04T15:26:08.6988753Z   duration_ms: 366.184429
2026-10-04T15:26:08.6988884Z   type: 'test'
2026-10-04T15:26:08.6988993Z   ...
2026-10-04T15:26:08.6989240Z # Subtest: actual stair mesh and ceilings leave standing headroom across the entire companionway
2026-10-04T15:26:08.6989618Z ok 137 - actual stair mesh and ceilings leave standing headroom across the entire companionway
2026-10-04T15:26:08.6989848Z   ---
2026-10-04T15:26:08.6989958Z   duration_ms: 1335.479218
2026-10-04T15:26:08.6990090Z   type: 'test'
2026-10-04T15:26:08.6990203Z   ...
2026-10-04T15:26:08.6990474Z # Subtest: ferry support and side collision narrow with its bow rather than exposing square deck overhangs
2026-10-04T15:26:08.6990885Z ok 138 - ferry support and side collision narrow with its bow rather than exposing square deck overhangs
2026-10-04T15:26:08.6991420Z   ---
2026-10-04T15:26:08.6991595Z   duration_ms: 0.644059
2026-10-04T15:26:08.6991792Z   type: 'test'
2026-10-04T15:26:08.6991966Z   ...
2026-10-04T15:26:08.6992464Z # Subtest: LOD budgets, original provenance and material response are explicit and lighting updates are instance-local
2026-10-04T15:26:08.6993276Z ok 139 - LOD budgets, original provenance and material response are explicit and lighting updates are instance-local
2026-10-04T15:26:08.6993728Z   ---
2026-10-04T15:26:08.6993900Z   duration_ms: 18.055953
2026-10-04T15:26:08.6994105Z   type: 'test'
2026-10-04T15:26:08.6994285Z   ...
2026-10-04T15:26:08.6994800Z # Subtest: instance disposal is idempotent and preserves shared geometry used by remaining vehicles and all LODs
2026-10-04T15:26:08.6995622Z ok 140 - instance disposal is idempotent and preserves shared geometry used by remaining vehicles and all LODs
2026-10-04T15:26:08.6996084Z   ---
2026-10-04T15:26:08.6996264Z   duration_ms: 14.037515
2026-10-04T15:26:08.6996487Z   type: 'test'
2026-10-04T15:26:08.6996668Z   ...
2026-10-04T15:26:08.6997044Z # Subtest: closed cabin actually blocks the former gap above the door leaves
2026-10-04T15:26:08.6997589Z ok 141 - closed cabin actually blocks the former gap above the door leaves
2026-10-04T15:26:08.6997936Z   ---
2026-10-04T15:26:08.6998119Z   duration_ms: 82.157639
2026-10-04T15:26:08.6998335Z   type: 'test'
2026-10-04T15:26:08.6998544Z   ...
2026-10-04T15:26:08.6998980Z # Subtest: cabin occlusion follows actual camera bounds and restores city before doors open
2026-10-04T15:26:08.6999642Z ok 142 - cabin occlusion follows actual camera bounds and restores city before doors open
2026-10-04T15:26:08.7000038Z   ---
2026-10-04T15:26:08.7000225Z   duration_ms: 1474.714548
2026-10-04T15:26:08.7000445Z   type: 'test'
2026-10-04T15:26:08.7000626Z   ...
2026-10-04T15:26:08.7001088Z # Subtest: ordinary third-person camera retracts behind the safety door throughout the high lift ride
2026-10-04T15:26:08.7002250Z ok 143 - ordinary third-person camera retracts behind the safety door throughout the high lift ride
2026-10-04T15:26:08.7002681Z   ---
2026-10-04T15:26:08.7002862Z   duration_ms: 93.518737
2026-10-04T15:26:08.7003078Z   type: 'test'
2026-10-04T15:26:08.7003261Z   ...
2026-10-04T15:26:08.7003701Z # Subtest: moving lift carries the normal low-pitch camera at 60 Hz without a floor-level view
2026-10-04T15:26:08.7004369Z ok 144 - moving lift carries the normal low-pitch camera at 60 Hz without a floor-level view
2026-10-04T15:26:08.7004769Z   ---
2026-10-04T15:26:08.7004949Z   duration_ms: 80.684537
2026-10-04T15:26:08.7005166Z   type: 'test'
2026-10-04T15:26:08.7005348Z   ...
2026-10-04T15:26:08.7005778Z # Subtest: moving lift carries the normal low-pitch camera at 4 Hz without a floor-level view
2026-10-04T15:26:08.7006430Z ok 145 - moving lift carries the normal low-pitch camera at 4 Hz without a floor-level view
2026-10-04T15:26:08.7006830Z   ---
2026-10-04T15:26:08.7007011Z   duration_ms: 25.214114
2026-10-04T15:26:08.7007227Z   type: 'test'
2026-10-04T15:26:08.7007410Z   ...
2026-10-04T15:26:08.7007818Z # Subtest: west-link: a pedestrian walks up, across and down without height mutation
2026-10-04T15:26:08.7008422Z ok 146 - west-link: a pedestrian walks up, across and down without height mutation
2026-10-04T15:26:08.7008796Z   ---
2026-10-04T15:26:08.7008979Z   duration_ms: 761.75687
2026-10-04T15:26:08.7009193Z   type: 'test'
2026-10-04T15:26:08.7009376Z   ...
2026-10-04T15:26:08.7009758Z # {"maximum":8,"maximumStep":0.010181811998556611,"seconds":87.48333333332965}
2026-10-04T15:26:08.7010322Z # Subtest: west-link: a car drives both ramps and saves on a safe ground entrance
2026-10-04T15:26:08.7010892Z ok 147 - west-link: a car drives both ramps and saves on a safe ground entrance
2026-10-04T15:26:08.7011349Z   ---
2026-10-04T15:26:08.7011534Z   duration_ms: 699.720425
2026-10-04T15:26:08.7011751Z   type: 'test'
2026-10-04T15:26:08.7011936Z   ...
2026-10-04T15:26:08.7012306Z # {"maximum":8.001,"maximumStep":0.04337433879758379,"seconds":21.883333333333372}
2026-10-04T15:26:08.7013010Z # Subtest: east-link: a pedestrian walks up, across and down without height mutation
2026-10-04T15:26:08.7013613Z ok 148 - east-link: a pedestrian walks up, across and down without height mutation
2026-10-04T15:26:08.7013981Z   ---
2026-10-04T15:26:08.7014163Z   duration_ms: 888.585534
2026-10-04T15:26:08.7014381Z   type: 'test'
2026-10-04T15:26:08.7014562Z   ...
2026-10-04T15:26:08.7014921Z # {"maximum":9,"maximumStep":0.01049999775308752,"seconds":130.34999999999587}
2026-10-04T15:26:08.7015480Z # Subtest: east-link: a car drives both ramps and saves on a safe ground entrance
2026-10-04T15:26:08.7016132Z ok 149 - east-link: a car drives both ramps and saves on a safe ground entrance
2026-10-04T15:26:08.7016546Z   ---
2026-10-04T15:26:08.7016727Z   duration_ms: 840.978473
2026-10-04T15:26:08.7016946Z   type: 'test'
2026-10-04T15:26:08.7017128Z   ...
2026-10-04T15:26:08.7017495Z # {"maximum":9.001,"maximumStep":0.0447177873670066,"seconds":31.983333333332798}
2026-10-04T15:26:08.7018155Z # Subtest: a pedestrian reaches the public freight-port promenade and walks back over the sea wall
2026-10-04T15:26:08.7018867Z ok 150 - a pedestrian reaches the public freight-port promenade and walks back over the sea wall
2026-10-04T15:26:08.7019290Z   ---
2026-10-04T15:26:08.7019474Z   duration_ms: 175.182913
2026-10-04T15:26:08.7019692Z   type: 'test'
2026-10-04T15:26:08.7019875Z   ...
2026-10-04T15:26:08.7020654Z # {"outbound":{"maximum":2.4,"maximumStep":0.017683754768263338,"seconds":16.95000000000032},"inbound":{"maximum":2.4,"maximumStep":0.017683754768263338,"seconds":16.933333333332374}}
2026-10-04T15:26:08.7021602Z # Subtest: cars cross below both flyovers without being lifted onto the deck
2026-10-04T15:26:08.7022118Z ok 151 - cars cross below both flyovers without being lifted onto the deck
2026-10-04T15:26:08.7022447Z   ---
2026-10-04T15:26:08.7022623Z   duration_ms: 47.918552
2026-10-04T15:26:08.7022830Z   type: 'test'
2026-10-04T15:26:08.7023015Z   ...
2026-10-04T15:26:08.7024945Z # Subtest: added piers and street equipment leave existing north-shore traffic crossings open
2026-10-04T15:26:08.7025684Z ok 152 - added piers and street equipment leave existing north-shore traffic crossings open
2026-10-04T15:26:08.7026067Z   ---
2026-10-04T15:26:08.7026391Z   duration_ms: 213.570522
2026-10-04T15:26:08.7026738Z   type: 'test'
2026-10-04T15:26:08.7026991Z   ...
2026-10-04T15:26:08.7027633Z # Subtest: every address has an explicit entrance, frontage, roof, and unique physical signature
2026-10-04T15:26:08.7028420Z ok 153 - every address has an explicit entrance, frontage, roof, and unique physical signature
2026-10-04T15:26:08.7028933Z   ---
2026-10-04T15:26:08.7029192Z   duration_ms: 1.311524
2026-10-04T15:26:08.7029545Z   type: 'test'
2026-10-04T15:26:08.7029862Z   ...
2026-10-04T15:26:08.7030397Z # Subtest: all 192 authored display fronts are visible chunk geometry and clear the central approach
2026-10-04T15:26:08.7042054Z ok 154 - all 192 authored display fronts are visible chunk geometry and clear the central approach
2026-10-04T15:26:08.7042465Z   ---
2026-10-04T15:26:08.7042685Z   duration_ms: 2.859473
2026-10-04T15:26:08.7042916Z   type: 'test'
2026-10-04T15:26:08.7043092Z   ...
2026-10-04T15:26:08.7043559Z # Subtest: shop lettering preserves its physical aspect ratio and uses ordinary UV projection
2026-10-04T15:26:08.7044215Z ok 155 - shop lettering preserves its physical aspect ratio and uses ordinary UV projection
2026-10-04T15:26:08.7044612Z   ---
2026-10-04T15:26:08.7044815Z   duration_ms: 58.94145
2026-10-04T15:26:08.7045021Z   type: 'test'
2026-10-04T15:26:08.7045222Z   ...
2026-10-04T15:26:08.7045604Z # Subtest: upper facade ribs do not obscure retail signs or the entrance canopy
2026-10-04T15:26:08.7046168Z ok 156 - upper facade ribs do not obscure retail signs or the entrance canopy
2026-10-04T15:26:08.7046515Z   ---
2026-10-04T15:26:08.7046692Z   duration_ms: 10.037906
2026-10-04T15:26:08.7046922Z   type: 'test'
2026-10-04T15:26:08.7047299Z   ...
2026-10-04T15:26:08.7047742Z # Subtest: retail counters and collision agree at adult scale, with small goods resting on top
2026-10-04T15:26:08.7048412Z ok 157 - retail counters and collision agree at adult scale, with small goods resting on top
2026-10-04T15:26:08.7048831Z   ---
2026-10-04T15:26:08.7049018Z   duration_ms: 34.89936
2026-10-04T15:26:08.7049247Z   type: 'test'
2026-10-04T15:26:08.7049423Z   ...
2026-10-04T15:26:08.7049808Z # Subtest: human-scale motifs and curved components survive actual chunk export
2026-10-04T15:26:08.7050392Z ok 158 - human-scale motifs and curved components survive actual chunk export
2026-10-04T15:26:08.7050768Z   ---
2026-10-04T15:26:08.7050977Z   duration_ms: 175.673772
2026-10-04T15:26:08.7058065Z   type: 'test'
2026-10-04T15:26:08.7058289Z   ...
2026-10-04T15:26:08.7058709Z # Subtest: additional architectural detail stays streamed and within bounded chunk budgets
2026-10-04T15:26:08.7059335Z ok 159 - additional architectural detail stays streamed and within bounded chunk budgets
2026-10-04T15:26:08.7059716Z   ---
2026-10-04T15:26:08.7059905Z   duration_ms: 15.161937
2026-10-04T15:26:08.7060118Z   type: 'test'
2026-10-04T15:26:08.7060296Z   ...
2026-10-04T15:26:08.7060695Z # Subtest: architectural refinement retains the full wide lobby approach at every address
2026-10-04T15:26:08.7061535Z ok 160 - architectural refinement retains the full wide lobby approach at every address
2026-10-04T15:26:08.7061878Z   ---
2026-10-04T15:26:08.7062061Z   duration_ms: 4.211838
2026-10-04T15:26:08.7062306Z   type: 'test'
2026-10-04T15:26:08.7062503Z   ...
2026-10-04T15:26:08.7062937Z # Subtest: address-specific sign materials are disposed along with their streamed district
2026-10-04T15:26:08.7063523Z ok 161 - address-specific sign materials are disposed along with their streamed district
2026-10-04T15:26:08.7063885Z   ---
2026-10-04T15:26:08.7064061Z   duration_ms: 81.301401
2026-10-04T15:26:08.7064262Z   type: 'test'
2026-10-04T15:26:08.7064435Z   ...
2026-10-04T15:26:08.7064975Z # Subtest: an underpass and its upper carriageway stay independent at the same x/z
2026-10-04T15:26:08.7065508Z ok 162 - an underpass and its upper carriageway stay independent at the same x/z
2026-10-04T15:26:08.7065842Z   ---
2026-10-04T15:26:08.7066014Z   duration_ms: 4.238084
2026-10-04T15:26:08.7066234Z   type: 'test'
2026-10-04T15:26:08.7066418Z   ...
2026-10-04T15:26:08.7066869Z # Subtest: both directions of both ramps support a continuous pedestrian journey without an elevation snap
2026-10-04T15:26:08.7067570Z ok 163 - both directions of both ramps support a continuous pedestrian journey without an elevation snap
2026-10-04T15:26:08.7067968Z   ---
2026-10-04T15:26:08.7068138Z   duration_ms: 340.195801
2026-10-04T15:26:08.7068346Z   type: 'test'
2026-10-04T15:26:08.7068517Z   ...
2026-10-04T15:26:08.7068975Z # Subtest: four-wheel car support follows both complete flyovers without jumping level or striking a collider
2026-10-04T15:26:08.7069694Z ok 164 - four-wheel car support follows both complete flyovers without jumping level or striking a collider
2026-10-04T15:26:08.7070110Z   ---
2026-10-04T15:26:08.7070282Z   duration_ms: 370.857698
2026-10-04T15:26:08.7070483Z   type: 'test'
2026-10-04T15:26:08.7070654Z   ...
2026-10-04T15:26:08.7071062Z # Subtest: rendered carriageway tops agree with the analytical support profile to one centimetre
2026-10-04T15:26:08.7071805Z ok 165 - rendered carriageway tops agree with the analytical support profile to one centimetre
2026-10-04T15:26:08.7072182Z   ---
2026-10-04T15:26:08.7072354Z   duration_ms: 0.739683
2026-10-04T15:26:08.7072549Z   type: 'test'
2026-10-04T15:26:08.7072728Z   ...
2026-10-04T15:26:08.7073182Z # Subtest: cross-streets retain a clear path below the flyovers and bridge piers remain outside carriageways
2026-10-04T15:26:08.7073882Z ok 166 - cross-streets retain a clear path below the flyovers and bridge piers remain outside carriageways
2026-10-04T15:26:08.7074287Z   ---
2026-10-04T15:26:08.7074459Z   duration_ms: 11.983144
2026-10-04T15:26:08.7074771Z   type: 'test'
2026-10-04T15:26:08.7074949Z   ...
2026-10-04T15:26:08.7075380Z # Subtest: freight access rises continuously over the original seawall and reaches a real clear deck
2026-10-04T15:26:08.7076032Z ok 167 - freight access rises continuously over the original seawall and reaches a real clear deck
2026-10-04T15:26:08.7076417Z   ---
2026-10-04T15:26:08.7076585Z   duration_ms: 18.552079
2026-10-04T15:26:08.7076781Z   type: 'test'
2026-10-04T15:26:08.7076954Z   ...
2026-10-04T15:26:08.7077369Z # Subtest: station additions preserve every building entrance, transit entrance and ferry passage
2026-10-04T15:26:08.7078000Z ok 168 - station additions preserve every building entrance, transit entrance and ferry passage
2026-10-04T15:26:08.7078377Z   ---
2026-10-04T15:26:08.7078544Z   duration_ms: 8.589616
2026-10-04T15:26:08.7078736Z   type: 'test'
2026-10-04T15:26:08.7078907Z   ...
2026-10-04T15:26:08.7079343Z # Subtest: district culling hides distant detail while keeping local geometry and permanent collisions
2026-10-04T15:26:08.7080009Z ok 169 - district culling hides distant detail while keeping local geometry and permanent collisions
2026-10-04T15:26:08.7080398Z   ---
2026-10-04T15:26:08.7080570Z   duration_ms: 2.162194
2026-10-04T15:26:08.7080796Z   type: 'test'
2026-10-04T15:26:08.7080972Z   ...
2026-10-04T15:26:08.7081476Z # Subtest: entry signs face their approach routes and every sign has an opaque blank reverse
2026-10-04T15:26:08.7082086Z ok 170 - entry signs face their approach routes and every sign has an opaque blank reverse
2026-10-04T15:26:08.7082457Z   ---
2026-10-04T15:26:08.7082627Z   duration_ms: 19.40547
2026-10-04T15:26:08.7082822Z   type: 'test'
2026-10-04T15:26:08.7082994Z   ...
2026-10-04T15:26:08.7083467Z # Subtest: every one of 48 addresses has distinct furnished programmes, open entrances, and a walkable elevator route
2026-10-04T15:26:08.7084222Z ok 171 - every one of 48 addresses has distinct furnished programmes, open entrances, and a walkable elevator route
2026-10-04T15:26:08.7084650Z   ---
2026-10-04T15:26:08.7084925Z   duration_ms: 566.198534
2026-10-04T15:26:08.7085154Z   type: 'test'
2026-10-04T15:26:08.7085332Z   ...
2026-10-04T15:26:08.7085830Z # Subtest: all natural floor plans keep furniture collision aligned with visible geometry and guard upper-floor edges
2026-10-04T15:26:08.7086655Z ok 172 - all natural floor plans keep furniture collision aligned with visible geometry and guard upper-floor edges
2026-10-04T15:26:08.7087097Z   ---
2026-10-04T15:26:08.7087274Z   duration_ms: 1125.116593
2026-10-04T15:26:08.7087504Z   type: 'test'
2026-10-04T15:26:08.7087679Z   ...
2026-10-04T15:26:08.7088168Z # Subtest: the tallest lift carries a boarded passenger continuously, closes its doors, and arrives clear of furniture
2026-10-04T15:26:08.7088967Z ok 173 - the tallest lift carries a boarded passenger continuously, closes its doors, and arrives clear of furniture
2026-10-04T15:26:08.7089286Z   ---
2026-10-04T15:26:08.7089397Z   duration_ms: 72.061255
2026-10-04T15:26:08.7089534Z   type: 'test'
2026-10-04T15:26:08.7089642Z   ...
2026-10-04T15:26:08.7089968Z # Subtest: elevator selection validates the passenger still occupies the physical cabin and forced leave clears a moving ride
2026-10-04T15:26:08.7090465Z ok 174 - elevator selection validates the passenger still occupies the physical cabin and forced leave clears a moving ride
2026-10-04T15:26:08.7090751Z   ---
2026-10-04T15:26:08.7090859Z   duration_ms: 12.413446
2026-10-04T15:26:08.7090987Z   type: 'test'
2026-10-04T15:26:08.7091098Z   ...
2026-10-04T15:26:08.7091550Z # Subtest: interiors use textured shared finishes but transparent local glazing, and refresh copied player snapshots
2026-10-04T15:26:08.7092009Z ok 175 - interiors use textured shared finishes but transparent local glazing, and refresh copied player snapshots
2026-10-04T15:26:08.7092277Z   ---
2026-10-04T15:26:08.7092385Z   duration_ms: 13.257551
2026-10-04T15:26:08.7092512Z   type: 'test'
2026-10-04T15:26:08.7092625Z   ...
2026-10-04T15:26:08.7092933Z # Subtest: entering and leaving rooms preserves the global point-light shader budget without changing outdoor daylight
2026-10-04T15:26:08.7093500Z ok 176 - entering and leaving rooms preserves the global point-light shader budget without changing outdoor daylight
2026-10-04T15:26:08.7093771Z   ---
2026-10-04T15:26:08.7093878Z   duration_ms: 12.759251
2026-10-04T15:26:08.7094004Z   type: 'test'
2026-10-04T15:26:08.7094113Z   ...
2026-10-04T15:26:08.7094404Z # Subtest: every natural stair flight carries ordinary walking up and down all occupied floors without teleporting
2026-10-04T15:26:08.7094851Z ok 177 - every natural stair flight carries ordinary walking up and down all occupied floors without teleporting
2026-10-04T15:26:08.7095110Z   ---
2026-10-04T15:26:08.7095222Z   duration_ms: 13623.60954
2026-10-04T15:26:08.7095353Z   type: 'test'
2026-10-04T15:26:08.7095462Z   ...
2026-10-04T15:26:08.7095724Z # Subtest: stair treads, nosings, landings and cutouts agree with continuous-world support geometry
2026-10-04T15:26:08.7096128Z ok 178 - stair treads, nosings, landings and cutouts agree with continuous-world support geometry
2026-10-04T15:26:08.7096363Z   ---
2026-10-04T15:26:08.7096475Z   duration_ms: 3625.860497
2026-10-04T15:26:08.7096604Z   type: 'test'
2026-10-04T15:26:08.7096711Z   ...
2026-10-04T15:26:08.7096963Z # Subtest: the upper stair opening guards its wrong end without a four-metre ground-height snap
2026-10-04T15:26:08.7097342Z ok 179 - the upper stair opening guards its wrong end without a four-metre ground-height snap
2026-10-04T15:26:08.7097571Z   ---
2026-10-04T15:26:08.7097680Z   duration_ms: 22.982985
2026-10-04T15:26:08.7097807Z   type: 'test'
2026-10-04T15:26:08.7097915Z   ...
2026-10-04T15:26:08.7098237Z # Subtest: hidden enclosed floors keep their collision and furnishings resident while the stair opening reveals adjacent floors
2026-10-04T15:26:08.7098744Z ok 180 - hidden enclosed floors keep their collision and furnishings resident while the stair opening reveals adjacent floors
2026-10-04T15:26:08.7099030Z   ---
2026-10-04T15:26:08.7099236Z   duration_ms: 3.367077
2026-10-04T15:26:08.7099365Z   type: 'test'
2026-10-04T15:26:08.7099473Z   ...
2026-10-04T15:26:08.7099737Z # Subtest: painted corridor ceilings sit below the stone slab above instead of exposing its underside
2026-10-04T15:26:08.7100132Z ok 181 - painted corridor ceilings sit below the stone slab above instead of exposing its underside
2026-10-04T15:26:08.7100370Z   ---
2026-10-04T15:26:08.7100478Z   duration_ms: 50.399483
2026-10-04T15:26:08.7100609Z   type: 'test'
2026-10-04T15:26:08.7100719Z   ...
2026-10-04T15:26:08.7101018Z # Subtest: occupied finishes retain matte microtexture and modest indirect light with the same two-point-light budget
2026-10-04T15:26:08.7101614Z ok 182 - occupied finishes retain matte microtexture and modest indirect light with the same two-point-light budget
2026-10-04T15:26:08.7101883Z   ---
2026-10-04T15:26:08.7101991Z   duration_ms: 16.410365
2026-10-04T15:26:08.7102118Z   type: 'test'
2026-10-04T15:26:08.7102235Z   ...
2026-10-04T15:26:08.7102495Z # Subtest: all 48 closed pedestrian routes remain on pavements and outside every building envelope
2026-10-04T15:26:08.7102876Z ok 183 - all 48 closed pedestrian routes remain on pavements and outside every building envelope
2026-10-04T15:26:08.7103111Z   ---
2026-10-04T15:26:08.7103219Z   duration_ms: 74.783832
2026-10-04T15:26:08.7103345Z   type: 'test'
2026-10-04T15:26:08.7103459Z   ...
2026-10-04T15:26:08.7103729Z # Subtest: population has continuous persistent identities, social groups and eight original wardrobes
2026-10-04T15:26:08.7104134Z ok 184 - population has continuous persistent identities, social groups and eight original wardrobes
2026-10-04T15:26:08.7104378Z   ---
2026-10-04T15:26:08.7104487Z   duration_ms: 398.367093
2026-10-04T15:26:08.7104615Z   type: 'test'
2026-10-04T15:26:08.7104724Z   ...
2026-10-04T15:26:08.7104979Z # Subtest: distance streaming enforces entity budgets and unloads the entire crowd beyond the city
2026-10-04T15:26:08.7105478Z ok 185 - distance streaming enforces entity budgets and unloads the entire crowd beyond the city
2026-10-04T15:26:08.7105711Z   ---
2026-10-04T15:26:08.7105822Z   duration_ms: 128.027138
2026-10-04T15:26:08.7105949Z   type: 'test'
2026-10-04T15:26:08.7106059Z   ...
2026-10-04T15:26:08.7106363Z # Subtest: pause freezes resident positions and animation time, and nearby conversations return actual local directions
2026-10-04T15:26:08.7107094Z ok 186 - pause freezes resident positions and animation time, and nearby conversations return actual local directions
2026-10-04T15:26:08.7107553Z   ---
2026-10-04T15:26:08.7107729Z   duration_ms: 12.767894
2026-10-04T15:26:08.7107933Z   type: 'test'
2026-10-04T15:26:08.7108135Z   ...
2026-10-04T15:26:08.7108634Z # Subtest: pedestrians wait for a stopped vehicle on their route without tunnelling into its body
2026-10-04T15:26:08.7109250Z ok 187 - pedestrians wait for a stopped vehicle on their route without tunnelling into its body
2026-10-04T15:26:08.7109499Z   ---
2026-10-04T15:26:08.7109628Z   duration_ms: 51.65905
2026-10-04T15:26:08.7109771Z   type: 'test'
2026-10-04T15:26:08.7109880Z   ...
2026-10-04T15:26:08.7110149Z # Subtest: wardrobe variants share cached geometry while retaining compatible animated knees and elbows
2026-10-04T15:26:08.7110562Z ok 188 - wardrobe variants share cached geometry while retaining compatible animated knees and elbows
2026-10-04T15:26:08.7110804Z   ---
2026-10-04T15:26:08.7110911Z   duration_ms: 4.572061
2026-10-04T15:26:08.7111039Z   type: 'test'
2026-10-04T15:26:08.7111287Z   ...
2026-10-04T15:26:08.7111582Z # Subtest: local collision queries match a full-population reference after movement and reuse stable body records
2026-10-04T15:26:08.7112030Z ok 189 - local collision queries match a full-population reference after movement and reuse stable body records
2026-10-04T15:26:08.7112291Z   ---
2026-10-04T15:26:08.7112398Z   duration_ms: 34.696405
2026-10-04T15:26:08.7112528Z   type: 'test'
2026-10-04T15:26:08.7112640Z   ...
2026-10-04T15:26:08.7113050Z # Subtest: all citizens have stable distinct names, district occupations and four changing daily purposes
2026-10-04T15:26:08.7113465Z ok 190 - all citizens have stable distinct names, district occupations and four changing daily purposes
2026-10-04T15:26:08.7113710Z   ---
2026-10-04T15:26:08.7113822Z   duration_ms: 3.155237
2026-10-04T15:26:08.7113946Z   type: 'test'
2026-10-04T15:26:08.7114056Z   ...
2026-10-04T15:26:08.7114346Z # Subtest: street activities are finite, social residents resume walking, and hour changes never teleport people
2026-10-04T15:26:08.7114784Z ok 191 - street activities are finite, social residents resume walking, and hour changes never teleport people
2026-10-04T15:26:08.7115042Z   ---
2026-10-04T15:26:08.7115154Z   duration_ms: 279.623186
2026-10-04T15:26:08.7115281Z   type: 'test'
2026-10-04T15:26:08.7115391Z   ...
2026-10-04T15:26:08.7115908Z # Subtest: repeated conversations expose identity, current purpose and actual local floors instead of one repeated tip
2026-10-04T15:26:08.7116752Z ok 192 - repeated conversations expose identity, current purpose and actual local floors instead of one repeated tip
2026-10-04T15:26:08.7117201Z   ---
2026-10-04T15:26:08.7117376Z   duration_ms: 2.831241
2026-10-04T15:26:08.7117574Z   type: 'test'
2026-10-04T15:26:08.7117750Z   ...
2026-10-04T15:26:08.7118196Z # Subtest: occupational props retain hand attachment, cache geometry, and fit varied anatomical bodies
2026-10-04T15:26:08.7118883Z ok 193 - occupational props retain hand attachment, cache geometry, and fit varied anatomical bodies
2026-10-04T15:26:08.7119287Z   ---
2026-10-04T15:26:08.7119461Z   duration_ms: 2.091557
2026-10-04T15:26:08.7119664Z   type: 'test'
2026-10-04T15:26:08.7119841Z   ...
2026-10-04T15:26:08.7120349Z # Subtest: real bus-bay residents stay outside the avenue and parked vehicles without adding population or fake boarding
2026-10-04T15:26:08.7121232Z ok 194 - real bus-bay residents stay outside the avenue and parked vehicles without adding population or fake boarding
2026-10-04T15:26:08.7121783Z   ---
2026-10-04T15:26:08.7121960Z   duration_ms: 60.54875
2026-10-04T15:26:08.7122162Z   type: 'test'
2026-10-04T15:26:08.7122336Z   ...
2026-10-04T15:26:08.7122770Z # Subtest: all natural floors name distinct functional areas without substituting furniture for rooms
2026-10-04T15:26:08.7123437Z ok 195 - all natural floors name distinct functional areas without substituting furniture for rooms
2026-10-04T15:26:08.7123830Z   ---
2026-10-04T15:26:08.7124001Z   duration_ms: 6.096455
2026-10-04T15:26:08.7124202Z   type: 'test'
2026-10-04T15:26:08.7124377Z   ...
2026-10-04T15:26:08.7124854Z # Subtest: every natural-floor room threshold remain reachable through the central aisle and real door openings
2026-10-04T15:26:08.7125595Z ok 196 - every natural-floor room threshold remain reachable through the central aisle and real door openings
2026-10-04T15:26:08.7126026Z   ---
2026-10-04T15:26:08.7126204Z   duration_ms: 6000.730745
2026-10-04T15:26:08.7126413Z   type: 'test'
2026-10-04T15:26:08.7126597Z   ...
2026-10-04T15:26:08.7127075Z # Subtest: distinct programmes contain their recognizable specialist equipment and real domestic subdivisions
2026-10-04T15:26:08.7127812Z ok 197 - distinct programmes contain their recognizable specialist equipment and real domestic subdivisions
2026-10-04T15:26:08.7128237Z   ---
2026-10-04T15:26:08.7128433Z   duration_ms: 652.650723
2026-10-04T15:26:08.7128648Z   type: 'test'
2026-10-04T15:26:08.7128826Z   ...
2026-10-04T15:26:08.7129303Z # Subtest: soft furniture batches share geometry and materials while snapshot exposes navigable room metadata
2026-10-04T15:26:08.7130044Z ok 198 - soft furniture batches share geometry and materials while snapshot exposes navigable room metadata
2026-10-04T15:26:08.7130463Z   ---
2026-10-04T15:26:08.7130637Z   duration_ms: 46.106189
2026-10-04T15:26:08.7130840Z   type: 'test'
2026-10-04T15:26:08.7131012Z   ...
2026-10-04T15:26:08.7131535Z # Subtest: domestic room dimensions reflect furnished homes rather than unused public halls
2026-10-04T15:26:08.7132234Z ok 199 - domestic room dimensions reflect furnished homes rather than unused public halls
2026-10-04T15:26:08.7132593Z   ---
2026-10-04T15:26:08.7132765Z   duration_ms: 2.563378
2026-10-04T15:26:08.7132960Z   type: 'test'
2026-10-04T15:26:08.7133131Z   ...
2026-10-04T15:26:08.7133561Z # Subtest: eight hospital rooms have clean bounded interiors and medical furniture within real walls
2026-10-04T15:26:08.7134199Z ok 200 - eight hospital rooms have clean bounded interiors and medical furniture within real walls
2026-10-04T15:26:08.7134581Z   ---
2026-10-04T15:26:08.7134753Z   duration_ms: 1.639488
2026-10-04T15:26:08.7134944Z   type: 'test'
2026-10-04T15:26:08.7135114Z   ...
2026-10-04T15:26:08.7135586Z # Subtest: hospital visitors can reach counters, seats, beds, handwashing and rehabilitation equipment and return
2026-10-04T15:26:08.7136324Z ok 201 - hospital visitors can reach counters, seats, beds, handwashing and rehabilitation equipment and return
2026-10-04T15:26:08.7136749Z   ---
2026-10-04T15:26:08.7136927Z   duration_ms: 11.891059
2026-10-04T15:26:08.7137134Z   type: 'test'
2026-10-04T15:26:08.7137311Z   ...
2026-10-04T15:26:08.7137781Z # Subtest: all enclosed occupied rooms have human-scale enclosures and furnishings within their walls
2026-10-04T15:26:08.7138461Z ok 202 - all enclosed occupied rooms have human-scale enclosures and furnishings within their walls
2026-10-04T15:26:08.7138873Z   ---
2026-10-04T15:26:08.7139062Z   duration_ms: 756.168268
2026-10-04T15:26:08.7139281Z   type: 'test'
2026-10-04T15:26:08.7139460Z   ...
2026-10-04T15:26:08.7139962Z # Subtest: public arrival and corridor spaces contain legible orientation, seating and programme-specific displays
2026-10-04T15:26:08.7140744Z ok 203 - public arrival and corridor spaces contain legible orientation, seating and programme-specific displays
2026-10-04T15:26:08.7141282Z   ---
2026-10-04T15:26:08.7141457Z   duration_ms: 574.452478
2026-10-04T15:26:08.7141662Z   type: 'test'
2026-10-04T15:26:08.7141950Z   ...
2026-10-04T15:26:08.7142427Z # Subtest: metro: enter, wait, board, travel and disembark at the next station
2026-10-04T15:26:08.7142943Z ok 204 - metro: enter, wait, board, travel and disembark at the next station
2026-10-04T15:26:08.7143272Z   ---
2026-10-04T15:26:08.7143451Z   duration_ms: 50.749208
2026-10-04T15:26:08.7143661Z   type: 'test'
2026-10-04T15:26:08.7143836Z   ...
2026-10-04T15:26:08.7144198Z # Subtest: light-rail: enter, wait, board, travel and disembark at the next station
2026-10-04T15:26:08.7144739Z ok 205 - light-rail: enter, wait, board, travel and disembark at the next station
2026-10-04T15:26:08.7145073Z   ---
2026-10-04T15:26:08.7145243Z   duration_ms: 2.15918
2026-10-04T15:26:08.7145447Z   type: 'test'
2026-10-04T15:26:08.7145655Z   ...
2026-10-04T15:26:08.7146010Z # Subtest: high-speed: enter, wait, board, travel and disembark at the next station
2026-10-04T15:26:08.7146537Z ok 206 - high-speed: enter, wait, board, travel and disembark at the next station
2026-10-04T15:26:08.7146906Z   ---
2026-10-04T15:26:08.7147081Z   duration_ms: 7.078014
2026-10-04T15:26:08.7147280Z   type: 'test'
2026-10-04T15:26:08.7147462Z   ...
2026-10-04T15:26:08.7147732Z # Subtest: ferry: enter, wait, board, travel and disembark at the next station
2026-10-04T15:26:08.7148033Z ok 207 - ferry: enter, wait, board, travel and disembark at the next station
2026-10-04T15:26:08.7148233Z   ---
2026-10-04T15:26:08.7148338Z   duration_ms: 3.216492
2026-10-04T15:26:08.7148463Z   type: 'test'
2026-10-04T15:26:08.7148575Z   ...
2026-10-04T15:26:08.7148834Z # Subtest: all ten stations have an initial visible service and maximum waiting time under 25 seconds
2026-10-04T15:26:08.7149218Z ok 208 - all ten stations have an initial visible service and maximum waiting time under 25 seconds
2026-10-04T15:26:08.7149456Z   ---
2026-10-04T15:26:08.7149563Z   duration_ms: 15.953363
2026-10-04T15:26:08.7149690Z   type: 'test'
2026-10-04T15:26:08.7149838Z   ...
2026-10-04T15:26:08.7150383Z # Subtest: underground platforms preserve their own floor height and cannot activate from the street
2026-10-04T15:26:08.7151028Z ok 209 - underground platforms preserve their own floor height and cannot activate from the street
2026-10-04T15:26:08.7151508Z   ---
2026-10-04T15:26:08.7151681Z   duration_ms: 0.578341
2026-10-04T15:26:08.7151877Z   type: 'test'
2026-10-04T15:26:08.7152042Z   ...
2026-10-04T15:26:08.7152286Z # Subtest: leave and reset return a platform or moving passenger to a safe street entrance
2026-10-04T15:26:08.7152634Z ok 210 - leave and reset return a platform or moving passenger to a safe street entrance
2026-10-04T15:26:08.7152854Z   ---
2026-10-04T15:26:08.7152963Z   duration_ms: 2.147157
2026-10-04T15:26:08.7153087Z   type: 'test'
2026-10-04T15:26:08.7153199Z   ...
2026-10-04T15:26:08.7153428Z # Subtest: large or invalid frame increments preserve deterministic finite vehicle poses
2026-10-04T15:26:08.7153775Z ok 211 - large or invalid frame increments preserve deterministic finite vehicle poses
2026-10-04T15:26:08.7153993Z   ---
2026-10-04T15:26:08.7154107Z   duration_ms: 9.297435
2026-10-04T15:26:08.7154235Z   type: 'test'
2026-10-04T15:26:08.7154346Z   ...
2026-10-04T15:26:08.7154589Z # Subtest: boarding requires reaching the marked platform area and an open stationary vehicle
2026-10-04T15:26:08.7154956Z ok 212 - boarding requires reaching the marked platform area and an open stationary vehicle
2026-10-04T15:26:08.7155184Z   ---
2026-10-04T15:26:08.7155290Z   duration_ms: 0.886485
2026-10-04T15:26:08.7155417Z   type: 'test'
2026-10-04T15:26:08.7155526Z   ...
2026-10-04T15:26:08.7155796Z # Subtest: station architecture and fleet share instanced resources and cull remote underground vehicles
2026-10-04T15:26:08.7156203Z ok 213 - station architecture and fleet share instanced resources and cull remote underground vehicles
2026-10-04T15:26:08.7156450Z   ---
2026-10-04T15:26:08.7156559Z   duration_ms: 78.048519
2026-10-04T15:26:08.7156685Z   type: 'test'
2026-10-04T15:26:08.7156795Z   ...
2026-10-04T15:26:08.7157175Z # Subtest: underground and elevated station roofs clip a steep camera boom without altering walking collision
2026-10-04T15:26:08.7157601Z ok 214 - underground and elevated station roofs clip a steep camera boom without altering walking collision
2026-10-04T15:26:08.7157855Z   ---
2026-10-04T15:26:08.7157960Z   duration_ms: 6.349387
2026-10-04T15:26:08.7158083Z   type: 'test'
2026-10-04T15:26:08.7158195Z   ...
2026-10-04T15:26:08.7158426Z # Subtest: ferry entrance signage supports stay above an approaching pedestrian camera
2026-10-04T15:26:08.7158767Z ok 215 - ferry entrance signage supports stay above an approaching pedestrian camera
2026-10-04T15:26:08.7158985Z   ---
2026-10-04T15:26:08.7159094Z   duration_ms: 48.870785
2026-10-04T15:26:08.7159222Z   type: 'test'
2026-10-04T15:26:08.7159333Z   ...
2026-10-04T15:26:08.7159584Z # Subtest: every station returns the player to rendered street ground clear of all world obstacles
2026-10-04T15:26:08.7159962Z ok 216 - every station returns the player to rendered street ground clear of all world obstacles
2026-10-04T15:26:08.7160198Z   ---
2026-10-04T15:26:08.7160309Z   duration_ms: 747.483235
2026-10-04T15:26:08.7160439Z   type: 'test'
2026-10-04T15:26:08.7160549Z   ...
2026-10-04T15:26:08.7160829Z # Subtest: the ferry passenger stands on the forward deck clear of furniture with an unobstructed forward view
2026-10-04T15:26:08.7161454Z ok 217 - the ferry passenger stands on the forward deck clear of furniture with an unobstructed forward view
2026-10-04T15:26:08.7161857Z   ---
2026-10-04T15:26:08.7162040Z   duration_ms: 23.748005
2026-10-04T15:26:08.7162216Z   type: 'test'
2026-10-04T15:26:08.7162325Z   ...
2026-10-04T15:26:08.7162568Z # Subtest: ferry entrance sign planes retract the default chase boom on both landward exits
2026-10-04T15:26:08.7162930Z ok 218 - ferry entrance sign planes retract the default chase boom on both landward exits
2026-10-04T15:26:08.7163152Z   ---
2026-10-04T15:26:08.7163261Z   duration_ms: 34.351037
2026-10-04T15:26:08.7163389Z   type: 'test'
2026-10-04T15:26:08.7163501Z   ...
2026-10-04T15:26:08.7163872Z # Subtest: all three metro stations can be walked down and back up with the real player capsule and no teleport
2026-10-04T15:26:08.7164298Z ok 219 - all three metro stations can be walked down and back up with the real player capsule and no teleport
2026-10-04T15:26:08.7164548Z   ---
2026-10-04T15:26:08.7164659Z   duration_ms: 140.453019
2026-10-04T15:26:08.7164791Z   type: 'test'
2026-10-04T15:26:08.7164898Z   ...
2026-10-04T15:26:08.7165159Z # Subtest: metro upper streets, lower platforms and switchback stairs keep their independent heights
2026-10-04T15:26:08.7165552Z ok 220 - metro upper streets, lower platforms and switchback stairs keep their independent heights
2026-10-04T15:26:08.7165791Z   ---
2026-10-04T15:26:08.7165898Z   duration_ms: 0.257757
2026-10-04T15:26:08.7166021Z   type: 'test'
2026-10-04T15:26:08.7166133Z   ...
2026-10-04T15:26:08.7166391Z # Subtest: metro gate turns remain walkable in both directions throughout the bounded endpoint margin
2026-10-04T15:26:08.7166789Z ok 221 - metro gate turns remain walkable in both directions throughout the bounded endpoint margin
2026-10-04T15:26:08.7167028Z   ---
2026-10-04T15:26:08.7167135Z   duration_ms: 59.861968
2026-10-04T15:26:08.7167263Z   type: 'test'
2026-10-04T15:26:08.7167375Z   ...
2026-10-04T15:26:08.7167639Z # Subtest: rendered metro treads match the physical walking slope within one riser, with clear headroom
2026-10-04T15:26:08.7168042Z ok 222 - rendered metro treads match the physical walking slope within one riser, with clear headroom
2026-10-04T15:26:08.7168288Z   ---
2026-10-04T15:26:08.7168396Z   duration_ms: 332.041432
2026-10-04T15:26:08.7168524Z   type: 'test'
2026-10-04T15:26:08.7168636Z   ...
2026-10-04T15:26:08.7168922Z # Subtest: upper metro stairs see a solid retaining wall above the covered landing instead of the world underside
2026-10-04T15:26:08.7169356Z ok 223 - upper metro stairs see a solid retaining wall above the covered landing instead of the world underside
2026-10-04T15:26:08.7169705Z   ---
2026-10-04T15:26:08.7169817Z   duration_ms: 84.625718
2026-10-04T15:26:08.7169947Z   type: 'test'
2026-10-04T15:26:08.7170055Z   ...
2026-10-04T15:26:08.7170334Z # Subtest: every animated train-door batch has a stable conservative envelope for both open and closed poses
2026-10-04T15:26:08.7170758Z ok 224 - every animated train-door batch has a stable conservative envelope for both open and closed poses
2026-10-04T15:26:08.7171009Z   ---
2026-10-04T15:26:08.7171244Z   duration_ms: 15.533425
2026-10-04T15:26:08.7171395Z   type: 'test'
2026-10-04T15:26:08.7171508Z   ...
2026-10-04T15:26:08.7171776Z # Subtest: offscreen above-ground train doors cull for a metro viewer while doors inside the view remain
2026-10-04T15:26:08.7172180Z ok 225 - offscreen above-ground train doors cull for a metro viewer while doors inside the view remain
2026-10-04T15:26:08.7172421Z   ---
2026-10-04T15:26:08.7172531Z   duration_ms: 14.943188
2026-10-04T15:26:08.7172658Z   type: 'test'
2026-10-04T15:26:08.7172772Z   ...
2026-10-04T15:26:08.7173051Z # Subtest: 48 permanent addresses have unique identity, continuous natural storeys, and distinct programmes
2026-10-04T15:26:08.7173471Z ok 226 - 48 permanent addresses have unique identity, continuous natural storeys, and distinct programmes
2026-10-04T15:26:08.7173733Z   ---
2026-10-04T15:26:08.7173841Z   duration_ms: 2.491569
2026-10-04T15:26:08.7173969Z   type: 'test'
2026-10-04T15:26:08.7174078Z   ...
2026-10-04T15:26:08.7174297Z # Subtest: every south entrance has a physical street approach and a door opening
2026-10-04T15:26:08.7174624Z ok 227 - every south entrance has a physical street approach and a door opening
2026-10-04T15:26:08.7174829Z   ---
2026-10-04T15:26:08.7174932Z   duration_ms: 2.038297
2026-10-04T15:26:08.7175058Z   type: 'test'
2026-10-04T15:26:08.7175170Z   ...
2026-10-04T15:26:08.7175408Z # Subtest: permanent road lanes remain free of building collision with unloaded districts
2026-10-04T15:26:08.7175863Z ok 228 - permanent road lanes remain free of building collision with unloaded districts
2026-10-04T15:26:08.7176087Z   ---
2026-10-04T15:26:08.7176195Z   duration_ms: 11.548739
2026-10-04T15:26:08.7176323Z   type: 'test'
2026-10-04T15:26:08.7176436Z   ...
2026-10-04T15:26:08.7176648Z # Subtest: bridge deck joins both shores continuously, with no abrupt end slope
2026-10-04T15:26:08.7176960Z ok 229 - bridge deck joins both shores continuously, with no abrupt end slope
2026-10-04T15:26:08.7177164Z   ---
2026-10-04T15:26:08.7177271Z   duration_ms: 0.322376
2026-10-04T15:26:08.7177397Z   type: 'test'
2026-10-04T15:26:08.7177510Z   ...
2026-10-04T15:26:08.7177733Z # Subtest: north ferry, metro, light rail and high-speed station approaches stay open
2026-10-04T15:26:08.7178069Z ok 230 - north ferry, metro, light rail and high-speed station approaches stay open
2026-10-04T15:26:08.7178284Z   ---
2026-10-04T15:26:08.7178391Z   duration_ms: 0.204267
2026-10-04T15:26:08.7178515Z   type: 'test'
2026-10-04T15:26:08.7178624Z   ...
2026-10-04T15:26:08.7178875Z # Subtest: export contains twelve real validated chunks with independent detailed geometry
2026-10-04T15:26:08.7179230Z ok 231 - export contains twelve real validated chunks with independent detailed geometry
2026-10-04T15:26:08.7179449Z   ---
2026-10-04T15:26:08.7179562Z   duration_ms: 22.257207
2026-10-04T15:26:08.7179690Z   type: 'test'
2026-10-04T15:26:08.7179798Z   ...
2026-10-04T15:26:08.7180009Z # Subtest: entering one address hides just its shell and exiting restores it
2026-10-04T15:26:08.7180309Z ok 232 - entering one address hides just its shell and exiting restores it
2026-10-04T15:26:08.7180508Z   ---
2026-10-04T15:26:08.7180617Z   duration_ms: 40.829312
2026-10-04T15:26:08.7180743Z   type: 'test'
2026-10-04T15:26:08.7180851Z   ...
2026-10-04T15:26:08.7181078Z # Subtest: runtime fetches nearby JSON and actually disposes detail after moving away
2026-10-04T15:26:08.7181545Z ok 233 - runtime fetches nearby JSON and actually disposes detail after moving away
2026-10-04T15:26:08.7181853Z   ---
2026-10-04T15:26:08.7181961Z   duration_ms: 83.176088
2026-10-04T15:26:08.7182095Z   type: 'test'
2026-10-04T15:26:08.7182204Z   ...
2026-10-04T15:26:08.7182428Z # Subtest: streaming startup retains no authored detail transforms before any fetch
2026-10-04T15:26:08.7182760Z ok 234 - streaming startup retains no authored detail transforms before any fetch
2026-10-04T15:26:08.7182969Z   ---
2026-10-04T15:26:08.7183078Z   duration_ms: 11.265993
2026-10-04T15:26:08.7183205Z   type: 'test'
2026-10-04T15:26:08.7183318Z   ...
2026-10-04T15:26:08.7183590Z # Subtest: paving keeps every doorway covered while an occupied lobby has exactly one visible y=0 floor
2026-10-04T15:26:08.7183995Z ok 235 - paving keeps every doorway covered while an occupied lobby has exactly one visible y=0 floor
2026-10-04T15:26:08.7184239Z   ---
2026-10-04T15:26:08.7184353Z   duration_ms: 1027.942884
2026-10-04T15:26:08.7184482Z   type: 'test'
2026-10-04T15:26:08.7184596Z   ...
2026-10-04T15:26:08.7184889Z # Subtest: distance LOD preserves the hero car and reduces distant geometry without changing its collision envelope
2026-10-04T15:26:08.7185338Z ok 236 - distance LOD preserves the hero car and reduces distant geometry without changing its collision envelope
2026-10-04T15:26:08.7185600Z   ---
2026-10-04T15:26:08.7185710Z   duration_ms: 306.981165
2026-10-04T15:26:08.7185840Z   type: 'test'
2026-10-04T15:26:08.7185952Z   ...
2026-10-04T15:26:08.7186179Z # Subtest: distant pedestrians retain animated joints and original human dimensions
2026-10-04T15:26:08.7186513Z ok 237 - distant pedestrians retain animated joints and original human dimensions
2026-10-04T15:26:08.7186727Z   ---
2026-10-04T15:26:08.7186835Z   duration_ms: 90.378726
2026-10-04T15:26:08.7186963Z   type: 'test'
2026-10-04T15:26:08.7187072Z   ...
2026-10-04T15:26:08.7187322Z # Subtest: removing a car disposes owned paint and lights while preserving shared LOD geometry
2026-10-04T15:26:08.7187692Z ok 238 - removing a car disposes owned paint and lights while preserving shared LOD geometry
2026-10-04T15:26:08.7187923Z   ---
2026-10-04T15:26:08.7188130Z   duration_ms: 100.976413
2026-10-04T15:26:08.7188262Z   type: 'test'
2026-10-04T15:26:08.7188372Z   ...
2026-10-04T15:26:08.7188658Z # Subtest: real room service joins two clients, streams movement/chat, isolates rooms and rejects invalid packets
2026-10-04T15:26:08.7189091Z ok 239 - real room service joins two clients, streams movement/chat, isolates rooms and rejects invalid packets
2026-10-04T15:26:08.7189343Z   ---
2026-10-04T15:26:08.7189454Z   duration_ms: 452.442151
2026-10-04T15:26:08.7189583Z   type: 'test'
2026-10-04T15:26:08.7189692Z   ...
2026-10-04T15:26:08.7189889Z # Subtest: vehicle claims are exclusive and leaving releases ownership
2026-10-04T15:26:08.7190175Z ok 240 - vehicle claims are exclusive and leaving releases ownership
2026-10-04T15:26:08.7190363Z   ---
2026-10-04T15:26:08.7190472Z   duration_ms: 15.329719
2026-10-04T15:26:08.7190604Z   type: 'test'
2026-10-04T15:26:08.7190715Z   ...
2026-10-04T15:26:08.7191012Z # Subtest: room capacity is enforced and peer interpolation follows shortest angles without interpolating travel
2026-10-04T15:26:08.7191788Z ok 241 - room capacity is enforced and peer interpolation follows shortest angles without interpolating travel
2026-10-04T15:26:08.7192117Z   ---
2026-10-04T15:26:08.7192225Z   duration_ms: 24.787011
2026-10-04T15:26:08.7192356Z   type: 'test'
2026-10-04T15:26:08.7192468Z   ...
2026-10-04T15:26:08.7192722Z # Subtest: traffic follows the same street route while the player uses an indoor collision context
2026-10-04T15:26:08.7193108Z ok 242 - traffic follows the same street route while the player uses an indoor collision context
2026-10-04T15:26:08.7193346Z   ---
2026-10-04T15:26:08.7193464Z   duration_ms: 2011.305923
2026-10-04T15:26:08.7193611Z   type: 'test'
2026-10-04T15:26:08.7193723Z   ...
2026-10-04T15:26:08.7193953Z # Subtest: background traffic restores indoor data after an invalid road update throws
2026-10-04T15:26:08.7194300Z ok 243 - background traffic restores indoor data after an invalid road update throws
2026-10-04T15:26:08.7194622Z   ---
2026-10-04T15:26:08.7194729Z   duration_ms: 3.756283
2026-10-04T15:26:08.7194857Z   type: 'test'
2026-10-04T15:26:08.7194970Z   ...
2026-10-04T15:26:08.7195203Z # Subtest: precision input crosses a 1.6 metre doorway at four rendered frames per second
2026-10-04T15:26:08.7195553Z ok 244 - precision input crosses a 1.6 metre doorway at four rendered frames per second
2026-10-04T15:26:08.7195774Z   ---
2026-10-04T15:26:08.7195882Z   duration_ms: 14.432548
2026-10-04T15:26:08.7196007Z   type: 'test'
2026-10-04T15:26:08.7196117Z   ...
2026-10-04T15:26:08.7196384Z # Subtest: normal and sprint speeds stay intact; precision overrides sprint without draining stamina
2026-10-04T15:26:08.7196780Z ok 245 - normal and sprint speeds stay intact; precision overrides sprint without draining stamina
2026-10-04T15:26:08.7197017Z   ---
2026-10-04T15:26:08.7197128Z   duration_ms: 3.517093
2026-10-04T15:26:08.7197254Z   type: 'test'
2026-10-04T15:26:08.7197367Z   ...
2026-10-04T15:26:08.7197614Z # Subtest: double-decker hull blocks feet above sedan height and preserves its actual span
2026-10-04T15:26:08.7197971Z ok 246 - double-decker hull blocks feet above sedan height and preserves its actual span
2026-10-04T15:26:08.7198192Z   ---
2026-10-04T15:26:08.7198302Z   duration_ms: 0.915608
2026-10-04T15:26:08.7198426Z   type: 'test'
2026-10-04T15:26:08.7198537Z   ...
2026-10-04T15:26:08.7198774Z # Subtest: fresh saves have bounded values; corrupt and incompatible saves recover safely
2026-10-04T15:26:08.7199126Z ok 247 - fresh saves have bounded values; corrupt and incompatible saves recover safely
2026-10-04T15:26:08.7199346Z   ---
2026-10-04T15:26:08.7199453Z   duration_ms: 1.697575
2026-10-04T15:26:08.7199580Z   type: 'test'
2026-10-04T15:26:08.7199689Z   ...
2026-10-04T15:26:08.7199893Z # Subtest: walking respects camera orientation, bounds and solid buildings
2026-10-04T15:26:08.7200196Z ok 248 - walking respects camera orientation, bounds and solid buildings
2026-10-04T15:26:08.7200395Z   ---
2026-10-04T15:26:08.7200600Z   duration_ms: 33.849468
2026-10-04T15:26:08.7200728Z   type: 'test'
2026-10-04T15:26:08.7200838Z   ...
2026-10-04T15:26:08.7201033Z # Subtest: diagonal movement is normalized and sprint consumes stamina
2026-10-04T15:26:08.7201453Z ok 249 - diagonal movement is normalized and sprint consumes stamina
2026-10-04T15:26:08.7201646Z   ---
2026-10-04T15:26:08.7201756Z   duration_ms: 21.334084
2026-10-04T15:26:08.7201884Z   type: 'test'
2026-10-04T15:26:08.7201996Z   ...
2026-10-04T15:26:08.7202221Z # Subtest: strafe-right follows the rendered camera right vector in both directions
2026-10-04T15:26:08.7202556Z ok 250 - strafe-right follows the rendered camera right vector in both directions
2026-10-04T15:26:08.7202771Z   ---
2026-10-04T15:26:08.7202878Z   duration_ms: 4.23972
2026-10-04T15:26:08.7203003Z   type: 'test'
2026-10-04T15:26:08.7203113Z   ...
2026-10-04T15:26:08.7203306Z # Subtest: jump lands, and holding jump does not repeatedly bounce
2026-10-04T15:26:08.7203582Z ok 251 - jump lands, and holding jump does not repeatedly bounce
2026-10-04T15:26:08.7203762Z   ---
2026-10-04T15:26:08.7203874Z   duration_ms: 4.726032
2026-10-04T15:26:08.7203998Z   type: 'test'
2026-10-04T15:26:08.7204107Z   ...
2026-10-04T15:26:08.7204354Z # Subtest: entering requires proximity; exiting needs low speed and an unobstructed location
2026-10-04T15:26:08.7204722Z ok 252 - entering requires proximity; exiting needs low speed and an unobstructed location
2026-10-04T15:26:08.7204948Z   ---
2026-10-04T15:26:08.7205058Z   duration_ms: 3.513838
2026-10-04T15:26:08.7205182Z   type: 'test'
2026-10-04T15:26:08.7205292Z   ...
2026-10-04T15:26:08.7205463Z # Subtest: fast vehicles cannot tunnel through a thin wall
2026-10-04T15:26:08.7205704Z ok 253 - fast vehicles cannot tunnel through a thin wall
2026-10-04T15:26:08.7205871Z   ---
2026-10-04T15:26:08.7205976Z   duration_ms: 15.902011
2026-10-04T15:26:08.7206108Z   type: 'test'
2026-10-04T15:26:08.7206314Z   ...
2026-10-04T15:26:08.7206515Z # Subtest: braking reduces speed, reversing and steering remain bounded
2026-10-04T15:26:08.7206802Z ok 254 - braking reduces speed, reversing and steering remain bounded
2026-10-04T15:26:08.7206991Z   ---
2026-10-04T15:26:08.7207099Z   duration_ms: 31.593513
2026-10-04T15:26:08.7207224Z   type: 'test'
2026-10-04T15:26:08.7207337Z   ...
2026-10-04T15:26:08.7207528Z # Subtest: courier checkpoints require a vehicle and correct order
2026-10-04T15:26:08.7207796Z ok 255 - courier checkpoints require a vehicle and correct order
2026-10-04T15:26:08.7208033Z   ---
2026-10-04T15:26:08.7208249Z   duration_ms: 6.277317
2026-10-04T15:26:08.7208445Z   type: 'test'
2026-10-04T15:26:08.7208715Z   ...
2026-10-04T15:26:08.7209038Z # Subtest: first clear pays exactly once, including after save/reload and replay
2026-10-04T15:26:08.7209494Z ok 256 - first clear pays exactly once, including after save/reload and replay
2026-10-04T15:26:08.7216050Z   ---
2026-10-04T15:26:08.7216172Z   duration_ms: 2.795336
2026-10-04T15:26:08.7216339Z   type: 'test'
2026-10-04T15:26:08.7216453Z   ...
2026-10-04T15:26:08.7216677Z # Subtest: expired missions fail without rewards and cancellation permits retry
2026-10-04T15:26:08.7216996Z ok 257 - expired missions fail without rewards and cancellation permits retry
2026-10-04T15:26:08.7217200Z   ---
2026-10-04T15:26:08.7217312Z   duration_ms: 0.67102
2026-10-04T15:26:08.7217438Z   type: 'test'
2026-10-04T15:26:08.7217547Z   ...
2026-10-04T15:26:08.7217768Z # Subtest: escape mission waits for wanted to clear before permitting the finish
2026-10-04T15:26:08.7218089Z ok 258 - escape mission waits for wanted to clear before permitting the finish
2026-10-04T15:26:08.7218292Z   ---
2026-10-04T15:26:08.7218403Z   duration_ms: 136.697352
2026-10-04T15:26:08.7218530Z   type: 'test'
2026-10-04T15:26:08.7218639Z   ...
2026-10-04T15:26:08.7218891Z # Subtest: shots consume ammunition, hit cars only along clear sightlines, and trigger pursuit
2026-10-04T15:26:08.7219385Z ok 259 - shots consume ammunition, hit cars only along clear sightlines, and trigger pursuit
2026-10-04T15:26:08.7219615Z   ---
2026-10-04T15:26:08.7219723Z   duration_ms: 15.293228
2026-10-04T15:26:08.7219853Z   type: 'test'
2026-10-04T15:26:08.7219962Z   ...
2026-10-04T15:26:08.7220144Z # Subtest: empty magazine reloads without negative ammunition
2026-10-04T15:26:08.7220402Z ok 260 - empty magazine reloads without negative ammunition
2026-10-04T15:26:08.7220578Z   ---
2026-10-04T15:26:08.7220687Z   duration_ms: 48.120323
2026-10-04T15:26:08.7220813Z   type: 'test'
2026-10-04T15:26:08.7220926Z   ...
2026-10-04T15:26:08.7221273Z # Subtest: wanted decays outside patrol sight and stays active inside sight
2026-10-04T15:26:08.7221577Z ok 261 - wanted decays outside patrol sight and stays active inside sight
2026-10-04T15:26:08.7221776Z   ---
2026-10-04T15:26:08.7221888Z   duration_ms: 339.415164
2026-10-04T15:26:08.7222017Z   type: 'test'
2026-10-04T15:26:08.7222129Z   ...
2026-10-04T15:26:08.7222323Z # Subtest: police movement remains on roads and cannot cross buildings
2026-10-04T15:26:08.7222612Z ok 262 - police movement remains on roads and cannot cross buildings
2026-10-04T15:26:08.7222799Z   ---
2026-10-04T15:26:08.7222907Z   duration_ms: 166.151802
2026-10-04T15:26:08.7223032Z   type: 'test'
2026-10-04T15:26:08.7223141Z   ...
2026-10-04T15:26:08.7223346Z # Subtest: traffic moves on its route and a vehicle collision raises wanted
2026-10-04T15:26:08.7223641Z ok 263 - traffic moves on its route and a vehicle collision raises wanted
2026-10-04T15:26:08.7223834Z   ---
2026-10-04T15:26:08.7223944Z   duration_ms: 19.19902
2026-10-04T15:26:08.7224068Z   type: 'test'
2026-10-04T15:26:08.7224176Z   ...
2026-10-04T15:26:08.7224382Z # Subtest: recovery clears transient state and charges only available funds
2026-10-04T15:26:08.7224678Z ok 264 - recovery clears transient state and charges only available funds
2026-10-04T15:26:08.7224871Z   ---
2026-10-04T15:26:08.7224979Z   duration_ms: 1.798877
2026-10-04T15:26:08.7225198Z   type: 'test'
2026-10-04T15:26:08.7225307Z   ...
2026-10-04T15:26:08.7225525Z # Subtest: repair charges only when needed and disallows repairs during pursuit
2026-10-04T15:26:08.7225846Z ok 265 - repair charges only when needed and disallows repairs during pursuit
2026-10-04T15:26:08.7226048Z   ---
2026-10-04T15:26:08.7226156Z   duration_ms: 1.254898
2026-10-04T15:26:08.7226283Z   type: 'test'
2026-10-04T15:26:08.7226391Z   ...
2026-10-04T15:26:08.7226595Z # Subtest: repair never charges a healthy pedestrian with no nearby vehicle
2026-10-04T15:26:08.7226895Z ok 266 - repair never charges a healthy pedestrian with no nearby vehicle
2026-10-04T15:26:08.7227088Z   ---
2026-10-04T15:26:08.7227195Z   duration_ms: 0.986755
2026-10-04T15:26:08.7227318Z   type: 'test'
2026-10-04T15:26:08.7227430Z   ...
2026-10-04T15:26:08.7227659Z # Subtest: reset restores a fresh game and discarded runtime state is absent from saves
2026-10-04T15:26:08.7228004Z ok 267 - reset restores a fresh game and discarded runtime state is absent from saves
2026-10-04T15:26:08.7228225Z   ---
2026-10-04T15:26:08.7228333Z   duration_ms: 1.517093
2026-10-04T15:26:08.7228458Z   type: 'test'
2026-10-04T15:26:08.7228571Z   ...
2026-10-04T15:26:08.7228847Z # Subtest: vehicle bumpers remain solid during a damage cooldown without oscillating while throttle is held
2026-10-04T15:26:08.7229267Z ok 268 - vehicle bumpers remain solid during a damage cooldown without oscillating while throttle is held
2026-10-04T15:26:08.7229513Z   ---
2026-10-04T15:26:08.7229619Z   duration_ms: 105.355288
2026-10-04T15:26:08.7229745Z   type: 'test'
2026-10-04T15:26:08.7229851Z   ...
2026-10-04T15:26:08.7230016Z # Subtest: parked cars block a walking character with their full bumper footprint
2026-10-04T15:26:08.7230171Z ok 269 - parked cars block a walking character with their full bumper footprint
2026-10-04T15:26:08.7230218Z   ---
2026-10-04T15:26:08.7230271Z   duration_ms: 5.507268
2026-10-04T15:26:08.7230323Z   type: 'test'
2026-10-04T15:26:08.7230369Z   ...
2026-10-04T15:26:08.7230578Z # Subtest: walking ignores a destroyed invisible vehicle
2026-10-04T15:26:08.7230689Z ok 270 - walking ignores a destroyed invisible vehicle
2026-10-04T15:26:08.7230735Z   ---
2026-10-04T15:26:08.7230789Z   duration_ms: 4.839042
2026-10-04T15:26:08.7230838Z   type: 'test'
2026-10-04T15:26:08.7230883Z   ...
2026-10-04T15:26:08.7231024Z # Subtest: entering a nearby car cannot teleport through a thin wall
2026-10-04T15:26:08.7231292Z ok 271 - entering a nearby car cannot teleport through a thin wall
2026-10-04T15:26:08.7231339Z   ---
2026-10-04T15:26:08.7231392Z   duration_ms: 0.784251
2026-10-04T15:26:08.7231439Z   type: 'test'
2026-10-04T15:26:08.7231487Z   ...
2026-10-04T15:26:08.7231695Z # Subtest: an exit destination beyond a thin wall is rejected even if the destination itself is clear
2026-10-04T15:26:08.7231892Z ok 272 - an exit destination beyond a thin wall is rejected even if the destination itself is clear
2026-10-04T15:26:08.7231936Z   ---
2026-10-04T15:26:08.7231989Z   duration_ms: 1.019525
2026-10-04T15:26:08.7232041Z   type: 'test'
2026-10-04T15:26:08.7232089Z   ...
2026-10-04T15:26:08.7232305Z # Subtest: unsafe saved positions use a validated fallback, including when the default spawn is blocked
2026-10-04T15:26:08.7232507Z ok 273 - unsafe saved positions use a validated fallback, including when the default spawn is blocked
2026-10-04T15:26:08.7232552Z   ---
2026-10-04T15:26:08.7232606Z   duration_ms: 1.990305
2026-10-04T15:26:08.7232656Z   type: 'test'
2026-10-04T15:26:08.7232703Z   ...
2026-10-04T15:26:08.7232884Z # Subtest: oncoming NPC traffic stops at contact instead of passing through other traffic
2026-10-04T15:26:08.7233056Z ok 274 - oncoming NPC traffic stops at contact instead of passing through other traffic
2026-10-04T15:26:08.7233101Z   ---
2026-10-04T15:26:08.7233154Z   duration_ms: 74.664658
2026-10-04T15:26:08.7233205Z   type: 'test'
2026-10-04T15:26:08.7233250Z   ...
2026-10-04T15:26:08.7233420Z # Subtest: jumping beneath a canopy clamps upward motion without horizontal ejection
2026-10-04T15:26:08.7233740Z ok 275 - jumping beneath a canopy clamps upward motion without horizontal ejection
2026-10-04T15:26:08.7233786Z   ---
2026-10-04T15:26:08.7233842Z   duration_ms: 10.337957
2026-10-04T15:26:08.7233889Z   type: 'test'
2026-10-04T15:26:08.7233935Z   ...
2026-10-04T15:26:08.7234127Z # Subtest: a jump can land on a low solid, remain supported and jump again without being ejected
2026-10-04T15:26:08.7234305Z ok 276 - a jump can land on a low solid, remain supported and jump again without being ejected
2026-10-04T15:26:08.7234353Z   ---
2026-10-04T15:26:08.7234406Z   duration_ms: 10.1045
2026-10-04T15:26:08.7234456Z   type: 'test'
2026-10-04T15:26:08.7234500Z   ...
2026-10-04T15:26:08.7234708Z # Subtest: an entirely obstructed world fails explicitly instead of placing the player inside a wall
2026-10-04T15:26:08.7234905Z ok 277 - an entirely obstructed world fails explicitly instead of placing the player inside a wall
2026-10-04T15:26:08.7234949Z   ---
2026-10-04T15:26:08.7235007Z   duration_ms: 49.07074
2026-10-04T15:26:08.7235059Z   type: 'test'
2026-10-04T15:26:08.7235105Z   ...
2026-10-04T15:26:08.7235277Z # Subtest: boarding respects the road level when a vehicle is directly below the player
2026-10-04T15:26:08.7235444Z ok 278 - boarding respects the road level when a vehicle is directly below the player
2026-10-04T15:26:08.7235491Z   ---
2026-10-04T15:26:08.7235542Z   duration_ms: 1.072254
2026-10-04T15:26:08.7235593Z   type: 'test'
2026-10-04T15:26:08.7235641Z   ...
2026-10-04T15:26:08.7235825Z # Subtest: exiting an elevated vehicle sweeps the door at deck height and stays on the deck
2026-10-04T15:26:08.7235999Z ok 279 - exiting an elevated vehicle sweeps the door at deck height and stays on the deck
2026-10-04T15:26:08.7236047Z   ---
2026-10-04T15:26:08.7236101Z   duration_ms: 1.933209
2026-10-04T15:26:08.7236149Z   type: 'test'
2026-10-04T15:26:08.7236195Z   ...
2026-10-04T15:26:08.7236360Z # Subtest: a driver cannot exit onto a different road level beyond the bridge edge
2026-10-04T15:26:08.7236595Z ok 280 - a driver cannot exit onto a different road level beyond the bridge edge
2026-10-04T15:26:08.7236644Z   ---
2026-10-04T15:26:08.7236700Z   duration_ms: 2.232229
2026-10-04T15:26:08.7236748Z   type: 'test'
2026-10-04T15:26:08.7236795Z   ...
2026-10-04T15:26:08.7236992Z # Subtest: stair opening removes the terrain itself and retains adjacent sloped surface and UVs
2026-10-04T15:26:08.7237178Z ok 281 - stair opening removes the terrain itself and retains adjacent sloped surface and UVs
2026-10-04T15:26:08.7237224Z   ---
2026-10-04T15:26:08.7237277Z   duration_ms: 4.292419
2026-10-04T15:26:08.7237327Z   type: 'test'
2026-10-04T15:26:08.7237371Z   ...
2026-10-04T15:26:08.7237588Z # Subtest: all three real world metro stair apertures are open to the sky while adjacent pavement remains
2026-10-04T15:26:08.7237792Z ok 282 - all three real world metro stair apertures are open to the sky while adjacent pavement remains
2026-10-04T15:26:08.7237837Z   ---
2026-10-04T15:26:08.7237893Z   duration_ms: 631.533889
2026-10-04T15:26:08.7237946Z   type: 'test'
2026-10-04T15:26:08.7237994Z   ...
2026-10-04T15:26:08.7238194Z # Subtest: traffic uses opposite separated lanes and follows rounded corners without getting stuck
2026-10-04T15:26:08.7238388Z ok 283 - traffic uses opposite separated lanes and follows rounded corners without getting stuck
2026-10-04T15:26:08.7238437Z   ---
2026-10-04T15:26:08.7238496Z   duration_ms: 1260.878393
2026-10-04T15:26:08.7238544Z   type: 'test'
2026-10-04T15:26:08.7238590Z   ...
2026-10-04T15:26:08.7238821Z # Subtest: drivers brake for a queue before collision, let another lane pass and do not enter a blocked junction
2026-10-04T15:26:08.7239038Z ok 284 - drivers brake for a queue before collision, let another lane pass and do not enter a blocked junction
2026-10-04T15:26:08.7239084Z   ---
2026-10-04T15:26:08.7239137Z   duration_ms: 0.442405
2026-10-04T15:26:08.7239186Z   type: 'test'
2026-10-04T15:26:08.7239233Z   ...
2026-10-04T15:26:08.7239428Z # Subtest: each junction has mutually exclusive green phases and an all-red clearance interval
2026-10-04T15:26:08.7239674Z ok 285 - each junction has mutually exclusive green phases and an all-red clearance interval
2026-10-04T15:26:08.7239718Z   ---
2026-10-04T15:26:08.7239771Z   duration_ms: 0.592441
2026-10-04T15:26:08.7239820Z   type: 'test'
2026-10-04T15:26:08.7239864Z   ...
2026-10-04T15:26:08.7240090Z # Subtest: the complete southern fleet keeps moving past parked intersection cars for three simulated minutes
2026-10-04T15:26:08.7240309Z ok 286 - the complete southern fleet keeps moving past parked intersection cars for three simulated minutes
2026-10-04T15:26:08.7240355Z   ---
2026-10-04T15:26:08.7240409Z   duration_ms: 6898.258147
2026-10-04T15:26:08.7240460Z   type: 'test'
2026-10-04T15:26:08.7240507Z   ...
2026-10-04T15:26:08.7240712Z # Subtest: generated-city courier is completable with walking and real driving before its deadline
2026-10-04T15:26:08.7240907Z ok 287 - generated-city courier is completable with walking and real driving before its deadline
2026-10-04T15:26:08.7240959Z   ---
2026-10-04T15:26:08.7241013Z   duration_ms: 995.381283
2026-10-04T15:26:08.7241065Z   type: 'test'
2026-10-04T15:26:08.7241219Z   ...
2026-10-04T15:26:08.7241472Z # {"seconds":13.783333333333685,"reached":2,"minimumHealth":100,"maximumWanted":0,"maximumPatrols":0}
2026-10-04T15:26:08.7241674Z # Subtest: generated-city timed circuit is completable through every checkpoint with real steering
2026-10-04T15:26:08.7241866Z ok 288 - generated-city timed circuit is completable through every checkpoint with real steering
2026-10-04T15:26:08.7241913Z   ---
2026-10-04T15:26:08.7241967Z   duration_ms: 5626.857175
2026-10-04T15:26:08.7242020Z   type: 'test'
2026-10-04T15:26:08.7242066Z   ...
2026-10-04T15:26:08.7242298Z # {"seconds":46.59999999999854,"reached":4,"minimumHealth":76.17862340525166,"maximumWanted":1,"maximumPatrols":2}
2026-10-04T15:26:08.7242509Z # Subtest: generated-city getaway can trigger pursuit, lose real patrols and return without teleporting
2026-10-04T15:26:08.7242809Z ok 289 - generated-city getaway can trigger pursuit, lose real patrols and return without teleporting
2026-10-04T15:26:08.7242856Z   ---
2026-10-04T15:26:08.7242910Z   duration_ms: 6665.141058
2026-10-04T15:26:08.7242959Z   type: 'test'
2026-10-04T15:26:08.7243005Z   ...
2026-10-04T15:26:08.7243204Z # {"seconds":74.69999999999695,"reached":5,"minimumHealth":100,"maximumWanted":2,"maximumPatrols":3}
2026-10-04T15:26:08.7243404Z # Subtest: asphalt surfaces tile the real road grid at one height without overlapping intersections
2026-10-04T15:26:08.7243595Z ok 290 - asphalt surfaces tile the real road grid at one height without overlapping intersections
2026-10-04T15:26:08.7243641Z   ---
2026-10-04T15:26:08.7243693Z   duration_ms: 2.914877
2026-10-04T15:26:08.7243745Z   type: 'test'
2026-10-04T15:26:08.7243790Z   ...
2026-10-04T15:26:08.7244015Z # Subtest: ground-height query agrees with rendered triangles at ramps, pavement, park paths and promenade
2026-10-04T15:26:08.7244233Z ok 291 - ground-height query agrees with rendered triangles at ramps, pavement, park paths and promenade
2026-10-04T15:26:08.7244279Z   ---
2026-10-04T15:26:08.7244333Z   duration_ms: 13.64694
2026-10-04T15:26:08.7244381Z   type: 'test'
2026-10-04T15:26:08.7244427Z   ...
2026-10-04T15:26:08.7244622Z # Subtest: all registered obstacles have finite height and cover their actual instance geometry
2026-10-04T15:26:08.7244807Z ok 292 - all registered obstacles have finite height and cover their actual instance geometry
2026-10-04T15:26:08.7244851Z   ---
2026-10-04T15:26:08.7244905Z   duration_ms: 10.275054
2026-10-04T15:26:08.7244954Z   type: 'test'
2026-10-04T15:26:08.7244997Z   ...
2026-10-04T15:26:08.7245169Z # Subtest: Node and browser texture paths emit identical physical and camera geometry
2026-10-04T15:26:08.7245332Z ok 293 - Node and browser texture paths emit identical physical and camera geometry
2026-10-04T15:26:08.7245376Z   ---
2026-10-04T15:26:08.7245430Z   duration_ms: 300.472446
2026-10-04T15:26:08.7245565Z   type: 'test'
2026-10-04T15:26:08.7245612Z   ...
2026-10-04T15:26:08.7245863Z # Subtest: shared vehicle and character dimensions enclose actual rendered geometry including mirrors and police lights
2026-10-04T15:26:08.7246104Z ok 294 - shared vehicle and character dimensions enclose actual rendered geometry including mirrors and police lights
2026-10-04T15:26:08.7246150Z   ---
2026-10-04T15:26:08.7246203Z   duration_ms: 441.365439
2026-10-04T15:26:08.7246252Z   type: 'test'
2026-10-04T15:26:08.7246297Z   ...
2026-10-04T15:26:08.7246514Z # Subtest: all decorative sidewalk routes remain clear of grounded obstacles and sample the real pavement
2026-10-04T15:26:08.7246717Z ok 295 - all decorative sidewalk routes remain clear of grounded obstacles and sample the real pavement
2026-10-04T15:26:08.7246762Z   ---
2026-10-04T15:26:08.7246815Z   duration_ms: 193.938696
2026-10-04T15:26:08.7246863Z   type: 'test'
2026-10-04T15:26:08.7246908Z   ...
2026-10-04T15:26:08.7247141Z # Subtest: world finish composes existing hooks, preserves physical values and runs once in real instance metres
2026-10-04T15:26:08.7247364Z ok 296 - world finish composes existing hooks, preserves physical values and runs once in real instance metres
2026-10-04T15:26:08.7247410Z   ---
2026-10-04T15:26:08.7247462Z   duration_ms: 2.350668
2026-10-04T15:26:08.7247511Z   type: 'test'
2026-10-04T15:26:08.7247554Z   ...
2026-10-04T15:26:08.7247814Z # Subtest: southern street and eastern shore retain checkpoint mineral and metal coverage without modifying glazing shaders
2026-10-04T15:26:08.7248063Z ok 297 - southern street and eastern shore retain checkpoint mineral and metal coverage without modifying glazing shaders
2026-10-04T15:26:08.7248107Z   ---
2026-10-04T15:26:08.7248162Z   duration_ms: 381.454795
2026-10-04T15:26:08.7248211Z   type: 'test'
2026-10-04T15:26:08.7248256Z   ...
2026-10-04T15:26:08.7248421Z # Subtest: browser facade texture projection survives the added world grain shader
2026-10-04T15:26:08.7248639Z ok 298 - browser facade texture projection survives the added world grain shader
2026-10-04T15:26:08.7248687Z   ---
2026-10-04T15:26:08.7248739Z   duration_ms: 281.841702
2026-10-04T15:26:08.7248788Z   type: 'test'
2026-10-04T15:26:08.7248834Z   ...
2026-10-04T15:26:08.7248881Z 1..298
2026-10-04T15:26:08.7248931Z # tests 298
2026-10-04T15:26:08.7248981Z # suites 0
2026-10-04T15:26:08.7249029Z # pass 298
2026-10-04T15:26:08.7249075Z # fail 0
2026-10-04T15:26:08.7249126Z # cancelled 0
2026-10-04T15:26:08.7249177Z # skipped 0
2026-10-04T15:26:08.7249222Z # todo 0
2026-10-04T15:26:08.7249286Z # duration_ms 80631.600808
2026-10-04T15:26:08.7272086Z ##[group]Run npm run build
2026-10-04T15:26:08.7272173Z [36;1mnpm run build[0m
2026-10-04T15:26:08.7323803Z shell: /usr/bin/bash -e {0}
2026-10-04T15:26:08.7323859Z ##[endgroup]
2026-10-04T15:26:08.7962101Z 
2026-10-04T15:26:08.7962742Z > neon-harbor@0.8.0 build
2026-10-04T15:26:08.7962842Z > node tools/build.mjs
2026-10-04T15:26:08.7962851Z 
2026-10-04T15:26:09.0973239Z Built 58 city districts (6888 KiB) at /home/runner/work/neon-harbor/neon-harbor/assets/city/chunks/
2026-10-04T15:26:09.2303961Z Built 12 north-shore districts (6603 KiB) at /home/runner/work/neon-harbor/neon-harbor/assets/metropolis/chunks/
2026-10-04T15:26:09.3596689Z Built static game at /home/runner/work/neon-harbor/neon-harbor/dist
2026-10-04T15:26:09.3845660Z ##[group]Run npx playwright install --with-deps chromium
2026-10-04T15:26:09.3846076Z [36;1mnpx playwright install --with-deps chromium[0m
2026-10-04T15:26:09.3900370Z shell: /usr/bin/bash -e {0}
2026-10-04T15:26:09.3900528Z ##[endgroup]
2026-10-04T15:26:09.8514709Z Installing dependencies...
2026-10-04T15:26:09.8555383Z Switching to root user to install dependencies...
2026-10-04T15:26:09.9252590Z Get:1 file:/etc/apt/apt-mirrors.txt Mirrorlist [144 B]
2026-10-04T15:26:09.9676815Z Get:6 https://packages.microsoft.com/ubuntu/24.04/prod noble InRelease [3600 B]
2026-10-04T15:26:09.9753747Z Hit:2 http://azure.archive.ubuntu.com/ubuntu noble InRelease
2026-10-04T15:26:09.9774050Z Get:3 http://azure.archive.ubuntu.com/ubuntu noble-updates InRelease [126 kB]
2026-10-04T15:26:09.9799073Z Get:4 http://azure.archive.ubuntu.com/ubuntu noble-backports InRelease [126 kB]
2026-10-04T15:26:09.9826050Z Get:5 http://azure.archive.ubuntu.com/ubuntu noble-security InRelease [126 kB]
2026-10-04T15:26:10.0266735Z Get:7 https://packages.microsoft.com/ubuntu/24.04/prod noble/main armhf Packages [12.6 kB]
2026-10-04T15:26:10.0346980Z Get:8 https://packages.microsoft.com/ubuntu/24.04/prod noble/main amd64 Packages [511 kB]
2026-10-04T15:26:10.0452119Z Get:9 https://packages.microsoft.com/ubuntu/24.04/prod noble/main arm64 Packages [458 kB]
2026-10-04T15:26:10.0913515Z Get:10 http://azure.archive.ubuntu.com/ubuntu noble-updates/main amd64 Packages [1364 kB]
2026-10-04T15:26:10.0972464Z Get:11 http://azure.archive.ubuntu.com/ubuntu noble-updates/main Translation-en [304 kB]
2026-10-04T15:26:10.0978684Z Get:12 http://azure.archive.ubuntu.com/ubuntu noble-updates/main amd64 Components [181 kB]
2026-10-04T15:26:10.0994050Z Get:13 http://azure.archive.ubuntu.com/ubuntu noble-updates/universe amd64 Packages [1699 kB]
2026-10-04T15:26:10.1067870Z Get:14 http://azure.archive.ubuntu.com/ubuntu noble-updates/universe Translation-en [341 kB]
2026-10-04T15:26:10.1076463Z Get:15 http://azure.archive.ubuntu.com/ubuntu noble-updates/universe amd64 Components [388 kB]
2026-10-04T15:26:10.1095607Z Get:16 http://azure.archive.ubuntu.com/ubuntu noble-updates/restricted amd64 Packages [1720 kB]
2026-10-04T15:26:10.1171605Z Get:17 http://azure.archive.ubuntu.com/ubuntu noble-updates/restricted Translation-en [394 kB]
2026-10-04T15:26:10.1178555Z Get:18 http://azure.archive.ubuntu.com/ubuntu noble-updates/multiverse amd64 Components [940 B]
2026-10-04T15:26:10.1331653Z Get:19 http://azure.archive.ubuntu.com/ubuntu noble-backports/main amd64 Components [5776 B]
2026-10-04T15:26:10.1802124Z Get:20 http://azure.archive.ubuntu.com/ubuntu noble-backports/universe amd64 Components [12.6 kB]
2026-10-04T15:26:10.1813773Z Get:21 http://azure.archive.ubuntu.com/ubuntu noble-security/main amd64 Packages [1069 kB]
2026-10-04T15:26:10.1873925Z Get:22 http://azure.archive.ubuntu.com/ubuntu noble-security/main Translation-en [221 kB]
2026-10-04T15:26:10.1887883Z Get:23 http://azure.archive.ubuntu.com/ubuntu noble-security/main amd64 Components [46.4 kB]
2026-10-04T15:26:10.1897768Z Get:24 http://azure.archive.ubuntu.com/ubuntu noble-security/universe amd64 Packages [1216 kB]
2026-10-04T15:26:10.1946173Z Get:25 http://azure.archive.ubuntu.com/ubuntu noble-security/universe Translation-en [244 kB]
2026-10-04T15:26:10.1961322Z Get:26 http://azure.archive.ubuntu.com/ubuntu noble-security/universe amd64 Components [76.4 kB]
2026-10-04T15:26:10.1972254Z Get:27 http://azure.archive.ubuntu.com/ubuntu noble-security/restricted amd64 Packages [1566 kB]
2026-10-04T15:26:10.2035122Z Get:28 http://azure.archive.ubuntu.com/ubuntu noble-security/restricted Translation-en [361 kB]
2026-10-04T15:26:15.7065027Z Fetched 12.6 MB in 1s (12.2 MB/s)
2026-10-04T15:26:16.1825188Z Reading package lists...
2026-10-04T15:26:16.2023402Z Reading package lists...
2026-10-04T15:26:16.3235173Z Building dependency tree...
2026-10-04T15:26:16.3239990Z Reading state information...
2026-10-04T15:26:16.4254892Z libasound2t64 is already the newest version (1.2.11-1ubuntu0.3).
2026-10-04T15:26:16.4255926Z libasound2t64 set to manually installed.
2026-10-04T15:26:16.4256203Z libatk-bridge2.0-0t64 is already the newest version (2.52.0-1build1).
2026-10-04T15:26:16.4256465Z libatk-bridge2.0-0t64 set to manually installed.
2026-10-04T15:26:16.4256773Z libatk1.0-0t64 is already the newest version (2.52.0-1build1).
2026-10-04T15:26:16.4257134Z libatk1.0-0t64 set to manually installed.
2026-10-04T15:26:16.4257514Z libatspi2.0-0t64 is already the newest version (2.52.0-1build1).
2026-10-04T15:26:16.4257881Z libatspi2.0-0t64 set to manually installed.
2026-10-04T15:26:16.4258247Z libcairo2 is already the newest version (1.18.0-3build1).
2026-10-04T15:26:16.4258586Z libcairo2 set to manually installed.
2026-10-04T15:26:16.4259137Z libcups2t64 is already the newest version (2.4.7-1.2ubuntu7.14).
2026-10-04T15:26:16.4259497Z libcups2t64 set to manually installed.
2026-10-04T15:26:16.4259865Z libdbus-1-3 is already the newest version (1.14.10-4ubuntu4.1).
2026-10-04T15:26:16.4260224Z libdbus-1-3 set to manually installed.
2026-10-04T15:26:16.4260606Z libdrm2 is already the newest version (2.4.125-1ubuntu0.1~24.04.2).
2026-10-04T15:26:16.4260964Z libdrm2 set to manually installed.
2026-10-04T15:26:16.4261497Z libglib2.0-0t64 is already the newest version (2.80.0-6ubuntu3.9).
2026-10-04T15:26:16.4261869Z libglib2.0-0t64 set to manually installed.
2026-10-04T15:26:16.4262232Z libnspr4 is already the newest version (2:4.35-1.1build1).
2026-10-04T15:26:16.4262446Z libnspr4 set to manually installed.
2026-10-04T15:26:16.4262658Z libnss3 is already the newest version (2:3.98-1ubuntu0.2).
2026-10-04T15:26:16.4262867Z libnss3 set to manually installed.
2026-10-04T15:26:16.4263091Z libpango-1.0-0 is already the newest version (1.52.1+ds-1build1).
2026-10-04T15:26:16.4263319Z libpango-1.0-0 set to manually installed.
2026-10-04T15:26:16.4263540Z libx11-6 is already the newest version (2:1.8.7-1build1).
2026-10-04T15:26:16.4263742Z libx11-6 set to manually installed.
2026-10-04T15:26:16.4263948Z libxcb1 is already the newest version (1.15-1ubuntu2).
2026-10-04T15:26:16.4264148Z libxcb1 set to manually installed.
2026-10-04T15:26:16.4264372Z libxcomposite1 is already the newest version (1:0.4.5-1build3).
2026-10-04T15:26:16.4264595Z libxcomposite1 set to manually installed.
2026-10-04T15:26:16.4264827Z libxdamage1 is already the newest version (1:1.1.6-1build1).
2026-10-04T15:26:16.4265039Z libxdamage1 set to manually installed.
2026-10-04T15:26:16.4265251Z libxext6 is already the newest version (2:1.3.4-1build2).
2026-10-04T15:26:16.4265455Z libxext6 set to manually installed.
2026-10-04T15:26:16.4265667Z libxfixes3 is already the newest version (1:6.0.0-2build1).
2026-10-04T15:26:16.4265882Z libxfixes3 set to manually installed.
2026-10-04T15:26:16.4266101Z libxkbcommon0 is already the newest version (1.6.0-1build1).
2026-10-04T15:26:16.4266319Z libxkbcommon0 set to manually installed.
2026-10-04T15:26:16.4266541Z libxrandr2 is already the newest version (2:1.5.2-2build1).
2026-10-04T15:26:16.4266753Z libxrandr2 set to manually installed.
2026-10-04T15:26:16.4266972Z xvfb is already the newest version (2:21.1.12-1ubuntu1.8).
2026-10-04T15:26:16.4267263Z fonts-noto-color-emoji is already the newest version (2.047-0ubuntu0.24.04.1).
2026-10-04T15:26:16.4267566Z libfontconfig1 is already the newest version (2.15.0-1.1ubuntu2).
2026-10-04T15:26:16.4267795Z libfontconfig1 set to manually installed.
2026-10-04T15:26:16.4268036Z libfreetype6 is already the newest version (2.13.2+dfsg-1ubuntu0.1).
2026-10-04T15:26:16.4268262Z libfreetype6 set to manually installed.
2026-10-04T15:26:16.4268497Z fonts-liberation is already the newest version (1:2.1.5-3).
2026-10-04T15:26:16.4268749Z fonts-liberation set to manually installed.
2026-10-04T15:26:16.4268973Z The following additional packages will be installed:
2026-10-04T15:26:16.4269252Z   libgl1-mesa-dri libglx-mesa0 mesa-libgallium xfonts-encodings xfonts-utils
2026-10-04T15:26:16.4269483Z Recommended packages:
2026-10-04T15:26:16.4269641Z   fonts-ipafont-mincho fonts-tlwg-loma
2026-10-04T15:26:16.4401595Z The following NEW packages will be installed:
2026-10-04T15:26:16.4402068Z   fonts-freefont-ttf fonts-ipafont-gothic fonts-tlwg-loma-otf fonts-unifont
2026-10-04T15:26:16.4403751Z   fonts-wqy-zenhei xfonts-cyrillic xfonts-encodings xfonts-scalable
2026-10-04T15:26:16.4404084Z   xfonts-utils
2026-10-04T15:26:16.4405760Z The following packages will be upgraded:
2026-10-04T15:26:16.4407872Z   libgbm1 libgl1-mesa-dri libglx-mesa0 mesa-libgallium
2026-10-04T15:26:16.4530873Z 4 upgraded, 9 newly installed, 0 to remove and 21 not upgraded.
2026-10-04T15:26:16.4531381Z Need to get 32.1 MB of archives.
2026-10-04T15:26:16.4531705Z After this operation, 79.5 MB of additional disk space will be used.
2026-10-04T15:26:16.4532268Z Get:1 file:/etc/apt/apt-mirrors.txt Mirrorlist [144 B]
2026-10-04T15:26:16.5149963Z Get:2 http://azure.archive.ubuntu.com/ubuntu noble/universe amd64 fonts-ipafont-gothic all 00303-21ubuntu1 [3513 kB]
2026-10-04T15:26:16.5734248Z Get:3 http://azure.archive.ubuntu.com/ubuntu noble/main amd64 fonts-freefont-ttf all 20211204+svn4273-2 [5641 kB]
2026-10-04T15:26:16.6504793Z Get:4 http://azure.archive.ubuntu.com/ubuntu noble/universe amd64 fonts-tlwg-loma-otf all 1:0.7.3-1 [107 kB]
2026-10-04T15:26:16.6788266Z Get:5 http://azure.archive.ubuntu.com/ubuntu noble/universe amd64 fonts-unifont all 1:15.1.01-1build1 [2993 kB]
2026-10-04T15:26:16.7322058Z Get:6 http://azure.archive.ubuntu.com/ubuntu noble/universe amd64 fonts-wqy-zenhei all 0.9.45-8 [7472 kB]
2026-10-04T15:26:16.8272239Z Get:7 http://azure.archive.ubuntu.com/ubuntu noble-updates/main amd64 libgl1-mesa-dri amd64 25.2.8-0ubuntu0.24.04.4 [38.0 kB]
2026-10-04T15:26:16.8552951Z Get:8 http://azure.archive.ubuntu.com/ubuntu noble-updates/main amd64 libglx-mesa0 amd64 25.2.8-0ubuntu0.24.04.4 [110 kB]
2026-10-04T15:26:16.8834477Z Get:9 http://azure.archive.ubuntu.com/ubuntu noble-updates/main amd64 libgbm1 amd64 25.2.8-0ubuntu0.24.04.4 [34.2 kB]
2026-10-04T15:26:16.9112736Z Get:10 http://azure.archive.ubuntu.com/ubuntu noble-updates/main amd64 mesa-libgallium amd64 25.2.8-0ubuntu0.24.04.4 [10.8 MB]
2026-10-04T15:26:17.0332288Z Get:11 http://azure.archive.ubuntu.com/ubuntu noble/main amd64 xfonts-encodings all 1:1.0.5-0ubuntu2 [578 kB]
2026-10-04T15:26:17.0655508Z Get:12 http://azure.archive.ubuntu.com/ubuntu noble/main amd64 xfonts-utils amd64 1:7.7+6build3 [94.4 kB]
2026-10-04T15:26:17.0937228Z Get:13 http://azure.archive.ubuntu.com/ubuntu noble/universe amd64 xfonts-cyrillic all 1:1.0.5+nmu1 [384 kB]
2026-10-04T15:26:17.1281631Z Get:14 http://azure.archive.ubuntu.com/ubuntu noble/main amd64 xfonts-scalable all 1:1.0.3-1.3 [304 kB]
2026-10-04T15:26:17.3036416Z Fetched 32.1 MB in 1s (46.8 MB/s)
2026-10-04T15:26:17.3383866Z Selecting previously unselected package fonts-ipafont-gothic.
2026-10-04T15:26:17.3638576Z (Reading database ... 
2026-10-04T15:26:17.3638844Z (Reading database ... 5%
2026-10-04T15:26:17.3639088Z (Reading database ... 10%
2026-10-04T15:26:17.3639317Z (Reading database ... 15%
2026-10-04T15:26:17.3639566Z (Reading database ... 20%
2026-10-04T15:26:17.3639985Z (Reading database ... 25%
2026-10-04T15:26:17.3640208Z (Reading database ... 30%
2026-10-04T15:26:17.3640426Z (Reading database ... 35%
2026-10-04T15:26:17.3640647Z (Reading database ... 40%
2026-10-04T15:26:17.3640868Z (Reading database ... 45%
2026-10-04T15:26:17.3641088Z (Reading database ... 50%
2026-10-04T15:26:17.3676750Z (Reading database ... 55%
2026-10-04T15:26:17.4593962Z (Reading database ... 60%
2026-10-04T15:26:17.6636920Z (Reading database ... 65%
2026-10-04T15:26:17.8668718Z (Reading database ... 70%
2026-10-04T15:26:18.0573322Z (Reading database ... 75%
2026-10-04T15:26:18.1550763Z (Reading database ... 80%
2026-10-04T15:26:18.3156338Z (Reading database ... 85%
2026-10-04T15:26:18.4727949Z (Reading database ... 90%
2026-10-04T15:26:18.5713050Z (Reading database ... 95%
2026-10-04T15:26:18.5713324Z (Reading database ... 100%
2026-10-04T15:26:18.5713725Z (Reading database ... 202296 files and directories currently installed.)
2026-10-04T15:26:18.5748663Z Preparing to unpack .../00-fonts-ipafont-gothic_00303-21ubuntu1_all.deb ...
2026-10-04T15:26:18.5824639Z Unpacking fonts-ipafont-gothic (00303-21ubuntu1) ...
2026-10-04T15:26:18.8024768Z Selecting previously unselected package fonts-freefont-ttf.
2026-10-04T15:26:18.8120687Z Preparing to unpack .../01-fonts-freefont-ttf_20211204+svn4273-2_all.deb ...
2026-10-04T15:26:18.8127517Z Unpacking fonts-freefont-ttf (20211204+svn4273-2) ...
2026-10-04T15:26:18.9007431Z Selecting previously unselected package fonts-tlwg-loma-otf.
2026-10-04T15:26:18.9103014Z Preparing to unpack .../02-fonts-tlwg-loma-otf_1%3a0.7.3-1_all.deb ...
2026-10-04T15:26:18.9110234Z Unpacking fonts-tlwg-loma-otf (1:0.7.3-1) ...
2026-10-04T15:26:18.9282483Z Selecting previously unselected package fonts-unifont.
2026-10-04T15:26:18.9375099Z Preparing to unpack .../03-fonts-unifont_1%3a15.1.01-1build1_all.deb ...
2026-10-04T15:26:18.9381388Z Unpacking fonts-unifont (1:15.1.01-1build1) ...
2026-10-04T15:26:19.1245063Z Selecting previously unselected package fonts-wqy-zenhei.
2026-10-04T15:26:19.1338921Z Preparing to unpack .../04-fonts-wqy-zenhei_0.9.45-8_all.deb ...
2026-10-04T15:26:19.1417915Z Unpacking fonts-wqy-zenhei (0.9.45-8) ...
2026-10-04T15:26:19.5678631Z Preparing to unpack .../05-libgl1-mesa-dri_25.2.8-0ubuntu0.24.04.4_amd64.deb ...
2026-10-04T15:26:19.5792969Z Unpacking libgl1-mesa-dri:amd64 (25.2.8-0ubuntu0.24.04.4) over (25.2.8-0ubuntu0.24.04.2) ...
2026-10-04T15:26:19.6192087Z Preparing to unpack .../06-libglx-mesa0_25.2.8-0ubuntu0.24.04.4_amd64.deb ...
2026-10-04T15:26:19.6220288Z Unpacking libglx-mesa0:amd64 (25.2.8-0ubuntu0.24.04.4) over (25.2.8-0ubuntu0.24.04.2) ...
2026-10-04T15:26:19.6512336Z Preparing to unpack .../07-libgbm1_25.2.8-0ubuntu0.24.04.4_amd64.deb ...
2026-10-04T15:26:19.6533013Z Unpacking libgbm1:amd64 (25.2.8-0ubuntu0.24.04.4) over (25.2.8-0ubuntu0.24.04.2) ...
2026-10-04T15:26:19.6824931Z Preparing to unpack .../08-mesa-libgallium_25.2.8-0ubuntu0.24.04.4_amd64.deb ...
2026-10-04T15:26:19.6845665Z Unpacking mesa-libgallium:amd64 (25.2.8-0ubuntu0.24.04.4) over (25.2.8-0ubuntu0.24.04.2) ...
2026-10-04T15:26:19.9972263Z Selecting previously unselected package xfonts-encodings.
2026-10-04T15:26:20.0070122Z Preparing to unpack .../09-xfonts-encodings_1%3a1.0.5-0ubuntu2_all.deb ...
2026-10-04T15:26:20.0077320Z Unpacking xfonts-encodings (1:1.0.5-0ubuntu2) ...
2026-10-04T15:26:20.0288517Z Selecting previously unselected package xfonts-utils.
2026-10-04T15:26:20.0381315Z Preparing to unpack .../10-xfonts-utils_1%3a7.7+6build3_amd64.deb ...
2026-10-04T15:26:20.0386790Z Unpacking xfonts-utils (1:7.7+6build3) ...
2026-10-04T15:26:20.0667475Z Selecting previously unselected package xfonts-cyrillic.
2026-10-04T15:26:20.0758848Z Preparing to unpack .../11-xfonts-cyrillic_1%3a1.0.5+nmu1_all.deb ...
2026-10-04T15:26:20.0765500Z Unpacking xfonts-cyrillic (1:1.0.5+nmu1) ...
2026-10-04T15:26:20.1013073Z Selecting previously unselected package xfonts-scalable.
2026-10-04T15:26:20.1103410Z Preparing to unpack .../12-xfonts-scalable_1%3a1.0.3-1.3_all.deb ...
2026-10-04T15:26:20.1109142Z Unpacking xfonts-scalable (1:1.0.3-1.3) ...
2026-10-04T15:26:20.1459514Z Setting up mesa-libgallium:amd64 (25.2.8-0ubuntu0.24.04.4) ...
2026-10-04T15:26:20.1479186Z Setting up libgbm1:amd64 (25.2.8-0ubuntu0.24.04.4) ...
2026-10-04T15:26:20.1497070Z Setting up libgl1-mesa-dri:amd64 (25.2.8-0ubuntu0.24.04.4) ...
2026-10-04T15:26:20.1556914Z Setting up fonts-wqy-zenhei (0.9.45-8) ...
2026-10-04T15:26:20.1650901Z Setting up fonts-freefont-ttf (20211204+svn4273-2) ...
2026-10-04T15:26:20.1670266Z Setting up fonts-tlwg-loma-otf (1:0.7.3-1) ...
2026-10-04T15:26:20.1687554Z Setting up xfonts-encodings (1:1.0.5-0ubuntu2) ...
2026-10-04T15:26:20.1704544Z Setting up fonts-ipafont-gothic (00303-21ubuntu1) ...
2026-10-04T15:26:20.1753093Z update-alternatives: using /usr/share/fonts/opentype/ipafont-gothic/ipag.ttf to provide /usr/share/fonts/truetype/fonts-japanese-gothic.ttf (fonts-japanese-gothic.ttf) in auto mode
2026-10-04T15:26:20.1767382Z Setting up fonts-unifont (1:15.1.01-1build1) ...
2026-10-04T15:26:20.1780968Z Setting up libglx-mesa0:amd64 (25.2.8-0ubuntu0.24.04.4) ...
2026-10-04T15:26:20.1794110Z Setting up xfonts-utils (1:7.7+6build3) ...
2026-10-04T15:26:20.1824346Z Setting up xfonts-cyrillic (1:1.0.5+nmu1) ...
2026-10-04T15:26:20.2046102Z Setting up xfonts-scalable (1:1.0.3-1.3) ...
2026-10-04T15:26:20.2250576Z Processing triggers for libc-bin (2.39-0ubuntu8.9) ...
2026-10-04T15:26:20.4015269Z Processing triggers for man-db (2.12.0-4build2) ...
2026-10-04T15:26:20.4032763Z Not building database; man-db/auto-update is not 'true'.
2026-10-04T15:26:20.4041528Z Processing triggers for fontconfig (2.15.0-1.1ubuntu2) ...
2026-10-04T15:26:20.8957687Z 
2026-10-04T15:26:20.8958183Z Running kernel seems to be up-to-date.
2026-10-04T15:26:20.8958417Z 
2026-10-04T15:26:20.8958553Z No services need to be restarted.
2026-10-04T15:26:20.8958713Z 
2026-10-04T15:26:20.8958843Z No containers need to be restarted.
2026-10-04T15:26:20.8959003Z 
2026-10-04T15:26:20.8959195Z No user sessions are running outdated binaries.
2026-10-04T15:26:20.8959385Z 
2026-10-04T15:26:20.8959631Z No VM guests are running outdated hypervisor (qemu) binaries on this host.
2026-10-04T15:26:21.4820840Z Downloading Chrome for Testing 151.0.7922.34 (playwright chromium v1234) from https://cdn.playwright.dev/builds/cft/151.0.7922.34/linux64/chrome-linux64.zip
2026-10-04T15:26:22.4405819Z |                                                                                |   0% of 184.3 MiB
2026-10-04T15:26:22.5990322Z |■■■■■■■■                                                                        |  10% of 184.3 MiB
2026-10-04T15:26:22.6873291Z |■■■■■■■■■■■■■■■■                                                                |  20% of 184.3 MiB
2026-10-04T15:26:22.7778081Z |■■■■■■■■■■■■■■■■■■■■■■■■                                                        |  30% of 184.3 MiB
2026-10-04T15:26:22.8680661Z |■■■■■■■■■■■■■■■■■■■■■■■■■■■■■■■■                                                |  40% of 184.3 MiB
2026-10-04T15:26:22.9711422Z |■■■■■■■■■■■■■■■■■■■■■■■■■■■■■■■■■■■■■■■■                                        |  50% of 184.3 MiB
2026-10-04T15:26:23.0794374Z |■■■■■■■■■■■■■■■■■■■■■■■■■■■■■■■■■■■■■■■■■■■■■■■■                                |  60% of 184.3 MiB
2026-10-04T15:26:23.1754487Z |■■■■■■■■■■■■■■■■■■■■■■■■■■■■■■■■■■■■■■■■■■■■■■■■■■■■■■■■                        |  70% of 184.3 MiB
2026-10-04T15:26:23.2815336Z |■■■■■■■■■■■■■■■■■■■■■■■■■■■■■■■■■■■■■■■■■■■■■■■■■■■■■■■■■■■■■■■■                |  80% of 184.3 MiB
2026-10-04T15:26:23.3840806Z |■■■■■■■■■■■■■■■■■■■■■■■■■■■■■■■■■■■■■■■■■■■■■■■■■■■■■■■■■■■■■■■■■■■■■■■■        |  90% of 184.3 MiB
2026-10-04T15:26:23.5267410Z |■■■■■■■■■■■■■■■■■■■■■■■■■■■■■■■■■■■■■■■■■■■■■■■■■■■■■■■■■■■■■■■■■■■■■■■■■■■■■■■■| 100% of 184.3 MiB
2026-10-04T15:26:25.2749204Z Chrome for Testing 151.0.7922.34 (playwright chromium v1234) downloaded to /home/runner/.cache/ms-playwright/chromium-1234
2026-10-04T15:26:25.2751705Z Downloading FFmpeg (playwright ffmpeg v1011) from https://cdn.playwright.dev/dbazure/download/playwright/builds/ffmpeg/1011/ffmpeg-linux.zip
2026-10-04T15:26:26.1564181Z |                                                                                |   0% of 2.3 MiB
2026-10-04T15:26:26.1763158Z |■■■■■■■■                                                                        |  10% of 2.3 MiB
2026-10-04T15:26:26.1921669Z |■■■■■■■■■■■■■■■■                                                                |  20% of 2.3 MiB
2026-10-04T15:26:26.1967348Z |■■■■■■■■■■■■■■■■■■■■■■■■                                                        |  30% of 2.3 MiB
2026-10-04T15:26:26.2042757Z |■■■■■■■■■■■■■■■■■■■■■■■■■■■■■■■■                                                |  40% of 2.3 MiB
2026-10-04T15:26:26.2115354Z |■■■■■■■■■■■■■■■■■■■■■■■■■■■■■■■■■■■■■■■■                                        |  50% of 2.3 MiB
2026-10-04T15:26:26.2143078Z |■■■■■■■■■■■■■■■■■■■■■■■■■■■■■■■■■■■■■■■■■■■■■■■■                                |  60% of 2.3 MiB
2026-10-04T15:26:26.2203545Z |■■■■■■■■■■■■■■■■■■■■■■■■■■■■■■■■■■■■■■■■■■■■■■■■■■■■■■■■                        |  70% of 2.3 MiB
2026-10-04T15:26:26.2224929Z |■■■■■■■■■■■■■■■■■■■■■■■■■■■■■■■■■■■■■■■■■■■■■■■■■■■■■■■■■■■■■■■■                |  80% of 2.3 MiB
2026-10-04T15:26:26.2245268Z |■■■■■■■■■■■■■■■■■■■■■■■■■■■■■■■■■■■■■■■■■■■■■■■■■■■■■■■■■■■■■■■■■■■■■■■■        |  90% of 2.3 MiB
2026-10-04T15:26:26.2299917Z |■■■■■■■■■■■■■■■■■■■■■■■■■■■■■■■■■■■■■■■■■■■■■■■■■■■■■■■■■■■■■■■■■■■■■■■■■■■■■■■■| 100% of 2.3 MiB
2026-10-04T15:26:26.2674352Z FFmpeg (playwright ffmpeg v1011) downloaded to /home/runner/.cache/ms-playwright/ffmpeg-1011
2026-10-04T15:26:26.2676659Z Downloading Chrome Headless Shell 151.0.7922.34 (playwright chromium-headless-shell v1234) from https://cdn.playwright.dev/builds/cft/151.0.7922.34/linux64/chrome-headless-shell-linux64.zip
2026-10-04T15:26:27.1709811Z |                                                                                |   0% of 114.7 MiB
2026-10-04T15:26:27.3877373Z |■■■■■■■■                                                                        |  10% of 114.7 MiB
2026-10-04T15:26:27.4452619Z |■■■■■■■■■■■■■■■■                                                                |  20% of 114.7 MiB
2026-10-04T15:26:27.5218001Z |■■■■■■■■■■■■■■■■■■■■■■■■                                                        |  30% of 114.7 MiB
2026-10-04T15:26:27.5843051Z |■■■■■■■■■■■■■■■■■■■■■■■■■■■■■■■■                                                |  40% of 114.7 MiB
2026-10-04T15:26:27.6519785Z |■■■■■■■■■■■■■■■■■■■■■■■■■■■■■■■■■■■■■■■■                                        |  50% of 114.7 MiB
2026-10-04T15:26:27.7100607Z |■■■■■■■■■■■■■■■■■■■■■■■■■■■■■■■■■■■■■■■■■■■■■■■■                                |  60% of 114.7 MiB
2026-10-04T15:26:27.7699091Z |■■■■■■■■■■■■■■■■■■■■■■■■■■■■■■■■■■■■■■■■■■■■■■■■■■■■■■■■                        |  70% of 114.7 MiB
2026-10-04T15:26:27.8452557Z |■■■■■■■■■■■■■■■■■■■■■■■■■■■■■■■■■■■■■■■■■■■■■■■■■■■■■■■■■■■■■■■■                |  80% of 114.7 MiB
2026-10-04T15:26:27.9015674Z |■■■■■■■■■■■■■■■■■■■■■■■■■■■■■■■■■■■■■■■■■■■■■■■■■■■■■■■■■■■■■■■■■■■■■■■■        |  90% of 114.7 MiB
2026-10-04T15:26:27.9562443Z |■■■■■■■■■■■■■■■■■■■■■■■■■■■■■■■■■■■■■■■■■■■■■■■■■■■■■■■■■■■■■■■■■■■■■■■■■■■■■■■■| 100% of 114.7 MiB
2026-10-04T15:26:29.1971912Z Chrome Headless Shell 151.0.7922.34 (playwright chromium-headless-shell v1234) downloaded to /home/runner/.cache/ms-playwright/chromium_headless_shell-1234
2026-10-04T15:26:29.2180568Z ##[group]Run npx playwright test tests/e2e/city-materials.spec.js --fully-parallel --shard=1/1
2026-10-04T15:26:29.2180976Z [36;1mnpx playwright test tests/e2e/city-materials.spec.js --fully-parallel --shard=1/1[0m
2026-10-04T15:26:29.2233119Z shell: /usr/bin/bash -e {0}
2026-10-04T15:26:29.2233429Z ##[endgroup]
2026-10-04T15:26:29.9298657Z 
2026-10-04T15:26:29.9299242Z Running 3 tests using 1 worker, shard 1 of 1
2026-10-04T15:26:29.9299486Z 
2026-10-04T15:28:34.0758044Z   ✓  1 tests/e2e/city-materials.spec.js:113:1 › a northern home renders its furnished bedroom in High and survives quality changes at the same pose (2.0m)
2026-10-04T15:33:05.2093292Z   ✓  2 tests/e2e/city-materials.spec.js:137:1 › an old-quarter visitor walks the compact stairs and a room doorway, rides down and exits (4.5m)
2026-10-04T15:36:36.3629563Z   ✓  3 tests/e2e/city-materials.spec.js:194:1 › an eastern visitor enters an enclosed office, rides to the observation terrace and reloads safely (3.5m)
2026-10-04T15:36:42.4724301Z 
2026-10-04T15:36:42.4727069Z   Slow test file: tests/e2e/city-materials.spec.js (10.1m)
2026-10-04T15:36:42.4728458Z   Consider running tests from slow files in parallel. See: https://playwright.dev/docs/test-parallel
2026-10-04T15:36:42.4729213Z   3 passed (10.2m)
2026-10-04T15:36:42.5425738Z ##[group]Run actions/upload-artifact@v4
2026-10-04T15:36:42.5425924Z with:
2026-10-04T15:36:42.5426058Z   name: browser-test-results-city-materials
2026-10-04T15:36:42.5426236Z   path: playwright-report/
test-results/

2026-10-04T15:36:42.5426398Z   if-no-files-found: ignore
2026-10-04T15:36:42.5426536Z   compression-level: 6
2026-10-04T15:36:42.5426663Z   overwrite: false
2026-10-04T15:36:42.5426786Z   include-hidden-files: false
2026-10-04T15:36:42.5426924Z ##[endgroup]
2026-10-04T15:36:42.6505385Z (node:3524) [DEP0040] DeprecationWarning: The `punycode` module is deprecated. Please use a userland alternative instead.
2026-10-04T15:36:42.6505877Z (Use `node --trace-deprecation ...` to show where the warning was created)
2026-10-04T15:36:42.6591744Z Multiple search paths detected. Calculating the least common ancestor of all paths
2026-10-04T15:36:42.6593235Z The least common ancestor is /home/runner/work/neon-harbor/neon-harbor. This will be the root directory of the artifact
2026-10-04T15:36:42.6593960Z With the provided path, there will be 28 files uploaded
2026-10-04T15:36:42.6596733Z Artifact name is valid!
2026-10-04T15:36:42.6597215Z Root directory input is valid!
2026-10-04T15:36:42.9574400Z Beginning upload of artifact content to blob storage
2026-10-04T15:36:43.0516918Z (node:3524) [DEP0169] DeprecationWarning: `url.parse()` behavior is not standardized and prone to errors that have security implications. Use the WHATWG URL API instead. CVEs are not issued for `url.parse()` vulnerabilities.
2026-10-04T15:36:43.4142588Z Uploaded bytes 2993962
2026-10-04T15:36:43.4530389Z Finished uploading artifact content to blob storage!
2026-10-04T15:36:43.4530982Z SHA256 digest of uploaded artifact zip is 0ae4d450dcc96d6fc9c7943f3a8493c352f0e6a632099f33a41dcc068703d817
2026-10-04T15:36:43.4532693Z Finalizing artifact upload
2026-10-04T15:36:43.7231016Z Artifact browser-test-results-city-materials.zip successfully finalized. Artifact ID 11307980442
2026-10-04T15:36:43.7231824Z Artifact browser-test-results-city-materials has been successfully uploaded! Final size is 2993962 bytes. Artifact ID is 11307980442
2026-10-04T15:36:43.7235760Z Artifact download URL: https://github.com/qifalab/neon-harbor/actions/runs/37212886714/artifacts/11307980442
2026-10-04T15:36:43.7372954Z Post job cleanup.
2026-10-04T15:36:43.8144728Z (node:3537) [DEP0040] DeprecationWarning: The `punycode` module is deprecated. Please use a userland alternative instead.
2026-10-04T15:36:43.8145530Z (Use `node --trace-deprecation ...` to show where the warning was created)
2026-10-04T15:36:43.8146715Z Cache hit occurred on the primary key node-cache-Linux-x64-npm-6438cc70f01e36935f5c8c9cb620f6c972b229821dda55e94f5b735e54c263b7, not saving cache.
2026-10-04T15:36:43.8249071Z Post job cleanup.
2026-10-04T15:36:43.8811642Z [command]/usr/bin/git version
2026-10-04T15:36:43.8842392Z git version 2.55.0
2026-10-04T15:36:43.8863921Z Temporarily overriding HOME='/home/runner/work/_temp/96c886b6-a159-4f10-8e56-828209de7a02' before making global git config changes
2026-10-04T15:36:43.8864925Z Adding repository directory to the temporary git global config as a safe directory
2026-10-04T15:36:43.8866934Z [command]/usr/bin/git config --global --add safe.directory /home/runner/work/neon-harbor/neon-harbor
2026-10-04T15:36:43.8896446Z [command]/usr/bin/git config --local --name-only --get-regexp core\.sshCommand
2026-10-04T15:36:43.8924281Z [command]/usr/bin/git submodule foreach --recursive sh -c "git config --local --name-only --get-regexp 'core\.sshCommand' && git config --local --unset-all 'core.sshCommand' || :"
2026-10-04T15:36:43.9109594Z [command]/usr/bin/git config --local --name-only --get-regexp http\.https\:\/\/github\.com\/\.extraheader
2026-10-04T15:36:43.9132671Z http.https://github.com/.extraheader
2026-10-04T15:36:43.9140272Z [command]/usr/bin/git config --local --unset-all http.https://github.com/.extraheader
2026-10-04T15:36:43.9166607Z [command]/usr/bin/git submodule foreach --recursive sh -c "git config --local --name-only --get-regexp 'http\.https\:\/\/github\.com\/\.extraheader' && git config --local --unset-all 'http.https://github.com/.extraheader' || :"
2026-10-04T15:36:43.9364223Z [command]/usr/bin/git config --local --name-only --get-regexp ^includeIf\.gitdir:
2026-10-04T15:36:43.9403351Z [command]/usr/bin/git submodule foreach --recursive git config --local --show-origin --name-only --get-regexp remote.origin.url
2026-10-04T15:36:43.9712053Z Cleaning up orphan processes
2026-10-04T15:36:43.9910229Z ##[warning]Node.js 20 is deprecated. The following actions target Node.js 20 but are being forced to run on Node.js 24: actions/checkout@v4, actions/setup-node@v4, actions/upload-artifact@v4. For more information see: https://github.blog/changelog/2025-09-19-deprecation-of-node-20-on-github-actions-runners/
