2026-10-04T15:24:39.2383229Z Current runner version: '2.337.0'
2026-10-04T15:24:39.2403469Z ##[group]Runner Image Provisioner
2026-10-04T15:24:39.2404216Z Hosted Compute Agent
2026-10-04T15:24:39.2404769Z Version: 20260901.588
2026-10-04T15:24:39.2405317Z Commit: f88ec8081b781fac6c440065ac7ff9e710ce3d0b
2026-10-04T15:24:39.2405942Z Build Date: 2026-09-01T19:56:44Z
2026-10-04T15:24:39.2406534Z Worker ID: {90458361-6428-4eca-9c9f-653446f7e5c0}
2026-10-04T15:24:39.2407125Z Azure Region: northcentralus
2026-10-04T15:24:39.2407706Z ##[endgroup]
2026-10-04T15:24:39.2408798Z ##[group]Operating System
2026-10-04T15:24:39.2409335Z Ubuntu
2026-10-04T15:24:39.2409833Z 24.04.5
2026-10-04T15:24:39.2410267Z LTS
2026-10-04T15:24:39.2410676Z ##[endgroup]
2026-10-04T15:24:39.2411187Z ##[group]Runner Image
2026-10-04T15:24:39.2411708Z Image: ubuntu-24.04
2026-10-04T15:24:39.2412480Z Version: 20260927.320.1
2026-10-04T15:24:39.2413638Z Included Software: https://github.com/actions/runner-images/blob/ubuntu24/20260927.320/images/ubuntu/Ubuntu2404-Readme.md
2026-10-04T15:24:39.2414963Z Image Release: https://github.com/actions/runner-images/releases/tag/ubuntu24%2F20260927.320
2026-10-04T15:24:39.2415742Z ##[endgroup]
2026-10-04T15:24:39.2416697Z ##[group]GITHUB_TOKEN Permissions
2026-10-04T15:24:39.2418368Z Contents: read
2026-10-04T15:24:39.2418955Z Metadata: read
2026-10-04T15:24:39.2419449Z ##[endgroup]
2026-10-04T15:24:39.2421056Z Secret source: Actions
2026-10-04T15:24:39.2421873Z Cache mode: write
2026-10-04T15:24:39.2422439Z Prepare workflow directory
2026-10-04T15:24:39.2720632Z Prepare all required actions
2026-10-04T15:24:39.2764116Z Getting action download info
2026-10-04T15:24:39.5091815Z Download action repository 'actions/checkout@v4' (SHA:11d5960a326750d5838078e36cf38b85af677262)
2026-10-04T15:24:39.5939209Z Download action repository 'actions/setup-node@v4' (SHA:49933ea5288caeca8642d1e84afbd3f7d6820020)
2026-10-04T15:24:39.6998447Z Download action repository 'actions/upload-artifact@v4' (SHA:ea165f8d65b6e75b540449e92b4886f43607fa02)
2026-10-04T15:24:39.9551734Z Complete job name: Build and gameplay tests (stability)
2026-10-04T15:24:40.0081785Z ##[group]Run actions/checkout@v4
2026-10-04T15:24:40.0082418Z with:
2026-10-04T15:24:40.0082773Z   repository: qifalab/neon-harbor
2026-10-04T15:24:40.0086303Z   token: ***
2026-10-04T15:24:40.0086646Z   ssh-strict: true
2026-10-04T15:24:40.0086993Z   ssh-user: git
2026-10-04T15:24:40.0087349Z   persist-credentials: true
2026-10-04T15:24:40.0087731Z   clean: true
2026-10-04T15:24:40.0088083Z   sparse-checkout-cone-mode: true
2026-10-04T15:24:40.0088489Z   fetch-depth: 1
2026-10-04T15:24:40.0088834Z   fetch-tags: false
2026-10-04T15:24:40.0089179Z   show-progress: true
2026-10-04T15:24:40.0089531Z   lfs: false
2026-10-04T15:24:40.0089857Z   submodules: false
2026-10-04T15:24:40.0090206Z   set-safe-directory: true
2026-10-04T15:24:40.0090602Z   allow-unsafe-pr-checkout: false
2026-10-04T15:24:40.0091150Z ##[endgroup]
2026-10-04T15:24:40.0877978Z Syncing repository: qifalab/neon-harbor
2026-10-04T15:24:40.0879960Z ##[group]Getting Git version info
2026-10-04T15:24:40.0880910Z Working directory is '/home/runner/work/neon-harbor/neon-harbor'
2026-10-04T15:24:40.0882568Z [command]/usr/bin/git version
2026-10-04T15:24:40.0902222Z git version 2.55.0
2026-10-04T15:24:40.0923871Z ##[endgroup]
2026-10-04T15:24:40.0929266Z Temporarily overriding HOME='/home/runner/work/_temp/458cffa9-e3ef-429c-a689-853298f18ad9' before making global git config changes
2026-10-04T15:24:40.0930991Z Adding repository directory to the temporary git global config as a safe directory
2026-10-04T15:24:40.0932426Z [command]/usr/bin/git config --global --add safe.directory /home/runner/work/neon-harbor/neon-harbor
2026-10-04T15:24:40.0971091Z Deleting the contents of '/home/runner/work/neon-harbor/neon-harbor'
2026-10-04T15:24:40.0977000Z ##[group]Initializing the repository
2026-10-04T15:24:40.0980634Z [command]/usr/bin/git init /home/runner/work/neon-harbor/neon-harbor
2026-10-04T15:24:40.1054644Z hint: Using 'master' as the name for the initial branch. This default branch name
2026-10-04T15:24:40.1056341Z hint: will change to "main" in Git 3.0. To configure the initial branch name
2026-10-04T15:24:40.1057103Z hint: to use in all of your new repositories, which will suppress this warning,
2026-10-04T15:24:40.1057673Z hint: call:
2026-10-04T15:24:40.1058235Z hint:
2026-10-04T15:24:40.1058641Z hint: 	git config --global init.defaultBranch <name>
2026-10-04T15:24:40.1059125Z hint:
2026-10-04T15:24:40.1059597Z hint: Names commonly chosen instead of 'master' are 'main', 'trunk' and
2026-10-04T15:24:40.1060328Z hint: 'development'. The just-created branch can be renamed via this command:
2026-10-04T15:24:40.1060900Z hint:
2026-10-04T15:24:40.1061234Z hint: 	git branch -m <name>
2026-10-04T15:24:40.1061615Z hint:
2026-10-04T15:24:40.1062099Z hint: Disable this message with "git config set advice.defaultBranchName false"
2026-10-04T15:24:40.1067309Z Initialized empty Git repository in /home/runner/work/neon-harbor/neon-harbor/.git/
2026-10-04T15:24:40.1076500Z [command]/usr/bin/git remote add origin https://github.com/qifalab/neon-harbor
2026-10-04T15:24:40.1116226Z ##[endgroup]
2026-10-04T15:24:40.1117176Z ##[group]Disabling automatic garbage collection
2026-10-04T15:24:40.1120233Z [command]/usr/bin/git config --local gc.auto 0
2026-10-04T15:24:40.1147159Z ##[endgroup]
2026-10-04T15:24:40.1148033Z ##[group]Setting up auth
2026-10-04T15:24:40.1151458Z [command]/usr/bin/git config --local --name-only --get-regexp core\.sshCommand
2026-10-04T15:24:40.1178075Z [command]/usr/bin/git submodule foreach --recursive sh -c "git config --local --name-only --get-regexp 'core\.sshCommand' && git config --local --unset-all 'core.sshCommand' || :"
2026-10-04T15:24:40.1472185Z [command]/usr/bin/git config --local --name-only --get-regexp http\.https\:\/\/github\.com\/\.extraheader
2026-10-04T15:24:40.1503442Z [command]/usr/bin/git submodule foreach --recursive sh -c "git config --local --name-only --get-regexp 'http\.https\:\/\/github\.com\/\.extraheader' && git config --local --unset-all 'http.https://github.com/.extraheader' || :"
2026-10-04T15:24:40.1701885Z [command]/usr/bin/git config --local --name-only --get-regexp ^includeIf\.gitdir:
2026-10-04T15:24:40.1730902Z [command]/usr/bin/git submodule foreach --recursive git config --local --show-origin --name-only --get-regexp remote.origin.url
2026-10-04T15:24:40.1918649Z [command]/usr/bin/git config --local http.https://github.com/.extraheader AUTHORIZATION: basic ***
2026-10-04T15:24:40.1954780Z ##[endgroup]
2026-10-04T15:24:40.1955429Z ##[group]Fetching the repository
2026-10-04T15:24:40.1961911Z [command]/usr/bin/git -c protocol.version=2 fetch --no-tags --prune --no-recurse-submodules --depth=1 origin +0330df7ee1042d0f211304b042e01cdf6a0b4d44:refs/remotes/origin/main
2026-10-04T15:24:46.4607966Z From https://github.com/qifalab/neon-harbor
2026-10-04T15:24:46.4608974Z  * [new ref]         0330df7ee1042d0f211304b042e01cdf6a0b4d44 -> origin/main
2026-10-04T15:24:46.4635165Z ##[endgroup]
2026-10-04T15:24:46.4636104Z ##[group]Determining the checkout info
2026-10-04T15:24:46.4637193Z ##[endgroup]
2026-10-04T15:24:46.4637903Z [command]/usr/bin/git sparse-checkout disable
2026-10-04T15:24:46.4669507Z [command]/usr/bin/git config --local --unset-all extensions.worktreeConfig
2026-10-04T15:24:46.4700287Z ##[group]Checking out the ref
2026-10-04T15:24:46.4705207Z [command]/usr/bin/git checkout --progress --force -B main refs/remotes/origin/main
2026-10-04T15:24:46.6177671Z Switched to a new branch 'main'
2026-10-04T15:24:46.6179084Z branch 'main' set up to track 'origin/main'.
2026-10-04T15:24:46.6202946Z ##[endgroup]
2026-10-04T15:24:46.6241238Z [command]/usr/bin/git log -1 --format=%H
2026-10-04T15:24:46.6264263Z 0330df7ee1042d0f211304b042e01cdf6a0b4d44
2026-10-04T15:24:46.6526409Z ##[group]Run actions/setup-node@v4
2026-10-04T15:24:46.6527023Z with:
2026-10-04T15:24:46.6527394Z   node-version: 22
2026-10-04T15:24:46.6527808Z   cache: npm
2026-10-04T15:24:46.6528194Z   always-auth: false
2026-10-04T15:24:46.6584604Z   check-latest: false
2026-10-04T15:24:46.6592350Z   token: ***
2026-10-04T15:24:46.6592749Z ##[endgroup]
2026-10-04T15:24:46.7693285Z Found in cache @ /opt/hostedtoolcache/node/22.23.3/x64
2026-10-04T15:24:46.7696920Z (node:2116) [DEP0040] DeprecationWarning: The `punycode` module is deprecated. Please use a userland alternative instead.
2026-10-04T15:24:46.7699668Z (Use `node --trace-deprecation ...` to show where the warning was created)
2026-10-04T15:24:46.7701871Z ##[group]Environment details
2026-10-04T15:24:47.1097991Z node: v22.23.3
2026-10-04T15:24:47.1098714Z npm: 10.9.9
2026-10-04T15:24:47.1099231Z yarn: 1.22.22
2026-10-04T15:24:47.1100752Z ##[endgroup]
2026-10-04T15:24:47.1131845Z [command]/opt/hostedtoolcache/node/22.23.3/x64/bin/npm config get cache
2026-10-04T15:24:47.2155386Z /home/runner/.npm
2026-10-04T15:24:47.3393080Z Cache hit for: node-cache-Linux-x64-npm-6438cc70f01e36935f5c8c9cb620f6c972b229821dda55e94f5b735e54c263b7
2026-10-04T15:24:47.3472870Z (node:2116) [DEP0169] DeprecationWarning: `url.parse()` behavior is not standardized and prone to errors that have security implications. Use the WHATWG URL API instead. CVEs are not issued for `url.parse()` vulnerabilities.
2026-10-04T15:24:47.7684450Z Received 3980947 of 3980947 (100.0%), 11.7 MBs/sec
2026-10-04T15:24:47.7685049Z Cache Size: ~4 MB (3980947 B)
2026-10-04T15:24:47.7705205Z [command]/usr/bin/tar -xf /home/runner/work/_temp/375ed530-b525-4f78-8df0-8b05150450db/cache.tzst -P -C /home/runner/work/neon-harbor/neon-harbor --use-compress-program unzstd
2026-10-04T15:24:47.7815223Z Cache restored successfully
2026-10-04T15:24:47.7820388Z Cache restored from key: node-cache-Linux-x64-npm-6438cc70f01e36935f5c8c9cb620f6c972b229821dda55e94f5b735e54c263b7
2026-10-04T15:24:47.7950208Z ##[group]Run npm ci
2026-10-04T15:24:47.7950442Z [36;1mnpm ci[0m
2026-10-04T15:24:47.8144848Z shell: /usr/bin/bash -e {0}
2026-10-04T15:24:47.8145107Z ##[endgroup]
2026-10-04T15:24:48.4408181Z 
2026-10-04T15:24:48.4413151Z added 3 packages, and audited 4 packages in 579ms
2026-10-04T15:24:48.4415681Z 
2026-10-04T15:24:48.4415845Z found 0 vulnerabilities
2026-10-04T15:24:48.4748182Z ##[group]Run npm test
2026-10-04T15:24:48.4748418Z [36;1mnpm test[0m
2026-10-04T15:24:48.4805641Z shell: /usr/bin/bash -e {0}
2026-10-04T15:24:48.4805859Z ##[endgroup]
2026-10-04T15:24:48.5612932Z 
2026-10-04T15:24:48.5613540Z > neon-harbor@0.8.0 test
2026-10-04T15:24:48.5614014Z > node --test tests/*.test.js
2026-10-04T15:24:48.5614255Z 
2026-10-04T15:24:48.6085144Z TAP version 13
2026-10-04T15:24:48.6977780Z # Subtest: render interpolation removes fixed-step staircasing at 30/60/90/144 Hz and uneven cadences
2026-10-04T15:24:48.6996734Z ok 1 - render interpolation removes fixed-step staircasing at 30/60/90/144 Hz and uneven cadences
2026-10-04T15:24:48.7028787Z   ---
2026-10-04T15:24:48.7029460Z   duration_ms: 28.025104
2026-10-04T15:24:48.7029969Z   type: 'test'
2026-10-04T15:24:48.7030441Z   ...
2026-10-04T15:24:48.7031244Z # Subtest: yaw interpolation follows the shortest arc; ground, pitch and roll remain shared
2026-10-04T15:24:48.7032511Z ok 2 - yaw interpolation follows the shortest arc; ground, pitch and roll remain shared
2026-10-04T15:24:48.7033521Z   ---
2026-10-04T15:24:48.7034071Z   duration_ms: 0.934676
2026-10-04T15:24:48.7034625Z   type: 'test'
2026-10-04T15:24:48.7035140Z   ...
2026-10-04T15:24:48.7036017Z # Subtest: teleports and entering or leaving a vehicle never interpolate across the city
2026-10-04T15:24:48.7037190Z ok 3 - teleports and entering or leaving a vehicle never interpolate across the city
2026-10-04T15:24:48.7037961Z   ---
2026-10-04T15:24:48.7038492Z   duration_ms: 0.599553
2026-10-04T15:24:48.7038981Z   type: 'test'
2026-10-04T15:24:48.7039464Z   ...
2026-10-04T15:24:48.7040269Z # Subtest: rendered OBB interpolation cannot clip a corner between two legal headings
2026-10-04T15:24:48.7041418Z ok 4 - rendered OBB interpolation cannot clip a corner between two legal headings
2026-10-04T15:24:48.7042137Z   ---
2026-10-04T15:24:48.7042583Z   duration_ms: 0.541357
2026-10-04T15:24:48.7047401Z   type: 'test'
2026-10-04T15:24:48.7047924Z   ...
2026-10-04T15:24:48.7048721Z # Subtest: sequential legal vehicle moves cannot produce a colliding render interpolant
2026-10-04T15:24:48.7049879Z ok 5 - sequential legal vehicle moves cannot produce a colliding render interpolant
2026-10-04T15:24:48.7050599Z   ---
2026-10-04T15:24:48.7051031Z   duration_ms: 0.368903
2026-10-04T15:24:48.7051498Z   type: 'test'
2026-10-04T15:24:48.7051927Z   ...
2026-10-04T15:24:48.7052676Z # Subtest: moving-target exponential damping is cadence-independent at constant speed
2026-10-04T15:24:48.7058939Z ok 6 - moving-target exponential damping is cadence-independent at constant speed
2026-10-04T15:24:48.7059739Z   ---
2026-10-04T15:24:48.7060174Z   duration_ms: 0.435211
2026-10-04T15:24:48.7095812Z   type: 'test'
2026-10-04T15:24:48.7102285Z   ...
2026-10-04T15:24:48.7103090Z # Subtest: chase camera position, look target and yaw stay consistent at 30/60/144 Hz
2026-10-04T15:24:48.7104415Z ok 7 - chase camera position, look target and yaw stay consistent at 30/60/144 Hz
2026-10-04T15:24:48.7105146Z   ---
2026-10-04T15:24:48.7105583Z   duration_ms: 16.09677
2026-10-04T15:24:48.7106045Z   type: 'test'
2026-10-04T15:24:48.7106483Z   ...
2026-10-04T15:24:48.7107239Z # Subtest: camera follows the same bounded simulation time at 4 Hz and uneven slow frames
2026-10-04T15:24:48.7108268Z ok 8 - camera follows the same bounded simulation time at 4 Hz and uneven slow frames
2026-10-04T15:24:48.7108962Z   ---
2026-10-04T15:24:48.7109383Z   duration_ms: 7.454213
2026-10-04T15:24:48.7109842Z   type: 'test'
2026-10-04T15:24:48.7110275Z   ...
2026-10-04T15:24:48.7111065Z # Subtest: height-aware swept camera clears curbs, catches thin walls, and pads the near plane
2026-10-04T15:24:48.7112154Z ok 9 - height-aware swept camera clears curbs, catches thin walls, and pads the near plane
2026-10-04T15:24:48.7112875Z   ---
2026-10-04T15:24:48.7113288Z   duration_ms: 0.785567
2026-10-04T15:24:48.7113869Z   type: 'test'
2026-10-04T15:24:48.7114306Z   ...
2026-10-04T15:24:48.7115375Z # Subtest: camera focus inside foliage is moved to a legal pivot before the boom sweep
2026-10-04T15:24:48.7116467Z ok 10 - camera focus inside foliage is moved to a legal pivot before the boom sweep
2026-10-04T15:24:48.7117151Z   ---
2026-10-04T15:24:48.7117569Z   duration_ms: 0.630839
2026-10-04T15:24:48.7118025Z   type: 'test'
2026-10-04T15:24:48.7118460Z   ...
2026-10-04T15:24:48.7119295Z # Subtest: camera retracts without entering buildings and releases an obstruction gradually
2026-10-04T15:24:48.7120474Z ok 11 - camera retracts without entering buildings and releases an obstruction gradually
2026-10-04T15:24:48.7121233Z   ---
2026-10-04T15:24:48.7121663Z   duration_ms: 0.34687
2026-10-04T15:24:48.7122113Z   type: 'test'
2026-10-04T15:24:48.7122554Z   ...
2026-10-04T15:24:48.7123465Z # Subtest: camera takes shortest yaw arc and does not advance its pose with a zero timestep
2026-10-04T15:24:48.7124528Z ok 12 - camera takes shortest yaw arc and does not advance its pose with a zero timestep
2026-10-04T15:24:48.7125315Z   ---
2026-10-04T15:24:48.7125782Z   duration_ms: 0.847598
2026-10-04T15:24:48.7126264Z   type: 'test'
2026-10-04T15:24:48.7126690Z   ...
2026-10-04T15:25:09.6754201Z # Subtest: the northern resident network has legal doorstep routes, unobstructed station entrances and real crossing edges
2026-10-04T15:25:09.6791936Z ok 13 - the northern resident network has legal doorstep routes, unobstructed station entrances and real crossing edges
2026-10-04T15:25:09.6793831Z   ---
2026-10-04T15:25:09.6794136Z   duration_ms: 2890.269041
2026-10-04T15:25:09.6794457Z   type: 'test'
2026-10-04T15:25:09.6794723Z   ...
2026-10-04T15:25:09.6795610Z # Subtest: all 240 residents finish real work visits, use all four shared routes, return and rest in actual homes without stranded journeys
2026-10-04T15:25:09.6796963Z ok 14 - all 240 residents finish real work visits, use all four shared routes, return and rest in actual homes without stranded journeys
2026-10-04T15:25:09.6798110Z   ---
2026-10-04T15:25:09.6798396Z   duration_ms: 13865.383637
2026-10-04T15:25:09.6798793Z   type: 'test'
2026-10-04T15:25:09.6799056Z   ...
2026-10-04T15:25:09.6799966Z # Subtest: citizens enter a crossing only with enough green time, and traffic yields for the occupied lane and releases it after the walker leaves
2026-10-04T15:25:09.6801393Z ok 15 - citizens enter a crossing only with enough green time, and traffic yields for the occupied lane and releases it after the walker leaves
2026-10-04T15:25:09.6802149Z   ---
2026-10-04T15:25:09.6802417Z   duration_ms: 56.575492
2026-10-04T15:25:09.6802722Z   type: 'test'
2026-10-04T15:25:09.6802972Z   ...
2026-10-04T15:25:09.6803941Z # Subtest: working periods keep residents at their real posts and the night change starts a walk home without resetting position
2026-10-04T15:25:09.6805199Z ok 16 - working periods keep residents at their real posts and the night change starts a walk home without resetting position
2026-10-04T15:25:09.6805891Z   ---
2026-10-04T15:25:09.6806168Z   duration_ms: 1433.033019
2026-10-04T15:25:09.6806479Z   type: 'test'
2026-10-04T15:25:09.6806733Z   ...
2026-10-04T15:25:09.6807424Z # Subtest: every assigned home and workplace has a clear arrival and departure through its actual room door
2026-10-04T15:25:09.6808487Z ok 17 - every assigned home and workplace has a clear arrival and departure through its actual room door
2026-10-04T15:25:09.6809096Z   ---
2026-10-04T15:25:09.6809353Z   duration_ms: 526.826191
2026-10-04T15:25:09.6809668Z   type: 'test'
2026-10-04T15:25:09.6810086Z   ...
2026-10-04T15:25:09.6810851Z # Subtest: boarding paths align with real carriage doors and keep passengers out of carriage gaps and the ferry cabin
2026-10-04T15:25:09.6812004Z ok 18 - boarding paths align with real carriage doors and keep passengers out of carriage gaps and the ferry cabin
2026-10-04T15:25:09.6812597Z   ---
2026-10-04T15:25:09.6812841Z   duration_ms: 2.03614
2026-10-04T15:25:09.6813130Z   type: 'test'
2026-10-04T15:25:09.6813467Z   ...
2026-10-04T15:25:09.6824974Z # Subtest: elevated station lift poses have continuous movement, real landings and enough door time to walk aboard
2026-10-04T15:25:09.6826362Z ok 19 - elevated station lift poses have continuous movement, real landings and enough door time to walk aboard
2026-10-04T15:25:09.6827097Z   ---
2026-10-04T15:25:09.6827446Z   duration_ms: 1.787384
2026-10-04T15:25:09.6827862Z   type: 'test'
2026-10-04T15:25:09.6828201Z   ...
2026-10-04T15:25:21.7619524Z # Subtest: integrated building travel, continuous elevator and forced departure restore outdoor collision and cars
2026-10-04T15:25:21.7621796Z ok 20 - integrated building travel, continuous elevator and forced departure restore outdoor collision and cars
2026-10-04T15:25:21.7622706Z   ---
2026-10-04T15:25:21.7623288Z   duration_ms: 8406.123375
2026-10-04T15:25:21.7623984Z   type: 'test'
2026-10-04T15:25:21.7624405Z   ...
2026-10-04T15:25:21.7631879Z # Subtest: underground platform remains below street and transit motion does not trigger teleports or reindex every tick
2026-10-04T15:25:21.7646994Z ok 21 - underground platform remains below street and transit motion does not trigger teleports or reindex every tick
2026-10-04T15:25:21.7647884Z   ---
2026-10-04T15:25:21.7648347Z   duration_ms: 18956.587023
2026-10-04T15:25:21.7648868Z   type: 'test'
2026-10-04T15:25:21.7649279Z   ...
2026-10-04T15:25:21.7650078Z # Subtest: a saved journey from the north ferry restores at its own pier, including after departure
2026-10-04T15:25:21.7651593Z ok 22 - a saved journey from the north ferry restores at its own pier, including after departure
2026-10-04T15:25:21.7652349Z   ---
2026-10-04T15:25:21.7652752Z   duration_ms: 5664.311597
2026-10-04T15:25:21.7653204Z   type: 'test'
2026-10-04T15:25:21.7653752Z   ...
2026-10-04T15:25:21.7654634Z # Subtest: camera supports below-sea-level clearance and seated passenger views without roof-crossing chase booms
2026-10-04T15:25:21.7655952Z ok 23 - camera supports below-sea-level clearance and seated passenger views without roof-crossing chase booms
2026-10-04T15:25:21.7657259Z   ---
2026-10-04T15:25:21.7657682Z   duration_ms: 1.098698
2026-10-04T15:25:21.7658133Z   type: 'test'
2026-10-04T15:25:21.7658551Z   ...
2026-10-04T15:25:21.8289547Z # Subtest: collapsed city guide lists addresses without reading floor contents or constructing room rows
2026-10-04T15:25:21.8290798Z ok 24 - collapsed city guide lists addresses without reading floor contents or constructing room rows
2026-10-04T15:25:21.8291416Z   ---
2026-10-04T15:25:21.8291683Z   duration_ms: 5.232172
2026-10-04T15:25:21.8291988Z   type: 'test'
2026-10-04T15:25:21.8292414Z   ...
2026-10-04T15:25:21.8293110Z # Subtest: first disclosure resolves its current floor and room records once, including both compact rooms
2026-10-04T15:25:21.8294430Z ok 25 - first disclosure resolves its current floor and room records once, including both compact rooms
2026-10-04T15:25:21.8345067Z   ---
2026-10-04T15:25:21.8454204Z   duration_ms: 9.649674
2026-10-04T15:25:21.8543972Z   type: 'test'
2026-10-04T15:25:21.8594077Z   ...
2026-10-04T15:25:21.8595180Z # Subtest: search and district filtering preserve visit targets without resolving hidden floor programmes
2026-10-04T15:25:21.8596422Z ok 26 - search and district filtering preserve visit targets without resolving hidden floor programmes
2026-10-04T15:25:21.8597123Z   ---
2026-10-04T15:25:21.8597541Z   duration_ms: 2.000164
2026-10-04T15:25:21.8597929Z   type: 'test'
2026-10-04T15:25:21.8598301Z   ...
2026-10-04T15:25:21.8599065Z # Subtest: every address targets its own entrance and safely restores its exterior, traffic and save position
2026-10-04T15:25:21.8600270Z ok 27 - every address targets its own entrance and safely restores its exterior, traffic and save position
2026-10-04T15:25:21.8600951Z   ---
2026-10-04T15:25:21.8601326Z   duration_ms: 7349.661354
2026-10-04T15:25:21.8601709Z   type: 'test'
2026-10-04T15:25:21.8602074Z   ...
2026-10-04T15:25:21.8603007Z # Subtest: every occupied floor has finite positive solids, rooms inside its footprint, a clear arrival and continuous stair elevations
2026-10-04T15:25:21.8604976Z ok 28 - every occupied floor has finite positive solids, rooms inside its footprint, a clear arrival and continuous stair elevations
2026-10-04T15:25:21.8605789Z   ---
2026-10-04T15:25:21.8606167Z   duration_ms: 3075.196524
2026-10-04T15:25:21.8606546Z   type: 'test'
2026-10-04T15:25:21.8606906Z   ...
2026-10-04T15:25:21.8607689Z # Subtest: multiplayer accepts the actual eastern top floors and rejects out-of-world or nonfinite positions
2026-10-04T15:25:21.8608930Z ok 29 - multiplayer accepts the actual eastern top floors and rejects out-of-world or nonfinite positions
2026-10-04T15:25:21.8609614Z   ---
2026-10-04T15:25:21.8609983Z   duration_ms: 0.904651
2026-10-04T15:25:21.8610359Z   type: 'test'
2026-10-04T15:25:21.8610727Z   ...
2026-10-04T15:25:21.8611631Z # Subtest: a south shell stays hidden through an actual streamed load and restores valid culling bounds and fallback scenery on exit
2026-10-04T15:25:21.8613032Z ok 30 - a south shell stays hidden through an actual streamed load and restores valid culling bounds and fallback scenery on exit
2026-10-04T15:25:21.8613961Z   ---
2026-10-04T15:25:21.8614335Z   duration_ms: 200.67369
2026-10-04T15:25:21.8614712Z   type: 'test'
2026-10-04T15:25:21.8615059Z   ...
2026-10-04T15:25:21.8615650Z # Subtest: prepare fetches only nearby real district payloads and exposes resident metrics
2026-10-04T15:25:21.8616551Z ok 31 - prepare fetches only nearby real district payloads and exposes resident metrics
2026-10-04T15:25:21.8617100Z   ---
2026-10-04T15:25:21.8617421Z   duration_ms: 3.580752
2026-10-04T15:25:21.8617737Z   type: 'test'
2026-10-04T15:25:21.8618071Z   ...
2026-10-04T15:25:21.8618763Z # Subtest: directional prefetch anticipates travel while distance and hysteresis drive actual disposal
2026-10-04T15:25:21.8619933Z ok 32 - directional prefetch anticipates travel while distance and hysteresis drive actual disposal
2026-10-04T15:25:21.8620611Z   ---
2026-10-04T15:25:21.8621191Z   duration_ms: 4.847466
2026-10-04T15:25:21.8621508Z   type: 'test'
2026-10-04T15:25:21.8621883Z   ...
2026-10-04T15:25:21.8622451Z # Subtest: resident budget is a hard bound even when more targets are nearby
2026-10-04T15:25:21.8623297Z ok 33 - resident budget is a hard bound even when more targets are nearby
2026-10-04T15:25:21.8624060Z   ---
2026-10-04T15:25:21.8624432Z   duration_ms: 0.520056
2026-10-04T15:25:21.8624801Z   type: 'test'
2026-10-04T15:25:21.8625176Z   ...
2026-10-04T15:25:21.8625959Z # Subtest: failed near district remains failed until retry succeeds without pretending a proxy is full detail
2026-10-04T15:25:21.8627149Z ok 34 - failed near district remains failed until retry succeeds without pretending a proxy is full detail
2026-10-04T15:25:21.8627839Z   ---
2026-10-04T15:25:21.8628204Z   duration_ms: 0.564181
2026-10-04T15:25:21.8628572Z   type: 'test'
2026-10-04T15:25:21.8628936Z   ...
2026-10-04T15:25:21.8629604Z # Subtest: dispose settles prepare, releases late payloads, and never attaches after disposal
2026-10-04T15:25:21.8630566Z ok 35 - dispose settles prepare, releases late payloads, and never attaches after disposal
2026-10-04T15:25:21.8631080Z   ---
2026-10-04T15:25:21.8631371Z   duration_ms: 8.332527
2026-10-04T15:25:21.8631676Z   type: 'test'
2026-10-04T15:25:21.8631969Z   ...
2026-10-04T15:25:21.8632453Z # Subtest: cancelled district can be revisited before its aborted request settles
2026-10-04T15:25:21.8645821Z ok 36 - cancelled district can be revisited before its aborted request settles
2026-10-04T15:25:21.8646770Z   ---
2026-10-04T15:25:21.8647220Z   duration_ms: 4.102229
2026-10-04T15:25:21.8647679Z   type: 'test'
2026-10-04T15:25:21.8648097Z   ...
2026-10-04T15:25:21.8648822Z # Subtest: old request failure cannot overwrite the latest successful prepare state
2026-10-04T15:25:21.8649780Z ok 37 - old request failure cannot overwrite the latest successful prepare state
2026-10-04T15:25:21.8650437Z   ---
2026-10-04T15:25:21.8650858Z   duration_ms: 3.24046
2026-10-04T15:25:21.8651311Z   type: 'test'
2026-10-04T15:25:21.8651717Z   ...
2026-10-04T15:25:21.8652666Z # Subtest: chunk validation rejects malformed geometry before creating GPU resources
2026-10-04T15:25:21.8653813Z ok 38 - chunk validation rejects malformed geometry before creating GPU resources
2026-10-04T15:25:21.8654507Z   ---
2026-10-04T15:25:21.8654925Z   duration_ms: 0.574526
2026-10-04T15:25:21.8655368Z   type: 'test'
2026-10-04T15:25:21.8655782Z   ...
2026-10-04T15:25:21.8656545Z # Subtest: a normal 60 Hz steering arc cannot graze a building corner between two clear endpoints
2026-10-04T15:25:21.8657783Z ok 39 - a normal 60 Hz steering arc cannot graze a building corner between two clear endpoints
2026-10-04T15:25:21.8666453Z   ---
2026-10-04T15:25:21.8666927Z   duration_ms: 7.147873
2026-10-04T15:25:21.8667394Z   type: 'test'
2026-10-04T15:25:21.8667809Z   ...
2026-10-04T15:25:21.8668567Z # Subtest: a short diagonal translation cannot cut a building corner with clear endpoints
2026-10-04T15:25:21.8669599Z ok 40 - a short diagonal translation cannot cut a building corner with clear endpoints
2026-10-04T15:25:21.8670308Z   ---
2026-10-04T15:25:21.8670713Z   duration_ms: 6.019762
2026-10-04T15:25:21.8671155Z   type: 'test'
2026-10-04T15:25:21.8671567Z   ...
2026-10-04T15:25:21.8672275Z # Subtest: grazing the corner of another vehicle stays blocked between clear endpoints
2026-10-04T15:25:21.8673246Z ok 41 - grazing the corner of another vehicle stays blocked between clear endpoints
2026-10-04T15:25:21.8674084Z   ---
2026-10-04T15:25:21.8674483Z   duration_ms: 1.655086
2026-10-04T15:25:21.8674917Z   type: 'test'
2026-10-04T15:25:21.8675324Z   ...
2026-10-04T15:25:21.8676110Z # Subtest: the circular pedestrian footprint cannot cross a shallow rounded corner between samples
2026-10-04T15:25:21.8677219Z ok 42 - the circular pedestrian footprint cannot cross a shallow rounded corner between samples
2026-10-04T15:25:21.8677937Z   ---
2026-10-04T15:25:21.8678342Z   duration_ms: 9.721992
2026-10-04T15:25:21.8678786Z   type: 'test'
2026-10-04T15:25:21.8679420Z   ...
2026-10-04T15:25:21.8680226Z # Subtest: the prospective supported vehicle envelope and height participate in collision
2026-10-04T15:25:21.8681273Z ok 43 - the prospective supported vehicle envelope and height participate in collision
2026-10-04T15:25:21.8681970Z   ---
2026-10-04T15:25:21.8682378Z   duration_ms: 1.378399
2026-10-04T15:25:21.8682819Z   type: 'test'
2026-10-04T15:25:21.8683233Z   ...
2026-10-04T15:25:21.8684271Z # Subtest: stepping onto higher ground under an awning cannot eject an entity sideways
2026-10-04T15:25:21.8685061Z ok 44 - stepping onto higher ground under an awning cannot eject an entity sideways
2026-10-04T15:25:21.8685563Z   ---
2026-10-04T15:25:21.8685772Z   duration_ms: 0.397315
2026-10-04T15:25:21.8685998Z   type: 'test'
2026-10-04T15:25:21.8686199Z   ...
2026-10-04T15:25:21.8686720Z # Subtest: vehicle bounds contain the full rotated footprint and swap width/length at a quarter turn
2026-10-04T15:25:21.8687469Z ok 45 - vehicle bounds contain the full rotated footprint and swap width/length at a quarter turn
2026-10-04T15:25:21.8687923Z   ---
2026-10-04T15:25:21.8688143Z   duration_ms: 2.06527
2026-10-04T15:25:21.8688398Z   type: 'test'
2026-10-04T15:25:21.8688631Z   ...
2026-10-04T15:25:21.8689341Z # Subtest: SAT catches a vehicle nose beyond the old centre radius and its rotated outer corner
2026-10-04T15:25:21.8689919Z ok 46 - SAT catches a vehicle nose beyond the old centre radius and its rotated outer corner
2026-10-04T15:25:21.8690241Z   ---
2026-10-04T15:25:21.8690407Z   duration_ms: 0.589028
2026-10-04T15:25:21.8690590Z   type: 'test'
2026-10-04T15:25:21.8690751Z   ...
2026-10-04T15:25:21.8691137Z # Subtest: SAT reports a separation normal, permits touching and rejects separated rotated rectangles
2026-10-04T15:25:21.8691719Z ok 47 - SAT reports a separation normal, permits touching and rejects separated rotated rectangles
2026-10-04T15:25:21.8692060Z   ---
2026-10-04T15:25:21.8692223Z   duration_ms: 0.275526
2026-10-04T15:25:21.8692418Z   type: 'test'
2026-10-04T15:25:21.8692579Z   ...
2026-10-04T15:25:21.8693127Z # Subtest: circle/OBB checks the whole foot radius without treating clear diagonal corners as walls
2026-10-04T15:25:21.8694033Z ok 48 - circle/OBB checks the whole foot radius without treating clear diagonal corners as walls
2026-10-04T15:25:21.8694382Z   ---
2026-10-04T15:25:21.8694540Z   duration_ms: 0.32637
2026-10-04T15:25:21.8694726Z   type: 'test'
2026-10-04T15:25:21.8694881Z   ...
2026-10-04T15:25:21.8695323Z # Subtest: spatial queries find large colliders across cell edges, including negative coordinates, without duplicates
2026-10-04T15:25:21.8695993Z ok 49 - spatial queries find large colliders across cell edges, including negative coordinates, without duplicates
2026-10-04T15:25:21.8696369Z   ---
2026-10-04T15:25:21.8696523Z   duration_ms: 1.294486
2026-10-04T15:25:21.8696712Z   type: 'test'
2026-10-04T15:25:21.8696865Z   ...
2026-10-04T15:25:21.8697244Z # Subtest: a fast vehicle cannot tunnel through a thin wall, even across a long one-frame displacement
2026-10-04T15:25:21.8697819Z ok 50 - a fast vehicle cannot tunnel through a thin wall, even across a long one-frame displacement
2026-10-04T15:25:21.8698155Z   ---
2026-10-04T15:25:21.8698303Z   duration_ms: 8.257782
2026-10-04T15:25:21.8698468Z   type: 'test'
2026-10-04T15:25:21.8698623Z   ...
2026-10-04T15:25:21.8699019Z # Subtest: a rotation sweep cannot pass through a thin obstacle even when the final orientation would be clear
2026-10-04T15:25:21.8699624Z ok 51 - a rotation sweep cannot pass through a thin obstacle even when the final orientation would be clear
2026-10-04T15:25:21.8699993Z   ---
2026-10-04T15:25:21.8700153Z   duration_ms: 17.003492
2026-10-04T15:25:21.8700337Z   type: 'test'
2026-10-04T15:25:21.8700493Z   ...
2026-10-04T15:25:21.8700855Z # Subtest: continuous diagonal pressure slides along a wall without bouncing or oscillating
2026-10-04T15:25:21.8701379Z ok 52 - continuous diagonal pressure slides along a wall without bouncing or oscillating
2026-10-04T15:25:21.8701898Z   ---
2026-10-04T15:25:21.8702058Z   duration_ms: 4.676405
2026-10-04T15:25:21.8702236Z   type: 'test'
2026-10-04T15:25:21.8702389Z   ...
2026-10-04T15:25:21.8702740Z # Subtest: walking keeps the entire character circle outside a thin wall during a swept move
2026-10-04T15:25:21.8703250Z ok 53 - walking keeps the entire character circle outside a thin wall during a swept move
2026-10-04T15:25:21.8703657Z   ---
2026-10-04T15:25:21.8703821Z   duration_ms: 1.229551
2026-10-04T15:25:21.8703996Z   type: 'test'
2026-10-04T15:25:21.8704146Z   ...
2026-10-04T15:25:21.8704498Z # Subtest: parked and moving vehicles both block a swept vehicle without moving the other car
2026-10-04T15:25:21.8705007Z ok 54 - parked and moving vehicles both block a swept vehicle without moving the other car
2026-10-04T15:25:21.8705319Z   ---
2026-10-04T15:25:21.8705475Z   duration_ms: 5.547126
2026-10-04T15:25:21.8705645Z   type: 'test'
2026-10-04T15:25:21.8705796Z   ...
2026-10-04T15:25:21.8706185Z # Subtest: walking collides with parked cars and dynamic self references never block their own movement
2026-10-04T15:25:21.8706769Z ok 55 - walking collides with parked cars and dynamic self references never block their own movement
2026-10-04T15:25:21.8707104Z   ---
2026-10-04T15:25:21.8707258Z   duration_ms: 1.388064
2026-10-04T15:25:21.8707437Z   type: 'test'
2026-10-04T15:25:21.8707591Z   ...
2026-10-04T15:25:21.8707913Z # Subtest: a car stops for a pedestrian using the pedestrian full circular footprint
2026-10-04T15:25:21.8708381Z ok 56 - a car stops for a pedestrian using the pedestrian full circular footprint
2026-10-04T15:25:21.8708673Z   ---
2026-10-04T15:25:21.8708826Z   duration_ms: 2.163135
2026-10-04T15:25:21.8709001Z   type: 'test'
2026-10-04T15:25:21.8709153Z   ...
2026-10-04T15:25:21.8709577Z # Subtest: height filtering blocks building sides while allowing rooftop travel and passage beneath elevated solids
2026-10-04T15:25:21.8710223Z ok 57 - height filtering blocks building sides while allowing rooftop travel and passage beneath elevated solids
2026-10-04T15:25:21.8732076Z   ---
2026-10-04T15:25:21.8732376Z   duration_ms: 15.019101
2026-10-04T15:25:21.8732711Z   type: 'test'
2026-10-04T15:25:21.8732969Z   ...
2026-10-04T15:25:21.8733754Z # Subtest: world boundaries constrain the rotated vehicle footprint and full character radius
2026-10-04T15:25:21.8734697Z ok 58 - world boundaries constrain the rotated vehicle footprint and full character radius
2026-10-04T15:25:21.8735241Z   ---
2026-10-04T15:25:21.8735496Z   duration_ms: 14.29929
2026-10-04T15:25:21.8735792Z   type: 'test'
2026-10-04T15:25:21.8736042Z   ...
2026-10-04T15:25:21.8736631Z # Subtest: legacy overlapping poses are repaired once and remain stable while stationary
2026-10-04T15:25:21.8737513Z ok 59 - legacy overlapping poses are repaired once and remain stable while stationary
2026-10-04T15:25:21.8738034Z   ---
2026-10-04T15:25:21.8738279Z   duration_ms: 8.51084
2026-10-04T15:25:21.8738561Z   type: 'test'
2026-10-04T15:25:21.8738817Z   ...
2026-10-04T15:25:21.8739442Z # Subtest: camera-only foliage never becomes a physical wall at overlapping character height
2026-10-04T15:25:21.8740352Z ok 60 - camera-only foliage never becomes a physical wall at overlapping character height
2026-10-04T15:25:21.8740906Z   ---
2026-10-04T15:25:21.8741154Z   duration_ms: 0.885855
2026-10-04T15:25:21.8741424Z   type: 'test'
2026-10-04T15:25:21.8741675Z   ...
2026-10-04T15:25:21.8742372Z # Subtest: every compact building supports all-floor stair walks, furnished-room entries, lift return and street exit
2026-10-04T15:25:21.8743807Z ok 61 - every compact building supports all-floor stair walks, furnished-room entries, lift return and street exit
2026-10-04T15:25:21.8744497Z   ---
2026-10-04T15:25:21.8744750Z   duration_ms: 4388.961217
2026-10-04T15:25:21.8745041Z   type: 'test'
2026-10-04T15:25:21.8745277Z   ...
2026-10-04T15:25:21.8745996Z # Subtest: minimum compact shell keeps real stair openings, clear cabin approach and height-filtered exterior prompts
2026-10-04T15:25:21.8747365Z ok 62 - minimum compact shell keeps real stair openings, clear cabin approach and height-filtered exterior prompts
2026-10-04T15:25:21.8748028Z   ---
2026-10-04T15:25:21.8748291Z   duration_ms: 17.829481
2026-10-04T15:25:21.8748581Z   type: 'test'
2026-10-04T15:25:21.8748829Z   ...
2026-10-04T15:25:21.8749517Z # Subtest: east-bay room furnishings fit every shell and narrow floors preserve room, stair and lift routes
2026-10-04T15:25:21.8750553Z ok 63 - east-bay room furnishings fit every shell and narrow floors preserve room, stair and lift routes
2026-10-04T15:25:21.8751141Z   ---
2026-10-04T15:25:21.8751400Z   duration_ms: 7850.278753
2026-10-04T15:25:21.8751693Z   type: 'test'
2026-10-04T15:25:21.8751941Z   ...
2026-10-04T15:25:21.8752692Z # Subtest: every restored southern workplace has fitting functional furniture and a clear full-height room approach
2026-10-04T15:25:21.8753979Z ok 64 - every restored southern workplace has fitting functional furniture and a clear full-height room approach
2026-10-04T15:25:21.8754623Z   ---
2026-10-04T15:25:21.8754891Z   duration_ms: 123.365236
2026-10-04T15:25:21.8755185Z   type: 'test'
2026-10-04T15:25:21.8755433Z   ...
2026-10-04T15:25:21.8756116Z # Subtest: shared workplace layouts fit the minimum compact shell and support future taller freight buildings
2026-10-04T15:25:21.8757179Z ok 65 - shared workplace layouts fit the minimum compact shell and support future taller freight buildings
2026-10-04T15:25:21.8757791Z   ---
2026-10-04T15:25:21.8758036Z   duration_ms: 5.254698
2026-10-04T15:25:21.8758324Z   type: 'test'
2026-10-04T15:25:21.8758569Z   ...
2026-10-04T15:25:21.8759229Z # Subtest: existing shell uses survive stable address IDs and safer floor heights across both new shores
2026-10-04T15:25:21.8760249Z ok 66 - existing shell uses survive stable address IDs and safer floor heights across both new shores
2026-10-04T15:25:21.8760833Z   ---
2026-10-04T15:25:21.8761094Z   duration_ms: 7.963114
2026-10-04T15:25:21.8761391Z   type: 'test'
2026-10-04T15:25:21.8761644Z   ...
2026-10-04T15:25:21.8762546Z # Subtest: harbor shop overrides and residents actual homes remain distinct from the restored employment warehouses
2026-10-04T15:25:21.8763828Z ok 67 - harbor shop overrides and residents actual homes remain distinct from the restored employment warehouses
2026-10-04T15:25:21.8764469Z   ---
2026-10-04T15:25:21.8764711Z   duration_ms: 0.65191
2026-10-04T15:25:21.8764990Z   type: 'test'
2026-10-04T15:25:21.8765244Z   ...
2026-10-04T15:25:21.8766088Z # Subtest: bounded fixed-step clock preserves visible simulation time at 4–144 Hz
2026-10-04T15:25:21.8766961Z ok 68 - bounded fixed-step clock preserves visible simulation time at 4–144 Hz
2026-10-04T15:25:21.8767442Z   ---
2026-10-04T15:25:21.8767683Z   duration_ms: 4.920674
2026-10-04T15:25:21.8767962Z   type: 'test'
2026-10-04T15:25:21.8768224Z   ...
2026-10-04T15:25:21.8768775Z # Subtest: a long rendering stall runs at most 15 small steps without a future backlog
2026-10-04T15:25:21.8769584Z ok 69 - a long rendering stall runs at most 15 small steps without a future backlog
2026-10-04T15:25:21.8770111Z   ---
2026-10-04T15:25:21.8770352Z   duration_ms: 0.314322
2026-10-04T15:25:21.8770629Z   type: 'test'
2026-10-04T15:25:21.8770883Z   ...
2026-10-04T15:25:21.8771507Z # Subtest: pause and visibility resume discard inactive time without rewinding the rendered phase
2026-10-04T15:25:21.8772468Z ok 70 - pause and visibility resume discard inactive time without rewinding the rendered phase
2026-10-04T15:25:21.8773030Z   ---
2026-10-04T15:25:21.8773271Z   duration_ms: 0.147106
2026-10-04T15:25:21.8775178Z   type: 'test'
2026-10-04T15:25:21.8775444Z   ...
2026-10-04T15:25:21.8776000Z # Subtest: flat streets produce zero body pitch/roll and keep wheels on the road
2026-10-04T15:25:21.8776793Z ok 71 - flat streets produce zero body pitch/roll and keep wheels on the road
2026-10-04T15:25:21.8777281Z   ---
2026-10-04T15:25:21.8777540Z   duration_ms: 1.357618
2026-10-04T15:25:21.8777824Z   type: 'test'
2026-10-04T15:25:21.8778264Z   ...
2026-10-04T15:25:21.8778928Z # Subtest: a diagonal curb residual raises only the clearance missing from a fitted plane
2026-10-04T15:25:21.8779794Z ok 72 - a diagonal curb residual raises only the clearance missing from a fitted plane
2026-10-04T15:25:21.8780318Z   ---
2026-10-04T15:25:21.8780567Z   duration_ms: 1.306714
2026-10-04T15:25:21.8780862Z   type: 'test'
2026-10-04T15:25:21.8781109Z   ...
2026-10-04T15:25:21.8781760Z # Subtest: actual rendered tire vertices stay above the real city ramp at known curb problem positions
2026-10-04T15:25:21.8782756Z ok 73 - actual rendered tire vertices stay above the real city ramp at known curb problem positions
2026-10-04T15:25:21.8783467Z   ---
2026-10-04T15:25:21.8783714Z   duration_ms: 303.777713
2026-10-04T15:25:21.8784010Z   type: 'test'
2026-10-04T15:25:21.8784256Z   ...
2026-10-04T15:25:21.8784869Z # Subtest: slope collision envelope encloses every rendered car vertex including tilted mirrors
2026-10-04T15:25:21.8785812Z ok 74 - slope collision envelope encloses every rendered car vertex including tilted mirrors
2026-10-04T15:25:21.8786384Z   ---
2026-10-04T15:25:21.8786629Z   duration_ms: 115.462805
2026-10-04T15:25:21.8786921Z   type: 'test'
2026-10-04T15:25:21.8787164Z   ...
2026-10-04T15:25:21.8787742Z # Subtest: authored frontages attach to six actual occupied shells and keep High the default
2026-10-04T15:25:21.8788632Z ok 75 - authored frontages attach to six actual occupied shells and keep High the default
2026-10-04T15:25:21.8789174Z   ---
2026-10-04T15:25:21.8789417Z   duration_ms: 41.883171
2026-10-04T15:25:21.8789706Z   type: 'test'
2026-10-04T15:25:21.8789960Z   ...
2026-10-04T15:25:21.8790597Z # Subtest: clear original entrance approaches, frontage walking strip and road lanes are preserved
2026-10-04T15:25:21.8791556Z ok 76 - clear original entrance approaches, frontage walking strip and road lanes are preserved
2026-10-04T15:25:21.8792134Z   ---
2026-10-04T15:25:21.8792375Z   duration_ms: 15.73163
2026-10-04T15:25:21.8792654Z   type: 'test'
2026-10-04T15:25:21.8792916Z   ...
2026-10-04T15:25:21.8793876Z # Subtest: finite curved art geometry, metre projected scanned UVs and a bounded render budget
2026-10-04T15:25:21.8794812Z ok 77 - finite curved art geometry, metre projected scanned UVs and a bounded render budget
2026-10-04T15:25:21.8802010Z   ---
2026-10-04T15:25:21.8802310Z   duration_ms: 123.056684
2026-10-04T15:25:21.8802623Z   type: 'test'
2026-10-04T15:25:21.8802880Z   ...
2026-10-04T15:25:21.8803693Z # Subtest: near detail uses hysteresis, actually destroys buffers and restores far proxies
2026-10-04T15:25:21.8804583Z ok 78 - near detail uses hysteresis, actually destroys buffers and restores far proxies
2026-10-04T15:25:21.8805098Z   ---
2026-10-04T15:25:21.8805358Z   duration_ms: 85.205279
2026-10-04T15:25:21.8805643Z   type: 'test'
2026-10-04T15:25:21.8805883Z   ...
2026-10-04T15:25:21.8806517Z # Subtest: shared interior shell IDs hide both proxy and resident art, including later streamed loads
2026-10-04T15:25:21.8807496Z ok 79 - shared interior shell IDs hide both proxy and resident art, including later streamed loads
2026-10-04T15:25:21.8808057Z   ---
2026-10-04T15:25:21.8808303Z   duration_ms: 20.497241
2026-10-04T15:25:21.8808598Z   type: 'test'
2026-10-04T15:25:21.8808842Z   ...
2026-10-04T15:25:21.8809450Z # Subtest: locally served scanned material maps have recorded CC0 provenance and verified hashes
2026-10-04T15:25:21.8810385Z ok 80 - locally served scanned material maps have recorded CC0 provenance and verified hashes
2026-10-04T15:25:21.8810939Z   ---
2026-10-04T15:25:21.8811184Z   duration_ms: 13.11322
2026-10-04T15:25:21.8811476Z   type: 'test'
2026-10-04T15:25:21.8811721Z   ...
2026-10-04T15:25:21.8812391Z # Subtest: sample room craft fits actual furniture and overhead walls without adding circulation obstacles
2026-10-04T15:25:21.8813555Z ok 81 - sample room craft fits actual furniture and overhead walls without adding circulation obstacles
2026-10-04T15:25:21.8814145Z   ---
2026-10-04T15:25:21.8814392Z   duration_ms: 133.332238
2026-10-04T15:25:21.8815204Z   type: 'test'
2026-10-04T15:25:21.8815439Z   ...
2026-10-04T15:25:25.3225001Z # Subtest: sample binds twenty separate residents to actual homes, counter frontages and legal routes
2026-10-04T15:25:25.3251344Z ok 82 - sample binds twenty separate residents to actual homes, counter frontages and legal routes
2026-10-04T15:25:25.3252073Z   ---
2026-10-04T15:25:25.3252356Z   duration_ms: 309.239856
2026-10-04T15:25:25.3252675Z   type: 'test'
2026-10-04T15:25:25.3252993Z   ...
2026-10-04T15:25:25.3254503Z # Subtest: actual delivery moves finite stock, debits wholesale and escrow, and pays the player once at the recipient
2026-10-04T15:25:25.3255707Z ok 83 - actual delivery moves finite stock, debits wholesale and escrow, and pays the player once at the recipient
2026-10-04T15:25:25.3264270Z   ---
2026-10-04T15:25:25.3264726Z   duration_ms: 162.091136
2026-10-04T15:25:25.3265282Z   type: 'test'
2026-10-04T15:25:25.3265672Z   ...
2026-10-04T15:25:25.3266458Z # Subtest: stock availability and shop funds cause actual successful or blocked purchases
2026-10-04T15:25:25.3267533Z ok 84 - stock availability and shop funds cause actual successful or blocked purchases
2026-10-04T15:25:25.3268218Z   ---
2026-10-04T15:25:25.3268601Z   duration_ms: 124.524311
2026-10-04T15:25:25.3269026Z   type: 'test'
2026-10-04T15:25:25.3269400Z   ...
2026-10-04T15:25:25.3270279Z # Subtest: daily schedules complete home, work, shop and courier loops regardless of visible distance or indoor context
2026-10-04T15:25:25.3271552Z ok 85 - daily schedules complete home, work, shop and courier loops regardless of visible distance or indoor context
2026-10-04T15:25:25.3272363Z   ---
2026-10-04T15:25:25.3272741Z   duration_ms: 404.156724
2026-10-04T15:25:25.3273166Z   type: 'test'
2026-10-04T15:25:25.3273704Z   ...
2026-10-04T15:25:25.3274573Z # Subtest: fixed economic ticks and persisted paths resume deterministically without repeating wages or deliveries
2026-10-04T15:25:25.3278643Z ok 86 - fixed economic ticks and persisted paths resume deterministically without repeating wages or deliveries
2026-10-04T15:25:25.3279585Z   ---
2026-10-04T15:25:25.3279975Z   duration_ms: 585.870712
2026-10-04T15:25:25.3280398Z   type: 'test'
2026-10-04T15:25:25.3280772Z   ...
2026-10-04T15:25:25.3281617Z # Subtest: corrupt or foreign snapshots cannot mint stock, money, arbitrary positions or orphan delivery payouts
2026-10-04T15:25:25.3282838Z ok 87 - corrupt or foreign snapshots cannot mint stock, money, arbitrary positions or orphan delivery payouts
2026-10-04T15:25:25.3283848Z   ---
2026-10-04T15:25:25.3284227Z   duration_ms: 68.473509
2026-10-04T15:25:25.3284645Z   type: 'test'
2026-10-04T15:25:25.3285029Z   ...
2026-10-04T15:25:25.3285865Z # Subtest: warehouse commutes board real moving trams and physically alight onto legal final pavement routes
2026-10-04T15:25:25.3287056Z ok 88 - warehouse commutes board real moving trams and physically alight onto legal final pavement routes
2026-10-04T15:25:25.3287801Z   ---
2026-10-04T15:25:25.3288192Z   duration_ms: 900.334384
2026-10-04T15:25:25.3288618Z   type: 'test'
2026-10-04T15:25:25.3288989Z   ...
2026-10-04T15:25:25.3289801Z # Subtest: renderer streams at most twelve detailed instances while presentation never advances city state
2026-10-04T15:25:25.3290959Z ok 89 - renderer streams at most twelve detailed instances while presentation never advances city state
2026-10-04T15:25:25.3291713Z   ---
2026-10-04T15:25:25.3292111Z   duration_ms: 445.495714
2026-10-04T15:25:25.3292543Z   type: 'test'
2026-10-04T15:25:25.3292926Z   ...
2026-10-04T15:25:25.3293904Z # Subtest: restoring real in-flight fleet tickets preserves boarding, cargo and deterministic continuation
2026-10-04T15:25:25.3295115Z ok 90 - restoring real in-flight fleet tickets preserves boarding, cargo and deterministic continuation
2026-10-04T15:25:25.3295841Z   ---
2026-10-04T15:25:25.3296220Z   duration_ms: 440.452809
2026-10-04T15:25:25.3296649Z   type: 'test'
2026-10-04T15:25:25.3297021Z   ...
2026-10-04T15:25:25.3298036Z # Subtest: rewinding display time never repeats an elapsed wage slot or changes the money supply
2026-10-04T15:25:25.3299118Z ok 91 - rewinding display time never repeats an elapsed wage slot or changes the money supply
2026-10-04T15:25:25.3299805Z   ---
2026-10-04T15:25:25.3300178Z   duration_ms: 45.463744
2026-10-04T15:25:25.3300600Z   type: 'test'
2026-10-04T15:25:25.3300964Z   ...
2026-10-04T15:25:25.3301793Z # Subtest: player buys an actual stocked portion only from the staffed counter and game-owned cash funds the shop
2026-10-04T15:25:25.3303005Z ok 92 - player buys an actual stocked portion only from the staffed counter and game-owned cash funds the shop
2026-10-04T15:25:25.3303924Z   ---
2026-10-04T15:25:25.3304298Z   duration_ms: 217.956404
2026-10-04T15:25:25.3304720Z   type: 'test'
2026-10-04T15:25:25.3305090Z   ...
2026-10-04T15:25:25.3305865Z # Subtest: remote, unfunded, unstaffed, closed and sold-out retail requests never debit the game wallet
2026-10-04T15:25:25.3306994Z ok 93 - remote, unfunded, unstaffed, closed and sold-out retail requests never debit the game wallet
2026-10-04T15:25:25.3307712Z   ---
2026-10-04T15:25:25.3363887Z   duration_ms: 134.580788
2026-10-04T15:25:25.3364211Z   type: 'test'
2026-10-04T15:25:25.3453777Z   ...
2026-10-04T15:25:25.3454514Z # Subtest: runtime traffic clock controls crossing permission independently of persisted economic days
2026-10-04T15:25:25.3455565Z ok 94 - runtime traffic clock controls crossing permission independently of persisted economic days
2026-10-04T15:25:25.3456157Z   ---
2026-10-04T15:25:25.3456408Z   duration_ms: 111.929459
2026-10-04T15:25:25.3456707Z   type: 'test'
2026-10-04T15:25:25.3456964Z   ...
2026-10-04T15:25:25.3457669Z # Subtest: integrated E retail changes the sole game wallet and a saved inventory restores alongside its ledger
2026-10-04T15:25:25.3458719Z ok 95 - integrated E retail changes the sole game wallet and a saved inventory restores alongside its ledger
2026-10-04T15:25:25.3459312Z   ---
2026-10-04T15:25:25.3459559Z   duration_ms: 6981.82568
2026-10-04T15:25:25.3459886Z   type: 'test'
2026-10-04T15:25:25.3460532Z   ...
2026-10-04T15:25:25.4350892Z # Subtest: opposite-shore landmarks retain contrast across the full public harbour view
2026-10-04T15:25:25.4374522Z ok 96 - opposite-shore landmarks retain contrast across the full public harbour view
2026-10-04T15:25:25.4391839Z   ---
2026-10-04T15:25:25.4393578Z   duration_ms: 1.824925
2026-10-04T15:25:25.4393891Z   type: 'test'
2026-10-04T15:25:25.4394140Z   ...
2026-10-04T15:25:25.4394712Z # Subtest: water variants keep independent clocks, shared programs and working cloned shader hooks
2026-10-04T15:25:25.4395327Z ok 97 - water variants keep independent clocks, shared programs and working cloned shader hooks
2026-10-04T15:25:25.4395690Z   ---
2026-10-04T15:25:25.4395864Z   duration_ms: 1.586775
2026-10-04T15:25:25.4396060Z   type: 'test'
2026-10-04T15:25:25.4396230Z   ...
2026-10-04T15:25:25.4396614Z # Subtest: urban finishes separate dielectric glazing, rough mineral surfaces and metal frames
2026-10-04T15:25:25.4397235Z ok 98 - urban finishes separate dielectric glazing, rough mineral surfaces and metal frames
2026-10-04T15:25:25.4397593Z   ---
2026-10-04T15:25:25.4397762Z   duration_ms: 30.754611
2026-10-04T15:25:25.4397948Z   type: 'test'
2026-10-04T15:25:25.4398116Z   ...
2026-10-04T15:26:35.5261803Z # Subtest: normal city play boards bus, walks both decks, travels and alights at another physical stop
2026-10-04T15:26:35.5262751Z ok 99 - normal city play boards bus, walks both decks, travels and alights at another physical stop
2026-10-04T15:26:35.5263266Z   ---
2026-10-04T15:26:35.5263658Z   duration_ms: 9026.344837
2026-10-04T15:26:35.5266094Z   type: 'test'
2026-10-04T15:26:35.5266505Z   ...
2026-10-04T15:26:35.5268891Z # Subtest: normal city play boards tram, walks both decks, travels and alights at another physical stop
2026-10-04T15:26:35.5269897Z ok 100 - normal city play boards tram, walks both decks, travels and alights at another physical stop
2026-10-04T15:26:35.5271186Z   ---
2026-10-04T15:26:35.5271510Z   duration_ms: 14582.821519
2026-10-04T15:26:35.5271822Z   type: 'test'
2026-10-04T15:26:35.5272095Z   ...
2026-10-04T15:26:35.5272631Z # Subtest: normal city play boards ferry, walks both decks, travels and alights at another physical stop
2026-10-04T15:26:35.5273556Z ok 101 - normal city play boards ferry, walks both decks, travels and alights at another physical stop
2026-10-04T15:26:35.5274093Z   ---
2026-10-04T15:26:35.5274370Z   duration_ms: 16652.147217
2026-10-04T15:26:35.5274679Z   type: 'test'
2026-10-04T15:26:35.5274954Z   ...
2026-10-04T15:26:35.5275436Z # Subtest: interior visits preserve street traffic, sample service clocks and resident phases
2026-10-04T15:26:35.5276473Z ok 102 - interior visits preserve street traffic, sample service clocks and resident phases
2026-10-04T15:26:35.5277066Z   ---
2026-10-04T15:26:35.5277333Z   duration_ms: 1359.26799
2026-10-04T15:26:35.5277630Z   type: 'test'
2026-10-04T15:26:35.5277898Z   ...
2026-10-04T15:26:35.5278584Z # Subtest: safeSave restores real commuting tickets, economic paths and delayed dwell before another tick
2026-10-04T15:26:35.5279635Z ok 103 - safeSave restores real commuting tickets, economic paths and delayed dwell before another tick
2026-10-04T15:26:35.5281252Z   ---
2026-10-04T15:26:35.5284474Z   duration_ms: 28231.574486
2026-10-04T15:26:35.5284811Z   type: 'test'
2026-10-04T15:26:35.5285069Z   ...
2026-10-04T15:26:35.5285790Z # Subtest: fresh binding and malformed saved sample fields leave finite clean street state
2026-10-04T15:26:35.5287438Z ok 104 - fresh binding and malformed saved sample fields leave finite clean street state
2026-10-04T15:26:35.5287791Z   ---
2026-10-04T15:26:35.5287967Z   duration_ms: 2265.473969
2026-10-04T15:26:35.5288162Z   type: 'test'
2026-10-04T15:26:35.5288336Z   ...
2026-10-04T15:26:35.5288755Z # Subtest: fixed simulation and render updates remain separate, with bounded collector-height tram wires
2026-10-04T15:26:35.5289676Z ok 105 - fixed simulation and render updates remain separate, with bounded collector-height tram wires
2026-10-04T15:26:35.5290509Z   ---
2026-10-04T15:26:35.5290754Z   duration_ms: 3409.864374
2026-10-04T15:26:35.5291037Z   type: 'test'
2026-10-04T15:26:35.5291286Z   ...
2026-10-04T15:26:35.5292172Z # Subtest: a restored south-shore signal clock controls real cars, rendered lights and crossing residents while north traffic keeps its original clock
2026-10-04T15:26:35.5293557Z ok 106 - a restored south-shore signal clock controls real cars, rendered lights and crossing residents while north traffic keeps its original clock
2026-10-04T15:26:35.5294297Z   ---
2026-10-04T15:26:35.5294460Z   duration_ms: 193.122533
2026-10-04T15:26:35.5294648Z   type: 'test'
2026-10-04T15:26:35.5294807Z   ...
2026-10-04T15:26:35.5295227Z # Subtest: ordinary city steps yield the long bus to a real resident already crossing, including after save/load
2026-10-04T15:26:35.5295860Z ok 107 - ordinary city steps yield the long bus to a real resident already crossing, including after save/load
2026-10-04T15:26:35.5296255Z   ---
2026-10-04T15:26:35.5296428Z   duration_ms: 3065.431397
2026-10-04T15:26:35.5296623Z   type: 'test'
2026-10-04T15:26:35.5296790Z   ...
2026-10-04T15:26:35.5834828Z # Subtest: harbor towers occupy land behind a continuous shore and have authored geometric crowns
2026-10-04T15:26:35.5843224Z ok 108 - harbor towers occupy land behind a continuous shore and have authored geometric crowns
2026-10-04T15:26:35.5844120Z   ---
2026-10-04T15:26:35.5844594Z   duration_ms: 22.575426
2026-10-04T15:26:35.5844887Z   type: 'test'
2026-10-04T15:26:35.5845105Z   ...
2026-10-04T15:26:35.5845720Z # Subtest: the actual eye-level promenade camera sees multiple distinct towers across open water
2026-10-04T15:26:35.5846526Z ok 109 - the actual eye-level promenade camera sees multiple distinct towers across open water
2026-10-04T15:26:35.5846924Z   ---
2026-10-04T15:26:35.5847158Z   duration_ms: 56.510697
2026-10-04T15:26:35.5847378Z   type: 'test'
2026-10-04T15:26:35.5848044Z   ...
2026-10-04T15:26:35.5848739Z # Subtest: all three harbor viewpoints are reached on existing real pavement with the full player radius
2026-10-04T15:26:35.5849759Z ok 110 - all three harbor viewpoints are reached on existing real pavement with the full player radius
2026-10-04T15:26:35.5850341Z   ---
2026-10-04T15:26:35.5850588Z   duration_ms: 219.859574
2026-10-04T15:26:35.5850890Z   type: 'test'
2026-10-04T15:26:35.5851140Z   ...
2026-10-04T15:26:35.5851819Z # Subtest: walking inland across the former support edge stays on the rendered shore and mountain triangles
2026-10-04T15:26:35.5852780Z ok 111 - walking inland across the former support edge stays on the rendered shore and mountain triangles
2026-10-04T15:26:35.5853158Z   ---
2026-10-04T15:26:35.5854219Z   duration_ms: 248.131678
2026-10-04T15:26:35.5854517Z   type: 'test'
2026-10-04T15:26:35.5854750Z   ...
2026-10-04T15:26:35.5855414Z # Subtest: view distance streams and disposes real facade details without changing skyline massing or quality
2026-10-04T15:26:35.5856440Z ok 112 - view distance streams and disposes real facade details without changing skyline massing or quality
2026-10-04T15:26:35.5857013Z   ---
2026-10-04T15:26:35.5857247Z   duration_ms: 29.537566
2026-10-04T15:26:35.5857517Z   type: 'test'
2026-10-04T15:26:35.5857759Z   ...
2026-10-04T15:26:35.5858289Z # Subtest: small window bays use metre UVs and sparse office lights follow the world clock
2026-10-04T15:26:35.5859090Z ok 113 - small window bays use metre UVs and sparse office lights follow the world clock
2026-10-04T15:26:35.5859578Z   ---
2026-10-04T15:26:35.5859859Z   duration_ms: 15.372082
2026-10-04T15:26:35.5860127Z   type: 'test'
2026-10-04T15:26:35.5860359Z   ...
2026-10-04T15:26:35.5860906Z # Subtest: shared shore support ends at the visible coastline and preserves water outside it
2026-10-04T15:26:35.5861741Z ok 114 - shared shore support ends at the visible coastline and preserves water outside it
2026-10-04T15:26:35.5862235Z   ---
2026-10-04T15:26:35.5862456Z   duration_ms: 1.970762
2026-10-04T15:26:35.5862731Z   type: 'test'
2026-10-04T15:26:35.5863187Z   ...
2026-10-04T15:26:35.5863948Z # Subtest: client and multiplayer server support match raycast triangles on both sides of ridge diagonals
2026-10-04T15:26:35.5864933Z ok 115 - client and multiplayer server support match raycast triangles on both sides of ridge diagonals
2026-10-04T15:26:35.5865492Z   ---
2026-10-04T15:26:35.5865722Z   duration_ms: 175.325365
2026-10-04T15:26:35.5865996Z   type: 'test'
2026-10-04T15:26:35.5866223Z   ...
2026-10-04T15:26:35.5866852Z # Subtest: multiplayer support retains reachable infrastructure decks and the road beneath an underpass
2026-10-04T15:26:35.5867828Z ok 116 - multiplayer support retains reachable infrastructure decks and the road beneath an underpass
2026-10-04T15:26:35.5868385Z   ---
2026-10-04T15:26:35.5868611Z   duration_ms: 0.27183
2026-10-04T15:26:35.5868869Z   type: 'test'
2026-10-04T15:26:35.5869104Z   ...
2026-10-04T15:26:35.5869670Z # Subtest: every original service fits its existing street or water corridor for a whole circuit
2026-10-04T15:26:35.5870548Z ok 117 - every original service fits its existing street or water corridor for a whole circuit
2026-10-04T15:26:35.5871071Z   ---
2026-10-04T15:26:35.5871298Z   duration_ms: 976.615595
2026-10-04T15:26:35.5871567Z   type: 'test'
2026-10-04T15:26:35.5871798Z   ...
2026-10-04T15:26:35.5872347Z # Subtest: bus: walk through the boarding door, upstairs, along the upper aisle and back downstairs
2026-10-04T15:26:35.5873224Z ok 118 - bus: walk through the boarding door, upstairs, along the upper aisle and back downstairs
2026-10-04T15:26:35.5873806Z   ---
2026-10-04T15:26:35.5873969Z   duration_ms: 85.724647
2026-10-04T15:26:35.5874155Z   type: 'test'
2026-10-04T15:26:35.5874318Z   ...
2026-10-04T15:26:35.5874688Z # Subtest: tram: walk through the boarding door, upstairs, along the upper aisle and back downstairs
2026-10-04T15:26:35.5875241Z ok 119 - tram: walk through the boarding door, upstairs, along the upper aisle and back downstairs
2026-10-04T15:26:35.5875722Z   ---
2026-10-04T15:26:35.5875894Z   duration_ms: 69.992785
2026-10-04T15:26:35.5876083Z   type: 'test'
2026-10-04T15:26:35.5876239Z   ...
2026-10-04T15:26:35.5876620Z # Subtest: ferry: walk through the boarding door, upstairs, along the upper aisle and back downstairs
2026-10-04T15:26:35.5877183Z ok 120 - ferry: walk through the boarding door, upstairs, along the upper aisle and back downstairs
2026-10-04T15:26:35.5877526Z   ---
2026-10-04T15:26:35.5877690Z   duration_ms: 136.462234
2026-10-04T15:26:35.5877874Z   type: 'test'
2026-10-04T15:26:35.5878031Z   ...
2026-10-04T15:26:35.5878428Z # Subtest: passenger seats, closed doors and end walls reject movement rather than pinning the passenger
2026-10-04T15:26:35.5879012Z ok 121 - passenger seats, closed doors and end walls reject movement rather than pinning the passenger
2026-10-04T15:26:35.5879361Z   ---
2026-10-04T15:26:35.5879518Z   duration_ms: 8.651427
2026-10-04T15:26:35.5879701Z   type: 'test'
2026-10-04T15:26:35.5879860Z   ...
2026-10-04T15:26:35.5880176Z # Subtest: ten minutes of independent timetables keep bus and tram bodies apart
2026-10-04T15:26:35.5880638Z ok 122 - ten minutes of independent timetables keep bus and tram bodies apart
2026-10-04T15:26:35.5880928Z   ---
2026-10-04T15:26:35.5881082Z   duration_ms: 327.160687
2026-10-04T15:26:35.5881269Z   type: 'test'
2026-10-04T15:26:35.5881423Z   ...
2026-10-04T15:26:35.5881771Z # Subtest: external traffic stops the bus before contact and the delayed timetable resumes
2026-10-04T15:26:35.5882286Z ok 123 - external traffic stops the bus before contact and the delayed timetable resumes
2026-10-04T15:26:35.5882603Z   ---
2026-10-04T15:26:35.5882758Z   duration_ms: 20.427044
2026-10-04T15:26:35.5882937Z   type: 'test'
2026-10-04T15:26:35.5883095Z   ...
2026-10-04T15:26:35.5883823Z # Subtest: saving restores stop dwell and delayed schedules without placing a load inside a vehicle
2026-10-04T15:26:35.5884747Z ok 124 - saving restores stop dwell and delayed schedules without placing a load inside a vehicle
2026-10-04T15:26:35.5885444Z   ---
2026-10-04T15:26:35.5885700Z   duration_ms: 16.3557
2026-10-04T15:26:35.5885986Z   type: 'test'
2026-10-04T15:26:35.5886224Z   ...
2026-10-04T15:26:35.5886816Z # Subtest: citizens board a real stop, travel in the moving cabin and alight at a different stop
2026-10-04T15:26:35.5887711Z ok 125 - citizens board a real stop, travel in the moving cabin and alight at a different stop
2026-10-04T15:26:35.5888260Z   ---
2026-10-04T15:26:35.5888517Z   duration_ms: 41.829022
2026-10-04T15:26:35.5888813Z   type: 'test'
2026-10-04T15:26:35.5889053Z   ...
2026-10-04T15:26:35.5889391Z # Subtest: a saved boarding token, door hold and citizen cabin pose continue after load
2026-10-04T15:26:35.5890023Z ok 126 - a saved boarding token, door hold and citizen cabin pose continue after load
2026-10-04T15:26:35.5890564Z   ---
2026-10-04T15:26:35.5890831Z   duration_ms: 21.133904
2026-10-04T15:26:35.5891105Z   type: 'test'
2026-10-04T15:26:35.5891373Z   ...
2026-10-04T15:26:35.5892040Z # Subtest: both ferry piers can be walked from real street height over the sea wall and match rendered support
2026-10-04T15:26:35.5893076Z ok 127 - both ferry piers can be walked from real street height over the sea wall and match rendered support
2026-10-04T15:26:35.5893749Z   ---
2026-10-04T15:26:35.5893921Z   duration_ms: 1193.084698
2026-10-04T15:26:35.5894110Z   type: 'test'
2026-10-04T15:26:35.5894271Z   ...
2026-10-04T15:26:35.5894747Z # Subtest: sixteen static batches retain all 101 original transforms, materials and shadow flags with independent bank bounds
2026-10-04T15:26:35.5895471Z ok 128 - sixteen static batches retain all 101 original transforms, materials and shadow flags with independent bank bounds
2026-10-04T15:26:35.5895875Z   ---
2026-10-04T15:26:35.5896042Z   duration_ms: 26.44942
2026-10-04T15:26:35.5896227Z   type: 'test'
2026-10-04T15:26:35.5896384Z   ...
2026-10-04T15:26:35.5896826Z # Subtest: static instances stay shared while ferry gangways, eleven canvas signs and the live fleet remain independent
2026-10-04T15:26:35.5897651Z ok 129 - static instances stay shared while ferry gangways, eleven canvas signs and the live fleet remain independent
2026-10-04T15:26:35.5898040Z   ---
2026-10-04T15:26:35.5898202Z   duration_ms: 81.988867
2026-10-04T15:26:35.5898399Z   type: 'test'
2026-10-04T15:26:35.5898565Z   ...
2026-10-04T15:26:35.5898976Z # Subtest: bus at its actual eight-metre curb lane brakes before red, restores its queue and resumes on green
2026-10-04T15:26:35.5899588Z ok 130 - bus at its actual eight-metre curb lane brakes before red, restores its queue and resumes on green
2026-10-04T15:26:35.5899945Z   ---
2026-10-04T15:26:35.5900110Z   duration_ms: 19.924233
2026-10-04T15:26:35.5900306Z   type: 'test'
2026-10-04T15:26:35.5900471Z   ...
2026-10-04T15:26:35.5900871Z # Subtest: tram at its actual eight-metre curb lane brakes before red, restores its queue and resumes on green
2026-10-04T15:26:35.5901485Z ok 131 - tram at its actual eight-metre curb lane brakes before red, restores its queue and resumes on green
2026-10-04T15:26:35.5901850Z   ---
2026-10-04T15:26:35.5902012Z   duration_ms: 39.997556
2026-10-04T15:26:35.5902201Z   type: 'test'
2026-10-04T15:26:35.5902364Z   ...
2026-10-04T15:26:35.5902737Z # Subtest: a vehicle already admitted through green clears a newly red junction after save/load
2026-10-04T15:26:35.5903600Z ok 132 - a vehicle already admitted through green clears a newly red junction after save/load
2026-10-04T15:26:35.5904119Z   ---
2026-10-04T15:26:35.5904354Z   duration_ms: 40.025922
2026-10-04T15:26:35.5904609Z   type: 'test'
2026-10-04T15:26:35.5904847Z   ...
2026-10-04T15:26:35.5905543Z # Subtest: the shared pedestrian stop-distance hook protects the bus front, persists its wait and excludes the ferry
2026-10-04T15:26:35.5906618Z ok 133 - the shared pedestrian stop-distance hook protects the bus front, persists its wait and excludes the ferry
2026-10-04T15:26:35.5907228Z   ---
2026-10-04T15:26:35.5907455Z   duration_ms: 63.968551
2026-10-04T15:26:35.5907728Z   type: 'test'
2026-10-04T15:26:35.5908120Z   ...
2026-10-04T15:26:35.5908745Z # Subtest: harbor assets have finite geometry and actual closed/open bounds inside their metre envelopes
2026-10-04T15:26:35.5909698Z ok 134 - harbor assets have finite geometry and actual closed/open bounds inside their metre envelopes
2026-10-04T15:26:35.5910253Z   ---
2026-10-04T15:26:35.5910488Z   duration_ms: 1283.018341
2026-10-04T15:26:35.5910768Z   type: 'test'
2026-10-04T15:26:35.5910998Z   ...
2026-10-04T15:26:35.5911615Z # Subtest: both decks, all portals and stair landings remain reachable by the declared passenger capsule
2026-10-04T15:26:35.5912553Z ok 135 - both decks, all portals and stair landings remain reachable by the declared passenger capsule
2026-10-04T15:26:35.5913094Z   ---
2026-10-04T15:26:35.5913440Z   duration_ms: 8.310825
2026-10-04T15:26:35.5913710Z   type: 'test'
2026-10-04T15:26:35.5913940Z   ...
2026-10-04T15:26:35.5914527Z # Subtest: open doorway geometry clears a full body at both jambs, and closed leaves block passage
2026-10-04T15:26:35.5915415Z ok 136 - open doorway geometry clears a full body at both jambs, and closed leaves block passage
2026-10-04T15:26:35.5915973Z   ---
2026-10-04T15:26:35.5916224Z   duration_ms: 411.876047
2026-10-04T15:26:35.5916526Z   type: 'test'
2026-10-04T15:26:35.5916754Z   ...
2026-10-04T15:26:35.5917319Z # Subtest: actual stair mesh and ceilings leave standing headroom across the entire companionway
2026-10-04T15:26:35.5918232Z ok 137 - actual stair mesh and ceilings leave standing headroom across the entire companionway
2026-10-04T15:26:35.5918758Z   ---
2026-10-04T15:26:35.5919002Z   duration_ms: 2077.759309
2026-10-04T15:26:35.5919297Z   type: 'test'
2026-10-04T15:26:35.5919543Z   ...
2026-10-04T15:26:35.5920198Z # Subtest: ferry support and side collision narrow with its bow rather than exposing square deck overhangs
2026-10-04T15:26:35.5921231Z ok 138 - ferry support and side collision narrow with its bow rather than exposing square deck overhangs
2026-10-04T15:26:35.5922088Z   ---
2026-10-04T15:26:35.5922341Z   duration_ms: 0.623138
2026-10-04T15:26:35.5922630Z   type: 'test'
2026-10-04T15:26:35.5922873Z   ...
2026-10-04T15:26:35.5923781Z # Subtest: LOD budgets, original provenance and material response are explicit and lighting updates are instance-local
2026-10-04T15:26:35.5924941Z ok 139 - LOD budgets, original provenance and material response are explicit and lighting updates are instance-local
2026-10-04T15:26:35.5925621Z   ---
2026-10-04T15:26:35.5925880Z   duration_ms: 14.680183
2026-10-04T15:26:35.5926180Z   type: 'test'
2026-10-04T15:26:35.5926429Z   ...
2026-10-04T15:26:35.5927250Z # Subtest: instance disposal is idempotent and preserves shared geometry used by remaining vehicles and all LODs
2026-10-04T15:26:35.5928371Z ok 140 - instance disposal is idempotent and preserves shared geometry used by remaining vehicles and all LODs
2026-10-04T15:26:35.5928990Z   ---
2026-10-04T15:26:35.5929242Z   duration_ms: 16.606218
2026-10-04T15:26:35.5929438Z   type: 'test'
2026-10-04T15:26:35.5929606Z   ...
2026-10-04T15:26:35.5929917Z # Subtest: closed cabin actually blocks the former gap above the door leaves
2026-10-04T15:26:35.5930358Z ok 141 - closed cabin actually blocks the former gap above the door leaves
2026-10-04T15:26:35.5930653Z   ---
2026-10-04T15:26:35.5930813Z   duration_ms: 93.310915
2026-10-04T15:26:35.5930994Z   type: 'test'
2026-10-04T15:26:35.5931184Z   ...
2026-10-04T15:26:35.5931545Z # Subtest: cabin occlusion follows actual camera bounds and restores city before doors open
2026-10-04T15:26:35.5932071Z ok 142 - cabin occlusion follows actual camera bounds and restores city before doors open
2026-10-04T15:26:35.5932400Z   ---
2026-10-04T15:26:35.5932559Z   duration_ms: 1827.480492
2026-10-04T15:26:35.5932745Z   type: 'test'
2026-10-04T15:26:35.5932899Z   ...
2026-10-04T15:26:35.5933291Z # Subtest: ordinary third-person camera retracts behind the safety door throughout the high lift ride
2026-10-04T15:26:35.5934509Z ok 143 - ordinary third-person camera retracts behind the safety door throughout the high lift ride
2026-10-04T15:26:35.5935005Z   ---
2026-10-04T15:26:35.5935243Z   duration_ms: 95.403185
2026-10-04T15:26:35.5935512Z   type: 'test'
2026-10-04T15:26:35.5935735Z   ...
2026-10-04T15:26:35.5936241Z # Subtest: moving lift carries the normal low-pitch camera at 60 Hz without a floor-level view
2026-10-04T15:26:35.5937001Z ok 144 - moving lift carries the normal low-pitch camera at 60 Hz without a floor-level view
2026-10-04T15:26:35.5937447Z   ---
2026-10-04T15:26:35.5937684Z   duration_ms: 67.019989
2026-10-04T15:26:35.5937950Z   type: 'test'
2026-10-04T15:26:35.5938176Z   ...
2026-10-04T15:26:35.5938626Z # Subtest: moving lift carries the normal low-pitch camera at 4 Hz without a floor-level view
2026-10-04T15:26:35.5939158Z ok 145 - moving lift carries the normal low-pitch camera at 4 Hz without a floor-level view
2026-10-04T15:26:35.5939491Z   ---
2026-10-04T15:26:35.5939654Z   duration_ms: 18.025688
2026-10-04T15:26:35.5939853Z   type: 'test'
2026-10-04T15:26:35.5940017Z   ...
2026-10-04T15:26:35.5940360Z # Subtest: west-link: a pedestrian walks up, across and down without height mutation
2026-10-04T15:26:35.5941135Z ok 146 - west-link: a pedestrian walks up, across and down without height mutation
2026-10-04T15:26:35.5941634Z   ---
2026-10-04T15:26:35.5941887Z   duration_ms: 1032.902042
2026-10-04T15:26:35.5942191Z   type: 'test'
2026-10-04T15:26:35.5942440Z   ...
2026-10-04T15:26:35.5942942Z # {"maximum":8,"maximumStep":0.010181811998556611,"seconds":87.48333333332965}
2026-10-04T15:26:35.5943861Z # Subtest: west-link: a car drives both ramps and saves on a safe ground entrance
2026-10-04T15:26:35.5944631Z ok 147 - west-link: a car drives both ramps and saves on a safe ground entrance
2026-10-04T15:26:35.5945109Z   ---
2026-10-04T15:26:35.5945361Z   duration_ms: 859.988878
2026-10-04T15:26:35.5945667Z   type: 'test'
2026-10-04T15:26:35.5945916Z   ...
2026-10-04T15:26:35.5946428Z # {"maximum":8.001,"maximumStep":0.04337433879758379,"seconds":21.883333333333372}
2026-10-04T15:26:35.5947441Z # Subtest: east-link: a pedestrian walks up, across and down without height mutation
2026-10-04T15:26:35.5948298Z ok 148 - east-link: a pedestrian walks up, across and down without height mutation
2026-10-04T15:26:35.5948801Z   ---
2026-10-04T15:26:35.5949063Z   duration_ms: 899.01599
2026-10-04T15:26:35.5949361Z   type: 'test'
2026-10-04T15:26:35.5949612Z   ...
2026-10-04T15:26:35.5950116Z # {"maximum":9,"maximumStep":0.01049999775308752,"seconds":130.34999999999587}
2026-10-04T15:26:35.5950873Z # Subtest: east-link: a car drives both ramps and saves on a safe ground entrance
2026-10-04T15:26:35.5951639Z ok 149 - east-link: a car drives both ramps and saves on a safe ground entrance
2026-10-04T15:26:35.5952107Z   ---
2026-10-04T15:26:35.5952273Z   duration_ms: 968.396224
2026-10-04T15:26:35.5952465Z   type: 'test'
2026-10-04T15:26:35.5952630Z   ...
2026-10-04T15:26:35.5952944Z # {"maximum":9.001,"maximumStep":0.0447177873670066,"seconds":31.983333333332798}
2026-10-04T15:26:35.5953687Z # Subtest: a pedestrian reaches the public freight-port promenade and walks back over the sea wall
2026-10-04T15:26:35.5954268Z ok 150 - a pedestrian reaches the public freight-port promenade and walks back over the sea wall
2026-10-04T15:26:35.5954622Z   ---
2026-10-04T15:26:35.5954785Z   duration_ms: 383.49582
2026-10-04T15:26:35.5954971Z   type: 'test'
2026-10-04T15:26:35.5955228Z   ...
2026-10-04T15:26:35.5955951Z # {"outbound":{"maximum":2.4,"maximumStep":0.017683754768263338,"seconds":16.95000000000032},"inbound":{"maximum":2.4,"maximumStep":0.017683754768263338,"seconds":16.933333333332374}}
2026-10-04T15:26:35.5956728Z # Subtest: cars cross below both flyovers without being lifted onto the deck
2026-10-04T15:26:35.5957405Z ok 151 - cars cross below both flyovers without being lifted onto the deck
2026-10-04T15:26:35.5957865Z   ---
2026-10-04T15:26:35.5958167Z   duration_ms: 87.641719
2026-10-04T15:26:35.5958456Z   type: 'test'
2026-10-04T15:26:35.5958706Z   ...
2026-10-04T15:26:35.5959594Z # Subtest: added piers and street equipment leave existing north-shore traffic crossings open
2026-10-04T15:26:35.5960631Z ok 152 - added piers and street equipment leave existing north-shore traffic crossings open
2026-10-04T15:26:35.5961361Z   ---
2026-10-04T15:26:35.5961801Z   duration_ms: 476.886173
2026-10-04T15:26:35.5972562Z   type: 'test'
2026-10-04T15:26:35.5972904Z   ...
2026-10-04T15:26:35.5973666Z # Subtest: every address has an explicit entrance, frontage, roof, and unique physical signature
2026-10-04T15:26:35.5974611Z ok 153 - every address has an explicit entrance, frontage, roof, and unique physical signature
2026-10-04T15:26:35.5975166Z   ---
2026-10-04T15:26:35.5975455Z   duration_ms: 1.638722
2026-10-04T15:26:35.5975731Z   type: 'test'
2026-10-04T15:26:35.5975968Z   ...
2026-10-04T15:26:35.5976439Z # Subtest: all 192 authored display fronts are visible chunk geometry and clear the central approach
2026-10-04T15:26:35.5977182Z ok 154 - all 192 authored display fronts are visible chunk geometry and clear the central approach
2026-10-04T15:26:35.5977550Z   ---
2026-10-04T15:26:35.5977727Z   duration_ms: 3.64698
2026-10-04T15:26:35.5977913Z   type: 'test'
2026-10-04T15:26:35.5978079Z   ...
2026-10-04T15:26:35.5978451Z # Subtest: shop lettering preserves its physical aspect ratio and uses ordinary UV projection
2026-10-04T15:26:35.5979000Z ok 155 - shop lettering preserves its physical aspect ratio and uses ordinary UV projection
2026-10-04T15:26:35.5979335Z   ---
2026-10-04T15:26:35.5979500Z   duration_ms: 65.492259
2026-10-04T15:26:35.5979696Z   type: 'test'
2026-10-04T15:26:35.5979860Z   ...
2026-10-04T15:26:35.5980176Z # Subtest: upper facade ribs do not obscure retail signs or the entrance canopy
2026-10-04T15:26:35.5980635Z ok 156 - upper facade ribs do not obscure retail signs or the entrance canopy
2026-10-04T15:26:35.5980928Z   ---
2026-10-04T15:26:35.5981088Z   duration_ms: 12.537018
2026-10-04T15:26:35.5981274Z   type: 'test'
2026-10-04T15:26:35.5981591Z   ...
2026-10-04T15:26:35.5981952Z # Subtest: retail counters and collision agree at adult scale, with small goods resting on top
2026-10-04T15:26:35.5982478Z ok 157 - retail counters and collision agree at adult scale, with small goods resting on top
2026-10-04T15:26:35.5982806Z   ---
2026-10-04T15:26:35.5982961Z   duration_ms: 37.26268
2026-10-04T15:26:35.5983141Z   type: 'test'
2026-10-04T15:26:35.5983301Z   ...
2026-10-04T15:26:35.5983783Z # Subtest: human-scale motifs and curved components survive actual chunk export
2026-10-04T15:26:35.5984227Z ok 158 - human-scale motifs and curved components survive actual chunk export
2026-10-04T15:26:35.5984520Z   ---
2026-10-04T15:26:35.5984680Z   duration_ms: 241.437662
2026-10-04T15:26:35.5984861Z   type: 'test'
2026-10-04T15:26:35.5985014Z   ...
2026-10-04T15:26:35.5985371Z # Subtest: additional architectural detail stays streamed and within bounded chunk budgets
2026-10-04T15:26:35.5985890Z ok 159 - additional architectural detail stays streamed and within bounded chunk budgets
2026-10-04T15:26:35.5986213Z   ---
2026-10-04T15:26:35.5986376Z   duration_ms: 26.560413
2026-10-04T15:26:35.5986557Z   type: 'test'
2026-10-04T15:26:35.5986710Z   ...
2026-10-04T15:26:35.5987059Z # Subtest: architectural refinement retains the full wide lobby approach at every address
2026-10-04T15:26:35.5987563Z ok 160 - architectural refinement retains the full wide lobby approach at every address
2026-10-04T15:26:35.5987876Z   ---
2026-10-04T15:26:35.5988034Z   duration_ms: 11.02436
2026-10-04T15:26:35.5988212Z   type: 'test'
2026-10-04T15:26:35.5988365Z   ...
2026-10-04T15:26:35.5988706Z # Subtest: address-specific sign materials are disposed along with their streamed district
2026-10-04T15:26:35.5989223Z ok 161 - address-specific sign materials are disposed along with their streamed district
2026-10-04T15:26:35.5989542Z   ---
2026-10-04T15:26:35.5989703Z   duration_ms: 107.101017
2026-10-04T15:26:35.5989890Z   type: 'test'
2026-10-04T15:26:35.5990076Z   ...
2026-10-04T15:26:35.5990514Z # Subtest: an underpass and its upper carriageway stay independent at the same x/z
2026-10-04T15:26:35.5990991Z ok 162 - an underpass and its upper carriageway stay independent at the same x/z
2026-10-04T15:26:35.5991286Z   ---
2026-10-04T15:26:35.5991448Z   duration_ms: 4.530821
2026-10-04T15:26:35.5991637Z   type: 'test'
2026-10-04T15:26:35.5991796Z   ...
2026-10-04T15:26:35.5992196Z # Subtest: both directions of both ramps support a continuous pedestrian journey without an elevation snap
2026-10-04T15:26:35.5992818Z ok 163 - both directions of both ramps support a continuous pedestrian journey without an elevation snap
2026-10-04T15:26:35.5993169Z   ---
2026-10-04T15:26:35.5993508Z   duration_ms: 337.782325
2026-10-04T15:26:35.5993698Z   type: 'test'
2026-10-04T15:26:35.5993864Z   ...
2026-10-04T15:26:35.5994268Z # Subtest: four-wheel car support follows both complete flyovers without jumping level or striking a collider
2026-10-04T15:26:35.5994883Z ok 164 - four-wheel car support follows both complete flyovers without jumping level or striking a collider
2026-10-04T15:26:35.5995273Z   ---
2026-10-04T15:26:35.5995441Z   duration_ms: 620.693485
2026-10-04T15:26:35.5995652Z   type: 'test'
2026-10-04T15:26:35.5995812Z   ...
2026-10-04T15:26:35.5996210Z # Subtest: rendered carriageway tops agree with the analytical support profile to one centimetre
2026-10-04T15:26:35.5996864Z ok 165 - rendered carriageway tops agree with the analytical support profile to one centimetre
2026-10-04T15:26:35.5997195Z   ---
2026-10-04T15:26:35.5997357Z   duration_ms: 0.807348
2026-10-04T15:26:35.5997532Z   type: 'test'
2026-10-04T15:26:35.5997691Z   ...
2026-10-04T15:26:35.5998099Z # Subtest: cross-streets retain a clear path below the flyovers and bridge piers remain outside carriageways
2026-10-04T15:26:35.5998706Z ok 166 - cross-streets retain a clear path below the flyovers and bridge piers remain outside carriageways
2026-10-04T15:26:35.5999052Z   ---
2026-10-04T15:26:35.5999200Z   duration_ms: 21.643889
2026-10-04T15:26:35.5999512Z   type: 'test'
2026-10-04T15:26:35.5999664Z   ...
2026-10-04T15:26:35.6000046Z # Subtest: freight access rises continuously over the original seawall and reaches a real clear deck
2026-10-04T15:26:35.6000615Z ok 167 - freight access rises continuously over the original seawall and reaches a real clear deck
2026-10-04T15:26:35.6000950Z   ---
2026-10-04T15:26:35.6001098Z   duration_ms: 34.003321
2026-10-04T15:26:35.6001273Z   type: 'test'
2026-10-04T15:26:35.6001418Z   ...
2026-10-04T15:26:35.6001782Z # Subtest: station additions preserve every building entrance, transit entrance and ferry passage
2026-10-04T15:26:35.6002332Z ok 168 - station additions preserve every building entrance, transit entrance and ferry passage
2026-10-04T15:26:35.6002660Z   ---
2026-10-04T15:26:35.6002808Z   duration_ms: 11.536034
2026-10-04T15:26:35.6002981Z   type: 'test'
2026-10-04T15:26:35.6003140Z   ...
2026-10-04T15:26:35.6003720Z # Subtest: district culling hides distant detail while keeping local geometry and permanent collisions
2026-10-04T15:26:35.6004310Z ok 169 - district culling hides distant detail while keeping local geometry and permanent collisions
2026-10-04T15:26:35.6004659Z   ---
2026-10-04T15:26:35.6004814Z   duration_ms: 0.433568
2026-10-04T15:26:35.6004983Z   type: 'test'
2026-10-04T15:26:35.6005141Z   ...
2026-10-04T15:26:35.6005484Z # Subtest: entry signs face their approach routes and every sign has an opaque blank reverse
2026-10-04T15:26:35.6005992Z ok 170 - entry signs face their approach routes and every sign has an opaque blank reverse
2026-10-04T15:26:35.6006305Z   ---
2026-10-04T15:26:35.6006455Z   duration_ms: 18.776083
2026-10-04T15:26:35.6006630Z   type: 'test'
2026-10-04T15:26:35.6006778Z   ...
2026-10-04T15:26:35.6007207Z # Subtest: every one of 48 addresses has distinct furnished programmes, open entrances, and a walkable elevator route
2026-10-04T15:26:35.6007855Z ok 171 - every one of 48 addresses has distinct furnished programmes, open entrances, and a walkable elevator route
2026-10-04T15:26:35.6008229Z   ---
2026-10-04T15:26:35.6008503Z   duration_ms: 741.290792
2026-10-04T15:26:35.6008691Z   type: 'test'
2026-10-04T15:26:35.6008845Z   ...
2026-10-04T15:26:35.6009284Z # Subtest: all natural floor plans keep furniture collision aligned with visible geometry and guard upper-floor edges
2026-10-04T15:26:35.6009932Z ok 172 - all natural floor plans keep furniture collision aligned with visible geometry and guard upper-floor edges
2026-10-04T15:26:35.6010303Z   ---
2026-10-04T15:26:35.6010460Z   duration_ms: 1761.59342
2026-10-04T15:26:35.6010637Z   type: 'test'
2026-10-04T15:26:35.6010789Z   ...
2026-10-04T15:26:35.6011217Z # Subtest: the tallest lift carries a boarded passenger continuously, closes its doors, and arrives clear of furniture
2026-10-04T15:26:35.6011868Z ok 173 - the tallest lift carries a boarded passenger continuously, closes its doors, and arrives clear of furniture
2026-10-04T15:26:35.6012244Z   ---
2026-10-04T15:26:35.6012405Z   duration_ms: 58.414159
2026-10-04T15:26:35.6012585Z   type: 'test'
2026-10-04T15:26:35.6012737Z   ...
2026-10-04T15:26:35.6013192Z # Subtest: elevator selection validates the passenger still occupies the physical cabin and forced leave clears a moving ride
2026-10-04T15:26:35.6014087Z ok 174 - elevator selection validates the passenger still occupies the physical cabin and forced leave clears a moving ride
2026-10-04T15:26:35.6014500Z   ---
2026-10-04T15:26:35.6014658Z   duration_ms: 11.823047
2026-10-04T15:26:35.6014831Z   type: 'test'
2026-10-04T15:26:35.6014983Z   ...
2026-10-04T15:26:35.6015404Z # Subtest: interiors use textured shared finishes but transparent local glazing, and refresh copied player snapshots
2026-10-04T15:26:35.6016483Z ok 175 - interiors use textured shared finishes but transparent local glazing, and refresh copied player snapshots
2026-10-04T15:26:35.6017005Z   ---
2026-10-04T15:26:35.6017199Z   duration_ms: 15.293685
2026-10-04T15:26:35.6017386Z   type: 'test'
2026-10-04T15:26:35.6017591Z   ...
2026-10-04T15:26:35.6018252Z # Subtest: entering and leaving rooms preserves the global point-light shader budget without changing outdoor daylight
2026-10-04T15:26:35.6019047Z ok 176 - entering and leaving rooms preserves the global point-light shader budget without changing outdoor daylight
2026-10-04T15:26:35.6019549Z   ---
2026-10-04T15:26:35.6019719Z   duration_ms: 17.026237
2026-10-04T15:26:35.6019911Z   type: 'test'
2026-10-04T15:26:35.6020082Z   ...
2026-10-04T15:26:35.6020514Z # Subtest: every natural stair flight carries ordinary walking up and down all occupied floors without teleporting
2026-10-04T15:26:35.6021162Z ok 177 - every natural stair flight carries ordinary walking up and down all occupied floors without teleporting
2026-10-04T15:26:35.6021548Z   ---
2026-10-04T15:26:35.6021710Z   duration_ms: 16052.035095
2026-10-04T15:26:35.6021902Z   type: 'test'
2026-10-04T15:26:35.6022069Z   ...
2026-10-04T15:26:35.6022441Z # Subtest: stair treads, nosings, landings and cutouts agree with continuous-world support geometry
2026-10-04T15:26:35.6023008Z ok 178 - stair treads, nosings, landings and cutouts agree with continuous-world support geometry
2026-10-04T15:26:35.6023499Z   ---
2026-10-04T15:26:35.6023732Z   duration_ms: 4250.199806
2026-10-04T15:26:35.6024001Z   type: 'test'
2026-10-04T15:26:35.6024163Z   ...
2026-10-04T15:26:35.6024527Z # Subtest: the upper stair opening guards its wrong end without a four-metre ground-height snap
2026-10-04T15:26:35.6025058Z ok 179 - the upper stair opening guards its wrong end without a four-metre ground-height snap
2026-10-04T15:26:35.6025384Z   ---
2026-10-04T15:26:35.6025540Z   duration_ms: 14.777003
2026-10-04T15:26:35.6025721Z   type: 'test'
2026-10-04T15:26:35.6025874Z   ...
2026-10-04T15:26:35.6026342Z # Subtest: hidden enclosed floors keep their collision and furnishings resident while the stair opening reveals adjacent floors
2026-10-04T15:26:35.6027063Z ok 180 - hidden enclosed floors keep their collision and furnishings resident while the stair opening reveals adjacent floors
2026-10-04T15:26:35.6027470Z   ---
2026-10-04T15:26:35.6027749Z   duration_ms: 6.108719
2026-10-04T15:26:35.6027929Z   type: 'test'
2026-10-04T15:26:35.6028085Z   ...
2026-10-04T15:26:35.6028468Z # Subtest: painted corridor ceilings sit below the stone slab above instead of exposing its underside
2026-10-04T15:26:35.6029052Z ok 181 - painted corridor ceilings sit below the stone slab above instead of exposing its underside
2026-10-04T15:26:35.6029392Z   ---
2026-10-04T15:26:35.6029555Z   duration_ms: 57.566227
2026-10-04T15:26:35.6029739Z   type: 'test'
2026-10-04T15:26:35.6029889Z   ...
2026-10-04T15:26:35.6030324Z # Subtest: occupied finishes retain matte microtexture and modest indirect light with the same two-point-light budget
2026-10-04T15:26:35.6030997Z ok 182 - occupied finishes retain matte microtexture and modest indirect light with the same two-point-light budget
2026-10-04T15:26:35.6031374Z   ---
2026-10-04T15:26:35.6031529Z   duration_ms: 15.554247
2026-10-04T15:26:35.6031712Z   type: 'test'
2026-10-04T15:26:35.6031873Z   ...
2026-10-04T15:26:35.6032233Z # Subtest: all 48 closed pedestrian routes remain on pavements and outside every building envelope
2026-10-04T15:26:35.6032777Z ok 183 - all 48 closed pedestrian routes remain on pavements and outside every building envelope
2026-10-04T15:26:35.6033102Z   ---
2026-10-04T15:26:35.6033253Z   duration_ms: 134.624263
2026-10-04T15:26:35.6033583Z   type: 'test'
2026-10-04T15:26:35.6033736Z   ...
2026-10-04T15:26:35.6034119Z # Subtest: population has continuous persistent identities, social groups and eight original wardrobes
2026-10-04T15:26:35.6034732Z ok 184 - population has continuous persistent identities, social groups and eight original wardrobes
2026-10-04T15:26:35.6035077Z   ---
2026-10-04T15:26:35.6035232Z   duration_ms: 531.791271
2026-10-04T15:26:35.6035410Z   type: 'test'
2026-10-04T15:26:35.6035573Z   ...
2026-10-04T15:26:35.6035942Z # Subtest: distance streaming enforces entity budgets and unloads the entire crowd beyond the city
2026-10-04T15:26:35.6036640Z ok 185 - distance streaming enforces entity budgets and unloads the entire crowd beyond the city
2026-10-04T15:26:35.6036983Z   ---
2026-10-04T15:26:35.6037140Z   duration_ms: 203.376122
2026-10-04T15:26:35.6037319Z   type: 'test'
2026-10-04T15:26:35.6037480Z   ...
2026-10-04T15:26:35.6037915Z # Subtest: pause freezes resident positions and animation time, and nearby conversations return actual local directions
2026-10-04T15:26:35.6038574Z ok 186 - pause freezes resident positions and animation time, and nearby conversations return actual local directions
2026-10-04T15:26:35.6038962Z   ---
2026-10-04T15:26:35.6039118Z   duration_ms: 29.023049
2026-10-04T15:26:35.6039301Z   type: 'test'
2026-10-04T15:26:35.6039462Z   ...
2026-10-04T15:26:35.6039822Z # Subtest: pedestrians wait for a stopped vehicle on their route without tunnelling into its body
2026-10-04T15:26:35.6040381Z ok 187 - pedestrians wait for a stopped vehicle on their route without tunnelling into its body
2026-10-04T15:26:35.6040718Z   ---
2026-10-04T15:26:35.6040872Z   duration_ms: 42.195632
2026-10-04T15:26:35.6041059Z   type: 'test'
2026-10-04T15:26:35.6041212Z   ...
2026-10-04T15:26:35.6041605Z # Subtest: wardrobe variants share cached geometry while retaining compatible animated knees and elbows
2026-10-04T15:26:35.6042185Z ok 188 - wardrobe variants share cached geometry while retaining compatible animated knees and elbows
2026-10-04T15:26:35.6042525Z   ---
2026-10-04T15:26:35.6042684Z   duration_ms: 10.313463
2026-10-04T15:26:35.6042854Z   type: 'test'
2026-10-04T15:26:35.6043003Z   ...
2026-10-04T15:26:35.6043562Z # Subtest: local collision queries match a full-population reference after movement and reuse stable body records
2026-10-04T15:26:35.6044210Z ok 189 - local collision queries match a full-population reference after movement and reuse stable body records
2026-10-04T15:26:35.6044581Z   ---
2026-10-04T15:26:35.6044739Z   duration_ms: 56.556645
2026-10-04T15:26:35.6044911Z   type: 'test'
2026-10-04T15:26:35.6045063Z   ...
2026-10-04T15:26:35.6045604Z # Subtest: all citizens have stable distinct names, district occupations and four changing daily purposes
2026-10-04T15:26:35.6046234Z ok 190 - all citizens have stable distinct names, district occupations and four changing daily purposes
2026-10-04T15:26:35.6046590Z   ---
2026-10-04T15:26:35.6046751Z   duration_ms: 3.181044
2026-10-04T15:26:35.6046937Z   type: 'test'
2026-10-04T15:26:35.6047089Z   ...
2026-10-04T15:26:35.6047501Z # Subtest: street activities are finite, social residents resume walking, and hour changes never teleport people
2026-10-04T15:26:35.6048159Z ok 191 - street activities are finite, social residents resume walking, and hour changes never teleport people
2026-10-04T15:26:35.6048523Z   ---
2026-10-04T15:26:35.6048678Z   duration_ms: 398.566943
2026-10-04T15:26:35.6048932Z   type: 'test'
2026-10-04T15:26:35.6049402Z   ...
2026-10-04T15:26:35.6050154Z # Subtest: repeated conversations expose identity, current purpose and actual local floors instead of one repeated tip
2026-10-04T15:26:35.6051189Z ok 192 - repeated conversations expose identity, current purpose and actual local floors instead of one repeated tip
2026-10-04T15:26:35.6051584Z   ---
2026-10-04T15:26:35.6051753Z   duration_ms: 3.474936
2026-10-04T15:26:35.6051939Z   type: 'test'
2026-10-04T15:26:35.6052107Z   ...
2026-10-04T15:26:35.6052500Z # Subtest: occupational props retain hand attachment, cache geometry, and fit varied anatomical bodies
2026-10-04T15:26:35.6053087Z ok 193 - occupational props retain hand attachment, cache geometry, and fit varied anatomical bodies
2026-10-04T15:26:35.6053563Z   ---
2026-10-04T15:26:35.6053722Z   duration_ms: 2.267018
2026-10-04T15:26:35.6053904Z   type: 'test'
2026-10-04T15:26:35.6054067Z   ...
2026-10-04T15:26:35.6054515Z # Subtest: real bus-bay residents stay outside the avenue and parked vehicles without adding population or fake boarding
2026-10-04T15:26:35.6055181Z ok 194 - real bus-bay residents stay outside the avenue and parked vehicles without adding population or fake boarding
2026-10-04T15:26:35.6055703Z   ---
2026-10-04T15:26:35.6055869Z   duration_ms: 115.469989
2026-10-04T15:26:35.6056057Z   type: 'test'
2026-10-04T15:26:35.6056218Z   ...
2026-10-04T15:26:35.6056597Z # Subtest: all natural floors name distinct functional areas without substituting furniture for rooms
2026-10-04T15:26:35.6057170Z ok 195 - all natural floors name distinct functional areas without substituting furniture for rooms
2026-10-04T15:26:35.6057512Z   ---
2026-10-04T15:26:35.6057674Z   duration_ms: 11.104919
2026-10-04T15:26:35.6057856Z   type: 'test'
2026-10-04T15:26:35.6058011Z   ...
2026-10-04T15:26:35.6058432Z # Subtest: every natural-floor room threshold remain reachable through the central aisle and real door openings
2026-10-04T15:26:35.6059068Z ok 196 - every natural-floor room threshold remain reachable through the central aisle and real door openings
2026-10-04T15:26:35.6059431Z   ---
2026-10-04T15:26:35.6059591Z   duration_ms: 6848.918495
2026-10-04T15:26:35.6059779Z   type: 'test'
2026-10-04T15:26:35.6059935Z   ...
2026-10-04T15:26:35.6060352Z # Subtest: distinct programmes contain their recognizable specialist equipment and real domestic subdivisions
2026-10-04T15:26:35.6060985Z ok 197 - distinct programmes contain their recognizable specialist equipment and real domestic subdivisions
2026-10-04T15:26:35.6061347Z   ---
2026-10-04T15:26:35.6061504Z   duration_ms: 789.54727
2026-10-04T15:26:35.6061691Z   type: 'test'
2026-10-04T15:26:35.6061852Z   ...
2026-10-04T15:26:35.6062257Z # Subtest: soft furniture batches share geometry and materials while snapshot exposes navigable room metadata
2026-10-04T15:26:35.6062880Z ok 198 - soft furniture batches share geometry and materials while snapshot exposes navigable room metadata
2026-10-04T15:26:35.6063243Z   ---
2026-10-04T15:26:35.6063553Z   duration_ms: 75.174444
2026-10-04T15:26:35.6063746Z   type: 'test'
2026-10-04T15:26:35.6063905Z   ...
2026-10-04T15:26:35.6064258Z # Subtest: domestic room dimensions reflect furnished homes rather than unused public halls
2026-10-04T15:26:35.6064896Z ok 199 - domestic room dimensions reflect furnished homes rather than unused public halls
2026-10-04T15:26:35.6065228Z   ---
2026-10-04T15:26:35.6065389Z   duration_ms: 3.181413
2026-10-04T15:26:35.6065578Z   type: 'test'
2026-10-04T15:26:35.6065733Z   ...
2026-10-04T15:26:35.6066108Z # Subtest: eight hospital rooms have clean bounded interiors and medical furniture within real walls
2026-10-04T15:26:35.6066675Z ok 200 - eight hospital rooms have clean bounded interiors and medical furniture within real walls
2026-10-04T15:26:35.6067013Z   ---
2026-10-04T15:26:35.6067178Z   duration_ms: 2.679535
2026-10-04T15:26:35.6067375Z   type: 'test'
2026-10-04T15:26:35.6067545Z   ...
2026-10-04T15:26:35.6067971Z # Subtest: hospital visitors can reach counters, seats, beds, handwashing and rehabilitation equipment and return
2026-10-04T15:26:35.6068608Z ok 201 - hospital visitors can reach counters, seats, beds, handwashing and rehabilitation equipment and return
2026-10-04T15:26:35.6068989Z   ---
2026-10-04T15:26:35.6069153Z   duration_ms: 24.399642
2026-10-04T15:26:35.6069340Z   type: 'test'
2026-10-04T15:26:35.6069504Z   ...
2026-10-04T15:26:35.6069883Z # Subtest: all enclosed occupied rooms have human-scale enclosures and furnishings within their walls
2026-10-04T15:26:35.6070460Z ok 202 - all enclosed occupied rooms have human-scale enclosures and furnishings within their walls
2026-10-04T15:26:35.6070800Z   ---
2026-10-04T15:26:35.6070967Z   duration_ms: 885.585073
2026-10-04T15:26:35.6071150Z   type: 'test'
2026-10-04T15:26:35.6071306Z   ...
2026-10-04T15:26:35.6071735Z # Subtest: public arrival and corridor spaces contain legible orientation, seating and programme-specific displays
2026-10-04T15:26:35.6072377Z ok 203 - public arrival and corridor spaces contain legible orientation, seating and programme-specific displays
2026-10-04T15:26:35.6072747Z   ---
2026-10-04T15:26:35.6072904Z   duration_ms: 503.933628
2026-10-04T15:26:35.6073078Z   type: 'test'
2026-10-04T15:26:35.6073490Z   ...
2026-10-04T15:26:35.6073804Z # Subtest: metro: enter, wait, board, travel and disembark at the next station
2026-10-04T15:26:35.6074235Z ok 204 - metro: enter, wait, board, travel and disembark at the next station
2026-10-04T15:26:35.6074510Z   ---
2026-10-04T15:26:35.6074671Z   duration_ms: 48.918972
2026-10-04T15:26:35.6074857Z   type: 'test'
2026-10-04T15:26:35.6075013Z   ...
2026-10-04T15:26:35.6075321Z # Subtest: light-rail: enter, wait, board, travel and disembark at the next station
2026-10-04T15:26:35.6075776Z ok 205 - light-rail: enter, wait, board, travel and disembark at the next station
2026-10-04T15:26:35.6076059Z   ---
2026-10-04T15:26:35.6076213Z   duration_ms: 2.639205
2026-10-04T15:26:35.6076390Z   type: 'test'
2026-10-04T15:26:35.6076538Z   ...
2026-10-04T15:26:35.6076837Z # Subtest: high-speed: enter, wait, board, travel and disembark at the next station
2026-10-04T15:26:35.6077287Z ok 206 - high-speed: enter, wait, board, travel and disembark at the next station
2026-10-04T15:26:35.6077577Z   ---
2026-10-04T15:26:35.6077732Z   duration_ms: 4.215837
2026-10-04T15:26:35.6077901Z   type: 'test'
2026-10-04T15:26:35.6078055Z   ...
2026-10-04T15:26:35.6078343Z # Subtest: ferry: enter, wait, board, travel and disembark at the next station
2026-10-04T15:26:35.6078752Z ok 207 - ferry: enter, wait, board, travel and disembark at the next station
2026-10-04T15:26:35.6079028Z   ---
2026-10-04T15:26:35.6079179Z   duration_ms: 3.315501
2026-10-04T15:26:35.6079352Z   type: 'test'
2026-10-04T15:26:35.6079511Z   ...
2026-10-04T15:26:35.6079876Z # Subtest: all ten stations have an initial visible service and maximum waiting time under 25 seconds
2026-10-04T15:26:35.6080428Z ok 208 - all ten stations have an initial visible service and maximum waiting time under 25 seconds
2026-10-04T15:26:35.6080762Z   ---
2026-10-04T15:26:35.6080909Z   duration_ms: 26.204109
2026-10-04T15:26:35.6081084Z   type: 'test'
2026-10-04T15:26:35.6081238Z   ...
2026-10-04T15:26:35.6081726Z # Subtest: underground platforms preserve their own floor height and cannot activate from the street
2026-10-04T15:26:35.6082318Z ok 209 - underground platforms preserve their own floor height and cannot activate from the street
2026-10-04T15:26:35.6082661Z   ---
2026-10-04T15:26:35.6082823Z   duration_ms: 0.748502
2026-10-04T15:26:35.6082999Z   type: 'test'
2026-10-04T15:26:35.6083152Z   ...
2026-10-04T15:26:35.6083715Z # Subtest: leave and reset return a platform or moving passenger to a safe street entrance
2026-10-04T15:26:35.6084360Z ok 210 - leave and reset return a platform or moving passenger to a safe street entrance
2026-10-04T15:26:35.6084666Z   ---
2026-10-04T15:26:35.6084826Z   duration_ms: 1.851887
2026-10-04T15:26:35.6085001Z   type: 'test'
2026-10-04T15:26:35.6085152Z   ...
2026-10-04T15:26:35.6085472Z # Subtest: large or invalid frame increments preserve deterministic finite vehicle poses
2026-10-04T15:26:35.6085961Z ok 211 - large or invalid frame increments preserve deterministic finite vehicle poses
2026-10-04T15:26:35.6086278Z   ---
2026-10-04T15:26:35.6086433Z   duration_ms: 11.326996
2026-10-04T15:26:35.6086618Z   type: 'test'
2026-10-04T15:26:35.6086773Z   ...
2026-10-04T15:26:35.6087119Z # Subtest: boarding requires reaching the marked platform area and an open stationary vehicle
2026-10-04T15:26:35.6087643Z ok 212 - boarding requires reaching the marked platform area and an open stationary vehicle
2026-10-04T15:26:35.6087962Z   ---
2026-10-04T15:26:35.6088113Z   duration_ms: 1.044378
2026-10-04T15:26:35.6088293Z   type: 'test'
2026-10-04T15:26:35.6088444Z   ...
2026-10-04T15:26:35.6088833Z # Subtest: station architecture and fleet share instanced resources and cull remote underground vehicles
2026-10-04T15:26:35.6089423Z ok 213 - station architecture and fleet share instanced resources and cull remote underground vehicles
2026-10-04T15:26:35.6089774Z   ---
2026-10-04T15:26:35.6089930Z   duration_ms: 106.288453
2026-10-04T15:26:35.6090108Z   type: 'test'
2026-10-04T15:26:35.6090260Z   ...
2026-10-04T15:26:35.6090787Z # Subtest: underground and elevated station roofs clip a steep camera boom without altering walking collision
2026-10-04T15:26:35.6091400Z ok 214 - underground and elevated station roofs clip a steep camera boom without altering walking collision
2026-10-04T15:26:35.6091764Z   ---
2026-10-04T15:26:35.6091924Z   duration_ms: 5.512235
2026-10-04T15:26:35.6092097Z   type: 'test'
2026-10-04T15:26:35.6092256Z   ...
2026-10-04T15:26:35.6092581Z # Subtest: ferry entrance signage supports stay above an approaching pedestrian camera
2026-10-04T15:26:35.6093062Z ok 215 - ferry entrance signage supports stay above an approaching pedestrian camera
2026-10-04T15:26:35.6093546Z   ---
2026-10-04T15:26:35.6093706Z   duration_ms: 57.886013
2026-10-04T15:26:35.6093884Z   type: 'test'
2026-10-04T15:26:35.6094032Z   ...
2026-10-04T15:26:35.6094395Z # Subtest: every station returns the player to rendered street ground clear of all world obstacles
2026-10-04T15:26:35.6094933Z ok 216 - every station returns the player to rendered street ground clear of all world obstacles
2026-10-04T15:26:35.6095268Z   ---
2026-10-04T15:26:35.6095424Z   duration_ms: 832.356715
2026-10-04T15:26:35.6095604Z   type: 'test'
2026-10-04T15:26:35.6095755Z   ...
2026-10-04T15:26:35.6096159Z # Subtest: the ferry passenger stands on the forward deck clear of furniture with an unobstructed forward view
2026-10-04T15:26:35.6096761Z ok 217 - the ferry passenger stands on the forward deck clear of furniture with an unobstructed forward view
2026-10-04T15:26:35.6097115Z   ---
2026-10-04T15:26:35.6097277Z   duration_ms: 47.378763
2026-10-04T15:26:35.6097453Z   type: 'test'
2026-10-04T15:26:35.6097600Z   ...
2026-10-04T15:26:35.6097941Z # Subtest: ferry entrance sign planes retract the default chase boom on both landward exits
2026-10-04T15:26:35.6098450Z ok 218 - ferry entrance sign planes retract the default chase boom on both landward exits
2026-10-04T15:26:35.6098762Z   ---
2026-10-04T15:26:35.6098911Z   duration_ms: 38.799373
2026-10-04T15:26:35.6099096Z   type: 'test'
2026-10-04T15:26:35.6099247Z   ...
2026-10-04T15:26:35.6099753Z # Subtest: all three metro stations can be walked down and back up with the real player capsule and no teleport
2026-10-04T15:26:35.6100374Z ok 219 - all three metro stations can be walked down and back up with the real player capsule and no teleport
2026-10-04T15:26:35.6100728Z   ---
2026-10-04T15:26:35.6100883Z   duration_ms: 196.687994
2026-10-04T15:26:35.6101069Z   type: 'test'
2026-10-04T15:26:35.6101217Z   ...
2026-10-04T15:26:35.6101587Z # Subtest: metro upper streets, lower platforms and switchback stairs keep their independent heights
2026-10-04T15:26:35.6102156Z ok 220 - metro upper streets, lower platforms and switchback stairs keep their independent heights
2026-10-04T15:26:35.6102494Z   ---
2026-10-04T15:26:35.6102645Z   duration_ms: 0.331539
2026-10-04T15:26:35.6102829Z   type: 'test'
2026-10-04T15:26:35.6102981Z   ...
2026-10-04T15:26:35.6103489Z # Subtest: metro gate turns remain walkable in both directions throughout the bounded endpoint margin
2026-10-04T15:26:35.6104066Z ok 221 - metro gate turns remain walkable in both directions throughout the bounded endpoint margin
2026-10-04T15:26:35.6104411Z   ---
2026-10-04T15:26:35.6104568Z   duration_ms: 96.807676
2026-10-04T15:26:35.6104746Z   type: 'test'
2026-10-04T15:26:35.6104904Z   ...
2026-10-04T15:26:35.6105276Z # Subtest: rendered metro treads match the physical walking slope within one riser, with clear headroom
2026-10-04T15:26:35.6105845Z ok 222 - rendered metro treads match the physical walking slope within one riser, with clear headroom
2026-10-04T15:26:35.6106185Z   ---
2026-10-04T15:26:35.6106335Z   duration_ms: 506.881067
2026-10-04T15:26:35.6106516Z   type: 'test'
2026-10-04T15:26:35.6106677Z   ...
2026-10-04T15:26:35.6107075Z # Subtest: upper metro stairs see a solid retaining wall above the covered landing instead of the world underside
2026-10-04T15:26:35.6107690Z ok 223 - upper metro stairs see a solid retaining wall above the covered landing instead of the world underside
2026-10-04T15:26:35.6108213Z   ---
2026-10-04T15:26:35.6108374Z   duration_ms: 158.789819
2026-10-04T15:26:35.6108558Z   type: 'test'
2026-10-04T15:26:35.6108713Z   ...
2026-10-04T15:26:35.6109120Z # Subtest: every animated train-door batch has a stable conservative envelope for both open and closed poses
2026-10-04T15:26:35.6109722Z ok 224 - every animated train-door batch has a stable conservative envelope for both open and closed poses
2026-10-04T15:26:35.6110075Z   ---
2026-10-04T15:26:35.6110235Z   duration_ms: 38.943054
2026-10-04T15:26:35.6110417Z   type: 'test'
2026-10-04T15:26:35.6110569Z   ...
2026-10-04T15:26:35.6110960Z # Subtest: offscreen above-ground train doors cull for a metro viewer while doors inside the view remain
2026-10-04T15:26:35.6111538Z ok 225 - offscreen above-ground train doors cull for a metro viewer while doors inside the view remain
2026-10-04T15:26:35.6111875Z   ---
2026-10-04T15:26:35.6112036Z   duration_ms: 33.273882
2026-10-04T15:26:35.6112218Z   type: 'test'
2026-10-04T15:26:35.6112367Z   ...
2026-10-04T15:26:35.6112761Z # Subtest: 48 permanent addresses have unique identity, continuous natural storeys, and distinct programmes
2026-10-04T15:26:35.6113531Z ok 226 - 48 permanent addresses have unique identity, continuous natural storeys, and distinct programmes
2026-10-04T15:26:35.6113924Z   ---
2026-10-04T15:26:35.6114078Z   duration_ms: 3.178489
2026-10-04T15:26:35.6114264Z   type: 'test'
2026-10-04T15:26:35.6114416Z   ...
2026-10-04T15:26:35.6114728Z # Subtest: every south entrance has a physical street approach and a door opening
2026-10-04T15:26:35.6115194Z ok 227 - every south entrance has a physical street approach and a door opening
2026-10-04T15:26:35.6115481Z   ---
2026-10-04T15:26:35.6115638Z   duration_ms: 3.133523
2026-10-04T15:26:35.6115820Z   type: 'test'
2026-10-04T15:26:35.6115974Z   ...
2026-10-04T15:26:35.6116303Z # Subtest: permanent road lanes remain free of building collision with unloaded districts
2026-10-04T15:26:35.6116917Z ok 228 - permanent road lanes remain free of building collision with unloaded districts
2026-10-04T15:26:35.6117237Z   ---
2026-10-04T15:26:35.6117393Z   duration_ms: 18.238281
2026-10-04T15:26:35.6117574Z   type: 'test'
2026-10-04T15:26:35.6117738Z   ...
2026-10-04T15:26:35.6118048Z # Subtest: bridge deck joins both shores continuously, with no abrupt end slope
2026-10-04T15:26:35.6118494Z ok 229 - bridge deck joins both shores continuously, with no abrupt end slope
2026-10-04T15:26:35.6118786Z   ---
2026-10-04T15:26:35.6118943Z   duration_ms: 0.406378
2026-10-04T15:26:35.6119120Z   type: 'test'
2026-10-04T15:26:35.6119282Z   ...
2026-10-04T15:26:35.6119602Z # Subtest: north ferry, metro, light rail and high-speed station approaches stay open
2026-10-04T15:26:35.6120075Z ok 230 - north ferry, metro, light rail and high-speed station approaches stay open
2026-10-04T15:26:35.6120442Z   ---
2026-10-04T15:26:35.6120598Z   duration_ms: 0.262196
2026-10-04T15:26:35.6120774Z   type: 'test'
2026-10-04T15:26:35.6120933Z   ...
2026-10-04T15:26:35.6121288Z # Subtest: export contains twelve real validated chunks with independent detailed geometry
2026-10-04T15:26:35.6121792Z ok 231 - export contains twelve real validated chunks with independent detailed geometry
2026-10-04T15:26:35.6122102Z   ---
2026-10-04T15:26:35.6122263Z   duration_ms: 37.350574
2026-10-04T15:26:35.6122444Z   type: 'test'
2026-10-04T15:26:35.6122593Z   ...
2026-10-04T15:26:35.6122893Z # Subtest: entering one address hides just its shell and exiting restores it
2026-10-04T15:26:35.6123462Z ok 232 - entering one address hides just its shell and exiting restores it
2026-10-04T15:26:35.6123803Z   ---
2026-10-04T15:26:35.6123962Z   duration_ms: 58.079507
2026-10-04T15:26:35.6124139Z   type: 'test'
2026-10-04T15:26:35.6124291Z   ...
2026-10-04T15:26:35.6124613Z # Subtest: runtime fetches nearby JSON and actually disposes detail after moving away
2026-10-04T15:26:35.6125091Z ok 233 - runtime fetches nearby JSON and actually disposes detail after moving away
2026-10-04T15:26:35.6125511Z   ---
2026-10-04T15:26:35.6125673Z   duration_ms: 79.980121
2026-10-04T15:26:35.6125859Z   type: 'test'
2026-10-04T15:26:35.6126017Z   ...
2026-10-04T15:26:35.6126336Z # Subtest: streaming startup retains no authored detail transforms before any fetch
2026-10-04T15:26:35.6126815Z ok 234 - streaming startup retains no authored detail transforms before any fetch
2026-10-04T15:26:35.6127112Z   ---
2026-10-04T15:26:35.6127263Z   duration_ms: 18.853302
2026-10-04T15:26:35.6127446Z   type: 'test'
2026-10-04T15:26:35.6127597Z   ...
2026-10-04T15:26:35.6127979Z # Subtest: paving keeps every doorway covered while an occupied lobby has exactly one visible y=0 floor
2026-10-04T15:26:35.6128563Z ok 235 - paving keeps every doorway covered while an occupied lobby has exactly one visible y=0 floor
2026-10-04T15:26:35.6128905Z   ---
2026-10-04T15:26:35.6129071Z   duration_ms: 1344.932296
2026-10-04T15:26:35.6129257Z   type: 'test'
2026-10-04T15:26:35.6129413Z   ...
2026-10-04T15:26:35.6129834Z # Subtest: distance LOD preserves the hero car and reduces distant geometry without changing its collision envelope
2026-10-04T15:26:35.6130481Z ok 236 - distance LOD preserves the hero car and reduces distant geometry without changing its collision envelope
2026-10-04T15:26:35.6130852Z   ---
2026-10-04T15:26:35.6131004Z   duration_ms: 313.882225
2026-10-04T15:26:35.6131180Z   type: 'test'
2026-10-04T15:26:35.6131339Z   ...
2026-10-04T15:26:35.6131653Z # Subtest: distant pedestrians retain animated joints and original human dimensions
2026-10-04T15:26:35.6132117Z ok 237 - distant pedestrians retain animated joints and original human dimensions
2026-10-04T15:26:35.6132413Z   ---
2026-10-04T15:26:35.6132567Z   duration_ms: 88.581665
2026-10-04T15:26:35.6132742Z   type: 'test'
2026-10-04T15:26:35.6132889Z   ...
2026-10-04T15:26:35.6133242Z # Subtest: removing a car disposes owned paint and lights while preserving shared LOD geometry
2026-10-04T15:26:35.6133948Z ok 238 - removing a car disposes owned paint and lights while preserving shared LOD geometry
2026-10-04T15:26:35.6134389Z   ---
2026-10-04T15:26:35.6134554Z   duration_ms: 116.619669
2026-10-04T15:26:35.6134736Z   type: 'test'
2026-10-04T15:26:35.6134889Z   ...
2026-10-04T15:26:35.6135314Z # Subtest: real room service joins two clients, streams movement/chat, isolates rooms and rejects invalid packets
2026-10-04T15:26:35.6135938Z ok 239 - real room service joins two clients, streams movement/chat, isolates rooms and rejects invalid packets
2026-10-04T15:26:35.6136297Z   ---
2026-10-04T15:26:35.6136454Z   duration_ms: 767.269835
2026-10-04T15:26:35.6136631Z   type: 'test'
2026-10-04T15:26:35.6136782Z   ...
2026-10-04T15:26:35.6137061Z # Subtest: vehicle claims are exclusive and leaving releases ownership
2026-10-04T15:26:35.6137462Z ok 240 - vehicle claims are exclusive and leaving releases ownership
2026-10-04T15:26:35.6137725Z   ---
2026-10-04T15:26:35.6137890Z   duration_ms: 25.549696
2026-10-04T15:26:35.6138077Z   type: 'test'
2026-10-04T15:26:35.6138248Z   ...
2026-10-04T15:26:35.6138668Z # Subtest: room capacity is enforced and peer interpolation follows shortest angles without interpolating travel
2026-10-04T15:26:35.6139299Z ok 241 - room capacity is enforced and peer interpolation follows shortest angles without interpolating travel
2026-10-04T15:26:35.6139665Z   ---
2026-10-04T15:26:35.6139816Z   duration_ms: 23.479397
2026-10-04T15:26:35.6139997Z   type: 'test'
2026-10-04T15:26:35.6140148Z   ...
2026-10-04T15:26:35.6140506Z # Subtest: traffic follows the same street route while the player uses an indoor collision context
2026-10-04T15:26:35.6141055Z ok 242 - traffic follows the same street route while the player uses an indoor collision context
2026-10-04T15:26:35.6141380Z   ---
2026-10-04T15:26:35.6141532Z   duration_ms: 2573.2921
2026-10-04T15:26:35.6141702Z   type: 'test'
2026-10-04T15:26:35.6141860Z   ...
2026-10-04T15:26:35.6142186Z # Subtest: background traffic restores indoor data after an invalid road update throws
2026-10-04T15:26:35.6142675Z ok 243 - background traffic restores indoor data after an invalid road update throws
2026-10-04T15:26:35.6143106Z   ---
2026-10-04T15:26:35.6143262Z   duration_ms: 2.10645
2026-10-04T15:26:35.6143612Z   type: 'test'
2026-10-04T15:26:35.6143776Z   ...
2026-10-04T15:26:35.6144112Z # Subtest: precision input crosses a 1.6 metre doorway at four rendered frames per second
2026-10-04T15:26:35.6144604Z ok 244 - precision input crosses a 1.6 metre doorway at four rendered frames per second
2026-10-04T15:26:35.6144921Z   ---
2026-10-04T15:26:35.6145070Z   duration_ms: 19.744043
2026-10-04T15:26:35.6145246Z   type: 'test'
2026-10-04T15:26:35.6145399Z   ...
2026-10-04T15:26:35.6145776Z # Subtest: normal and sprint speeds stay intact; precision overrides sprint without draining stamina
2026-10-04T15:26:35.6146335Z ok 245 - normal and sprint speeds stay intact; precision overrides sprint without draining stamina
2026-10-04T15:26:35.6146665Z   ---
2026-10-04T15:26:35.6146825Z   duration_ms: 4.048878
2026-10-04T15:26:35.6147005Z   type: 'test'
2026-10-04T15:26:35.6147154Z   ...
2026-10-04T15:26:35.6147507Z # Subtest: double-decker hull blocks feet above sedan height and preserves its actual span
2026-10-04T15:26:35.6148014Z ok 246 - double-decker hull blocks feet above sedan height and preserves its actual span
2026-10-04T15:26:35.6148363Z   ---
2026-10-04T15:26:35.6148523Z   duration_ms: 1.486157
2026-10-04T15:26:35.6148693Z   type: 'test'
2026-10-04T15:26:35.6148845Z   ...
2026-10-04T15:26:35.6149178Z # Subtest: fresh saves have bounded values; corrupt and incompatible saves recover safely
2026-10-04T15:26:35.6149667Z ok 247 - fresh saves have bounded values; corrupt and incompatible saves recover safely
2026-10-04T15:26:35.6149973Z   ---
2026-10-04T15:26:35.6150122Z   duration_ms: 2.340784
2026-10-04T15:26:35.6150297Z   type: 'test'
2026-10-04T15:26:35.6150448Z   ...
2026-10-04T15:26:35.6150736Z # Subtest: walking respects camera orientation, bounds and solid buildings
2026-10-04T15:26:35.6151165Z ok 248 - walking respects camera orientation, bounds and solid buildings
2026-10-04T15:26:35.6151556Z   ---
2026-10-04T15:26:35.6151708Z   duration_ms: 66.009897
2026-10-04T15:26:35.6151889Z   type: 'test'
2026-10-04T15:26:35.6152040Z   ...
2026-10-04T15:26:35.6152320Z # Subtest: diagonal movement is normalized and sprint consumes stamina
2026-10-04T15:26:35.6152719Z ok 249 - diagonal movement is normalized and sprint consumes stamina
2026-10-04T15:26:35.6152987Z   ---
2026-10-04T15:26:35.6153132Z   duration_ms: 28.2337
2026-10-04T15:26:35.6153307Z   type: 'test'
2026-10-04T15:26:35.6153564Z   ...
2026-10-04T15:26:35.6153885Z # Subtest: strafe-right follows the rendered camera right vector in both directions
2026-10-04T15:26:35.6154355Z ok 250 - strafe-right follows the rendered camera right vector in both directions
2026-10-04T15:26:35.6154656Z   ---
2026-10-04T15:26:35.6154804Z   duration_ms: 7.899885
2026-10-04T15:26:35.6154973Z   type: 'test'
2026-10-04T15:26:35.6155117Z   ...
2026-10-04T15:26:35.6155386Z # Subtest: jump lands, and holding jump does not repeatedly bounce
2026-10-04T15:26:35.6155766Z ok 251 - jump lands, and holding jump does not repeatedly bounce
2026-10-04T15:26:35.6156014Z   ---
2026-10-04T15:26:35.6156170Z   duration_ms: 8.514038
2026-10-04T15:26:35.6156338Z   type: 'test'
2026-10-04T15:26:35.6156492Z   ...
2026-10-04T15:26:35.6156848Z # Subtest: entering requires proximity; exiting needs low speed and an unobstructed location
2026-10-04T15:26:35.6157363Z ok 252 - entering requires proximity; exiting needs low speed and an unobstructed location
2026-10-04T15:26:35.6157674Z   ---
2026-10-04T15:26:35.6157831Z   duration_ms: 2.928249
2026-10-04T15:26:35.6158002Z   type: 'test'
2026-10-04T15:26:35.6158154Z   ...
2026-10-04T15:26:35.6158393Z # Subtest: fast vehicles cannot tunnel through a thin wall
2026-10-04T15:26:35.6158731Z ok 253 - fast vehicles cannot tunnel through a thin wall
2026-10-04T15:26:35.6158965Z   ---
2026-10-04T15:26:35.6159113Z   duration_ms: 25.548724
2026-10-04T15:26:35.6159291Z   type: 'test'
2026-10-04T15:26:35.6159691Z   ...
2026-10-04T15:26:35.6160091Z # Subtest: braking reduces speed, reversing and steering remain bounded
2026-10-04T15:26:35.6160597Z ok 254 - braking reduces speed, reversing and steering remain bounded
2026-10-04T15:26:35.6168880Z   ---
2026-10-04T15:26:35.6169125Z   duration_ms: 51.279306
2026-10-04T15:26:35.6169328Z   type: 'test'
2026-10-04T15:26:35.6169493Z   ...
2026-10-04T15:26:35.6169784Z # Subtest: courier checkpoints require a vehicle and correct order
2026-10-04T15:26:35.6170181Z ok 255 - courier checkpoints require a vehicle and correct order
2026-10-04T15:26:35.6170440Z   ---
2026-10-04T15:26:35.6170604Z   duration_ms: 3.407294
2026-10-04T15:26:35.6170780Z   type: 'test'
2026-10-04T15:26:35.6170933Z   ...
2026-10-04T15:26:35.6171246Z # Subtest: first clear pays exactly once, including after save/reload and replay
2026-10-04T15:26:35.6171706Z ok 256 - first clear pays exactly once, including after save/reload and replay
2026-10-04T15:26:35.6171988Z   ---
2026-10-04T15:26:35.6172146Z   duration_ms: 5.735104
2026-10-04T15:26:35.6172324Z   type: 'test'
2026-10-04T15:26:35.6172473Z   ...
2026-10-04T15:26:35.6172774Z # Subtest: expired missions fail without rewards and cancellation permits retry
2026-10-04T15:26:35.6173221Z ok 257 - expired missions fail without rewards and cancellation permits retry
2026-10-04T15:26:35.6173635Z   ---
2026-10-04T15:26:35.6173782Z   duration_ms: 1.059699
2026-10-04T15:26:35.6173954Z   type: 'test'
2026-10-04T15:26:35.6174101Z   ...
2026-10-04T15:26:35.6174402Z # Subtest: escape mission waits for wanted to clear before permitting the finish
2026-10-04T15:26:35.6174852Z ok 258 - escape mission waits for wanted to clear before permitting the finish
2026-10-04T15:26:35.6175148Z   ---
2026-10-04T15:26:35.6175303Z   duration_ms: 210.597984
2026-10-04T15:26:35.6175477Z   type: 'test'
2026-10-04T15:26:35.6175632Z   ...
2026-10-04T15:26:35.6175987Z # Subtest: shots consume ammunition, hit cars only along clear sightlines, and trigger pursuit
2026-10-04T15:26:35.6176687Z ok 259 - shots consume ammunition, hit cars only along clear sightlines, and trigger pursuit
2026-10-04T15:26:35.6177024Z   ---
2026-10-04T15:26:35.6177183Z   duration_ms: 12.607001
2026-10-04T15:26:35.6177365Z   type: 'test'
2026-10-04T15:26:35.6177520Z   ...
2026-10-04T15:26:35.6177772Z # Subtest: empty magazine reloads without negative ammunition
2026-10-04T15:26:35.6178126Z ok 260 - empty magazine reloads without negative ammunition
2026-10-04T15:26:35.6178363Z   ---
2026-10-04T15:26:35.6178517Z   duration_ms: 83.777622
2026-10-04T15:26:35.6178687Z   type: 'test'
2026-10-04T15:26:35.6178830Z   ...
2026-10-04T15:26:35.6179125Z # Subtest: wanted decays outside patrol sight and stays active inside sight
2026-10-04T15:26:35.6179549Z ok 261 - wanted decays outside patrol sight and stays active inside sight
2026-10-04T15:26:35.6179839Z   ---
2026-10-04T15:26:35.6180000Z   duration_ms: 463.173853
2026-10-04T15:26:35.6180179Z   type: 'test'
2026-10-04T15:26:35.6180327Z   ...
2026-10-04T15:26:35.6180612Z # Subtest: police movement remains on roads and cannot cross buildings
2026-10-04T15:26:35.6181016Z ok 262 - police movement remains on roads and cannot cross buildings
2026-10-04T15:26:35.6181272Z   ---
2026-10-04T15:26:35.6181418Z   duration_ms: 209.219901
2026-10-04T15:26:35.6181600Z   type: 'test'
2026-10-04T15:26:35.6181761Z   ...
2026-10-04T15:26:35.6182051Z # Subtest: traffic moves on its route and a vehicle collision raises wanted
2026-10-04T15:26:35.6182479Z ok 263 - traffic moves on its route and a vehicle collision raises wanted
2026-10-04T15:26:35.6182750Z   ---
2026-10-04T15:26:35.6182902Z   duration_ms: 12.34143
2026-10-04T15:26:35.6183081Z   type: 'test'
2026-10-04T15:26:35.6183230Z   ...
2026-10-04T15:26:35.6183761Z # Subtest: recovery clears transient state and charges only available funds
2026-10-04T15:26:35.6184205Z ok 264 - recovery clears transient state and charges only available funds
2026-10-04T15:26:35.6184492Z   ---
2026-10-04T15:26:35.6184652Z   duration_ms: 5.370252
2026-10-04T15:26:35.6184946Z   type: 'test'
2026-10-04T15:26:35.6185108Z   ...
2026-10-04T15:26:35.6185420Z # Subtest: repair charges only when needed and disallows repairs during pursuit
2026-10-04T15:26:35.6185867Z ok 265 - repair charges only when needed and disallows repairs during pursuit
2026-10-04T15:26:35.6186159Z   ---
2026-10-04T15:26:35.6186307Z   duration_ms: 4.588211
2026-10-04T15:26:35.6186476Z   type: 'test'
2026-10-04T15:26:35.6186626Z   ...
2026-10-04T15:26:35.6186913Z # Subtest: repair never charges a healthy pedestrian with no nearby vehicle
2026-10-04T15:26:35.6187324Z ok 266 - repair never charges a healthy pedestrian with no nearby vehicle
2026-10-04T15:26:35.6187595Z   ---
2026-10-04T15:26:35.6187753Z   duration_ms: 0.867427
2026-10-04T15:26:35.6187925Z   type: 'test'
2026-10-04T15:26:35.6188076Z   ...
2026-10-04T15:26:35.6188407Z # Subtest: reset restores a fresh game and discarded runtime state is absent from saves
2026-10-04T15:26:35.6188885Z ok 267 - reset restores a fresh game and discarded runtime state is absent from saves
2026-10-04T15:26:35.6189187Z   ---
2026-10-04T15:26:35.6189341Z   duration_ms: 5.176066
2026-10-04T15:26:35.6189508Z   type: 'test'
2026-10-04T15:26:35.6189659Z   ...
2026-10-04T15:26:35.6190050Z # Subtest: vehicle bumpers remain solid during a damage cooldown without oscillating while throttle is held
2026-10-04T15:26:35.6190654Z ok 268 - vehicle bumpers remain solid during a damage cooldown without oscillating while throttle is held
2026-10-04T15:26:35.6191006Z   ---
2026-10-04T15:26:35.6191158Z   duration_ms: 151.730458
2026-10-04T15:26:35.6191342Z   type: 'test'
2026-10-04T15:26:35.6191492Z   ...
2026-10-04T15:26:35.6191730Z # Subtest: parked cars block a walking character with their full bumper footprint
2026-10-04T15:26:35.6191951Z ok 269 - parked cars block a walking character with their full bumper footprint
2026-10-04T15:26:35.6192023Z   ---
2026-10-04T15:26:35.6192103Z   duration_ms: 7.712849
2026-10-04T15:26:35.6192175Z   type: 'test'
2026-10-04T15:26:35.6192239Z   ...
2026-10-04T15:26:35.6192524Z # Subtest: walking ignores a destroyed invisible vehicle
2026-10-04T15:26:35.6192682Z ok 270 - walking ignores a destroyed invisible vehicle
2026-10-04T15:26:35.6192744Z   ---
2026-10-04T15:26:35.6192823Z   duration_ms: 4.460354
2026-10-04T15:26:35.6192897Z   type: 'test'
2026-10-04T15:26:35.6192959Z   ...
2026-10-04T15:26:35.6193163Z # Subtest: entering a nearby car cannot teleport through a thin wall
2026-10-04T15:26:35.6193444Z ok 271 - entering a nearby car cannot teleport through a thin wall
2026-10-04T15:26:35.6193512Z   ---
2026-10-04T15:26:35.6193583Z   duration_ms: 1.595097
2026-10-04T15:26:35.6193656Z   type: 'test'
2026-10-04T15:26:35.6193723Z   ...
2026-10-04T15:26:35.6194019Z # Subtest: an exit destination beyond a thin wall is rejected even if the destination itself is clear
2026-10-04T15:26:35.6194303Z ok 272 - an exit destination beyond a thin wall is rejected even if the destination itself is clear
2026-10-04T15:26:35.6194373Z   ---
2026-10-04T15:26:35.6194450Z   duration_ms: 2.812058
2026-10-04T15:26:35.6194522Z   type: 'test'
2026-10-04T15:26:35.6194591Z   ...
2026-10-04T15:26:35.6194899Z # Subtest: unsafe saved positions use a validated fallback, including when the default spawn is blocked
2026-10-04T15:26:35.6195182Z ok 273 - unsafe saved positions use a validated fallback, including when the default spawn is blocked
2026-10-04T15:26:35.6195256Z   ---
2026-10-04T15:26:35.6195331Z   duration_ms: 3.398541
2026-10-04T15:26:35.6195397Z   type: 'test'
2026-10-04T15:26:35.6195466Z   ...
2026-10-04T15:26:35.6195730Z # Subtest: oncoming NPC traffic stops at contact instead of passing through other traffic
2026-10-04T15:26:35.6195974Z ok 274 - oncoming NPC traffic stops at contact instead of passing through other traffic
2026-10-04T15:26:35.6196037Z   ---
2026-10-04T15:26:35.6196117Z   duration_ms: 109.439878
2026-10-04T15:26:35.6196191Z   type: 'test'
2026-10-04T15:26:35.6196254Z   ...
2026-10-04T15:26:35.6196500Z # Subtest: jumping beneath a canopy clamps upward motion without horizontal ejection
2026-10-04T15:26:35.6196840Z ok 275 - jumping beneath a canopy clamps upward motion without horizontal ejection
2026-10-04T15:26:35.6196902Z   ---
2026-10-04T15:26:35.6196981Z   duration_ms: 9.642429
2026-10-04T15:26:35.6197053Z   type: 'test'
2026-10-04T15:26:35.6197120Z   ...
2026-10-04T15:26:35.6197386Z # Subtest: a jump can land on a low solid, remain supported and jump again without being ejected
2026-10-04T15:26:35.6197644Z ok 276 - a jump can land on a low solid, remain supported and jump again without being ejected
2026-10-04T15:26:35.6197716Z   ---
2026-10-04T15:26:35.6197792Z   duration_ms: 19.894414
2026-10-04T15:26:35.6197865Z   type: 'test'
2026-10-04T15:26:35.6197930Z   ...
2026-10-04T15:26:35.6198225Z # Subtest: an entirely obstructed world fails explicitly instead of placing the player inside a wall
2026-10-04T15:26:35.6198502Z ok 277 - an entirely obstructed world fails explicitly instead of placing the player inside a wall
2026-10-04T15:26:35.6198571Z   ---
2026-10-04T15:26:35.6198650Z   duration_ms: 67.423842
2026-10-04T15:26:35.6198718Z   type: 'test'
2026-10-04T15:26:35.6198788Z   ...
2026-10-04T15:26:35.6199037Z # Subtest: boarding respects the road level when a vehicle is directly below the player
2026-10-04T15:26:35.6199272Z ok 278 - boarding respects the road level when a vehicle is directly below the player
2026-10-04T15:26:35.6199342Z   ---
2026-10-04T15:26:35.6199419Z   duration_ms: 0.525443
2026-10-04T15:26:35.6199490Z   type: 'test'
2026-10-04T15:26:35.6199553Z   ...
2026-10-04T15:26:35.6199836Z # Subtest: exiting an elevated vehicle sweeps the door at deck height and stays on the deck
2026-10-04T15:26:35.6200088Z ok 279 - exiting an elevated vehicle sweeps the door at deck height and stays on the deck
2026-10-04T15:26:35.6200150Z   ---
2026-10-04T15:26:35.6200230Z   duration_ms: 1.615036
2026-10-04T15:26:35.6200303Z   type: 'test'
2026-10-04T15:26:35.6200367Z   ...
2026-10-04T15:26:35.6200602Z # Subtest: a driver cannot exit onto a different road level beyond the bridge edge
2026-10-04T15:26:35.6200930Z ok 280 - a driver cannot exit onto a different road level beyond the bridge edge
2026-10-04T15:26:35.6201010Z   ---
2026-10-04T15:26:35.6201090Z   duration_ms: 0.934926
2026-10-04T15:26:35.6201161Z   type: 'test'
2026-10-04T15:26:35.6201228Z   ...
2026-10-04T15:26:35.6201505Z # Subtest: stair opening removes the terrain itself and retains adjacent sloped surface and UVs
2026-10-04T15:26:35.6201776Z ok 281 - stair opening removes the terrain itself and retains adjacent sloped surface and UVs
2026-10-04T15:26:35.6201846Z   ---
2026-10-04T15:26:35.6201921Z   duration_ms: 5.172391
2026-10-04T15:26:35.6201989Z   type: 'test'
2026-10-04T15:26:35.6202058Z   ...
2026-10-04T15:26:35.6202364Z # Subtest: all three real world metro stair apertures are open to the sky while adjacent pavement remains
2026-10-04T15:26:35.6202649Z ok 282 - all three real world metro stair apertures are open to the sky while adjacent pavement remains
2026-10-04T15:26:35.6202718Z   ---
2026-10-04T15:26:35.6202799Z   duration_ms: 830.921919
2026-10-04T15:26:35.6202872Z   type: 'test'
2026-10-04T15:26:35.6202937Z   ...
2026-10-04T15:26:35.6203226Z # Subtest: traffic uses opposite separated lanes and follows rounded corners without getting stuck
2026-10-04T15:26:35.6203620Z ok 283 - traffic uses opposite separated lanes and follows rounded corners without getting stuck
2026-10-04T15:26:35.6203684Z   ---
2026-10-04T15:26:35.6203764Z   duration_ms: 1578.158486
2026-10-04T15:26:35.6203834Z   type: 'test'
2026-10-04T15:26:35.6203895Z   ...
2026-10-04T15:26:35.6204228Z # Subtest: drivers brake for a queue before collision, let another lane pass and do not enter a blocked junction
2026-10-04T15:26:35.6204541Z ok 284 - drivers brake for a queue before collision, let another lane pass and do not enter a blocked junction
2026-10-04T15:26:35.6204607Z   ---
2026-10-04T15:26:35.6204686Z   duration_ms: 0.456352
2026-10-04T15:26:35.6204756Z   type: 'test'
2026-10-04T15:26:35.6204824Z   ...
2026-10-04T15:26:35.6205233Z # Subtest: each junction has mutually exclusive green phases and an all-red clearance interval
2026-10-04T15:26:35.6205497Z ok 285 - each junction has mutually exclusive green phases and an all-red clearance interval
2026-10-04T15:26:35.6205569Z   ---
2026-10-04T15:26:35.6205648Z   duration_ms: 0.743494
2026-10-04T15:26:35.6205720Z   type: 'test'
2026-10-04T15:26:35.6205783Z   ...
2026-10-04T15:26:35.6206108Z # Subtest: the complete southern fleet keeps moving past parked intersection cars for three simulated minutes
2026-10-04T15:26:35.6206418Z ok 286 - the complete southern fleet keeps moving past parked intersection cars for three simulated minutes
2026-10-04T15:26:35.6206485Z   ---
2026-10-04T15:26:35.6206565Z   duration_ms: 11546.768933
2026-10-04T15:26:35.6206636Z   type: 'test'
2026-10-04T15:26:35.6206698Z   ...
2026-10-04T15:26:35.6206993Z # Subtest: generated-city courier is completable with walking and real driving before its deadline
2026-10-04T15:26:35.6207271Z ok 287 - generated-city courier is completable with walking and real driving before its deadline
2026-10-04T15:26:35.6207345Z   ---
2026-10-04T15:26:35.6207420Z   duration_ms: 1270.422347
2026-10-04T15:26:35.6207497Z   type: 'test'
2026-10-04T15:26:35.6207566Z   ...
2026-10-04T15:26:35.6207869Z # {"seconds":13.783333333333685,"reached":2,"minimumHealth":100,"maximumWanted":0,"maximumPatrols":0}
2026-10-04T15:26:35.6208164Z # Subtest: generated-city timed circuit is completable through every checkpoint with real steering
2026-10-04T15:26:35.6208443Z ok 288 - generated-city timed circuit is completable through every checkpoint with real steering
2026-10-04T15:26:35.6208511Z   ---
2026-10-04T15:26:35.6208585Z   duration_ms: 6545.972431
2026-10-04T15:26:35.6208658Z   type: 'test'
2026-10-04T15:26:35.6208726Z   ...
2026-10-04T15:26:35.6209060Z # {"seconds":46.59999999999854,"reached":4,"minimumHealth":76.17862340525166,"maximumWanted":1,"maximumPatrols":2}
2026-10-04T15:26:35.6209375Z # Subtest: generated-city getaway can trigger pursuit, lose real patrols and return without teleporting
2026-10-04T15:26:35.6209772Z ok 289 - generated-city getaway can trigger pursuit, lose real patrols and return without teleporting
2026-10-04T15:26:35.6209842Z   ---
2026-10-04T15:26:35.6209916Z   duration_ms: 10653.624229
2026-10-04T15:26:35.6209990Z   type: 'test'
2026-10-04T15:26:35.6210057Z   ...
2026-10-04T15:26:35.6210340Z # {"seconds":74.69999999999695,"reached":5,"minimumHealth":100,"maximumWanted":2,"maximumPatrols":3}
2026-10-04T15:26:35.6210628Z # Subtest: asphalt surfaces tile the real road grid at one height without overlapping intersections
2026-10-04T15:26:35.6210904Z ok 290 - asphalt surfaces tile the real road grid at one height without overlapping intersections
2026-10-04T15:26:35.6210970Z   ---
2026-10-04T15:26:35.6211042Z   duration_ms: 3.537357
2026-10-04T15:26:35.6211114Z   type: 'test'
2026-10-04T15:26:35.6211181Z   ...
2026-10-04T15:26:35.6211497Z # Subtest: ground-height query agrees with rendered triangles at ramps, pavement, park paths and promenade
2026-10-04T15:26:35.6211811Z ok 291 - ground-height query agrees with rendered triangles at ramps, pavement, park paths and promenade
2026-10-04T15:26:35.6211881Z   ---
2026-10-04T15:26:35.6211956Z   duration_ms: 21.892759
2026-10-04T15:26:35.6212031Z   type: 'test'
2026-10-04T15:26:35.6212102Z   ...
2026-10-04T15:26:35.6212379Z # Subtest: all registered obstacles have finite height and cover their actual instance geometry
2026-10-04T15:26:35.6212641Z ok 292 - all registered obstacles have finite height and cover their actual instance geometry
2026-10-04T15:26:35.6212710Z   ---
2026-10-04T15:26:35.6212783Z   duration_ms: 15.888059
2026-10-04T15:26:35.6212850Z   type: 'test'
2026-10-04T15:26:35.6212919Z   ...
2026-10-04T15:26:35.6213163Z # Subtest: Node and browser texture paths emit identical physical and camera geometry
2026-10-04T15:26:35.6213592Z ok 293 - Node and browser texture paths emit identical physical and camera geometry
2026-10-04T15:26:35.6213660Z   ---
2026-10-04T15:26:35.6213742Z   duration_ms: 393.509661
2026-10-04T15:26:35.6213919Z   type: 'test'
2026-10-04T15:26:35.6213987Z   ...
2026-10-04T15:26:35.6214355Z # Subtest: shared vehicle and character dimensions enclose actual rendered geometry including mirrors and police lights
2026-10-04T15:26:35.6214705Z ok 294 - shared vehicle and character dimensions enclose actual rendered geometry including mirrors and police lights
2026-10-04T15:26:35.6214774Z   ---
2026-10-04T15:26:35.6214850Z   duration_ms: 519.790335
2026-10-04T15:26:35.6214921Z   type: 'test'
2026-10-04T15:26:35.6214987Z   ...
2026-10-04T15:26:35.6215290Z # Subtest: all decorative sidewalk routes remain clear of grounded obstacles and sample the real pavement
2026-10-04T15:26:35.6215585Z ok 295 - all decorative sidewalk routes remain clear of grounded obstacles and sample the real pavement
2026-10-04T15:26:35.6215656Z   ---
2026-10-04T15:26:35.6215724Z   duration_ms: 251.581423
2026-10-04T15:26:35.6215797Z   type: 'test'
2026-10-04T15:26:35.6215863Z   ...
2026-10-04T15:26:35.6216198Z # Subtest: world finish composes existing hooks, preserves physical values and runs once in real instance metres
2026-10-04T15:26:35.6216510Z ok 296 - world finish composes existing hooks, preserves physical values and runs once in real instance metres
2026-10-04T15:26:35.6216579Z   ---
2026-10-04T15:26:35.6216653Z   duration_ms: 2.892878
2026-10-04T15:26:35.6216718Z   type: 'test'
2026-10-04T15:26:35.6216787Z   ...
2026-10-04T15:26:35.6217154Z # Subtest: southern street and eastern shore retain checkpoint mineral and metal coverage without modifying glazing shaders
2026-10-04T15:26:35.6217510Z ok 297 - southern street and eastern shore retain checkpoint mineral and metal coverage without modifying glazing shaders
2026-10-04T15:26:35.6217574Z   ---
2026-10-04T15:26:35.6217650Z   duration_ms: 476.690892
2026-10-04T15:26:35.6217723Z   type: 'test'
2026-10-04T15:26:35.6217787Z   ...
2026-10-04T15:26:35.6218024Z # Subtest: browser facade texture projection survives the added world grain shader
2026-10-04T15:26:35.6218347Z ok 298 - browser facade texture projection survives the added world grain shader
2026-10-04T15:26:35.6218412Z   ---
2026-10-04T15:26:35.6218487Z   duration_ms: 345.671132
2026-10-04T15:26:35.6218558Z   type: 'test'
2026-10-04T15:26:35.6218625Z   ...
2026-10-04T15:26:35.6218691Z 1..298
2026-10-04T15:26:35.6218763Z # tests 298
2026-10-04T15:26:35.6218834Z # suites 0
2026-10-04T15:26:35.6218901Z # pass 298
2026-10-04T15:26:35.6218971Z # fail 0
2026-10-04T15:26:35.6219044Z # cancelled 0
2026-10-04T15:26:35.6219110Z # skipped 0
2026-10-04T15:26:35.6219178Z # todo 0
2026-10-04T15:26:35.6219270Z # duration_ms 106994.345262
2026-10-04T15:26:35.6246536Z ##[group]Run npm run build
2026-10-04T15:26:35.6246643Z [36;1mnpm run build[0m
2026-10-04T15:26:35.6300750Z shell: /usr/bin/bash -e {0}
2026-10-04T15:26:35.6300827Z ##[endgroup]
2026-10-04T15:26:35.7101179Z 
2026-10-04T15:26:35.7101612Z > neon-harbor@0.8.0 build
2026-10-04T15:26:35.7101774Z > node tools/build.mjs
2026-10-04T15:26:35.7101787Z 
2026-10-04T15:26:36.0771089Z Built 58 city districts (6888 KiB) at /home/runner/work/neon-harbor/neon-harbor/assets/city/chunks/
2026-10-04T15:26:36.2792115Z Built 12 north-shore districts (6603 KiB) at /home/runner/work/neon-harbor/neon-harbor/assets/metropolis/chunks/
2026-10-04T15:26:36.4011142Z Built static game at /home/runner/work/neon-harbor/neon-harbor/dist
2026-10-04T15:26:36.4217924Z ##[group]Run npx playwright install --with-deps chromium
2026-10-04T15:26:36.4218271Z [36;1mnpx playwright install --with-deps chromium[0m
2026-10-04T15:26:36.4273636Z shell: /usr/bin/bash -e {0}
2026-10-04T15:26:36.4273849Z ##[endgroup]
2026-10-04T15:26:37.0131014Z Installing dependencies...
2026-10-04T15:26:37.0179204Z Switching to root user to install dependencies...
2026-10-04T15:26:37.0832388Z Get:1 file:/etc/apt/apt-mirrors.txt Mirrorlist [144 B]
2026-10-04T15:26:37.1344589Z Hit:2 http://azure.archive.ubuntu.com/ubuntu noble InRelease
2026-10-04T15:26:37.1345567Z Get:6 https://packages.microsoft.com/ubuntu/24.04/prod noble InRelease [3600 B]
2026-10-04T15:26:37.1346830Z Get:3 http://azure.archive.ubuntu.com/ubuntu noble-updates InRelease [126 kB]
2026-10-04T15:26:37.1347902Z Get:4 http://azure.archive.ubuntu.com/ubuntu noble-backports InRelease [126 kB]
2026-10-04T15:26:37.1348851Z Get:5 http://azure.archive.ubuntu.com/ubuntu noble-security InRelease [126 kB]
2026-10-04T15:26:37.2235817Z Get:7 https://packages.microsoft.com/ubuntu/24.04/prod noble/main arm64 Packages [458 kB]
2026-10-04T15:26:37.2378894Z Get:8 https://packages.microsoft.com/ubuntu/24.04/prod noble/main amd64 Packages [511 kB]
2026-10-04T15:26:37.2426084Z Get:9 https://packages.microsoft.com/ubuntu/24.04/prod noble/main armhf Packages [12.6 kB]
2026-10-04T15:26:37.2642001Z Get:10 http://azure.archive.ubuntu.com/ubuntu noble-updates/main amd64 Packages [1364 kB]
2026-10-04T15:26:37.2734616Z Get:11 http://azure.archive.ubuntu.com/ubuntu noble-updates/main Translation-en [304 kB]
2026-10-04T15:26:37.2748466Z Get:12 http://azure.archive.ubuntu.com/ubuntu noble-updates/main amd64 Components [181 kB]
2026-10-04T15:26:37.2756643Z Get:13 http://azure.archive.ubuntu.com/ubuntu noble-updates/universe amd64 Packages [1699 kB]
2026-10-04T15:26:37.2840671Z Get:14 http://azure.archive.ubuntu.com/ubuntu noble-updates/universe Translation-en [341 kB]
2026-10-04T15:26:37.2864095Z Get:15 http://azure.archive.ubuntu.com/ubuntu noble-updates/universe amd64 Components [388 kB]
2026-10-04T15:26:37.2890462Z Get:16 http://azure.archive.ubuntu.com/ubuntu noble-updates/restricted amd64 Packages [1720 kB]
2026-10-04T15:26:37.2981984Z Get:17 http://azure.archive.ubuntu.com/ubuntu noble-updates/restricted Translation-en [394 kB]
2026-10-04T15:26:37.2998257Z Get:18 http://azure.archive.ubuntu.com/ubuntu noble-updates/multiverse amd64 Components [940 B]
2026-10-04T15:26:37.3126158Z Get:19 http://azure.archive.ubuntu.com/ubuntu noble-backports/main amd64 Components [5776 B]
2026-10-04T15:26:37.3612643Z Get:20 http://azure.archive.ubuntu.com/ubuntu noble-backports/universe amd64 Components [12.6 kB]
2026-10-04T15:26:37.3623797Z Get:21 http://azure.archive.ubuntu.com/ubuntu noble-security/main amd64 Packages [1069 kB]
2026-10-04T15:26:37.3674412Z Get:22 http://azure.archive.ubuntu.com/ubuntu noble-security/main Translation-en [221 kB]
2026-10-04T15:26:37.3687412Z Get:23 http://azure.archive.ubuntu.com/ubuntu noble-security/main amd64 Components [46.4 kB]
2026-10-04T15:26:37.3700651Z Get:24 http://azure.archive.ubuntu.com/ubuntu noble-security/universe amd64 Packages [1216 kB]
2026-10-04T15:26:37.3755227Z Get:25 http://azure.archive.ubuntu.com/ubuntu noble-security/universe Translation-en [244 kB]
2026-10-04T15:26:37.3772405Z Get:26 http://azure.archive.ubuntu.com/ubuntu noble-security/universe amd64 Components [76.4 kB]
2026-10-04T15:26:37.3786206Z Get:27 http://azure.archive.ubuntu.com/ubuntu noble-security/restricted amd64 Packages [1566 kB]
2026-10-04T15:26:37.3852760Z Get:28 http://azure.archive.ubuntu.com/ubuntu noble-security/restricted Translation-en [361 kB]
2026-10-04T15:26:44.6455713Z Fetched 12.6 MB in 1s (11.2 MB/s)
2026-10-04T15:26:45.2760716Z Reading package lists...
2026-10-04T15:26:45.2963263Z Reading package lists...
2026-10-04T15:26:45.4529516Z Building dependency tree...
2026-10-04T15:26:45.4535243Z Reading state information...
2026-10-04T15:26:45.5755125Z libasound2t64 is already the newest version (1.2.11-1ubuntu0.3).
2026-10-04T15:26:45.5756199Z libasound2t64 set to manually installed.
2026-10-04T15:26:45.5756775Z libatk-bridge2.0-0t64 is already the newest version (2.52.0-1build1).
2026-10-04T15:26:45.5757313Z libatk-bridge2.0-0t64 set to manually installed.
2026-10-04T15:26:45.5757813Z libatk1.0-0t64 is already the newest version (2.52.0-1build1).
2026-10-04T15:26:45.5758297Z libatk1.0-0t64 set to manually installed.
2026-10-04T15:26:45.5758802Z libatspi2.0-0t64 is already the newest version (2.52.0-1build1).
2026-10-04T15:26:45.5759275Z libatspi2.0-0t64 set to manually installed.
2026-10-04T15:26:45.5759778Z libcairo2 is already the newest version (1.18.0-3build1).
2026-10-04T15:26:45.5760477Z libcairo2 set to manually installed.
2026-10-04T15:26:45.5760970Z libcups2t64 is already the newest version (2.4.7-1.2ubuntu7.14).
2026-10-04T15:26:45.5761461Z libcups2t64 set to manually installed.
2026-10-04T15:26:45.5761966Z libdbus-1-3 is already the newest version (1.14.10-4ubuntu4.1).
2026-10-04T15:26:45.5762413Z libdbus-1-3 set to manually installed.
2026-10-04T15:26:45.5762921Z libdrm2 is already the newest version (2.4.125-1ubuntu0.1~24.04.2).
2026-10-04T15:26:45.5763594Z libdrm2 set to manually installed.
2026-10-04T15:26:45.5764092Z libglib2.0-0t64 is already the newest version (2.80.0-6ubuntu3.9).
2026-10-04T15:26:45.5764610Z libglib2.0-0t64 set to manually installed.
2026-10-04T15:26:45.5765106Z libnspr4 is already the newest version (2:4.35-1.1build1).
2026-10-04T15:26:45.5765570Z libnspr4 set to manually installed.
2026-10-04T15:26:45.5766068Z libnss3 is already the newest version (2:3.98-1ubuntu0.2).
2026-10-04T15:26:45.5766529Z libnss3 set to manually installed.
2026-10-04T15:26:45.5767072Z libpango-1.0-0 is already the newest version (1.52.1+ds-1build1).
2026-10-04T15:26:45.5767625Z libpango-1.0-0 set to manually installed.
2026-10-04T15:26:45.5768150Z libx11-6 is already the newest version (2:1.8.7-1build1).
2026-10-04T15:26:45.5768612Z libx11-6 set to manually installed.
2026-10-04T15:26:45.5769093Z libxcb1 is already the newest version (1.15-1ubuntu2).
2026-10-04T15:26:45.5769557Z libxcb1 set to manually installed.
2026-10-04T15:26:45.5770083Z libxcomposite1 is already the newest version (1:0.4.5-1build3).
2026-10-04T15:26:45.5770609Z libxcomposite1 set to manually installed.
2026-10-04T15:26:45.5771148Z libxdamage1 is already the newest version (1:1.1.6-1build1).
2026-10-04T15:26:45.5771663Z libxdamage1 set to manually installed.
2026-10-04T15:26:45.5772165Z libxext6 is already the newest version (2:1.3.4-1build2).
2026-10-04T15:26:45.5772647Z libxext6 set to manually installed.
2026-10-04T15:26:45.5773160Z libxfixes3 is already the newest version (1:6.0.0-2build1).
2026-10-04T15:26:45.5773834Z libxfixes3 set to manually installed.
2026-10-04T15:26:45.5774364Z libxkbcommon0 is already the newest version (1.6.0-1build1).
2026-10-04T15:26:45.5774888Z libxkbcommon0 set to manually installed.
2026-10-04T15:26:45.5775409Z libxrandr2 is already the newest version (2:1.5.2-2build1).
2026-10-04T15:26:45.5775905Z libxrandr2 set to manually installed.
2026-10-04T15:26:45.5776423Z xvfb is already the newest version (2:21.1.12-1ubuntu1.8).
2026-10-04T15:26:45.5777126Z fonts-noto-color-emoji is already the newest version (2.047-0ubuntu0.24.04.1).
2026-10-04T15:26:45.5777851Z libfontconfig1 is already the newest version (2.15.0-1.1ubuntu2).
2026-10-04T15:26:45.5778391Z libfontconfig1 set to manually installed.
2026-10-04T15:26:45.5778978Z libfreetype6 is already the newest version (2.13.2+dfsg-1ubuntu0.1).
2026-10-04T15:26:45.5779523Z libfreetype6 set to manually installed.
2026-10-04T15:26:45.5780051Z fonts-liberation is already the newest version (1:2.1.5-3).
2026-10-04T15:26:45.5780581Z fonts-liberation set to manually installed.
2026-10-04T15:26:45.5781105Z The following additional packages will be installed:
2026-10-04T15:26:45.5781740Z   libgl1-mesa-dri libglx-mesa0 mesa-libgallium xfonts-encodings xfonts-utils
2026-10-04T15:26:45.5782258Z Recommended packages:
2026-10-04T15:26:45.5782627Z   fonts-ipafont-mincho fonts-tlwg-loma
2026-10-04T15:26:45.5971520Z The following NEW packages will be installed:
2026-10-04T15:26:45.5972031Z   fonts-freefont-ttf fonts-ipafont-gothic fonts-tlwg-loma-otf fonts-unifont
2026-10-04T15:26:45.5975557Z   fonts-wqy-zenhei xfonts-cyrillic xfonts-encodings xfonts-scalable
2026-10-04T15:26:45.5976011Z   xfonts-utils
2026-10-04T15:26:45.5978694Z The following packages will be upgraded:
2026-10-04T15:26:45.5981938Z   libgbm1 libgl1-mesa-dri libglx-mesa0 mesa-libgallium
2026-10-04T15:26:45.6117094Z 4 upgraded, 9 newly installed, 0 to remove and 21 not upgraded.
2026-10-04T15:26:45.6117614Z Need to get 32.1 MB of archives.
2026-10-04T15:26:45.6118028Z After this operation, 79.5 MB of additional disk space will be used.
2026-10-04T15:26:45.6118633Z Get:1 file:/etc/apt/apt-mirrors.txt Mirrorlist [144 B]
2026-10-04T15:26:45.6697737Z Get:2 http://azure.archive.ubuntu.com/ubuntu noble/universe amd64 fonts-ipafont-gothic all 00303-21ubuntu1 [3513 kB]
2026-10-04T15:26:45.8752743Z Get:3 http://azure.archive.ubuntu.com/ubuntu noble/main amd64 fonts-freefont-ttf all 20211204+svn4273-2 [5641 kB]
2026-10-04T15:26:45.9551593Z Get:4 http://azure.archive.ubuntu.com/ubuntu noble/universe amd64 fonts-tlwg-loma-otf all 1:0.7.3-1 [107 kB]
2026-10-04T15:26:45.9773196Z Get:5 http://azure.archive.ubuntu.com/ubuntu noble/universe amd64 fonts-unifont all 1:15.1.01-1build1 [2993 kB]
2026-10-04T15:26:46.0621911Z Get:6 http://azure.archive.ubuntu.com/ubuntu noble/universe amd64 fonts-wqy-zenhei all 0.9.45-8 [7472 kB]
2026-10-04T15:26:46.1836701Z Get:7 http://azure.archive.ubuntu.com/ubuntu noble-updates/main amd64 libgl1-mesa-dri amd64 25.2.8-0ubuntu0.24.04.4 [38.0 kB]
2026-10-04T15:26:46.2195379Z Get:8 http://azure.archive.ubuntu.com/ubuntu noble-updates/main amd64 libglx-mesa0 amd64 25.2.8-0ubuntu0.24.04.4 [110 kB]
2026-10-04T15:26:46.2445349Z Get:9 http://azure.archive.ubuntu.com/ubuntu noble-updates/main amd64 libgbm1 amd64 25.2.8-0ubuntu0.24.04.4 [34.2 kB]
2026-10-04T15:26:46.2665870Z Get:10 http://azure.archive.ubuntu.com/ubuntu noble-updates/main amd64 mesa-libgallium amd64 25.2.8-0ubuntu0.24.04.4 [10.8 MB]
2026-10-04T15:26:46.3876470Z Get:11 http://azure.archive.ubuntu.com/ubuntu noble/main amd64 xfonts-encodings all 1:1.0.5-0ubuntu2 [578 kB]
2026-10-04T15:26:46.4150150Z Get:12 http://azure.archive.ubuntu.com/ubuntu noble/main amd64 xfonts-utils amd64 1:7.7+6build3 [94.4 kB]
2026-10-04T15:26:46.4374482Z Get:13 http://azure.archive.ubuntu.com/ubuntu noble/universe amd64 xfonts-cyrillic all 1:1.0.5+nmu1 [384 kB]
2026-10-04T15:26:46.4625149Z Get:14 http://azure.archive.ubuntu.com/ubuntu noble/main amd64 xfonts-scalable all 1:1.0.3-1.3 [304 kB]
2026-10-04T15:26:46.6702843Z Fetched 32.1 MB in 1s (37.2 MB/s)
2026-10-04T15:26:46.6893081Z Selecting previously unselected package fonts-ipafont-gothic.
2026-10-04T15:26:46.7077711Z (Reading database ... 
2026-10-04T15:26:46.7077996Z (Reading database ... 5%
2026-10-04T15:26:46.7078229Z (Reading database ... 10%
2026-10-04T15:26:46.7078451Z (Reading database ... 15%
2026-10-04T15:26:46.7078667Z (Reading database ... 20%
2026-10-04T15:26:46.7078868Z (Reading database ... 25%
2026-10-04T15:26:46.7079075Z (Reading database ... 30%
2026-10-04T15:26:46.7079269Z (Reading database ... 35%
2026-10-04T15:26:46.7079457Z (Reading database ... 40%
2026-10-04T15:26:46.7079656Z (Reading database ... 45%
2026-10-04T15:26:46.7079848Z (Reading database ... 50%
2026-10-04T15:26:46.7107751Z (Reading database ... 55%
2026-10-04T15:26:46.8383290Z (Reading database ... 60%
2026-10-04T15:26:47.0442471Z (Reading database ... 65%
2026-10-04T15:26:47.2340208Z (Reading database ... 70%
2026-10-04T15:26:47.4405999Z (Reading database ... 75%
2026-10-04T15:26:47.5828277Z (Reading database ... 80%
2026-10-04T15:26:47.7884961Z (Reading database ... 85%
2026-10-04T15:26:47.9394454Z (Reading database ... 90%
2026-10-04T15:26:48.1438127Z (Reading database ... 95%
2026-10-04T15:26:48.1438449Z (Reading database ... 100%
2026-10-04T15:26:48.1438832Z (Reading database ... 202296 files and directories currently installed.)
2026-10-04T15:26:48.1477275Z Preparing to unpack .../00-fonts-ipafont-gothic_00303-21ubuntu1_all.deb ...
2026-10-04T15:26:48.1613869Z Unpacking fonts-ipafont-gothic (00303-21ubuntu1) ...
2026-10-04T15:26:48.3816618Z Selecting previously unselected package fonts-freefont-ttf.
2026-10-04T15:26:48.3924711Z Preparing to unpack .../01-fonts-freefont-ttf_20211204+svn4273-2_all.deb ...
2026-10-04T15:26:48.3931216Z Unpacking fonts-freefont-ttf (20211204+svn4273-2) ...
2026-10-04T15:26:48.4800124Z Selecting previously unselected package fonts-tlwg-loma-otf.
2026-10-04T15:26:48.4909385Z Preparing to unpack .../02-fonts-tlwg-loma-otf_1%3a0.7.3-1_all.deb ...
2026-10-04T15:26:48.4915504Z Unpacking fonts-tlwg-loma-otf (1:0.7.3-1) ...
2026-10-04T15:26:48.5108911Z Selecting previously unselected package fonts-unifont.
2026-10-04T15:26:48.5211833Z Preparing to unpack .../03-fonts-unifont_1%3a15.1.01-1build1_all.deb ...
2026-10-04T15:26:48.5218453Z Unpacking fonts-unifont (1:15.1.01-1build1) ...
2026-10-04T15:26:48.7592917Z Selecting previously unselected package fonts-wqy-zenhei.
2026-10-04T15:26:48.7701370Z Preparing to unpack .../04-fonts-wqy-zenhei_0.9.45-8_all.deb ...
2026-10-04T15:26:48.7784208Z Unpacking fonts-wqy-zenhei (0.9.45-8) ...
2026-10-04T15:26:49.2319183Z Preparing to unpack .../05-libgl1-mesa-dri_25.2.8-0ubuntu0.24.04.4_amd64.deb ...
2026-10-04T15:26:49.2441028Z Unpacking libgl1-mesa-dri:amd64 (25.2.8-0ubuntu0.24.04.4) over (25.2.8-0ubuntu0.24.04.2) ...
2026-10-04T15:26:49.2852851Z Preparing to unpack .../06-libglx-mesa0_25.2.8-0ubuntu0.24.04.4_amd64.deb ...
2026-10-04T15:26:49.2880253Z Unpacking libglx-mesa0:amd64 (25.2.8-0ubuntu0.24.04.4) over (25.2.8-0ubuntu0.24.04.2) ...
2026-10-04T15:26:49.3186629Z Preparing to unpack .../07-libgbm1_25.2.8-0ubuntu0.24.04.4_amd64.deb ...
2026-10-04T15:26:49.3206246Z Unpacking libgbm1:amd64 (25.2.8-0ubuntu0.24.04.4) over (25.2.8-0ubuntu0.24.04.2) ...
2026-10-04T15:26:49.3505789Z Preparing to unpack .../08-mesa-libgallium_25.2.8-0ubuntu0.24.04.4_amd64.deb ...
2026-10-04T15:26:49.3526850Z Unpacking mesa-libgallium:amd64 (25.2.8-0ubuntu0.24.04.4) over (25.2.8-0ubuntu0.24.04.2) ...
2026-10-04T15:26:49.6719484Z Selecting previously unselected package xfonts-encodings.
2026-10-04T15:26:49.6828230Z Preparing to unpack .../09-xfonts-encodings_1%3a1.0.5-0ubuntu2_all.deb ...
2026-10-04T15:26:49.6834216Z Unpacking xfonts-encodings (1:1.0.5-0ubuntu2) ...
2026-10-04T15:26:49.7063925Z Selecting previously unselected package xfonts-utils.
2026-10-04T15:26:49.7166875Z Preparing to unpack .../10-xfonts-utils_1%3a7.7+6build3_amd64.deb ...
2026-10-04T15:26:49.7173074Z Unpacking xfonts-utils (1:7.7+6build3) ...
2026-10-04T15:26:49.7440659Z Selecting previously unselected package xfonts-cyrillic.
2026-10-04T15:26:49.7542042Z Preparing to unpack .../11-xfonts-cyrillic_1%3a1.0.5+nmu1_all.deb ...
2026-10-04T15:26:49.7548949Z Unpacking xfonts-cyrillic (1:1.0.5+nmu1) ...
2026-10-04T15:26:49.7816690Z Selecting previously unselected package xfonts-scalable.
2026-10-04T15:26:49.7919658Z Preparing to unpack .../12-xfonts-scalable_1%3a1.0.3-1.3_all.deb ...
2026-10-04T15:26:49.7925999Z Unpacking xfonts-scalable (1:1.0.3-1.3) ...
2026-10-04T15:26:49.8381943Z Setting up mesa-libgallium:amd64 (25.2.8-0ubuntu0.24.04.4) ...
2026-10-04T15:26:49.8400989Z Setting up libgbm1:amd64 (25.2.8-0ubuntu0.24.04.4) ...
2026-10-04T15:26:49.8415769Z Setting up libgl1-mesa-dri:amd64 (25.2.8-0ubuntu0.24.04.4) ...
2026-10-04T15:26:49.8477362Z Setting up fonts-wqy-zenhei (0.9.45-8) ...
2026-10-04T15:26:49.8573770Z Setting up fonts-freefont-ttf (20211204+svn4273-2) ...
2026-10-04T15:26:49.8587856Z Setting up fonts-tlwg-loma-otf (1:0.7.3-1) ...
2026-10-04T15:26:49.8600944Z Setting up xfonts-encodings (1:1.0.5-0ubuntu2) ...
2026-10-04T15:26:49.8613661Z Setting up fonts-ipafont-gothic (00303-21ubuntu1) ...
2026-10-04T15:26:49.8667333Z update-alternatives: using /usr/share/fonts/opentype/ipafont-gothic/ipag.ttf to provide /usr/share/fonts/truetype/fonts-japanese-gothic.ttf (fonts-japanese-gothic.ttf) in auto mode
2026-10-04T15:26:49.8681886Z Setting up fonts-unifont (1:15.1.01-1build1) ...
2026-10-04T15:26:49.8695404Z Setting up libglx-mesa0:amd64 (25.2.8-0ubuntu0.24.04.4) ...
2026-10-04T15:26:49.8708323Z Setting up xfonts-utils (1:7.7+6build3) ...
2026-10-04T15:26:49.8739544Z Setting up xfonts-cyrillic (1:1.0.5+nmu1) ...
2026-10-04T15:26:49.8978966Z Setting up xfonts-scalable (1:1.0.3-1.3) ...
2026-10-04T15:26:49.9207632Z Processing triggers for libc-bin (2.39-0ubuntu8.9) ...
2026-10-04T15:26:50.0618764Z Processing triggers for man-db (2.12.0-4build2) ...
2026-10-04T15:26:50.0634839Z Not building database; man-db/auto-update is not 'true'.
2026-10-04T15:26:50.0642893Z Processing triggers for fontconfig (2.15.0-1.1ubuntu2) ...
2026-10-04T15:26:50.6268930Z 
2026-10-04T15:26:50.6269511Z Running kernel seems to be up-to-date.
2026-10-04T15:26:50.6269823Z 
2026-10-04T15:26:50.6270005Z No services need to be restarted.
2026-10-04T15:26:50.6270230Z 
2026-10-04T15:26:50.6270418Z No containers need to be restarted.
2026-10-04T15:26:50.6270637Z 
2026-10-04T15:26:50.6270897Z No user sessions are running outdated binaries.
2026-10-04T15:26:50.6271161Z 
2026-10-04T15:26:50.6271507Z No VM guests are running outdated hypervisor (qemu) binaries on this host.
2026-10-04T15:26:51.3550563Z Downloading Chrome for Testing 151.0.7922.34 (playwright chromium v1234) from https://cdn.playwright.dev/builds/cft/151.0.7922.34/linux64/chrome-linux64.zip
2026-10-04T15:26:52.3234419Z |                                                                                |   0% of 184.3 MiB
2026-10-04T15:26:52.4693610Z |■■■■■■■■                                                                        |  10% of 184.3 MiB
2026-10-04T15:26:52.6185275Z |■■■■■■■■■■■■■■■■                                                                |  20% of 184.3 MiB
2026-10-04T15:26:52.7164227Z |■■■■■■■■■■■■■■■■■■■■■■■■                                                        |  30% of 184.3 MiB
2026-10-04T15:26:52.8388254Z |■■■■■■■■■■■■■■■■■■■■■■■■■■■■■■■■                                                |  40% of 184.3 MiB
2026-10-04T15:26:52.9448149Z |■■■■■■■■■■■■■■■■■■■■■■■■■■■■■■■■■■■■■■■■                                        |  50% of 184.3 MiB
2026-10-04T15:26:53.0869128Z |■■■■■■■■■■■■■■■■■■■■■■■■■■■■■■■■■■■■■■■■■■■■■■■■                                |  60% of 184.3 MiB
2026-10-04T15:26:53.1965274Z |■■■■■■■■■■■■■■■■■■■■■■■■■■■■■■■■■■■■■■■■■■■■■■■■■■■■■■■■                        |  70% of 184.3 MiB
2026-10-04T15:26:53.3317614Z |■■■■■■■■■■■■■■■■■■■■■■■■■■■■■■■■■■■■■■■■■■■■■■■■■■■■■■■■■■■■■■■■                |  80% of 184.3 MiB
2026-10-04T15:26:53.4813577Z |■■■■■■■■■■■■■■■■■■■■■■■■■■■■■■■■■■■■■■■■■■■■■■■■■■■■■■■■■■■■■■■■■■■■■■■■        |  90% of 184.3 MiB
2026-10-04T15:26:53.6008354Z |■■■■■■■■■■■■■■■■■■■■■■■■■■■■■■■■■■■■■■■■■■■■■■■■■■■■■■■■■■■■■■■■■■■■■■■■■■■■■■■■| 100% of 184.3 MiB
2026-10-04T15:26:55.5919673Z Chrome for Testing 151.0.7922.34 (playwright chromium v1234) downloaded to /home/runner/.cache/ms-playwright/chromium-1234
2026-10-04T15:26:55.5922452Z Downloading FFmpeg (playwright ffmpeg v1011) from https://cdn.playwright.dev/dbazure/download/playwright/builds/ffmpeg/1011/ffmpeg-linux.zip
2026-10-04T15:26:56.4719410Z |                                                                                |   0% of 2.3 MiB
2026-10-04T15:26:56.4765838Z |■■■■■■■■                                                                        |  10% of 2.3 MiB
2026-10-04T15:26:56.4796680Z |■■■■■■■■■■■■■■■■                                                                |  20% of 2.3 MiB
2026-10-04T15:26:56.4814227Z |■■■■■■■■■■■■■■■■■■■■■■■■                                                        |  30% of 2.3 MiB
2026-10-04T15:26:56.4827979Z |■■■■■■■■■■■■■■■■■■■■■■■■■■■■■■■■                                                |  40% of 2.3 MiB
2026-10-04T15:26:56.4839042Z |■■■■■■■■■■■■■■■■■■■■■■■■■■■■■■■■■■■■■■■■                                        |  50% of 2.3 MiB
2026-10-04T15:26:56.4851932Z |■■■■■■■■■■■■■■■■■■■■■■■■■■■■■■■■■■■■■■■■■■■■■■■■                                |  60% of 2.3 MiB
2026-10-04T15:26:56.4858746Z |■■■■■■■■■■■■■■■■■■■■■■■■■■■■■■■■■■■■■■■■■■■■■■■■■■■■■■■■                        |  70% of 2.3 MiB
2026-10-04T15:26:56.4869523Z |■■■■■■■■■■■■■■■■■■■■■■■■■■■■■■■■■■■■■■■■■■■■■■■■■■■■■■■■■■■■■■■■                |  80% of 2.3 MiB
2026-10-04T15:26:56.4877421Z |■■■■■■■■■■■■■■■■■■■■■■■■■■■■■■■■■■■■■■■■■■■■■■■■■■■■■■■■■■■■■■■■■■■■■■■■        |  90% of 2.3 MiB
2026-10-04T15:26:56.4886779Z |■■■■■■■■■■■■■■■■■■■■■■■■■■■■■■■■■■■■■■■■■■■■■■■■■■■■■■■■■■■■■■■■■■■■■■■■■■■■■■■■| 100% of 2.3 MiB
2026-10-04T15:26:56.5313112Z FFmpeg (playwright ffmpeg v1011) downloaded to /home/runner/.cache/ms-playwright/ffmpeg-1011
2026-10-04T15:26:56.5316351Z Downloading Chrome Headless Shell 151.0.7922.34 (playwright chromium-headless-shell v1234) from https://cdn.playwright.dev/builds/cft/151.0.7922.34/linux64/chrome-headless-shell-linux64.zip
2026-10-04T15:26:57.4712970Z |                                                                                |   0% of 114.7 MiB
2026-10-04T15:26:57.5727820Z |■■■■■■■■                                                                        |  10% of 114.7 MiB
2026-10-04T15:26:57.6450249Z |■■■■■■■■■■■■■■■■                                                                |  20% of 114.7 MiB
2026-10-04T15:26:57.7063551Z |■■■■■■■■■■■■■■■■■■■■■■■■                                                        |  30% of 114.7 MiB
2026-10-04T15:26:57.7906300Z |■■■■■■■■■■■■■■■■■■■■■■■■■■■■■■■■                                                |  40% of 114.7 MiB
2026-10-04T15:26:57.8428556Z |■■■■■■■■■■■■■■■■■■■■■■■■■■■■■■■■■■■■■■■■                                        |  50% of 114.7 MiB
2026-10-04T15:26:57.9131634Z |■■■■■■■■■■■■■■■■■■■■■■■■■■■■■■■■■■■■■■■■■■■■■■■■                                |  60% of 114.7 MiB
2026-10-04T15:26:57.9854785Z |■■■■■■■■■■■■■■■■■■■■■■■■■■■■■■■■■■■■■■■■■■■■■■■■■■■■■■■■                        |  70% of 114.7 MiB
2026-10-04T15:26:58.0994372Z |■■■■■■■■■■■■■■■■■■■■■■■■■■■■■■■■■■■■■■■■■■■■■■■■■■■■■■■■■■■■■■■■                |  80% of 114.7 MiB
2026-10-04T15:26:58.1855356Z |■■■■■■■■■■■■■■■■■■■■■■■■■■■■■■■■■■■■■■■■■■■■■■■■■■■■■■■■■■■■■■■■■■■■■■■■        |  90% of 114.7 MiB
2026-10-04T15:26:58.2561353Z |■■■■■■■■■■■■■■■■■■■■■■■■■■■■■■■■■■■■■■■■■■■■■■■■■■■■■■■■■■■■■■■■■■■■■■■■■■■■■■■■| 100% of 114.7 MiB
2026-10-04T15:26:59.6816746Z Chrome Headless Shell 151.0.7922.34 (playwright chromium-headless-shell v1234) downloaded to /home/runner/.cache/ms-playwright/chromium_headless_shell-1234
2026-10-04T15:26:59.7062113Z ##[group]Run npx playwright test tests/e2e/stability.spec.js --fully-parallel --shard=1/1
2026-10-04T15:26:59.7062671Z [36;1mnpx playwright test tests/e2e/stability.spec.js --fully-parallel --shard=1/1[0m
2026-10-04T15:26:59.7117142Z shell: /usr/bin/bash -e {0}
2026-10-04T15:26:59.7117507Z ##[endgroup]
2026-10-04T15:27:01.9563606Z 
2026-10-04T15:27:01.9564137Z Running 4 tests using 1 worker, shard 1 of 1
2026-10-04T15:27:01.9564489Z 
2026-10-04T15:28:22.6860276Z   ✓  1 tests/e2e/stability.spec.js:144:1 › driving and steering share one render pose; pause/resume and exit remain stable (1.3m)
2026-10-04T15:29:12.6131621Z   ✓  2 tests/e2e/stability.spec.js:182:1 › a fast steering approach stops the full car body outside the generated buildings (49.9s)
2026-10-04T15:30:34.0984179Z   ✓  3 tests/e2e/stability.spec.js:226:1 › orbiting beside a real façade retracts the camera and walking cannot enter it (1.4m)
2026-10-04T15:32:26.8962596Z   ✓  4 tests/e2e/stability.spec.js:263:1 › driving streams real city resources and evicts distant detail within the cache limit (1.9m)
2026-10-04T15:32:41.0828816Z 
2026-10-04T15:32:41.0832520Z   Slow test file: tests/e2e/stability.spec.js (5.4m)
2026-10-04T15:32:41.0834213Z   Consider running tests from slow files in parallel. See: https://playwright.dev/docs/test-parallel
2026-10-04T15:32:41.0835096Z   4 passed (5.7m)
2026-10-04T15:32:41.1434199Z ##[group]Run actions/upload-artifact@v4
2026-10-04T15:32:41.1434449Z with:
2026-10-04T15:32:41.1434627Z   name: browser-test-results-stability
2026-10-04T15:32:41.1434869Z   path: playwright-report/
test-results/

2026-10-04T15:32:41.1435097Z   if-no-files-found: ignore
2026-10-04T15:32:41.1435300Z   compression-level: 6
2026-10-04T15:32:41.1435476Z   overwrite: false
2026-10-04T15:32:41.1435664Z   include-hidden-files: false
2026-10-04T15:32:41.1435899Z ##[endgroup]
2026-10-04T15:32:41.2735363Z (node:3532) [DEP0040] DeprecationWarning: The `punycode` module is deprecated. Please use a userland alternative instead.
2026-10-04T15:32:41.2735999Z (Use `node --trace-deprecation ...` to show where the warning was created)
2026-10-04T15:32:41.2827670Z Multiple search paths detected. Calculating the least common ancestor of all paths
2026-10-04T15:32:41.2835060Z The least common ancestor is /home/runner/work/neon-harbor/neon-harbor. This will be the root directory of the artifact
2026-10-04T15:32:41.2836054Z With the provided path, there will be 23 files uploaded
2026-10-04T15:32:41.2836734Z Artifact name is valid!
2026-10-04T15:32:41.2837111Z Root directory input is valid!
2026-10-04T15:32:41.5293831Z Beginning upload of artifact content to blob storage
2026-10-04T15:32:41.7817625Z (node:3532) [DEP0169] DeprecationWarning: `url.parse()` behavior is not standardized and prone to errors that have security implications. Use the WHATWG URL API instead. CVEs are not issued for `url.parse()` vulnerabilities.
2026-10-04T15:32:42.1393482Z Uploaded bytes 8388608
2026-10-04T15:32:42.3608270Z Uploaded bytes 16777216
2026-10-04T15:32:42.4275636Z Uploaded bytes 19240218
2026-10-04T15:32:42.4578509Z Finished uploading artifact content to blob storage!
2026-10-04T15:32:42.4579536Z SHA256 digest of uploaded artifact zip is a6a5a4abbde0bdda31c7376992baa692edb08b7e7a0e3a5ccfbc70fd3e7742db
2026-10-04T15:32:42.4580599Z Finalizing artifact upload
2026-10-04T15:32:42.7262569Z Artifact browser-test-results-stability.zip successfully finalized. Artifact ID 11307083432
2026-10-04T15:32:42.7263559Z Artifact browser-test-results-stability has been successfully uploaded! Final size is 19240218 bytes. Artifact ID is 11307083432
2026-10-04T15:32:42.7268764Z Artifact download URL: https://github.com/qifalab/neon-harbor/actions/runs/37212886714/artifacts/11307083432
2026-10-04T15:32:42.7436423Z Post job cleanup.
2026-10-04T15:32:42.8375436Z (node:3544) [DEP0040] DeprecationWarning: The `punycode` module is deprecated. Please use a userland alternative instead.
2026-10-04T15:32:42.8376076Z (Use `node --trace-deprecation ...` to show where the warning was created)
2026-10-04T15:32:42.8377915Z Cache hit occurred on the primary key node-cache-Linux-x64-npm-6438cc70f01e36935f5c8c9cb620f6c972b229821dda55e94f5b735e54c263b7, not saving cache.
2026-10-04T15:32:42.8491954Z Post job cleanup.
2026-10-04T15:32:42.9199972Z [command]/usr/bin/git version
2026-10-04T15:32:42.9232695Z git version 2.55.0
2026-10-04T15:32:42.9260643Z Temporarily overriding HOME='/home/runner/work/_temp/06cea76c-ed1d-4271-be47-87078ebbf799' before making global git config changes
2026-10-04T15:32:42.9261803Z Adding repository directory to the temporary git global config as a safe directory
2026-10-04T15:32:42.9264675Z [command]/usr/bin/git config --global --add safe.directory /home/runner/work/neon-harbor/neon-harbor
2026-10-04T15:32:42.9293929Z [command]/usr/bin/git config --local --name-only --get-regexp core\.sshCommand
2026-10-04T15:32:42.9322703Z [command]/usr/bin/git submodule foreach --recursive sh -c "git config --local --name-only --get-regexp 'core\.sshCommand' && git config --local --unset-all 'core.sshCommand' || :"
2026-10-04T15:32:42.9530576Z [command]/usr/bin/git config --local --name-only --get-regexp http\.https\:\/\/github\.com\/\.extraheader
2026-10-04T15:32:42.9555626Z http.https://github.com/.extraheader
2026-10-04T15:32:42.9563732Z [command]/usr/bin/git config --local --unset-all http.https://github.com/.extraheader
2026-10-04T15:32:42.9592951Z [command]/usr/bin/git submodule foreach --recursive sh -c "git config --local --name-only --get-regexp 'http\.https\:\/\/github\.com\/\.extraheader' && git config --local --unset-all 'http.https://github.com/.extraheader' || :"
2026-10-04T15:32:42.9792378Z [command]/usr/bin/git config --local --name-only --get-regexp ^includeIf\.gitdir:
2026-10-04T15:32:42.9821652Z [command]/usr/bin/git submodule foreach --recursive git config --local --show-origin --name-only --get-regexp remote.origin.url
2026-10-04T15:32:43.0151676Z Cleaning up orphan processes
2026-10-04T15:32:43.0388009Z ##[warning]Node.js 20 is deprecated. The following actions target Node.js 20 but are being forced to run on Node.js 24: actions/checkout@v4, actions/setup-node@v4, actions/upload-artifact@v4. For more information see: https://github.blog/changelog/2025-09-19-deprecation-of-node-20-on-github-actions-runners/
