2026-10-04T14:51:35.8738406Z Current runner version: '2.337.0'
2026-10-04T14:51:35.8774854Z ##[group]Runner Image Provisioner
2026-10-04T14:51:35.8776286Z Hosted Compute Agent
2026-10-04T14:51:35.8777281Z Version: 20260901.588
2026-10-04T14:51:35.8778399Z Commit: f88ec8081b781fac6c440065ac7ff9e710ce3d0b
2026-10-04T14:51:35.8779644Z Build Date: 2026-09-01T19:56:44Z
2026-10-04T14:51:35.8781133Z Worker ID: {33eca630-fb42-4be8-9797-0f6bb2249ebf}
2026-10-04T14:51:35.8782470Z Azure Region: eastus
2026-10-04T14:51:35.8783472Z ##[endgroup]
2026-10-04T14:51:35.8785887Z ##[group]Operating System
2026-10-04T14:51:35.8786934Z Ubuntu
2026-10-04T14:51:35.8787799Z 24.04.5
2026-10-04T14:51:35.8788800Z LTS
2026-10-04T14:51:35.8789599Z ##[endgroup]
2026-10-04T14:51:35.8791344Z ##[group]Runner Image
2026-10-04T14:51:35.8792454Z Image: ubuntu-24.04
2026-10-04T14:51:35.8793424Z Version: 20260927.320.1
2026-10-04T14:51:35.8795702Z Included Software: https://github.com/actions/runner-images/blob/ubuntu24/20260927.320/images/ubuntu/Ubuntu2404-Readme.md
2026-10-04T14:51:35.8798564Z Image Release: https://github.com/actions/runner-images/releases/tag/ubuntu24%2F20260927.320
2026-10-04T14:51:35.8800234Z ##[endgroup]
2026-10-04T14:51:35.8802499Z ##[group]GITHUB_TOKEN Permissions
2026-10-04T14:51:35.8805419Z Contents: read
2026-10-04T14:51:35.8806397Z Metadata: read
2026-10-04T14:51:35.8807413Z ##[endgroup]
2026-10-04T14:51:35.8810367Z Secret source: Actions
2026-10-04T14:51:35.8812292Z Cache mode: write
2026-10-04T14:51:35.8813633Z Prepare workflow directory
2026-10-04T14:51:35.9232153Z Prepare all required actions
2026-10-04T14:51:35.9280193Z Getting action download info
2026-10-04T14:51:36.1444459Z Download action repository 'actions/checkout@v4' (SHA:11d5960a326750d5838078e36cf38b85af677262)
2026-10-04T14:51:36.2641396Z Download action repository 'actions/setup-node@v4' (SHA:49933ea5288caeca8642d1e84afbd3f7d6820020)
2026-10-04T14:51:36.3579268Z Download action repository 'actions/upload-artifact@v4' (SHA:ea165f8d65b6e75b540449e92b4886f43607fa02)
2026-10-04T14:51:36.5884476Z Complete job name: Build and gameplay tests (living-city)
2026-10-04T14:51:36.6585094Z ##[group]Run actions/checkout@v4
2026-10-04T14:51:36.6585973Z with:
2026-10-04T14:51:36.6586417Z   repository: qifalab/neon-harbor
2026-10-04T14:51:36.6590182Z   token: ***
2026-10-04T14:51:36.6590817Z   ssh-strict: true
2026-10-04T14:51:36.6591248Z   ssh-user: git
2026-10-04T14:51:36.6591686Z   persist-credentials: true
2026-10-04T14:51:36.6592173Z   clean: true
2026-10-04T14:51:36.6592615Z   sparse-checkout-cone-mode: true
2026-10-04T14:51:36.6593133Z   fetch-depth: 1
2026-10-04T14:51:36.6593552Z   fetch-tags: false
2026-10-04T14:51:36.6593998Z   show-progress: true
2026-10-04T14:51:36.6594529Z   lfs: false
2026-10-04T14:51:36.6594939Z   submodules: false
2026-10-04T14:51:36.6595381Z   set-safe-directory: true
2026-10-04T14:51:36.6595889Z   allow-unsafe-pr-checkout: false
2026-10-04T14:51:36.6596669Z ##[endgroup]
2026-10-04T14:51:36.7612456Z Syncing repository: qifalab/neon-harbor
2026-10-04T14:51:36.7615510Z ##[group]Getting Git version info
2026-10-04T14:51:36.7616467Z Working directory is '/home/runner/work/neon-harbor/neon-harbor'
2026-10-04T14:51:36.7617585Z [command]/usr/bin/git version
2026-10-04T14:51:36.7704945Z git version 2.55.0
2026-10-04T14:51:36.7731750Z ##[endgroup]
2026-10-04T14:51:36.7747226Z Temporarily overriding HOME='/home/runner/work/_temp/27f114e5-4ba2-4d15-bbeb-ceeceba496fc' before making global git config changes
2026-10-04T14:51:36.7749699Z Adding repository directory to the temporary git global config as a safe directory
2026-10-04T14:51:36.7754756Z [command]/usr/bin/git config --global --add safe.directory /home/runner/work/neon-harbor/neon-harbor
2026-10-04T14:51:36.7811360Z Deleting the contents of '/home/runner/work/neon-harbor/neon-harbor'
2026-10-04T14:51:36.7815840Z ##[group]Initializing the repository
2026-10-04T14:51:36.7819812Z [command]/usr/bin/git init /home/runner/work/neon-harbor/neon-harbor
2026-10-04T14:51:36.7937272Z hint: Using 'master' as the name for the initial branch. This default branch name
2026-10-04T14:51:36.7939304Z hint: will change to "main" in Git 3.0. To configure the initial branch name
2026-10-04T14:51:36.7941093Z hint: to use in all of your new repositories, which will suppress this warning,
2026-10-04T14:51:36.7942667Z hint: call:
2026-10-04T14:51:36.7943304Z hint:
2026-10-04T14:51:36.7944105Z hint: 	git config --global init.defaultBranch <name>
2026-10-04T14:51:36.7945138Z hint:
2026-10-04T14:51:36.7946080Z hint: Names commonly chosen instead of 'master' are 'main', 'trunk' and
2026-10-04T14:51:36.7947860Z hint: 'development'. The just-created branch can be renamed via this command:
2026-10-04T14:51:36.7949100Z hint:
2026-10-04T14:51:36.7949748Z hint: 	git branch -m <name>
2026-10-04T14:51:36.7950712Z hint:
2026-10-04T14:51:36.7951836Z hint: Disable this message with "git config set advice.defaultBranchName false"
2026-10-04T14:51:36.7953615Z Initialized empty Git repository in /home/runner/work/neon-harbor/neon-harbor/.git/
2026-10-04T14:51:36.7956949Z [command]/usr/bin/git remote add origin https://github.com/qifalab/neon-harbor
2026-10-04T14:51:36.8010204Z ##[endgroup]
2026-10-04T14:51:36.8011753Z ##[group]Disabling automatic garbage collection
2026-10-04T14:51:36.8014937Z [command]/usr/bin/git config --local gc.auto 0
2026-10-04T14:51:36.8055059Z ##[endgroup]
2026-10-04T14:51:36.8056198Z ##[group]Setting up auth
2026-10-04T14:51:36.8062295Z [command]/usr/bin/git config --local --name-only --get-regexp core\.sshCommand
2026-10-04T14:51:36.8095673Z [command]/usr/bin/git submodule foreach --recursive sh -c "git config --local --name-only --get-regexp 'core\.sshCommand' && git config --local --unset-all 'core.sshCommand' || :"
2026-10-04T14:51:36.8465209Z [command]/usr/bin/git config --local --name-only --get-regexp http\.https\:\/\/github\.com\/\.extraheader
2026-10-04T14:51:36.8506376Z [command]/usr/bin/git submodule foreach --recursive sh -c "git config --local --name-only --get-regexp 'http\.https\:\/\/github\.com\/\.extraheader' && git config --local --unset-all 'http.https://github.com/.extraheader' || :"
2026-10-04T14:51:36.8784554Z [command]/usr/bin/git config --local --name-only --get-regexp ^includeIf\.gitdir:
2026-10-04T14:51:36.8825582Z [command]/usr/bin/git submodule foreach --recursive git config --local --show-origin --name-only --get-regexp remote.origin.url
2026-10-04T14:51:36.9078979Z [command]/usr/bin/git config --local http.https://github.com/.extraheader AUTHORIZATION: basic ***
2026-10-04T14:51:36.9124656Z ##[endgroup]
2026-10-04T14:51:36.9126070Z ##[group]Fetching the repository
2026-10-04T14:51:36.9136554Z [command]/usr/bin/git -c protocol.version=2 fetch --no-tags --prune --no-recurse-submodules --depth=1 origin +3a81a74d9503836934e9eff10d3cadc88afa2e80:refs/remotes/origin/main
2026-10-04T14:51:41.9394965Z From https://github.com/qifalab/neon-harbor
2026-10-04T14:51:41.9396277Z  * [new ref]         3a81a74d9503836934e9eff10d3cadc88afa2e80 -> origin/main
2026-10-04T14:51:41.9399410Z ##[endgroup]
2026-10-04T14:51:41.9400669Z ##[group]Determining the checkout info
2026-10-04T14:51:41.9402300Z ##[endgroup]
2026-10-04T14:51:41.9408510Z [command]/usr/bin/git sparse-checkout disable
2026-10-04T14:51:41.9474104Z [command]/usr/bin/git config --local --unset-all extensions.worktreeConfig
2026-10-04T14:51:41.9505944Z ##[group]Checking out the ref
2026-10-04T14:51:41.9511061Z [command]/usr/bin/git checkout --progress --force -B main refs/remotes/origin/main
2026-10-04T14:51:42.1110294Z Switched to a new branch 'main'
2026-10-04T14:51:42.1115097Z branch 'main' set up to track 'origin/main'.
2026-10-04T14:51:42.1157433Z ##[endgroup]
2026-10-04T14:51:42.1207840Z [command]/usr/bin/git log -1 --format=%H
2026-10-04T14:51:42.1240782Z 3a81a74d9503836934e9eff10d3cadc88afa2e80
2026-10-04T14:51:42.1753296Z ##[group]Run actions/setup-node@v4
2026-10-04T14:51:42.1754524Z with:
2026-10-04T14:51:42.1755353Z   node-version: 22
2026-10-04T14:51:42.1756244Z   cache: npm
2026-10-04T14:51:42.1823882Z   always-auth: false
2026-10-04T14:51:42.1825721Z   check-latest: false
2026-10-04T14:51:42.1843063Z   token: ***
2026-10-04T14:51:42.1844009Z ##[endgroup]
2026-10-04T14:51:42.3315798Z Found in cache @ /opt/hostedtoolcache/node/22.23.3/x64
2026-10-04T14:51:42.3319888Z (node:2281) [DEP0040] DeprecationWarning: The `punycode` module is deprecated. Please use a userland alternative instead.
2026-10-04T14:51:42.3320981Z (Use `node --trace-deprecation ...` to show where the warning was created)
2026-10-04T14:51:42.3323150Z ##[group]Environment details
2026-10-04T14:51:42.6990251Z node: v22.23.3
2026-10-04T14:51:42.6992171Z npm: 10.9.9
2026-10-04T14:51:42.6992601Z yarn: 1.22.22
2026-10-04T14:51:42.6993902Z ##[endgroup]
2026-10-04T14:51:42.7017039Z [command]/opt/hostedtoolcache/node/22.23.3/x64/bin/npm config get cache
2026-10-04T14:51:42.8173305Z /home/runner/.npm
2026-10-04T14:51:42.8957973Z npm cache is not found
2026-10-04T14:51:42.9098355Z ##[group]Run npm ci
2026-10-04T14:51:42.9098745Z [36;1mnpm ci[0m
2026-10-04T14:51:42.9381396Z shell: /usr/bin/bash -e {0}
2026-10-04T14:51:42.9381889Z ##[endgroup]
2026-10-04T14:51:43.8516933Z 
2026-10-04T14:51:43.8523725Z added 3 packages, and audited 4 packages in 852ms
2026-10-04T14:51:43.8525551Z 
2026-10-04T14:51:43.8525879Z found 0 vulnerabilities
2026-10-04T14:51:43.8957934Z ##[group]Run npm test
2026-10-04T14:51:43.8958223Z [36;1mnpm test[0m
2026-10-04T14:51:43.9025014Z shell: /usr/bin/bash -e {0}
2026-10-04T14:51:43.9025297Z ##[endgroup]
2026-10-04T14:51:44.0164879Z 
2026-10-04T14:51:44.0165428Z > neon-harbor@0.8.0 test
2026-10-04T14:51:44.0165901Z > node --test tests/*.test.js
2026-10-04T14:51:44.0791485Z 
2026-10-04T14:51:44.0792103Z TAP version 13
2026-10-04T14:51:44.1981096Z # Subtest: render interpolation removes fixed-step staircasing at 30/60/90/144 Hz and uneven cadences
2026-10-04T14:51:44.1982985Z ok 1 - render interpolation removes fixed-step staircasing at 30/60/90/144 Hz and uneven cadences
2026-10-04T14:51:44.2041228Z   ---
2026-10-04T14:51:44.2052540Z   duration_ms: 45.243867
2026-10-04T14:51:44.2053259Z   type: 'test'
2026-10-04T14:51:44.2072627Z   ...
2026-10-04T14:51:44.2073648Z # Subtest: yaw interpolation follows the shortest arc; ground, pitch and roll remain shared
2026-10-04T14:51:44.2075128Z ok 2 - yaw interpolation follows the shortest arc; ground, pitch and roll remain shared
2026-10-04T14:51:44.2075967Z   ---
2026-10-04T14:51:44.2076541Z   duration_ms: 0.47458
2026-10-04T14:51:44.2076966Z   type: 'test'
2026-10-04T14:51:44.2077341Z   ...
2026-10-04T14:51:44.2079143Z # Subtest: teleports and entering or leaving a vehicle never interpolate across the city
2026-10-04T14:51:44.2080872Z ok 3 - teleports and entering or leaving a vehicle never interpolate across the city
2026-10-04T14:51:44.2112253Z   ---
2026-10-04T14:51:44.2113463Z   duration_ms: 0.463268
2026-10-04T14:51:44.2114213Z   type: 'test'
2026-10-04T14:51:44.2114605Z   ...
2026-10-04T14:51:44.2115475Z # Subtest: rendered OBB interpolation cannot clip a corner between two legal headings
2026-10-04T14:51:44.2116908Z ok 4 - rendered OBB interpolation cannot clip a corner between two legal headings
2026-10-04T14:51:44.2117688Z   ---
2026-10-04T14:51:44.2118212Z   duration_ms: 0.543038
2026-10-04T14:51:44.2118625Z   type: 'test'
2026-10-04T14:51:44.2118973Z   ...
2026-10-04T14:51:44.2119823Z # Subtest: sequential legal vehicle moves cannot produce a colliding render interpolant
2026-10-04T14:51:44.2121402Z ok 5 - sequential legal vehicle moves cannot produce a colliding render interpolant
2026-10-04T14:51:44.2122216Z   ---
2026-10-04T14:51:44.2122600Z   duration_ms: 0.328205
2026-10-04T14:51:44.2123050Z   type: 'test'
2026-10-04T14:51:44.2123438Z   ...
2026-10-04T14:51:44.2124351Z # Subtest: moving-target exponential damping is cadence-independent at constant speed
2026-10-04T14:51:44.2125692Z ok 6 - moving-target exponential damping is cadence-independent at constant speed
2026-10-04T14:51:44.2126490Z   ---
2026-10-04T14:51:44.2126889Z   duration_ms: 0.404268
2026-10-04T14:51:44.2127349Z   type: 'test'
2026-10-04T14:51:44.2127721Z   ...
2026-10-04T14:51:44.2128545Z # Subtest: chase camera position, look target and yaw stay consistent at 30/60/144 Hz
2026-10-04T14:51:44.2130703Z ok 7 - chase camera position, look target and yaw stay consistent at 30/60/144 Hz
2026-10-04T14:51:44.2131467Z   ---
2026-10-04T14:51:44.2131837Z   duration_ms: 17.059941
2026-10-04T14:51:44.2132278Z   type: 'test'
2026-10-04T14:51:44.2132658Z   ...
2026-10-04T14:51:44.2133577Z # Subtest: camera follows the same bounded simulation time at 4 Hz and uneven slow frames
2026-10-04T14:51:44.2134986Z ok 8 - camera follows the same bounded simulation time at 4 Hz and uneven slow frames
2026-10-04T14:51:44.2135854Z   ---
2026-10-04T14:51:44.2136264Z   duration_ms: 6.190103
2026-10-04T14:51:44.2136716Z   type: 'test'
2026-10-04T14:51:44.2137104Z   ...
2026-10-04T14:51:44.2138111Z # Subtest: height-aware swept camera clears curbs, catches thin walls, and pads the near plane
2026-10-04T14:51:44.2139604Z ok 9 - height-aware swept camera clears curbs, catches thin walls, and pads the near plane
2026-10-04T14:51:44.2140761Z   ---
2026-10-04T14:51:44.2141172Z   duration_ms: 0.792566
2026-10-04T14:51:44.2141633Z   type: 'test'
2026-10-04T14:51:44.2142010Z   ...
2026-10-04T14:51:44.2143240Z # Subtest: camera focus inside foliage is moved to a legal pivot before the boom sweep
2026-10-04T14:51:44.2144604Z ok 10 - camera focus inside foliage is moved to a legal pivot before the boom sweep
2026-10-04T14:51:44.2145403Z   ---
2026-10-04T14:51:44.2145793Z   duration_ms: 0.626555
2026-10-04T14:51:44.2146228Z   type: 'test'
2026-10-04T14:51:44.2146617Z   ...
2026-10-04T14:51:44.2147555Z # Subtest: camera retracts without entering buildings and releases an obstruction gradually
2026-10-04T14:51:44.2148966Z ok 11 - camera retracts without entering buildings and releases an obstruction gradually
2026-10-04T14:51:44.2149797Z   ---
2026-10-04T14:51:44.2150271Z   duration_ms: 0.455985
2026-10-04T14:51:44.2151053Z   type: 'test'
2026-10-04T14:51:44.2151491Z   ...
2026-10-04T14:51:44.2152491Z # Subtest: camera takes shortest yaw arc and does not advance its pose with a zero timestep
2026-10-04T14:51:44.2153899Z ok 12 - camera takes shortest yaw arc and does not advance its pose with a zero timestep
2026-10-04T14:51:44.2154743Z   ---
2026-10-04T14:51:44.2155136Z   duration_ms: 1.31287
2026-10-04T14:51:44.2155552Z   type: 'test'
2026-10-04T14:51:44.2155938Z   ...
2026-10-04T14:52:11.0373123Z # Subtest: the northern resident network has legal doorstep routes, unobstructed station entrances and real crossing edges
2026-10-04T14:52:11.0422271Z ok 13 - the northern resident network has legal doorstep routes, unobstructed station entrances and real crossing edges
2026-10-04T14:52:11.0491522Z   ---
2026-10-04T14:52:11.0541864Z   duration_ms: 4585.812171
2026-10-04T14:52:11.0594448Z   type: 'test'
2026-10-04T14:52:11.0651863Z   ...
2026-10-04T14:52:11.0664617Z # Subtest: all 240 residents finish real work visits, use all four shared routes, return and rest in actual homes without stranded journeys
2026-10-04T14:52:11.0691992Z ok 14 - all 240 residents finish real work visits, use all four shared routes, return and rest in actual homes without stranded journeys
2026-10-04T14:52:11.0707400Z   ---
2026-10-04T14:52:11.0711148Z   duration_ms: 16901.859519
2026-10-04T14:52:11.0730672Z   type: 'test'
2026-10-04T14:52:11.0733022Z   ...
2026-10-04T14:52:11.0734968Z # Subtest: citizens enter a crossing only with enough green time, and traffic yields for the occupied lane and releases it after the walker leaves
2026-10-04T14:52:11.0774101Z ok 15 - citizens enter a crossing only with enough green time, and traffic yields for the occupied lane and releases it after the walker leaves
2026-10-04T14:52:11.0799882Z   ---
2026-10-04T14:52:11.0858101Z   duration_ms: 77.934479
2026-10-04T14:52:11.0881687Z   type: 'test'
2026-10-04T14:52:11.0911010Z   ...
2026-10-04T14:52:11.0961985Z # Subtest: working periods keep residents at their real posts and the night change starts a walk home without resetting position
2026-10-04T14:52:11.1001987Z ok 16 - working periods keep residents at their real posts and the night change starts a walk home without resetting position
2026-10-04T14:52:11.1008721Z   ---
2026-10-04T14:52:11.1037199Z   duration_ms: 1534.858201
2026-10-04T14:52:11.1054671Z   type: 'test'
2026-10-04T14:52:11.1081062Z   ...
2026-10-04T14:52:11.1091786Z # Subtest: every assigned home and workplace has a clear arrival and departure through its actual room door
2026-10-04T14:52:11.1111730Z ok 17 - every assigned home and workplace has a clear arrival and departure through its actual room door
2026-10-04T14:52:11.1115705Z   ---
2026-10-04T14:52:11.1118837Z   duration_ms: 920.833417
2026-10-04T14:52:11.1119892Z   type: 'test'
2026-10-04T14:52:11.1120909Z   ...
2026-10-04T14:52:11.1126460Z # Subtest: boarding paths align with real carriage doors and keep passengers out of carriage gaps and the ferry cabin
2026-10-04T14:52:11.1151823Z ok 18 - boarding paths align with real carriage doors and keep passengers out of carriage gaps and the ferry cabin
2026-10-04T14:52:11.1172537Z   ---
2026-10-04T14:52:11.1173150Z   duration_ms: 25.563925
2026-10-04T14:52:11.1173759Z   type: 'test'
2026-10-04T14:52:11.1174284Z   ...
2026-10-04T14:52:11.1175949Z # Subtest: elevated station lift poses have continuous movement, real landings and enough door time to walk aboard
2026-10-04T14:52:11.1177774Z ok 19 - elevated station lift poses have continuous movement, real landings and enough door time to walk aboard
2026-10-04T14:52:11.1179008Z   ---
2026-10-04T14:52:11.1179588Z   duration_ms: 7.786811
2026-10-04T14:52:11.1180234Z   type: 'test'
2026-10-04T14:52:11.1181070Z   ...
2026-10-04T14:52:31.0899500Z # Subtest: integrated building travel, continuous elevator and forced departure restore outdoor collision and cars
2026-10-04T14:52:31.0911796Z ok 20 - integrated building travel, continuous elevator and forced departure restore outdoor collision and cars
2026-10-04T14:52:31.0912751Z   ---
2026-10-04T14:52:31.0913111Z   duration_ms: 10964.022333
2026-10-04T14:52:31.0913533Z   type: 'test'
2026-10-04T14:52:31.0913903Z   ...
2026-10-04T14:52:31.0914988Z # Subtest: underground platform remains below street and transit motion does not trigger teleports or reindex every tick
2026-10-04T14:52:31.0916756Z ok 21 - underground platform remains below street and transit motion does not trigger teleports or reindex every tick
2026-10-04T14:52:31.0917726Z   ---
2026-10-04T14:52:31.0918119Z   duration_ms: 26864.16352
2026-10-04T14:52:31.0918518Z   type: 'test'
2026-10-04T14:52:31.0918863Z   ...
2026-10-04T14:52:31.0919799Z # Subtest: a saved journey from the north ferry restores at its own pier, including after departure
2026-10-04T14:52:31.0947527Z ok 22 - a saved journey from the north ferry restores at its own pier, including after departure
2026-10-04T14:52:31.0971578Z   ---
2026-10-04T14:52:31.1001494Z   duration_ms: 9005.435641
2026-10-04T14:52:31.1011528Z   type: 'test'
2026-10-04T14:52:31.1012175Z   ...
2026-10-04T14:52:31.1013789Z # Subtest: camera supports below-sea-level clearance and seated passenger views without roof-crossing chase booms
2026-10-04T14:52:31.1015969Z ok 23 - camera supports below-sea-level clearance and seated passenger views without roof-crossing chase booms
2026-10-04T14:52:31.1041153Z   ---
2026-10-04T14:52:31.1046173Z   duration_ms: 1.40141
2026-10-04T14:52:31.1046855Z   type: 'test'
2026-10-04T14:52:31.1047474Z   ...
2026-10-04T14:52:31.1662335Z # Subtest: every address targets its own entrance and safely restores its exterior, traffic and save position
2026-10-04T14:52:31.1722162Z ok 24 - every address targets its own entrance and safely restores its exterior, traffic and save position
2026-10-04T14:52:31.1723816Z   ---
2026-10-04T14:52:31.1751366Z   duration_ms: 11127.115898
2026-10-04T14:52:31.1761047Z   type: 'test'
2026-10-04T14:52:31.1771152Z   ...
2026-10-04T14:52:31.1772428Z # Subtest: every occupied floor has finite positive solids, rooms inside its footprint, a clear arrival and continuous stair elevations
2026-10-04T14:52:31.1774398Z ok 25 - every occupied floor has finite positive solids, rooms inside its footprint, a clear arrival and continuous stair elevations
2026-10-04T14:52:31.1775928Z   ---
2026-10-04T14:52:31.1776278Z   duration_ms: 4157.881138
2026-10-04T14:52:31.1776713Z   type: 'test'
2026-10-04T14:52:31.1777063Z   ...
2026-10-04T14:52:31.1778064Z # Subtest: multiplayer accepts the actual eastern top floors and rejects out-of-world or nonfinite positions
2026-10-04T14:52:31.1779609Z ok 26 - multiplayer accepts the actual eastern top floors and rejects out-of-world or nonfinite positions
2026-10-04T14:52:31.1780862Z   ---
2026-10-04T14:52:31.1781237Z   duration_ms: 0.977742
2026-10-04T14:52:31.1781644Z   type: 'test'
2026-10-04T14:52:31.1781991Z   ...
2026-10-04T14:52:31.1783167Z # Subtest: a south shell stays hidden through an actual streamed load and restores valid culling bounds and fallback scenery on exit
2026-10-04T14:52:31.1785026Z ok 27 - a south shell stays hidden through an actual streamed load and restores valid culling bounds and fallback scenery on exit
2026-10-04T14:52:31.1786055Z   ---
2026-10-04T14:52:31.1786397Z   duration_ms: 262.791003
2026-10-04T14:52:31.1786811Z   type: 'test'
2026-10-04T14:52:31.1787148Z   ...
2026-10-04T14:52:31.1788319Z # Subtest: prepare fetches only nearby real district payloads and exposes resident metrics
2026-10-04T14:52:31.1802018Z ok 28 - prepare fetches only nearby real district payloads and exposes resident metrics
2026-10-04T14:52:31.1831135Z   ---
2026-10-04T14:52:31.1852735Z   duration_ms: 5.035572
2026-10-04T14:52:31.1881058Z   type: 'test'
2026-10-04T14:52:31.1900926Z   ...
2026-10-04T14:52:31.1911755Z # Subtest: directional prefetch anticipates travel while distance and hysteresis drive actual disposal
2026-10-04T14:52:31.1941844Z ok 29 - directional prefetch anticipates travel while distance and hysteresis drive actual disposal
2026-10-04T14:52:31.1971261Z   ---
2026-10-04T14:52:31.2001173Z   duration_ms: 8.490648
2026-10-04T14:52:31.2031169Z   type: 'test'
2026-10-04T14:52:31.2037212Z   ...
2026-10-04T14:52:31.2038360Z # Subtest: resident budget is a hard bound even when more targets are nearby
2026-10-04T14:52:31.2039796Z ok 30 - resident budget is a hard bound even when more targets are nearby
2026-10-04T14:52:31.2041063Z   ---
2026-10-04T14:52:31.2041653Z   duration_ms: 0.762119
2026-10-04T14:52:31.2042309Z   type: 'test'
2026-10-04T14:52:31.2042883Z   ...
2026-10-04T14:52:31.2044112Z # Subtest: failed near district remains failed until retry succeeds without pretending a proxy is full detail
2026-10-04T14:52:31.2045945Z ok 31 - failed near district remains failed until retry succeeds without pretending a proxy is full detail
2026-10-04T14:52:31.2047089Z   ---
2026-10-04T14:52:31.2047685Z   duration_ms: 0.878797
2026-10-04T14:52:31.2048308Z   type: 'test'
2026-10-04T14:52:31.2048866Z   ...
2026-10-04T14:52:31.2049966Z # Subtest: dispose settles prepare, releases late payloads, and never attaches after disposal
2026-10-04T14:52:31.2051791Z ok 32 - dispose settles prepare, releases late payloads, and never attaches after disposal
2026-10-04T14:52:31.2052835Z   ---
2026-10-04T14:52:31.2053402Z   duration_ms: 6.407767
2026-10-04T14:52:31.2054038Z   type: 'test'
2026-10-04T14:52:31.2054616Z   ...
2026-10-04T14:52:31.2055621Z # Subtest: cancelled district can be revisited before its aborted request settles
2026-10-04T14:52:31.2057011Z ok 33 - cancelled district can be revisited before its aborted request settles
2026-10-04T14:52:31.2057949Z   ---
2026-10-04T14:52:31.2058535Z   duration_ms: 3.401847
2026-10-04T14:52:31.2059166Z   type: 'test'
2026-10-04T14:52:31.2059741Z   ...
2026-10-04T14:52:31.2060977Z # Subtest: old request failure cannot overwrite the latest successful prepare state
2026-10-04T14:52:31.2062429Z ok 34 - old request failure cannot overwrite the latest successful prepare state
2026-10-04T14:52:31.2063377Z   ---
2026-10-04T14:52:31.2063934Z   duration_ms: 2.781702
2026-10-04T14:52:31.2064574Z   type: 'test'
2026-10-04T14:52:31.2065156Z   ...
2026-10-04T14:52:31.2066829Z # Subtest: chunk validation rejects malformed geometry before creating GPU resources
2026-10-04T14:52:31.2068658Z ok 35 - chunk validation rejects malformed geometry before creating GPU resources
2026-10-04T14:52:31.2069634Z   ---
2026-10-04T14:52:31.2070226Z   duration_ms: 0.65458
2026-10-04T14:52:31.2071130Z   type: 'test'
2026-10-04T14:52:31.2071687Z   ...
2026-10-04T14:52:31.2072798Z # Subtest: a normal 60 Hz steering arc cannot graze a building corner between two clear endpoints
2026-10-04T14:52:31.2074385Z ok 36 - a normal 60 Hz steering arc cannot graze a building corner between two clear endpoints
2026-10-04T14:52:31.2075445Z   ---
2026-10-04T14:52:31.2076024Z   duration_ms: 14.358419
2026-10-04T14:52:31.2076649Z   type: 'test'
2026-10-04T14:52:31.2077218Z   ...
2026-10-04T14:52:31.2078289Z # Subtest: a short diagonal translation cannot cut a building corner with clear endpoints
2026-10-04T14:52:31.2079808Z ok 37 - a short diagonal translation cannot cut a building corner with clear endpoints
2026-10-04T14:52:31.2081030Z   ---
2026-10-04T14:52:31.2081639Z   duration_ms: 5.685702
2026-10-04T14:52:31.2082268Z   type: 'test'
2026-10-04T14:52:31.2082850Z   ...
2026-10-04T14:52:31.2084107Z # Subtest: grazing the corner of another vehicle stays blocked between clear endpoints
2026-10-04T14:52:31.2085587Z ok 38 - grazing the corner of another vehicle stays blocked between clear endpoints
2026-10-04T14:52:31.2086572Z   ---
2026-10-04T14:52:31.2087131Z   duration_ms: 2.654835
2026-10-04T14:52:31.2087754Z   type: 'test'
2026-10-04T14:52:31.2088335Z   ...
2026-10-04T14:52:31.2089474Z # Subtest: the circular pedestrian footprint cannot cross a shallow rounded corner between samples
2026-10-04T14:52:31.2091378Z ok 39 - the circular pedestrian footprint cannot cross a shallow rounded corner between samples
2026-10-04T14:52:31.2092464Z   ---
2026-10-04T14:52:31.2093052Z   duration_ms: 17.033362
2026-10-04T14:52:31.2093692Z   type: 'test'
2026-10-04T14:52:31.2094253Z   ...
2026-10-04T14:52:31.2095391Z # Subtest: the prospective supported vehicle envelope and height participate in collision
2026-10-04T14:52:31.2096942Z ok 40 - the prospective supported vehicle envelope and height participate in collision
2026-10-04T14:52:31.2097952Z   ---
2026-10-04T14:52:31.2098524Z   duration_ms: 1.838114
2026-10-04T14:52:31.2099154Z   type: 'test'
2026-10-04T14:52:31.2099725Z   ...
2026-10-04T14:52:31.2100992Z # Subtest: stepping onto higher ground under an awning cannot eject an entity sideways
2026-10-04T14:52:31.2102466Z ok 41 - stepping onto higher ground under an awning cannot eject an entity sideways
2026-10-04T14:52:31.2103435Z   ---
2026-10-04T14:52:31.2104059Z   duration_ms: 0.492678
2026-10-04T14:52:31.2104697Z   type: 'test'
2026-10-04T14:52:31.2105267Z   ...
2026-10-04T14:52:31.2106463Z # Subtest: vehicle bounds contain the full rotated footprint and swap width/length at a quarter turn
2026-10-04T14:52:31.2108138Z ok 42 - vehicle bounds contain the full rotated footprint and swap width/length at a quarter turn
2026-10-04T14:52:31.2109206Z   ---
2026-10-04T14:52:31.2109765Z   duration_ms: 2.821466
2026-10-04T14:52:31.2110632Z   type: 'test'
2026-10-04T14:52:31.2111424Z   ...
2026-10-04T14:52:31.2112546Z # Subtest: SAT catches a vehicle nose beyond the old centre radius and its rotated outer corner
2026-10-04T14:52:31.2114183Z ok 43 - SAT catches a vehicle nose beyond the old centre radius and its rotated outer corner
2026-10-04T14:52:31.2115197Z   ---
2026-10-04T14:52:31.2115777Z   duration_ms: 0.742814
2026-10-04T14:52:31.2116396Z   type: 'test'
2026-10-04T14:52:31.2116954Z   ...
2026-10-04T14:52:31.2118208Z # Subtest: SAT reports a separation normal, permits touching and rejects separated rotated rectangles
2026-10-04T14:52:31.2119913Z ok 44 - SAT reports a separation normal, permits touching and rejects separated rotated rectangles
2026-10-04T14:52:31.2121236Z   ---
2026-10-04T14:52:31.2121808Z   duration_ms: 0.34885
2026-10-04T14:52:31.2122449Z   type: 'test'
2026-10-04T14:52:31.2123028Z   ...
2026-10-04T14:52:31.2124153Z # Subtest: circle/OBB checks the whole foot radius without treating clear diagonal corners as walls
2026-10-04T14:52:31.2126074Z ok 45 - circle/OBB checks the whole foot radius without treating clear diagonal corners as walls
2026-10-04T14:52:31.2127122Z   ---
2026-10-04T14:52:31.2127726Z   duration_ms: 0.442384
2026-10-04T14:52:31.2128347Z   type: 'test'
2026-10-04T14:52:31.2128920Z   ...
2026-10-04T14:52:31.2130225Z # Subtest: spatial queries find large colliders across cell edges, including negative coordinates, without duplicates
2026-10-04T14:52:31.2132399Z ok 46 - spatial queries find large colliders across cell edges, including negative coordinates, without duplicates
2026-10-04T14:52:31.2133591Z   ---
2026-10-04T14:52:31.2134153Z   duration_ms: 1.745682
2026-10-04T14:52:31.2134782Z   type: 'test'
2026-10-04T14:52:31.2135351Z   ...
2026-10-04T14:52:31.2136501Z # Subtest: a fast vehicle cannot tunnel through a thin wall, even across a long one-frame displacement
2026-10-04T14:52:31.2138143Z ok 47 - a fast vehicle cannot tunnel through a thin wall, even across a long one-frame displacement
2026-10-04T14:52:31.2139230Z   ---
2026-10-04T14:52:31.2139800Z   duration_ms: 12.401454
2026-10-04T14:52:31.2140631Z   type: 'test'
2026-10-04T14:52:31.2141228Z   ...
2026-10-04T14:52:31.2142682Z # Subtest: a rotation sweep cannot pass through a thin obstacle even when the final orientation would be clear
2026-10-04T14:52:31.2144502Z ok 48 - a rotation sweep cannot pass through a thin obstacle even when the final orientation would be clear
2026-10-04T14:52:31.2145619Z   ---
2026-10-04T14:52:31.2146180Z   duration_ms: 30.927379
2026-10-04T14:52:31.2146809Z   type: 'test'
2026-10-04T14:52:31.2147388Z   ...
2026-10-04T14:52:31.2148469Z # Subtest: continuous diagonal pressure slides along a wall without bouncing or oscillating
2026-10-04T14:52:31.2149988Z ok 49 - continuous diagonal pressure slides along a wall without bouncing or oscillating
2026-10-04T14:52:31.2151202Z   ---
2026-10-04T14:52:31.2151745Z   duration_ms: 11.581052
2026-10-04T14:52:31.2152348Z   type: 'test'
2026-10-04T14:52:31.2152898Z   ...
2026-10-04T14:52:31.2153898Z # Subtest: walking keeps the entire character circle outside a thin wall during a swept move
2026-10-04T14:52:31.2155372Z ok 50 - walking keeps the entire character circle outside a thin wall during a swept move
2026-10-04T14:52:31.2156406Z   ---
2026-10-04T14:52:31.2156981Z   duration_ms: 2.083331
2026-10-04T14:52:31.2157627Z   type: 'test'
2026-10-04T14:52:31.2158199Z   ...
2026-10-04T14:52:31.2159287Z # Subtest: parked and moving vehicles both block a swept vehicle without moving the other car
2026-10-04T14:52:31.2161137Z ok 51 - parked and moving vehicles both block a swept vehicle without moving the other car
2026-10-04T14:52:31.2162176Z   ---
2026-10-04T14:52:31.2162772Z   duration_ms: 11.572381
2026-10-04T14:52:31.2163406Z   type: 'test'
2026-10-04T14:52:31.2163973Z   ...
2026-10-04T14:52:31.2165163Z # Subtest: walking collides with parked cars and dynamic self references never block their own movement
2026-10-04T14:52:31.2166862Z ok 52 - walking collides with parked cars and dynamic self references never block their own movement
2026-10-04T14:52:31.2167954Z   ---
2026-10-04T14:52:31.2168532Z   duration_ms: 2.248188
2026-10-04T14:52:31.2169178Z   type: 'test'
2026-10-04T14:52:31.2169741Z   ...
2026-10-04T14:52:31.2170973Z # Subtest: a car stops for a pedestrian using the pedestrian full circular footprint
2026-10-04T14:52:31.2172387Z ok 53 - a car stops for a pedestrian using the pedestrian full circular footprint
2026-10-04T14:52:31.2173315Z   ---
2026-10-04T14:52:31.2173884Z   duration_ms: 3.26347
2026-10-04T14:52:31.2174518Z   type: 'test'
2026-10-04T14:52:31.2175085Z   ...
2026-10-04T14:52:31.2176394Z # Subtest: height filtering blocks building sides while allowing rooftop travel and passage beneath elevated solids
2026-10-04T14:52:31.2178294Z ok 54 - height filtering blocks building sides while allowing rooftop travel and passage beneath elevated solids
2026-10-04T14:52:31.2179499Z   ---
2026-10-04T14:52:31.2180080Z   duration_ms: 19.179551
2026-10-04T14:52:31.2181265Z   type: 'test'
2026-10-04T14:52:31.2181836Z   ...
2026-10-04T14:52:31.2182951Z # Subtest: world boundaries constrain the rotated vehicle footprint and full character radius
2026-10-04T14:52:31.2184531Z ok 55 - world boundaries constrain the rotated vehicle footprint and full character radius
2026-10-04T14:52:31.2185556Z   ---
2026-10-04T14:52:31.2186134Z   duration_ms: 21.973683
2026-10-04T14:52:31.2186763Z   type: 'test'
2026-10-04T14:52:31.2187321Z   ...
2026-10-04T14:52:31.2188400Z # Subtest: legacy overlapping poses are repaired once and remain stable while stationary
2026-10-04T14:52:31.2189897Z ok 56 - legacy overlapping poses are repaired once and remain stable while stationary
2026-10-04T14:52:31.2191182Z   ---
2026-10-04T14:52:31.2191766Z   duration_ms: 4.54135
2026-10-04T14:52:31.2192391Z   type: 'test'
2026-10-04T14:52:31.2192969Z   ...
2026-10-04T14:52:31.2194048Z # Subtest: camera-only foliage never becomes a physical wall at overlapping character height
2026-10-04T14:52:31.2195701Z ok 57 - camera-only foliage never becomes a physical wall at overlapping character height
2026-10-04T14:52:31.2196722Z   ---
2026-10-04T14:52:31.2197387Z   duration_ms: 8.555729
2026-10-04T14:52:31.2198353Z   type: 'test'
2026-10-04T14:52:31.2198970Z   ...
2026-10-04T14:52:31.2200269Z # Subtest: every compact building supports all-floor stair walks, furnished-room entries, lift return and street exit
2026-10-04T14:52:31.2202457Z ok 58 - every compact building supports all-floor stair walks, furnished-room entries, lift return and street exit
2026-10-04T14:52:31.2203638Z   ---
2026-10-04T14:52:31.2204221Z   duration_ms: 7218.007283
2026-10-04T14:52:31.2204852Z   type: 'test'
2026-10-04T14:52:31.2205435Z   ...
2026-10-04T14:52:31.2206715Z # Subtest: minimum compact shell keeps real stair openings, clear cabin approach and height-filtered exterior prompts
2026-10-04T14:52:31.2208652Z ok 59 - minimum compact shell keeps real stair openings, clear cabin approach and height-filtered exterior prompts
2026-10-04T14:52:31.2209835Z   ---
2026-10-04T14:52:31.2210638Z   duration_ms: 71.28458
2026-10-04T14:52:31.2211304Z   type: 'test'
2026-10-04T14:52:31.2211874Z   ...
2026-10-04T14:52:31.2213201Z # Subtest: east-bay room furnishings fit every shell and narrow floors preserve room, stair and lift routes
2026-10-04T14:52:31.2214953Z ok 60 - east-bay room furnishings fit every shell and narrow floors preserve room, stair and lift routes
2026-10-04T14:52:31.2216041Z   ---
2026-10-04T14:52:31.2216627Z   duration_ms: 9286.964554
2026-10-04T14:52:31.2217252Z   type: 'test'
2026-10-04T14:52:31.2217758Z   ...
2026-10-04T14:52:31.2218992Z # Subtest: bounded fixed-step clock preserves visible simulation time at 4–144 Hz
2026-10-04T14:52:31.2220762Z ok 61 - bounded fixed-step clock preserves visible simulation time at 4–144 Hz
2026-10-04T14:52:31.2221759Z   ---
2026-10-04T14:52:31.2222345Z   duration_ms: 6.681532
2026-10-04T14:52:31.2222983Z   type: 'test'
2026-10-04T14:52:31.2223589Z   ...
2026-10-04T14:52:31.2224615Z # Subtest: a long rendering stall runs at most 15 small steps without a future backlog
2026-10-04T14:52:31.2226108Z ok 62 - a long rendering stall runs at most 15 small steps without a future backlog
2026-10-04T14:52:31.2227092Z   ---
2026-10-04T14:52:31.2227957Z   duration_ms: 0.396609
2026-10-04T14:52:31.2256767Z   type: 'test'
2026-10-04T14:52:31.2257888Z   ...
2026-10-04T14:52:31.2258832Z # Subtest: pause and visibility resume discard inactive time without rewinding the rendered phase
2026-10-04T14:52:31.2260251Z ok 63 - pause and visibility resume discard inactive time without rewinding the rendered phase
2026-10-04T14:52:31.2261323Z   ---
2026-10-04T14:52:31.2261676Z   duration_ms: 0.189633
2026-10-04T14:52:31.2262086Z   type: 'test'
2026-10-04T14:52:31.2262428Z   ...
2026-10-04T14:52:31.2263179Z # Subtest: flat streets produce zero body pitch/roll and keep wheels on the road
2026-10-04T14:52:31.2264304Z ok 64 - flat streets produce zero body pitch/roll and keep wheels on the road
2026-10-04T14:52:31.2265382Z   ---
2026-10-04T14:52:31.2265724Z   duration_ms: 1.7829
2026-10-04T14:52:31.2266125Z   type: 'test'
2026-10-04T14:52:31.2266462Z   ...
2026-10-04T14:52:31.2267280Z # Subtest: a diagonal curb residual raises only the clearance missing from a fitted plane
2026-10-04T14:52:31.2268514Z ok 65 - a diagonal curb residual raises only the clearance missing from a fitted plane
2026-10-04T14:52:31.2269261Z   ---
2026-10-04T14:52:31.2269593Z   duration_ms: 1.755008
2026-10-04T14:52:31.2269985Z   type: 'test'
2026-10-04T14:52:31.2270329Z   ...
2026-10-04T14:52:31.2271497Z # Subtest: actual rendered tire vertices stay above the real city ramp at known curb problem positions
2026-10-04T14:52:31.2272933Z ok 66 - actual rendered tire vertices stay above the real city ramp at known curb problem positions
2026-10-04T14:52:31.2273770Z   ---
2026-10-04T14:52:31.2274120Z   duration_ms: 395.997328
2026-10-04T14:52:31.2274523Z   type: 'test'
2026-10-04T14:52:31.2274853Z   ...
2026-10-04T14:52:31.2275732Z # Subtest: slope collision envelope encloses every rendered car vertex including tilted mirrors
2026-10-04T14:52:31.2277099Z ok 67 - slope collision envelope encloses every rendered car vertex including tilted mirrors
2026-10-04T14:52:31.2278207Z   ---
2026-10-04T14:52:31.2278568Z   duration_ms: 139.904962
2026-10-04T14:52:31.2278987Z   type: 'test'
2026-10-04T14:52:31.2279322Z   ...
2026-10-04T14:52:31.2280171Z # Subtest: authored frontages attach to six actual occupied shells and keep High the default
2026-10-04T14:52:31.2281817Z ok 68 - authored frontages attach to six actual occupied shells and keep High the default
2026-10-04T14:52:31.2282595Z   ---
2026-10-04T14:52:31.2282941Z   duration_ms: 56.910686
2026-10-04T14:52:31.2283345Z   type: 'test'
2026-10-04T14:52:31.2283682Z   ...
2026-10-04T14:52:31.2284577Z # Subtest: clear original entrance approaches, frontage walking strip and road lanes are preserved
2026-10-04T14:52:31.2285992Z ok 69 - clear original entrance approaches, frontage walking strip and road lanes are preserved
2026-10-04T14:52:31.2286823Z   ---
2026-10-04T14:52:31.2287159Z   duration_ms: 21.379623
2026-10-04T14:52:31.2287557Z   type: 'test'
2026-10-04T14:52:31.2287894Z   ...
2026-10-04T14:52:31.2288765Z # Subtest: finite curved art geometry, metre projected scanned UVs and a bounded render budget
2026-10-04T14:52:31.2290083Z ok 70 - finite curved art geometry, metre projected scanned UVs and a bounded render budget
2026-10-04T14:52:31.2291079Z   ---
2026-10-04T14:52:31.2291420Z   duration_ms: 210.951526
2026-10-04T14:52:31.2291827Z   type: 'test'
2026-10-04T14:52:31.2292162Z   ...
2026-10-04T14:52:31.2292994Z # Subtest: near detail uses hysteresis, actually destroys buffers and restores far proxies
2026-10-04T14:52:31.2294242Z ok 71 - near detail uses hysteresis, actually destroys buffers and restores far proxies
2026-10-04T14:52:31.2294993Z   ---
2026-10-04T14:52:31.2295410Z   duration_ms: 90.043418
2026-10-04T14:52:31.2295819Z   type: 'test'
2026-10-04T14:52:31.2296156Z   ...
2026-10-04T14:52:31.2297087Z # Subtest: shared interior shell IDs hide both proxy and resident art, including later streamed loads
2026-10-04T14:52:31.2298509Z ok 72 - shared interior shell IDs hide both proxy and resident art, including later streamed loads
2026-10-04T14:52:31.2299325Z   ---
2026-10-04T14:52:31.2299659Z   duration_ms: 41.023113
2026-10-04T14:52:31.2300051Z   type: 'test'
2026-10-04T14:52:31.2300616Z   ...
2026-10-04T14:52:31.2301527Z # Subtest: locally served scanned material maps have recorded CC0 provenance and verified hashes
2026-10-04T14:52:31.2302888Z ok 73 - locally served scanned material maps have recorded CC0 provenance and verified hashes
2026-10-04T14:52:31.2303684Z   ---
2026-10-04T14:52:31.2304024Z   duration_ms: 11.882067
2026-10-04T14:52:31.2304419Z   type: 'test'
2026-10-04T14:52:31.2304741Z   ...
2026-10-04T14:52:31.2305705Z # Subtest: sample room craft fits actual furniture and overhead walls without adding circulation obstacles
2026-10-04T14:52:31.2307197Z ok 74 - sample room craft fits actual furniture and overhead walls without adding circulation obstacles
2026-10-04T14:52:31.2308310Z   ---
2026-10-04T14:52:31.2308652Z   duration_ms: 123.664847
2026-10-04T14:52:31.2309057Z   type: 'test'
2026-10-04T14:52:31.2309416Z   ...
2026-10-04T14:52:33.4586097Z # Subtest: sample binds twenty separate residents to actual homes, counter frontages and legal routes
2026-10-04T14:52:33.4602011Z ok 75 - sample binds twenty separate residents to actual homes, counter frontages and legal routes
2026-10-04T14:52:33.4603043Z   ---
2026-10-04T14:52:33.4603527Z   duration_ms: 442.435425
2026-10-04T14:52:33.4604080Z   type: 'test'
2026-10-04T14:52:33.4604549Z   ...
2026-10-04T14:52:33.4613661Z # Subtest: actual delivery moves finite stock, debits wholesale and escrow, and pays the player once at the recipient
2026-10-04T14:52:33.4615581Z ok 76 - actual delivery moves finite stock, debits wholesale and escrow, and pays the player once at the recipient
2026-10-04T14:52:33.4616744Z   ---
2026-10-04T14:52:33.4617293Z   duration_ms: 126.402307
2026-10-04T14:52:33.4617922Z   type: 'test'
2026-10-04T14:52:33.4618445Z   ...
2026-10-04T14:52:33.4619482Z # Subtest: stock availability and shop funds cause actual successful or blocked purchases
2026-10-04T14:52:33.4621768Z ok 77 - stock availability and shop funds cause actual successful or blocked purchases
2026-10-04T14:52:33.4622789Z   ---
2026-10-04T14:52:33.4623307Z   duration_ms: 169.706403
2026-10-04T14:52:33.4623893Z   type: 'test'
2026-10-04T14:52:33.4624421Z   ...
2026-10-04T14:52:33.4625704Z # Subtest: daily schedules complete home, work, shop and courier loops regardless of visible distance or indoor context
2026-10-04T14:52:33.4627694Z ok 78 - daily schedules complete home, work, shop and courier loops regardless of visible distance or indoor context
2026-10-04T14:52:33.4628846Z   ---
2026-10-04T14:52:33.4629383Z   duration_ms: 539.520187
2026-10-04T14:52:33.4629949Z   type: 'test'
2026-10-04T14:52:33.4630739Z   ...
2026-10-04T14:52:33.4682038Z # Subtest: fixed economic ticks and persisted paths resume deterministically without repeating wages or deliveries
2026-10-04T14:52:33.4725064Z ok 79 - fixed economic ticks and persisted paths resume deterministically without repeating wages or deliveries
2026-10-04T14:52:33.4754219Z   ---
2026-10-04T14:52:33.4754784Z   duration_ms: 779.524659
2026-10-04T14:52:33.4755342Z   type: 'test'
2026-10-04T14:52:33.4755782Z   ...
2026-10-04T14:52:33.4756848Z # Subtest: corrupt or foreign snapshots cannot mint stock, money, arbitrary positions or orphan delivery payouts
2026-10-04T14:52:33.4758407Z ok 80 - corrupt or foreign snapshots cannot mint stock, money, arbitrary positions or orphan delivery payouts
2026-10-04T14:52:33.4759352Z   ---
2026-10-04T14:52:33.4759806Z   duration_ms: 154.110261
2026-10-04T14:52:33.4760309Z   type: 'test'
2026-10-04T14:52:33.4761115Z   ...
2026-10-04T14:52:33.4762130Z # Subtest: warehouse commutes board real moving trams and physically alight onto legal final pavement routes
2026-10-04T14:52:33.4763723Z ok 81 - warehouse commutes board real moving trams and physically alight onto legal final pavement routes
2026-10-04T14:52:33.4764840Z   ---
2026-10-04T14:52:33.4765420Z   duration_ms: 1083.31508
2026-10-04T14:52:33.4766051Z   type: 'test'
2026-10-04T14:52:33.4766631Z   ...
2026-10-04T14:52:33.4767822Z # Subtest: renderer streams at most twelve detailed instances while presentation never advances city state
2026-10-04T14:52:33.4769510Z ok 82 - renderer streams at most twelve detailed instances while presentation never advances city state
2026-10-04T14:52:33.4770836Z   ---
2026-10-04T14:52:33.4771420Z   duration_ms: 430.667333
2026-10-04T14:52:33.4772079Z   type: 'test'
2026-10-04T14:52:33.4772610Z   ...
2026-10-04T14:52:33.4773816Z # Subtest: restoring real in-flight fleet tickets preserves boarding, cargo and deterministic continuation
2026-10-04T14:52:33.4775609Z ok 83 - restoring real in-flight fleet tickets preserves boarding, cargo and deterministic continuation
2026-10-04T14:52:33.4776716Z   ---
2026-10-04T14:52:33.4781661Z   duration_ms: 713.743873
2026-10-04T14:52:33.4782375Z   type: 'test'
2026-10-04T14:52:33.4782948Z   ...
2026-10-04T14:52:33.4784073Z # Subtest: rewinding display time never repeats an elapsed wage slot or changes the money supply
2026-10-04T14:52:33.4785835Z ok 84 - rewinding display time never repeats an elapsed wage slot or changes the money supply
2026-10-04T14:52:33.4786827Z   ---
2026-10-04T14:52:33.4787407Z   duration_ms: 106.824805
2026-10-04T14:52:33.4788043Z   type: 'test'
2026-10-04T14:52:33.4788596Z   ...
2026-10-04T14:52:33.4789869Z # Subtest: player buys an actual stocked portion only from the staffed counter and game-owned cash funds the shop
2026-10-04T14:52:33.4791934Z ok 85 - player buys an actual stocked portion only from the staffed counter and game-owned cash funds the shop
2026-10-04T14:52:33.4793116Z   ---
2026-10-04T14:52:33.4793688Z   duration_ms: 507.179547
2026-10-04T14:52:33.4794281Z   type: 'test'
2026-10-04T14:52:33.4794842Z   ...
2026-10-04T14:52:33.4795954Z # Subtest: remote, unfunded, unstaffed, closed and sold-out retail requests never debit the game wallet
2026-10-04T14:52:33.4798232Z ok 86 - remote, unfunded, unstaffed, closed and sold-out retail requests never debit the game wallet
2026-10-04T14:52:33.4799477Z   ---
2026-10-04T14:52:33.4800082Z   duration_ms: 271.372773
2026-10-04T14:52:33.4800890Z   type: 'test'
2026-10-04T14:52:33.4801500Z   ...
2026-10-04T14:52:33.4802685Z # Subtest: runtime traffic clock controls crossing permission independently of persisted economic days
2026-10-04T14:52:33.4804387Z ok 87 - runtime traffic clock controls crossing permission independently of persisted economic days
2026-10-04T14:52:33.4805469Z   ---
2026-10-04T14:52:33.4806012Z   duration_ms: 230.075352
2026-10-04T14:52:33.4806648Z   type: 'test'
2026-10-04T14:52:33.4807190Z   ...
2026-10-04T14:52:33.4808448Z # Subtest: integrated E retail changes the sole game wallet and a saved inventory restores alongside its ledger
2026-10-04T14:52:33.4810322Z ok 88 - integrated E retail changes the sole game wallet and a saved inventory restores alongside its ledger
2026-10-04T14:52:33.4811692Z   ---
2026-10-04T14:52:33.4812239Z   duration_ms: 11337.744517
2026-10-04T14:52:33.4812881Z   type: 'test'
2026-10-04T14:52:33.4813434Z   ...
2026-10-04T14:52:33.5273556Z # Subtest: opposite-shore landmarks retain contrast across the full public harbour view
2026-10-04T14:52:33.5282985Z ok 89 - opposite-shore landmarks retain contrast across the full public harbour view
2026-10-04T14:52:33.5284026Z   ---
2026-10-04T14:52:33.5284603Z   duration_ms: 2.529361
2026-10-04T14:52:33.5285232Z   type: 'test'
2026-10-04T14:52:33.5285756Z   ...
2026-10-04T14:52:33.5286899Z # Subtest: water variants keep independent clocks, shared programs and working cloned shader hooks
2026-10-04T14:52:33.5288561Z ok 90 - water variants keep independent clocks, shared programs and working cloned shader hooks
2026-10-04T14:52:33.5289606Z   ---
2026-10-04T14:52:33.5290103Z   duration_ms: 2.362069
2026-10-04T14:52:33.5290927Z   type: 'test'
2026-10-04T14:52:33.5291461Z   ...
2026-10-04T14:52:33.5292423Z # Subtest: urban finishes separate dielectric glazing, rough mineral surfaces and metal frames
2026-10-04T14:52:33.5293840Z ok 91 - urban finishes separate dielectric glazing, rough mineral surfaces and metal frames
2026-10-04T14:52:33.5294757Z   ---
2026-10-04T14:52:33.5295270Z   duration_ms: 45.428679
2026-10-04T14:52:33.5295879Z   type: 'test'
2026-10-04T14:52:33.5296352Z   ...
2026-10-04T14:54:10.2075801Z # Subtest: normal city play boards bus, walks both decks, travels and alights at another physical stop
2026-10-04T14:54:10.2077402Z ok 92 - normal city play boards bus, walks both decks, travels and alights at another physical stop
2026-10-04T14:54:10.2079099Z   ---
2026-10-04T14:54:10.2079511Z   duration_ms: 8776.139668
2026-10-04T14:54:10.2086022Z   type: 'test'
2026-10-04T14:54:10.2086674Z   ...
2026-10-04T14:54:10.2087681Z # Subtest: normal city play boards tram, walks both decks, travels and alights at another physical stop
2026-10-04T14:54:10.2089722Z ok 93 - normal city play boards tram, walks both decks, travels and alights at another physical stop
2026-10-04T14:54:10.2091070Z   ---
2026-10-04T14:54:10.2091479Z   duration_ms: 21561.299716
2026-10-04T14:54:10.2091916Z   type: 'test'
2026-10-04T14:54:10.2092270Z   ...
2026-10-04T14:54:10.2093263Z # Subtest: normal city play boards ferry, walks both decks, travels and alights at another physical stop
2026-10-04T14:54:10.2094780Z ok 94 - normal city play boards ferry, walks both decks, travels and alights at another physical stop
2026-10-04T14:54:10.2095652Z   ---
2026-10-04T14:54:10.2096015Z   duration_ms: 21729.866
2026-10-04T14:54:10.2096458Z   type: 'test'
2026-10-04T14:54:10.2096821Z   ...
2026-10-04T14:54:10.2097732Z # Subtest: interior visits preserve street traffic, sample service clocks and resident phases
2026-10-04T14:54:10.2099136Z ok 95 - interior visits preserve street traffic, sample service clocks and resident phases
2026-10-04T14:54:10.2099967Z   ---
2026-10-04T14:54:10.2100358Z   duration_ms: 2547.426398
2026-10-04T14:54:10.2101045Z   type: 'test'
2026-10-04T14:54:10.2101417Z   ...
2026-10-04T14:54:10.2102695Z # Subtest: safeSave restores real commuting tickets, economic paths and delayed dwell before another tick
2026-10-04T14:54:10.2104272Z ok 96 - safeSave restores real commuting tickets, economic paths and delayed dwell before another tick
2026-10-04T14:54:10.2105186Z   ---
2026-10-04T14:54:10.2105546Z   duration_ms: 40169.350368
2026-10-04T14:54:10.2105993Z   type: 'test'
2026-10-04T14:54:10.2106346Z   ...
2026-10-04T14:54:10.2107209Z # Subtest: fresh binding and malformed saved sample fields leave finite clean street state
2026-10-04T14:54:10.2108542Z ok 97 - fresh binding and malformed saved sample fields leave finite clean street state
2026-10-04T14:54:10.2109353Z   ---
2026-10-04T14:54:10.2109732Z   duration_ms: 3043.521086
2026-10-04T14:54:10.2110188Z   type: 'test'
2026-10-04T14:54:10.2110813Z   ...
2026-10-04T14:54:10.2111807Z # Subtest: fixed simulation and render updates remain separate, with bounded collector-height tram wires
2026-10-04T14:54:10.2113240Z ok 98 - fixed simulation and render updates remain separate, with bounded collector-height tram wires
2026-10-04T14:54:10.2114052Z   ---
2026-10-04T14:54:10.2114366Z   duration_ms: 4588.564326
2026-10-04T14:54:10.2114742Z   type: 'test'
2026-10-04T14:54:10.2115051Z   ...
2026-10-04T14:54:10.2116327Z # Subtest: a restored south-shore signal clock controls real cars, rendered lights and crossing residents while north traffic keeps its original clock
2026-10-04T14:54:10.2118394Z ok 99 - a restored south-shore signal clock controls real cars, rendered lights and crossing residents while north traffic keeps its original clock
2026-10-04T14:54:10.2119484Z   ---
2026-10-04T14:54:10.2119797Z   duration_ms: 252.43612
2026-10-04T14:54:10.2120172Z   type: 'test'
2026-10-04T14:54:10.2120673Z   ...
2026-10-04T14:54:10.2125084Z # Subtest: ordinary city steps yield the long bus to a real resident already crossing, including after save/load
2026-10-04T14:54:10.2133411Z ok 100 - ordinary city steps yield the long bus to a real resident already crossing, including after save/load
2026-10-04T14:54:10.2134522Z   ---
2026-10-04T14:54:10.2135071Z   duration_ms: 4148.800364
2026-10-04T14:54:10.2135644Z   type: 'test'
2026-10-04T14:54:10.2136139Z   ...
2026-10-04T14:54:10.2782296Z # Subtest: harbor towers occupy land behind a continuous shore and have authored geometric crowns
2026-10-04T14:54:10.2784643Z ok 101 - harbor towers occupy land behind a continuous shore and have authored geometric crowns
2026-10-04T14:54:10.2785543Z   ---
2026-10-04T14:54:10.2786117Z   duration_ms: 39.954881
2026-10-04T14:54:10.2786537Z   type: 'test'
2026-10-04T14:54:10.2786886Z   ...
2026-10-04T14:54:10.2787753Z # Subtest: the actual eye-level promenade camera sees multiple distinct towers across open water
2026-10-04T14:54:10.2789072Z ok 102 - the actual eye-level promenade camera sees multiple distinct towers across open water
2026-10-04T14:54:10.2789835Z   ---
2026-10-04T14:54:10.2790847Z   duration_ms: 88.791382
2026-10-04T14:54:10.2791239Z   type: 'test'
2026-10-04T14:54:10.2791573Z   ...
2026-10-04T14:54:10.2792503Z # Subtest: all three harbor viewpoints are reached on existing real pavement with the full player radius
2026-10-04T14:54:10.2793927Z ok 103 - all three harbor viewpoints are reached on existing real pavement with the full player radius
2026-10-04T14:54:10.2794736Z   ---
2026-10-04T14:54:10.2795061Z   duration_ms: 362.486332
2026-10-04T14:54:10.2795456Z   type: 'test'
2026-10-04T14:54:10.2795776Z   ...
2026-10-04T14:54:10.2796711Z # Subtest: walking inland across the former support edge stays on the rendered shore and mountain triangles
2026-10-04T14:54:10.2797569Z ok 104 - walking inland across the former support edge stays on the rendered shore and mountain triangles
2026-10-04T14:54:10.2798036Z   ---
2026-10-04T14:54:10.2798229Z   duration_ms: 394.628304
2026-10-04T14:54:10.2798464Z   type: 'test'
2026-10-04T14:54:10.2798654Z   ...
2026-10-04T14:54:10.2799197Z # Subtest: view distance streams and disposes real facade details without changing skyline massing or quality
2026-10-04T14:54:10.2800230Z ok 105 - view distance streams and disposes real facade details without changing skyline massing or quality
2026-10-04T14:54:10.2801232Z   ---
2026-10-04T14:54:10.2801585Z   duration_ms: 39.875899
2026-10-04T14:54:10.2801978Z   type: 'test'
2026-10-04T14:54:10.2802306Z   ...
2026-10-04T14:54:10.2803098Z # Subtest: small window bays use metre UVs and sparse office lights follow the world clock
2026-10-04T14:54:10.2804279Z ok 106 - small window bays use metre UVs and sparse office lights follow the world clock
2026-10-04T14:54:10.2804902Z   ---
2026-10-04T14:54:10.2805101Z   duration_ms: 31.120905
2026-10-04T14:54:10.2805326Z   type: 'test'
2026-10-04T14:54:10.2805515Z   ...
2026-10-04T14:54:10.2805985Z # Subtest: every original service fits its existing street or water corridor for a whole circuit
2026-10-04T14:54:10.2806703Z ok 107 - every original service fits its existing street or water corridor for a whole circuit
2026-10-04T14:54:10.2807143Z   ---
2026-10-04T14:54:10.2807363Z   duration_ms: 1460.779226
2026-10-04T14:54:10.2807600Z   type: 'test'
2026-10-04T14:54:10.2807804Z   ...
2026-10-04T14:54:10.2808293Z # Subtest: bus: walk through the boarding door, upstairs, along the upper aisle and back downstairs
2026-10-04T14:54:10.2809042Z ok 108 - bus: walk through the boarding door, upstairs, along the upper aisle and back downstairs
2026-10-04T14:54:10.2809478Z   ---
2026-10-04T14:54:10.2809675Z   duration_ms: 150.834893
2026-10-04T14:54:10.2809902Z   type: 'test'
2026-10-04T14:54:10.2810094Z   ...
2026-10-04T14:54:10.2810897Z # Subtest: tram: walk through the boarding door, upstairs, along the upper aisle and back downstairs
2026-10-04T14:54:10.2811669Z ok 109 - tram: walk through the boarding door, upstairs, along the upper aisle and back downstairs
2026-10-04T14:54:10.2812109Z   ---
2026-10-04T14:54:10.2812305Z   duration_ms: 94.521724
2026-10-04T14:54:10.2812535Z   type: 'test'
2026-10-04T14:54:10.2812733Z   ...
2026-10-04T14:54:10.2813224Z # Subtest: ferry: walk through the boarding door, upstairs, along the upper aisle and back downstairs
2026-10-04T14:54:10.2813967Z ok 110 - ferry: walk through the boarding door, upstairs, along the upper aisle and back downstairs
2026-10-04T14:54:10.2814404Z   ---
2026-10-04T14:54:10.2814597Z   duration_ms: 174.704104
2026-10-04T14:54:10.2814821Z   type: 'test'
2026-10-04T14:54:10.2815008Z   ...
2026-10-04T14:54:10.2815709Z # Subtest: passenger seats, closed doors and end walls reject movement rather than pinning the passenger
2026-10-04T14:54:10.2816492Z ok 111 - passenger seats, closed doors and end walls reject movement rather than pinning the passenger
2026-10-04T14:54:10.2816941Z   ---
2026-10-04T14:54:10.2817130Z   duration_ms: 11.739682
2026-10-04T14:54:10.2817352Z   type: 'test'
2026-10-04T14:54:10.2817544Z   ...
2026-10-04T14:54:10.2817941Z # Subtest: ten minutes of independent timetables keep bus and tram bodies apart
2026-10-04T14:54:10.2818714Z ok 112 - ten minutes of independent timetables keep bus and tram bodies apart
2026-10-04T14:54:10.2819085Z   ---
2026-10-04T14:54:10.2819274Z   duration_ms: 739.968471
2026-10-04T14:54:10.2819499Z   type: 'test'
2026-10-04T14:54:10.2819694Z   ...
2026-10-04T14:54:10.2820145Z # Subtest: external traffic stops the bus before contact and the delayed timetable resumes
2026-10-04T14:54:10.2821149Z ok 113 - external traffic stops the bus before contact and the delayed timetable resumes
2026-10-04T14:54:10.2821563Z   ---
2026-10-04T14:54:10.2821755Z   duration_ms: 40.689384
2026-10-04T14:54:10.2821977Z   type: 'test'
2026-10-04T14:54:10.2822168Z   ...
2026-10-04T14:54:10.2822659Z # Subtest: saving restores stop dwell and delayed schedules without placing a load inside a vehicle
2026-10-04T14:54:10.2823403Z ok 114 - saving restores stop dwell and delayed schedules without placing a load inside a vehicle
2026-10-04T14:54:10.2823848Z   ---
2026-10-04T14:54:10.2831273Z   duration_ms: 22.759334
2026-10-04T14:54:10.2831726Z   type: 'test'
2026-10-04T14:54:10.2832075Z   ...
2026-10-04T14:54:10.2833138Z # Subtest: citizens board a real stop, travel in the moving cabin and alight at a different stop
2026-10-04T14:54:10.2834436Z ok 115 - citizens board a real stop, travel in the moving cabin and alight at a different stop
2026-10-04T14:54:10.2835185Z   ---
2026-10-04T14:54:10.2835513Z   duration_ms: 66.29088
2026-10-04T14:54:10.2835895Z   type: 'test'
2026-10-04T14:54:10.2836225Z   ...
2026-10-04T14:54:10.2836981Z # Subtest: a saved boarding token, door hold and citizen cabin pose continue after load
2026-10-04T14:54:10.2838216Z ok 116 - a saved boarding token, door hold and citizen cabin pose continue after load
2026-10-04T14:54:10.2838705Z   ---
2026-10-04T14:54:10.2838897Z   duration_ms: 35.280672
2026-10-04T14:54:10.2839130Z   type: 'test'
2026-10-04T14:54:10.2839326Z   ...
2026-10-04T14:54:10.2839854Z # Subtest: both ferry piers can be walked from real street height over the sea wall and match rendered support
2026-10-04T14:54:10.2841005Z ok 117 - both ferry piers can be walked from real street height over the sea wall and match rendered support
2026-10-04T14:54:10.2841486Z   ---
2026-10-04T14:54:10.2841688Z   duration_ms: 1681.464719
2026-10-04T14:54:10.2841922Z   type: 'test'
2026-10-04T14:54:10.2842110Z   ...
2026-10-04T14:54:10.2842715Z # Subtest: sixteen static batches retain all 101 original transforms, materials and shadow flags with independent bank bounds
2026-10-04T14:54:10.2843663Z ok 118 - sixteen static batches retain all 101 original transforms, materials and shadow flags with independent bank bounds
2026-10-04T14:54:10.2844198Z   ---
2026-10-04T14:54:10.2844390Z   duration_ms: 46.877996
2026-10-04T14:54:10.2844623Z   type: 'test'
2026-10-04T14:54:10.2844811Z   ...
2026-10-04T14:54:10.2845376Z # Subtest: static instances stay shared while ferry gangways, eleven canvas signs and the live fleet remain independent
2026-10-04T14:54:10.2846264Z ok 119 - static instances stay shared while ferry gangways, eleven canvas signs and the live fleet remain independent
2026-10-04T14:54:10.2846767Z   ---
2026-10-04T14:54:10.2846960Z   duration_ms: 116.435873
2026-10-04T14:54:10.2847197Z   type: 'test'
2026-10-04T14:54:10.2847388Z   ...
2026-10-04T14:54:10.2847903Z # Subtest: bus at its actual eight-metre curb lane brakes before red, restores its queue and resumes on green
2026-10-04T14:54:10.2848704Z ok 120 - bus at its actual eight-metre curb lane brakes before red, restores its queue and resumes on green
2026-10-04T14:54:10.2849175Z   ---
2026-10-04T14:54:10.2849379Z   duration_ms: 37.058052
2026-10-04T14:54:10.2849608Z   type: 'test'
2026-10-04T14:54:10.2849806Z   ...
2026-10-04T14:54:10.2850348Z # Subtest: tram at its actual eight-metre curb lane brakes before red, restores its queue and resumes on green
2026-10-04T14:54:10.2852125Z ok 121 - tram at its actual eight-metre curb lane brakes before red, restores its queue and resumes on green
2026-10-04T14:54:10.2852964Z   ---
2026-10-04T14:54:10.2853513Z   duration_ms: 48.632888
2026-10-04T14:54:10.2853902Z   type: 'test'
2026-10-04T14:54:10.2854228Z   ...
2026-10-04T14:54:10.2855066Z # Subtest: a vehicle already admitted through green clears a newly red junction after save/load
2026-10-04T14:54:10.2856345Z ok 122 - a vehicle already admitted through green clears a newly red junction after save/load
2026-10-04T14:54:10.2857096Z   ---
2026-10-04T14:54:10.2857426Z   duration_ms: 40.974925
2026-10-04T14:54:10.2857808Z   type: 'test'
2026-10-04T14:54:10.2858127Z   ...
2026-10-04T14:54:10.2859129Z # Subtest: the shared pedestrian stop-distance hook protects the bus front, persists its wait and excludes the ferry
2026-10-04T14:54:10.2860901Z ok 123 - the shared pedestrian stop-distance hook protects the bus front, persists its wait and excludes the ferry
2026-10-04T14:54:10.2861796Z   ---
2026-10-04T14:54:10.2862131Z   duration_ms: 69.027039
2026-10-04T14:54:10.2862527Z   type: 'test'
2026-10-04T14:54:10.2862758Z   ...
2026-10-04T14:54:10.2863499Z # Subtest: harbor assets have finite geometry and actual closed/open bounds inside their metre envelopes
2026-10-04T14:54:10.2865113Z ok 124 - harbor assets have finite geometry and actual closed/open bounds inside their metre envelopes
2026-10-04T14:54:10.2865797Z   ---
2026-10-04T14:54:10.2866006Z   duration_ms: 1218.359106
2026-10-04T14:54:10.2866243Z   type: 'test'
2026-10-04T14:54:10.2866438Z   ...
2026-10-04T14:54:10.2866947Z # Subtest: both decks, all portals and stair landings remain reachable by the declared passenger capsule
2026-10-04T14:54:10.2867726Z ok 125 - both decks, all portals and stair landings remain reachable by the declared passenger capsule
2026-10-04T14:54:10.2868180Z   ---
2026-10-04T14:54:10.2868375Z   duration_ms: 16.147468
2026-10-04T14:54:10.2868598Z   type: 'test'
2026-10-04T14:54:10.2868789Z   ...
2026-10-04T14:54:10.2869261Z # Subtest: open doorway geometry clears a full body at both jambs, and closed leaves block passage
2026-10-04T14:54:10.2869979Z ok 126 - open doorway geometry clears a full body at both jambs, and closed leaves block passage
2026-10-04T14:54:10.2870730Z   ---
2026-10-04T14:54:10.2871044Z   duration_ms: 578.693817
2026-10-04T14:54:10.2871446Z   type: 'test'
2026-10-04T14:54:10.2871774Z   ...
2026-10-04T14:54:10.2872477Z # Subtest: actual stair mesh and ceilings leave standing headroom across the entire companionway
2026-10-04T14:54:10.2873210Z ok 127 - actual stair mesh and ceilings leave standing headroom across the entire companionway
2026-10-04T14:54:10.2873643Z   ---
2026-10-04T14:54:10.2873842Z   duration_ms: 2351.60351
2026-10-04T14:54:10.2874070Z   type: 'test'
2026-10-04T14:54:10.2874261Z   ...
2026-10-04T14:54:10.2874773Z # Subtest: ferry support and side collision narrow with its bow rather than exposing square deck overhangs
2026-10-04T14:54:10.2875573Z ok 128 - ferry support and side collision narrow with its bow rather than exposing square deck overhangs
2026-10-04T14:54:10.2876041Z   ---
2026-10-04T14:54:10.2876259Z   duration_ms: 0.803296
2026-10-04T14:54:10.2876486Z   type: 'test'
2026-10-04T14:54:10.2876693Z   ...
2026-10-04T14:54:10.2877279Z # Subtest: LOD budgets, original provenance and material response are explicit and lighting updates are instance-local
2026-10-04T14:54:10.2878178Z ok 129 - LOD budgets, original provenance and material response are explicit and lighting updates are instance-local
2026-10-04T14:54:10.2878689Z   ---
2026-10-04T14:54:10.2878877Z   duration_ms: 30.47895
2026-10-04T14:54:10.2879091Z   type: 'test'
2026-10-04T14:54:10.2879276Z   ...
2026-10-04T14:54:10.2879816Z # Subtest: instance disposal is idempotent and preserves shared geometry used by remaining vehicles and all LODs
2026-10-04T14:54:10.2881189Z ok 130 - instance disposal is idempotent and preserves shared geometry used by remaining vehicles and all LODs
2026-10-04T14:54:10.2882094Z   ---
2026-10-04T14:54:10.2882418Z   duration_ms: 23.476485
2026-10-04T14:54:10.2882839Z   type: 'test'
2026-10-04T14:54:10.2883139Z   ...
2026-10-04T14:54:10.2883745Z # Subtest: closed cabin actually blocks the former gap above the door leaves
2026-10-04T14:54:10.2884515Z ok 131 - closed cabin actually blocks the former gap above the door leaves
2026-10-04T14:54:10.2884882Z   ---
2026-10-04T14:54:10.2885080Z   duration_ms: 164.71996
2026-10-04T14:54:10.2885305Z   type: 'test'
2026-10-04T14:54:10.2885493Z   ...
2026-10-04T14:54:10.2885942Z # Subtest: cabin occlusion follows actual camera bounds and restores city before doors open
2026-10-04T14:54:10.2886631Z ok 132 - cabin occlusion follows actual camera bounds and restores city before doors open
2026-10-04T14:54:10.2887374Z   ---
2026-10-04T14:54:10.2887688Z   duration_ms: 2611.316241
2026-10-04T14:54:10.2888096Z   type: 'test'
2026-10-04T14:54:10.2888427Z   ...
2026-10-04T14:54:10.2889338Z # Subtest: ordinary third-person camera retracts behind the safety door throughout the high lift ride
2026-10-04T14:54:10.2890937Z ok 133 - ordinary third-person camera retracts behind the safety door throughout the high lift ride
2026-10-04T14:54:10.2891762Z   ---
2026-10-04T14:54:10.2892075Z   duration_ms: 123.477762
2026-10-04T14:54:10.2892312Z   type: 'test'
2026-10-04T14:54:10.2892502Z   ...
2026-10-04T14:54:10.2893127Z # Subtest: moving lift carries the normal low-pitch camera at 60 Hz without a floor-level view
2026-10-04T14:54:10.2893858Z ok 134 - moving lift carries the normal low-pitch camera at 60 Hz without a floor-level view
2026-10-04T14:54:10.2894281Z   ---
2026-10-04T14:54:10.2894474Z   duration_ms: 121.67444
2026-10-04T14:54:10.2894697Z   type: 'test'
2026-10-04T14:54:10.2894912Z   ...
2026-10-04T14:54:10.2895361Z # Subtest: moving lift carries the normal low-pitch camera at 4 Hz without a floor-level view
2026-10-04T14:54:10.2896047Z ok 135 - moving lift carries the normal low-pitch camera at 4 Hz without a floor-level view
2026-10-04T14:54:10.2896458Z   ---
2026-10-04T14:54:10.2896644Z   duration_ms: 38.444355
2026-10-04T14:54:10.2896864Z   type: 'test'
2026-10-04T14:54:10.2897051Z   ...
2026-10-04T14:54:10.2897471Z # Subtest: west-link: a pedestrian walks up, across and down without height mutation
2026-10-04T14:54:10.2898122Z ok 136 - west-link: a pedestrian walks up, across and down without height mutation
2026-10-04T14:54:10.2898513Z   ---
2026-10-04T14:54:10.2898713Z   duration_ms: 1482.536724
2026-10-04T14:54:10.2898943Z   type: 'test'
2026-10-04T14:54:10.2899131Z   ...
2026-10-04T14:54:10.2899522Z # {"maximum":8,"maximumStep":0.010181811998556611,"seconds":87.48333333332965}
2026-10-04T14:54:10.2900123Z # Subtest: west-link: a car drives both ramps and saves on a safe ground entrance
2026-10-04T14:54:10.2901020Z ok 137 - west-link: a car drives both ramps and saves on a safe ground entrance
2026-10-04T14:54:10.2901407Z   ---
2026-10-04T14:54:10.2901604Z   duration_ms: 1132.344764
2026-10-04T14:54:10.2901834Z   type: 'test'
2026-10-04T14:54:10.2902024Z   ...
2026-10-04T14:54:10.2902422Z # {"maximum":8.001,"maximumStep":0.04337433879758379,"seconds":21.883333333333372}
2026-10-04T14:54:10.2903043Z # Subtest: east-link: a pedestrian walks up, across and down without height mutation
2026-10-04T14:54:10.2903689Z ok 138 - east-link: a pedestrian walks up, across and down without height mutation
2026-10-04T14:54:10.2904079Z   ---
2026-10-04T14:54:10.2904274Z   duration_ms: 1461.815883
2026-10-04T14:54:10.2904502Z   type: 'test'
2026-10-04T14:54:10.2904699Z   ...
2026-10-04T14:54:10.2905072Z # {"maximum":9,"maximumStep":0.01049999775308752,"seconds":130.34999999999587}
2026-10-04T14:54:10.2905656Z # Subtest: east-link: a car drives both ramps and saves on a safe ground entrance
2026-10-04T14:54:10.2906250Z ok 139 - east-link: a car drives both ramps and saves on a safe ground entrance
2026-10-04T14:54:10.2906624Z   ---
2026-10-04T14:54:10.2906822Z   duration_ms: 1679.074874
2026-10-04T14:54:10.2907051Z   type: 'test'
2026-10-04T14:54:10.2907240Z   ...
2026-10-04T14:54:10.2907617Z # {"maximum":9.001,"maximumStep":0.0447177873670066,"seconds":31.983333333332798}
2026-10-04T14:54:10.2908410Z # Subtest: a pedestrian reaches the public freight-port promenade and walks back over the sea wall
2026-10-04T14:54:10.2909450Z ok 140 - a pedestrian reaches the public freight-port promenade and walks back over the sea wall
2026-10-04T14:54:10.2909915Z   ---
2026-10-04T14:54:10.2910117Z   duration_ms: 317.990796
2026-10-04T14:54:10.2910353Z   type: 'test'
2026-10-04T14:54:10.2910953Z   ...
2026-10-04T14:54:10.2912473Z # {"outbound":{"maximum":2.4,"maximumStep":0.017683754768263338,"seconds":16.95000000000032},"inbound":{"maximum":2.4,"maximumStep":0.017683754768263338,"seconds":16.933333333332374}}
2026-10-04T14:54:10.2914081Z # Subtest: cars cross below both flyovers without being lifted onto the deck
2026-10-04T14:54:10.2915099Z ok 141 - cars cross below both flyovers without being lifted onto the deck
2026-10-04T14:54:10.2915731Z   ---
2026-10-04T14:54:10.2916053Z   duration_ms: 86.914471
2026-10-04T14:54:10.2916430Z   type: 'test'
2026-10-04T14:54:10.2916752Z   ...
2026-10-04T14:54:10.2917573Z # Subtest: added piers and street equipment leave existing north-shore traffic crossings open
2026-10-04T14:54:10.2918857Z ok 142 - added piers and street equipment leave existing north-shore traffic crossings open
2026-10-04T14:54:10.2919614Z   ---
2026-10-04T14:54:10.2920216Z   duration_ms: 626.646171
2026-10-04T14:54:10.2920792Z   type: 'test'
2026-10-04T14:54:10.2921126Z   ...
2026-10-04T14:54:10.2921970Z # Subtest: every address has an explicit entrance, frontage, roof, and unique physical signature
2026-10-04T14:54:10.2923310Z ok 143 - every address has an explicit entrance, frontage, roof, and unique physical signature
2026-10-04T14:54:10.2923925Z   ---
2026-10-04T14:54:10.2924122Z   duration_ms: 2.0573
2026-10-04T14:54:10.2924336Z   type: 'test'
2026-10-04T14:54:10.2924523Z   ...
2026-10-04T14:54:10.2925016Z # Subtest: all 192 authored display fronts are visible chunk geometry and clear the central approach
2026-10-04T14:54:10.2925772Z ok 144 - all 192 authored display fronts are visible chunk geometry and clear the central approach
2026-10-04T14:54:10.2926218Z   ---
2026-10-04T14:54:10.2926418Z   duration_ms: 5.050305
2026-10-04T14:54:10.2926641Z   type: 'test'
2026-10-04T14:54:10.2926833Z   ...
2026-10-04T14:54:10.2927313Z # Subtest: shop lettering preserves its physical aspect ratio and uses ordinary UV projection
2026-10-04T14:54:10.2928025Z ok 145 - shop lettering preserves its physical aspect ratio and uses ordinary UV projection
2026-10-04T14:54:10.2928456Z   ---
2026-10-04T14:54:10.2928655Z   duration_ms: 116.45484
2026-10-04T14:54:10.2928882Z   type: 'test'
2026-10-04T14:54:10.2929075Z   ...
2026-10-04T14:54:10.2929482Z # Subtest: upper facade ribs do not obscure retail signs or the entrance canopy
2026-10-04T14:54:10.2930081Z ok 146 - upper facade ribs do not obscure retail signs or the entrance canopy
2026-10-04T14:54:10.2930748Z   ---
2026-10-04T14:54:10.2930959Z   duration_ms: 21.423036
2026-10-04T14:54:10.2931193Z   type: 'test'
2026-10-04T14:54:10.2931391Z   ...
2026-10-04T14:54:10.2931866Z # Subtest: retail counters and collision agree at adult scale, with small goods resting on top
2026-10-04T14:54:10.2932585Z ok 147 - retail counters and collision agree at adult scale, with small goods resting on top
2026-10-04T14:54:10.2933006Z   ---
2026-10-04T14:54:10.2933210Z   duration_ms: 61.263441
2026-10-04T14:54:10.2933429Z   type: 'test'
2026-10-04T14:54:10.2933615Z   ...
2026-10-04T14:54:10.2934017Z # Subtest: human-scale motifs and curved components survive actual chunk export
2026-10-04T14:54:10.2934619Z ok 148 - human-scale motifs and curved components survive actual chunk export
2026-10-04T14:54:10.2934990Z   ---
2026-10-04T14:54:10.2935175Z   duration_ms: 396.34052
2026-10-04T14:54:10.2935393Z   type: 'test'
2026-10-04T14:54:10.2935584Z   ...
2026-10-04T14:54:10.2936034Z # Subtest: additional architectural detail stays streamed and within bounded chunk budgets
2026-10-04T14:54:10.2936721Z ok 149 - additional architectural detail stays streamed and within bounded chunk budgets
2026-10-04T14:54:10.2937136Z   ---
2026-10-04T14:54:10.2937323Z   duration_ms: 26.624252
2026-10-04T14:54:10.2937691Z   type: 'test'
2026-10-04T14:54:10.2937877Z   ...
2026-10-04T14:54:10.2938322Z # Subtest: architectural refinement retains the full wide lobby approach at every address
2026-10-04T14:54:10.2939006Z ok 150 - architectural refinement retains the full wide lobby approach at every address
2026-10-04T14:54:10.2939416Z   ---
2026-10-04T14:54:10.2939606Z   duration_ms: 36.039031
2026-10-04T14:54:10.2939829Z   type: 'test'
2026-10-04T14:54:10.2940017Z   ...
2026-10-04T14:54:10.2940767Z # Subtest: address-specific sign materials are disposed along with their streamed district
2026-10-04T14:54:10.2941674Z ok 151 - address-specific sign materials are disposed along with their streamed district
2026-10-04T14:54:10.2942097Z   ---
2026-10-04T14:54:10.2942296Z   duration_ms: 151.367941
2026-10-04T14:54:10.2942523Z   type: 'test'
2026-10-04T14:54:10.2942714Z   ...
2026-10-04T14:54:10.2943132Z # Subtest: an underpass and its upper carriageway stay independent at the same x/z
2026-10-04T14:54:10.2943749Z ok 152 - an underpass and its upper carriageway stay independent at the same x/z
2026-10-04T14:54:10.2944130Z   ---
2026-10-04T14:54:10.2944328Z   duration_ms: 6.750491
2026-10-04T14:54:10.2944794Z   type: 'test'
2026-10-04T14:54:10.2945021Z   ...
2026-10-04T14:54:10.2945599Z # Subtest: both directions of both ramps support a continuous pedestrian journey without an elevation snap
2026-10-04T14:54:10.2946471Z ok 153 - both directions of both ramps support a continuous pedestrian journey without an elevation snap
2026-10-04T14:54:10.2946962Z   ---
2026-10-04T14:54:10.2947179Z   duration_ms: 421.572657
2026-10-04T14:54:10.2947427Z   type: 'test'
2026-10-04T14:54:10.2947627Z   ...
2026-10-04T14:54:10.2948199Z # Subtest: four-wheel car support follows both complete flyovers without jumping level or striking a collider
2026-10-04T14:54:10.2949067Z ok 154 - four-wheel car support follows both complete flyovers without jumping level or striking a collider
2026-10-04T14:54:10.2949584Z   ---
2026-10-04T14:54:10.2949783Z   duration_ms: 956.292945
2026-10-04T14:54:10.2950022Z   type: 'test'
2026-10-04T14:54:10.2950210Z   ...
2026-10-04T14:54:10.2951077Z # Subtest: rendered carriageway tops agree with the analytical support profile to one centimetre
2026-10-04T14:54:10.2951866Z ok 155 - rendered carriageway tops agree with the analytical support profile to one centimetre
2026-10-04T14:54:10.2952338Z   ---
2026-10-04T14:54:10.2952542Z   duration_ms: 1.091392
2026-10-04T14:54:10.2952780Z   type: 'test'
2026-10-04T14:54:10.2952988Z   ...
2026-10-04T14:54:10.2953552Z # Subtest: cross-streets retain a clear path below the flyovers and bridge piers remain outside carriageways
2026-10-04T14:54:10.2954449Z ok 156 - cross-streets retain a clear path below the flyovers and bridge piers remain outside carriageways
2026-10-04T14:54:10.2954978Z   ---
2026-10-04T14:54:10.2955172Z   duration_ms: 26.140768
2026-10-04T14:54:10.2955415Z   type: 'test'
2026-10-04T14:54:10.2955640Z   ...
2026-10-04T14:54:10.2956164Z # Subtest: freight access rises continuously over the original seawall and reaches a real clear deck
2026-10-04T14:54:10.2956994Z ok 157 - freight access rises continuously over the original seawall and reaches a real clear deck
2026-10-04T14:54:10.2957484Z   ---
2026-10-04T14:54:10.2957692Z   duration_ms: 44.888741
2026-10-04T14:54:10.2957914Z   type: 'test'
2026-10-04T14:54:10.2958132Z   ...
2026-10-04T14:54:10.2958648Z # Subtest: station additions preserve every building entrance, transit entrance and ferry passage
2026-10-04T14:54:10.2959384Z ok 158 - station additions preserve every building entrance, transit entrance and ferry passage
2026-10-04T14:54:10.2959842Z   ---
2026-10-04T14:54:10.2960027Z   duration_ms: 11.427901
2026-10-04T14:54:10.2960244Z   type: 'test'
2026-10-04T14:54:10.2960753Z   ...
2026-10-04T14:54:10.2961446Z # Subtest: district culling hides distant detail while keeping local geometry and permanent collisions
2026-10-04T14:54:10.2963092Z ok 159 - district culling hides distant detail while keeping local geometry and permanent collisions
2026-10-04T14:54:10.2964082Z   ---
2026-10-04T14:54:10.2964425Z   duration_ms: 0.549553
2026-10-04T14:54:10.2964818Z   type: 'test'
2026-10-04T14:54:10.2965121Z   ...
2026-10-04T14:54:10.2965684Z # Subtest: entry signs face their approach routes and every sign has an opaque blank reverse
2026-10-04T14:54:10.2966593Z ok 160 - entry signs face their approach routes and every sign has an opaque blank reverse
2026-10-04T14:54:10.2967137Z   ---
2026-10-04T14:54:10.2967480Z   duration_ms: 28.392031
2026-10-04T14:54:10.3029575Z   type: 'test'
2026-10-04T14:54:10.3029915Z   ...
2026-10-04T14:54:10.3031193Z # Subtest: every one of 48 addresses has distinct furnished programmes, open entrances, and a walkable elevator route
2026-10-04T14:54:10.3032579Z ok 161 - every one of 48 addresses has distinct furnished programmes, open entrances, and a walkable elevator route
2026-10-04T14:54:10.3033283Z   ---
2026-10-04T14:54:10.3033498Z   duration_ms: 1034.73918
2026-10-04T14:54:10.3033728Z   type: 'test'
2026-10-04T14:54:10.3033944Z   ...
2026-10-04T14:54:10.3034537Z # Subtest: all natural floor plans keep furniture collision aligned with visible geometry and guard upper-floor edges
2026-10-04T14:54:10.3035637Z ok 162 - all natural floor plans keep furniture collision aligned with visible geometry and guard upper-floor edges
2026-10-04T14:54:10.3036156Z   ---
2026-10-04T14:54:10.3036357Z   duration_ms: 2467.14356
2026-10-04T14:54:10.3036588Z   type: 'test'
2026-10-04T14:54:10.3036776Z   ...
2026-10-04T14:54:10.3037353Z # Subtest: the tallest lift carries a boarded passenger continuously, closes its doors, and arrives clear of furniture
2026-10-04T14:54:10.3038249Z ok 163 - the tallest lift carries a boarded passenger continuously, closes its doors, and arrives clear of furniture
2026-10-04T14:54:10.3038879Z   ---
2026-10-04T14:54:10.3039211Z   duration_ms: 89.857518
2026-10-04T14:54:10.3039601Z   type: 'test'
2026-10-04T14:54:10.3039927Z   ...
2026-10-04T14:54:10.3041294Z # Subtest: elevator selection validates the passenger still occupies the physical cabin and forced leave clears a moving ride
2026-10-04T14:54:10.3043121Z ok 164 - elevator selection validates the passenger still occupies the physical cabin and forced leave clears a moving ride
2026-10-04T14:54:10.3044119Z   ---
2026-10-04T14:54:10.3044444Z   duration_ms: 21.180116
2026-10-04T14:54:10.3044825Z   type: 'test'
2026-10-04T14:54:10.3045145Z   ...
2026-10-04T14:54:10.3046211Z # Subtest: interiors use textured shared finishes but transparent local glazing, and refresh copied player snapshots
2026-10-04T14:54:10.3047868Z ok 165 - interiors use textured shared finishes but transparent local glazing, and refresh copied player snapshots
2026-10-04T14:54:10.3048777Z   ---
2026-10-04T14:54:10.3049102Z   duration_ms: 22.282859
2026-10-04T14:54:10.3049483Z   type: 'test'
2026-10-04T14:54:10.3049819Z   ...
2026-10-04T14:54:10.3051064Z # Subtest: entering and leaving rooms preserves the global point-light shader budget without changing outdoor daylight
2026-10-04T14:54:10.3052757Z ok 166 - entering and leaving rooms preserves the global point-light shader budget without changing outdoor daylight
2026-10-04T14:54:10.3053694Z   ---
2026-10-04T14:54:10.3054023Z   duration_ms: 55.324993
2026-10-04T14:54:10.3054405Z   type: 'test'
2026-10-04T14:54:10.3054771Z   ...
2026-10-04T14:54:10.3055796Z # Subtest: every natural stair flight carries ordinary walking up and down all occupied floors without teleporting
2026-10-04T14:54:10.3057402Z ok 167 - every natural stair flight carries ordinary walking up and down all occupied floors without teleporting
2026-10-04T14:54:10.3058257Z   ---
2026-10-04T14:54:10.3058570Z   duration_ms: 22168.391601
2026-10-04T14:54:10.3058954Z   type: 'test'
2026-10-04T14:54:10.3059259Z   ...
2026-10-04T14:54:10.3060080Z # Subtest: stair treads, nosings, landings and cutouts agree with continuous-world support geometry
2026-10-04T14:54:10.3061523Z ok 168 - stair treads, nosings, landings and cutouts agree with continuous-world support geometry
2026-10-04T14:54:10.3062472Z   ---
2026-10-04T14:54:10.3062786Z   duration_ms: 6213.256736
2026-10-04T14:54:10.3063178Z   type: 'test'
2026-10-04T14:54:10.3063511Z   ...
2026-10-04T14:54:10.3064361Z # Subtest: the upper stair opening guards its wrong end without a four-metre ground-height snap
2026-10-04T14:54:10.3065659Z ok 169 - the upper stair opening guards its wrong end without a four-metre ground-height snap
2026-10-04T14:54:10.3066426Z   ---
2026-10-04T14:54:10.3066778Z   duration_ms: 40.423469
2026-10-04T14:54:10.3067158Z   type: 'test'
2026-10-04T14:54:10.3067490Z   ...
2026-10-04T14:54:10.3068545Z # Subtest: hidden enclosed floors keep their collision and furnishings resident while the stair opening reveals adjacent floors
2026-10-04T14:54:10.3070240Z ok 170 - hidden enclosed floors keep their collision and furnishings resident while the stair opening reveals adjacent floors
2026-10-04T14:54:10.3071412Z   ---
2026-10-04T14:54:10.3071735Z   duration_ms: 9.420182
2026-10-04T14:54:10.3072123Z   type: 'test'
2026-10-04T14:54:10.3072461Z   ...
2026-10-04T14:54:10.3073344Z # Subtest: painted corridor ceilings sit below the stone slab above instead of exposing its underside
2026-10-04T14:54:10.3074859Z ok 171 - painted corridor ceilings sit below the stone slab above instead of exposing its underside
2026-10-04T14:54:10.3075897Z   ---
2026-10-04T14:54:10.3076218Z   duration_ms: 91.760514
2026-10-04T14:54:10.3076662Z   type: 'test'
2026-10-04T14:54:10.3077022Z   ...
2026-10-04T14:54:10.3078052Z # Subtest: occupied finishes retain matte microtexture and modest indirect light with the same two-point-light budget
2026-10-04T14:54:10.3078980Z ok 172 - occupied finishes retain matte microtexture and modest indirect light with the same two-point-light budget
2026-10-04T14:54:10.3079490Z   ---
2026-10-04T14:54:10.3079698Z   duration_ms: 18.400475
2026-10-04T14:54:10.3079931Z   type: 'test'
2026-10-04T14:54:10.3080144Z   ...
2026-10-04T14:54:10.3081068Z # Subtest: all 48 closed pedestrian routes remain on pavements and outside every building envelope
2026-10-04T14:54:10.3082498Z ok 173 - all 48 closed pedestrian routes remain on pavements and outside every building envelope
2026-10-04T14:54:10.3083291Z   ---
2026-10-04T14:54:10.3083509Z   duration_ms: 195.974276
2026-10-04T14:54:10.3083743Z   type: 'test'
2026-10-04T14:54:10.3083937Z   ...
2026-10-04T14:54:10.3084449Z # Subtest: population has continuous persistent identities, social groups and eight original wardrobes
2026-10-04T14:54:10.3085238Z ok 174 - population has continuous persistent identities, social groups and eight original wardrobes
2026-10-04T14:54:10.3085717Z   ---
2026-10-04T14:54:10.3085915Z   duration_ms: 724.631967
2026-10-04T14:54:10.3086146Z   type: 'test'
2026-10-04T14:54:10.3086339Z   ...
2026-10-04T14:54:10.3086832Z # Subtest: distance streaming enforces entity budgets and unloads the entire crowd beyond the city
2026-10-04T14:54:10.3087584Z ok 175 - distance streaming enforces entity budgets and unloads the entire crowd beyond the city
2026-10-04T14:54:10.3088035Z   ---
2026-10-04T14:54:10.3088236Z   duration_ms: 253.409519
2026-10-04T14:54:10.3088472Z   type: 'test'
2026-10-04T14:54:10.3088671Z   ...
2026-10-04T14:54:10.3089266Z # Subtest: pause freezes resident positions and animation time, and nearby conversations return actual local directions
2026-10-04T14:54:10.3090173Z ok 176 - pause freezes resident positions and animation time, and nearby conversations return actual local directions
2026-10-04T14:54:10.3090942Z   ---
2026-10-04T14:54:10.3091148Z   duration_ms: 18.501679
2026-10-04T14:54:10.3091377Z   type: 'test'
2026-10-04T14:54:10.3091571Z   ...
2026-10-04T14:54:10.3092050Z # Subtest: pedestrians wait for a stopped vehicle on their route without tunnelling into its body
2026-10-04T14:54:10.3092771Z ok 177 - pedestrians wait for a stopped vehicle on their route without tunnelling into its body
2026-10-04T14:54:10.3093205Z   ---
2026-10-04T14:54:10.3093392Z   duration_ms: 60.627293
2026-10-04T14:54:10.3093618Z   type: 'test'
2026-10-04T14:54:10.3093998Z   ...
2026-10-04T14:54:10.3094504Z # Subtest: wardrobe variants share cached geometry while retaining compatible animated knees and elbows
2026-10-04T14:54:10.3095290Z ok 178 - wardrobe variants share cached geometry while retaining compatible animated knees and elbows
2026-10-04T14:54:10.3095755Z   ---
2026-10-04T14:54:10.3095944Z   duration_ms: 4.201844
2026-10-04T14:54:10.3096162Z   type: 'test'
2026-10-04T14:54:10.3096351Z   ...
2026-10-04T14:54:10.3096899Z # Subtest: local collision queries match a full-population reference after movement and reuse stable body records
2026-10-04T14:54:10.3097764Z ok 179 - local collision queries match a full-population reference after movement and reuse stable body records
2026-10-04T14:54:10.3098261Z   ---
2026-10-04T14:54:10.3098448Z   duration_ms: 60.218405
2026-10-04T14:54:10.3098674Z   type: 'test'
2026-10-04T14:54:10.3098861Z   ...
2026-10-04T14:54:10.3099367Z # Subtest: all citizens have stable distinct names, district occupations and four changing daily purposes
2026-10-04T14:54:10.3100163Z ok 180 - all citizens have stable distinct names, district occupations and four changing daily purposes
2026-10-04T14:54:10.3101283Z   ---
2026-10-04T14:54:10.3101714Z   duration_ms: 5.360491
2026-10-04T14:54:10.3101954Z   type: 'test'
2026-10-04T14:54:10.3102148Z   ...
2026-10-04T14:54:10.3102693Z # Subtest: street activities are finite, social residents resume walking, and hour changes never teleport people
2026-10-04T14:54:10.3103561Z ok 181 - street activities are finite, social residents resume walking, and hour changes never teleport people
2026-10-04T14:54:10.3104048Z   ---
2026-10-04T14:54:10.3104243Z   duration_ms: 497.336787
2026-10-04T14:54:10.3104472Z   type: 'test'
2026-10-04T14:54:10.3104660Z   ...
2026-10-04T14:54:10.3105232Z # Subtest: repeated conversations expose identity, current purpose and actual local floors instead of one repeated tip
2026-10-04T14:54:10.3106139Z ok 182 - repeated conversations expose identity, current purpose and actual local floors instead of one repeated tip
2026-10-04T14:54:10.3106659Z   ---
2026-10-04T14:54:10.3106849Z   duration_ms: 3.671487
2026-10-04T14:54:10.3107067Z   type: 'test'
2026-10-04T14:54:10.3107256Z   ...
2026-10-04T14:54:10.3107761Z # Subtest: occupational props retain hand attachment, cache geometry, and fit varied anatomical bodies
2026-10-04T14:54:10.3108541Z ok 183 - occupational props retain hand attachment, cache geometry, and fit varied anatomical bodies
2026-10-04T14:54:10.3108992Z   ---
2026-10-04T14:54:10.3109183Z   duration_ms: 2.146323
2026-10-04T14:54:10.3109395Z   type: 'test'
2026-10-04T14:54:10.3109579Z   ...
2026-10-04T14:54:10.3110144Z # Subtest: real bus-bay residents stay outside the avenue and parked vehicles without adding population or fake boarding
2026-10-04T14:54:10.3111815Z ok 184 - real bus-bay residents stay outside the avenue and parked vehicles without adding population or fake boarding
2026-10-04T14:54:10.3112342Z   ---
2026-10-04T14:54:10.3112532Z   duration_ms: 126.2754
2026-10-04T14:54:10.3112766Z   type: 'test'
2026-10-04T14:54:10.3112951Z   ...
2026-10-04T14:54:10.3113448Z # Subtest: all natural floors name distinct functional areas without substituting furniture for rooms
2026-10-04T14:54:10.3114204Z ok 185 - all natural floors name distinct functional areas without substituting furniture for rooms
2026-10-04T14:54:10.3114658Z   ---
2026-10-04T14:54:10.3114845Z   duration_ms: 16.64375
2026-10-04T14:54:10.3115060Z   type: 'test'
2026-10-04T14:54:10.3115246Z   ...
2026-10-04T14:54:10.3115789Z # Subtest: every natural-floor room threshold remain reachable through the central aisle and real door openings
2026-10-04T14:54:10.3116646Z ok 186 - every natural-floor room threshold remain reachable through the central aisle and real door openings
2026-10-04T14:54:10.3117131Z   ---
2026-10-04T14:54:10.3117326Z   duration_ms: 9365.416542
2026-10-04T14:54:10.3117550Z   type: 'test'
2026-10-04T14:54:10.3117736Z   ...
2026-10-04T14:54:10.3118282Z # Subtest: distinct programmes contain their recognizable specialist equipment and real domestic subdivisions
2026-10-04T14:54:10.3119303Z ok 187 - distinct programmes contain their recognizable specialist equipment and real domestic subdivisions
2026-10-04T14:54:10.3119800Z   ---
2026-10-04T14:54:10.3119992Z   duration_ms: 731.305802
2026-10-04T14:54:10.3120216Z   type: 'test'
2026-10-04T14:54:10.3120633Z   ...
2026-10-04T14:54:10.3121186Z # Subtest: soft furniture batches share geometry and materials while snapshot exposes navigable room metadata
2026-10-04T14:54:10.3122006Z ok 188 - soft furniture batches share geometry and materials while snapshot exposes navigable room metadata
2026-10-04T14:54:10.3122480Z   ---
2026-10-04T14:54:10.3122669Z   duration_ms: 123.906841
2026-10-04T14:54:10.3122892Z   type: 'test'
2026-10-04T14:54:10.3123078Z   ...
2026-10-04T14:54:10.3123536Z # Subtest: domestic room dimensions reflect furnished homes rather than unused public halls
2026-10-04T14:54:10.3124224Z ok 189 - domestic room dimensions reflect furnished homes rather than unused public halls
2026-10-04T14:54:10.3124648Z   ---
2026-10-04T14:54:10.3124834Z   duration_ms: 3.82904
2026-10-04T14:54:10.3125048Z   type: 'test'
2026-10-04T14:54:10.3125232Z   ...
2026-10-04T14:54:10.3125857Z # Subtest: eight hospital rooms have clean bounded interiors and medical furniture within real walls
2026-10-04T14:54:10.3126611Z ok 190 - eight hospital rooms have clean bounded interiors and medical furniture within real walls
2026-10-04T14:54:10.3127046Z   ---
2026-10-04T14:54:10.3127233Z   duration_ms: 3.337405
2026-10-04T14:54:10.3127446Z   type: 'test'
2026-10-04T14:54:10.3127636Z   ...
2026-10-04T14:54:10.3128170Z # Subtest: hospital visitors can reach counters, seats, beds, handwashing and rehabilitation equipment and return
2026-10-04T14:54:10.3129009Z ok 191 - hospital visitors can reach counters, seats, beds, handwashing and rehabilitation equipment and return
2026-10-04T14:54:10.3129506Z   ---
2026-10-04T14:54:10.3129697Z   duration_ms: 29.307437
2026-10-04T14:54:10.3129926Z   type: 'test'
2026-10-04T14:54:10.3130118Z   ...
2026-10-04T14:54:10.3130858Z # Subtest: all enclosed occupied rooms have human-scale enclosures and furnishings within their walls
2026-10-04T14:54:10.3131639Z ok 192 - all enclosed occupied rooms have human-scale enclosures and furnishings within their walls
2026-10-04T14:54:10.3132084Z   ---
2026-10-04T14:54:10.3132271Z   duration_ms: 952.694393
2026-10-04T14:54:10.3132491Z   type: 'test'
2026-10-04T14:54:10.3132684Z   ...
2026-10-04T14:54:10.3133245Z # Subtest: public arrival and corridor spaces contain legible orientation, seating and programme-specific displays
2026-10-04T14:54:10.3134104Z ok 193 - public arrival and corridor spaces contain legible orientation, seating and programme-specific displays
2026-10-04T14:54:10.3134595Z   ---
2026-10-04T14:54:10.3134781Z   duration_ms: 712.147624
2026-10-04T14:54:10.3135001Z   type: 'test'
2026-10-04T14:54:10.3135198Z   ...
2026-10-04T14:54:10.3135576Z # Subtest: metro: enter, wait, board, travel and disembark at the next station
2026-10-04T14:54:10.3136138Z ok 194 - metro: enter, wait, board, travel and disembark at the next station
2026-10-04T14:54:10.3136497Z   ---
2026-10-04T14:54:10.3136686Z   duration_ms: 86.880883
2026-10-04T14:54:10.3136904Z   type: 'test'
2026-10-04T14:54:10.3137096Z   ...
2026-10-04T14:54:10.3137498Z # Subtest: light-rail: enter, wait, board, travel and disembark at the next station
2026-10-04T14:54:10.3138099Z ok 195 - light-rail: enter, wait, board, travel and disembark at the next station
2026-10-04T14:54:10.3138481Z   ---
2026-10-04T14:54:10.3138669Z   duration_ms: 3.680604
2026-10-04T14:54:10.3138888Z   type: 'test'
2026-10-04T14:54:10.3139084Z   ...
2026-10-04T14:54:10.3139482Z # Subtest: high-speed: enter, wait, board, travel and disembark at the next station
2026-10-04T14:54:10.3140077Z ok 196 - high-speed: enter, wait, board, travel and disembark at the next station
2026-10-04T14:54:10.3140663Z   ---
2026-10-04T14:54:10.3140861Z   duration_ms: 8.920188
2026-10-04T14:54:10.3141229Z   type: 'test'
2026-10-04T14:54:10.3141425Z   ...
2026-10-04T14:54:10.3141811Z # Subtest: ferry: enter, wait, board, travel and disembark at the next station
2026-10-04T14:54:10.3142380Z ok 197 - ferry: enter, wait, board, travel and disembark at the next station
2026-10-04T14:54:10.3142737Z   ---
2026-10-04T14:54:10.3142922Z   duration_ms: 9.707928
2026-10-04T14:54:10.3143138Z   type: 'test'
2026-10-04T14:54:10.3143336Z   ...
2026-10-04T14:54:10.3143815Z # Subtest: all ten stations have an initial visible service and maximum waiting time under 25 seconds
2026-10-04T14:54:10.3144557Z ok 198 - all ten stations have an initial visible service and maximum waiting time under 25 seconds
2026-10-04T14:54:10.3144991Z   ---
2026-10-04T14:54:10.3145177Z   duration_ms: 36.219647
2026-10-04T14:54:10.3145402Z   type: 'test'
2026-10-04T14:54:10.3145589Z   ...
2026-10-04T14:54:10.3146083Z # Subtest: underground platforms preserve their own floor height and cannot activate from the street
2026-10-04T14:54:10.3146841Z ok 199 - underground platforms preserve their own floor height and cannot activate from the street
2026-10-04T14:54:10.3147284Z   ---
2026-10-04T14:54:10.3147471Z   duration_ms: 1.716168
2026-10-04T14:54:10.3147800Z   type: 'test'
2026-10-04T14:54:10.3147994Z   ...
2026-10-04T14:54:10.3148440Z # Subtest: leave and reset return a platform or moving passenger to a safe street entrance
2026-10-04T14:54:10.3149100Z ok 200 - leave and reset return a platform or moving passenger to a safe street entrance
2026-10-04T14:54:10.3149499Z   ---
2026-10-04T14:54:10.3149686Z   duration_ms: 2.892126
2026-10-04T14:54:10.3149903Z   type: 'test'
2026-10-04T14:54:10.3150089Z   ...
2026-10-04T14:54:10.3150782Z # Subtest: large or invalid frame increments preserve deterministic finite vehicle poses
2026-10-04T14:54:10.3151457Z ok 201 - large or invalid frame increments preserve deterministic finite vehicle poses
2026-10-04T14:54:10.3151856Z   ---
2026-10-04T14:54:10.3152045Z   duration_ms: 23.750949
2026-10-04T14:54:10.3152263Z   type: 'test'
2026-10-04T14:54:10.3152458Z   ...
2026-10-04T14:54:10.3152915Z # Subtest: boarding requires reaching the marked platform area and an open stationary vehicle
2026-10-04T14:54:10.3153640Z ok 202 - boarding requires reaching the marked platform area and an open stationary vehicle
2026-10-04T14:54:10.3154060Z   ---
2026-10-04T14:54:10.3154244Z   duration_ms: 2.161024
2026-10-04T14:54:10.3154461Z   type: 'test'
2026-10-04T14:54:10.3154647Z   ...
2026-10-04T14:54:10.3155159Z # Subtest: station architecture and fleet share instanced resources and cull remote underground vehicles
2026-10-04T14:54:10.3155940Z ok 203 - station architecture and fleet share instanced resources and cull remote underground vehicles
2026-10-04T14:54:10.3156396Z   ---
2026-10-04T14:54:10.3156583Z   duration_ms: 189.568554
2026-10-04T14:54:10.3156806Z   type: 'test'
2026-10-04T14:54:10.3156991Z   ...
2026-10-04T14:54:10.3157515Z # Subtest: underground and elevated station roofs clip a steep camera boom without altering walking collision
2026-10-04T14:54:10.3158336Z ok 204 - underground and elevated station roofs clip a steep camera boom without altering walking collision
2026-10-04T14:54:10.3158804Z   ---
2026-10-04T14:54:10.3158989Z   duration_ms: 4.079748
2026-10-04T14:54:10.3159202Z   type: 'test'
2026-10-04T14:54:10.3159385Z   ...
2026-10-04T14:54:10.3159814Z # Subtest: ferry entrance signage supports stay above an approaching pedestrian camera
2026-10-04T14:54:10.3160715Z ok 205 - ferry entrance signage supports stay above an approaching pedestrian camera
2026-10-04T14:54:10.3161132Z   ---
2026-10-04T14:54:10.3161322Z   duration_ms: 80.786677
2026-10-04T14:54:10.3161539Z   type: 'test'
2026-10-04T14:54:10.3161725Z   ...
2026-10-04T14:54:10.3162203Z # Subtest: every station returns the player to rendered street ground clear of all world obstacles
2026-10-04T14:54:10.3162915Z ok 206 - every station returns the player to rendered street ground clear of all world obstacles
2026-10-04T14:54:10.3163349Z   ---
2026-10-04T14:54:10.3163686Z   duration_ms: 1059.487262
2026-10-04T14:54:10.3163912Z   type: 'test'
2026-10-04T14:54:10.3164107Z   ...
2026-10-04T14:54:10.3164632Z # Subtest: the ferry passenger stands on the forward deck clear of furniture with an unobstructed forward view
2026-10-04T14:54:10.3165438Z ok 207 - the ferry passenger stands on the forward deck clear of furniture with an unobstructed forward view
2026-10-04T14:54:10.3165906Z   ---
2026-10-04T14:54:10.3166092Z   duration_ms: 52.483845
2026-10-04T14:54:10.3166310Z   type: 'test'
2026-10-04T14:54:10.3166501Z   ...
2026-10-04T14:54:10.3166942Z # Subtest: ferry entrance sign planes retract the default chase boom on both landward exits
2026-10-04T14:54:10.3167611Z ok 208 - ferry entrance sign planes retract the default chase boom on both landward exits
2026-10-04T14:54:10.3168019Z   ---
2026-10-04T14:54:10.3168204Z   duration_ms: 47.924004
2026-10-04T14:54:10.3168423Z   type: 'test'
2026-10-04T14:54:10.3168619Z   ...
2026-10-04T14:54:10.3169146Z # Subtest: all three metro stations can be walked down and back up with the real player capsule and no teleport
2026-10-04T14:54:10.3170084Z ok 209 - all three metro stations can be walked down and back up with the real player capsule and no teleport
2026-10-04T14:54:10.3170795Z   ---
2026-10-04T14:54:10.3170998Z   duration_ms: 257.795474
2026-10-04T14:54:10.3171223Z   type: 'test'
2026-10-04T14:54:10.3171418Z   ...
2026-10-04T14:54:10.3171907Z # Subtest: metro upper streets, lower platforms and switchback stairs keep their independent heights
2026-10-04T14:54:10.3172659Z ok 210 - metro upper streets, lower platforms and switchback stairs keep their independent heights
2026-10-04T14:54:10.3173100Z   ---
2026-10-04T14:54:10.3173291Z   duration_ms: 0.401307
2026-10-04T14:54:10.3173517Z   type: 'test'
2026-10-04T14:54:10.3173728Z   ...
2026-10-04T14:54:10.3174224Z # Subtest: metro gate turns remain walkable in both directions throughout the bounded endpoint margin
2026-10-04T14:54:10.3174969Z ok 211 - metro gate turns remain walkable in both directions throughout the bounded endpoint margin
2026-10-04T14:54:10.3175422Z   ---
2026-10-04T14:54:10.3175610Z   duration_ms: 122.88788
2026-10-04T14:54:10.3175831Z   type: 'test'
2026-10-04T14:54:10.3176027Z   ...
2026-10-04T14:54:10.3176551Z # Subtest: rendered metro treads match the physical walking slope within one riser, with clear headroom
2026-10-04T14:54:10.3177310Z ok 212 - rendered metro treads match the physical walking slope within one riser, with clear headroom
2026-10-04T14:54:10.3177752Z   ---
2026-10-04T14:54:10.3177936Z   duration_ms: 977.60386
2026-10-04T14:54:10.3178162Z   type: 'test'
2026-10-04T14:54:10.3178346Z   ...
2026-10-04T14:54:10.3178878Z # Subtest: upper metro stairs see a solid retaining wall above the covered landing instead of the world underside
2026-10-04T14:54:10.3179711Z ok 213 - upper metro stairs see a solid retaining wall above the covered landing instead of the world underside
2026-10-04T14:54:10.3180187Z   ---
2026-10-04T14:54:10.3180565Z   duration_ms: 264.054018
2026-10-04T14:54:10.3180820Z   type: 'test'
2026-10-04T14:54:10.3181013Z   ...
2026-10-04T14:54:10.3181540Z # Subtest: every animated train-door batch has a stable conservative envelope for both open and closed poses
2026-10-04T14:54:10.3182353Z ok 214 - every animated train-door batch has a stable conservative envelope for both open and closed poses
2026-10-04T14:54:10.3182825Z   ---
2026-10-04T14:54:10.3183008Z   duration_ms: 51.422171
2026-10-04T14:54:10.3183226Z   type: 'test'
2026-10-04T14:54:10.3183425Z   ...
2026-10-04T14:54:10.3183924Z # Subtest: offscreen above-ground train doors cull for a metro viewer while doors inside the view remain
2026-10-04T14:54:10.3184699Z ok 215 - offscreen above-ground train doors cull for a metro viewer while doors inside the view remain
2026-10-04T14:54:10.3185148Z   ---
2026-10-04T14:54:10.3185331Z   duration_ms: 35.693268
2026-10-04T14:54:10.3185551Z   type: 'test'
2026-10-04T14:54:10.3185737Z   ...
2026-10-04T14:54:10.3186245Z # Subtest: 48 permanent addresses have unique identity, continuous natural storeys, and distinct programmes
2026-10-04T14:54:10.3187194Z ok 216 - 48 permanent addresses have unique identity, continuous natural storeys, and distinct programmes
2026-10-04T14:54:10.3187663Z   ---
2026-10-04T14:54:10.3187848Z   duration_ms: 4.544443
2026-10-04T14:54:10.3188061Z   type: 'test'
2026-10-04T14:54:10.3188242Z   ...
2026-10-04T14:54:10.3188639Z # Subtest: every south entrance has a physical street approach and a door opening
2026-10-04T14:54:10.3189238Z ok 217 - every south entrance has a physical street approach and a door opening
2026-10-04T14:54:10.3189614Z   ---
2026-10-04T14:54:10.3189802Z   duration_ms: 3.460194
2026-10-04T14:54:10.3190014Z   type: 'test'
2026-10-04T14:54:10.3190198Z   ...
2026-10-04T14:54:10.3190858Z # Subtest: permanent road lanes remain free of building collision with unloaded districts
2026-10-04T14:54:10.3191534Z ok 218 - permanent road lanes remain free of building collision with unloaded districts
2026-10-04T14:54:10.3191945Z   ---
2026-10-04T14:54:10.3192129Z   duration_ms: 22.82253
2026-10-04T14:54:10.3192341Z   type: 'test'
2026-10-04T14:54:10.3192526Z   ...
2026-10-04T14:54:10.3193047Z # Subtest: bridge deck joins both shores continuously, with no abrupt end slope
2026-10-04T14:54:10.3193643Z ok 219 - bridge deck joins both shores continuously, with no abrupt end slope
2026-10-04T14:54:10.3194060Z   ---
2026-10-04T14:54:10.3194250Z   duration_ms: 0.593976
2026-10-04T14:54:10.3194465Z   type: 'test'
2026-10-04T14:54:10.3194649Z   ...
2026-10-04T14:54:10.3195058Z # Subtest: north ferry, metro, light rail and high-speed station approaches stay open
2026-10-04T14:54:10.3195687Z ok 220 - north ferry, metro, light rail and high-speed station approaches stay open
2026-10-04T14:54:10.3196073Z   ---
2026-10-04T14:54:10.3196258Z   duration_ms: 0.4137
2026-10-04T14:54:10.3196482Z   type: 'test'
2026-10-04T14:54:10.3196671Z   ...
2026-10-04T14:54:10.3197112Z # Subtest: export contains twelve real validated chunks with independent detailed geometry
2026-10-04T14:54:10.3197795Z ok 221 - export contains twelve real validated chunks with independent detailed geometry
2026-10-04T14:54:10.3198210Z   ---
2026-10-04T14:54:10.3198407Z   duration_ms: 40.795526
2026-10-04T14:54:10.3198633Z   type: 'test'
2026-10-04T14:54:10.3198820Z   ...
2026-10-04T14:54:10.3199198Z # Subtest: entering one address hides just its shell and exiting restores it
2026-10-04T14:54:10.3199765Z ok 222 - entering one address hides just its shell and exiting restores it
2026-10-04T14:54:10.3200121Z   ---
2026-10-04T14:54:10.3200306Z   duration_ms: 70.492212
2026-10-04T14:54:10.3200770Z   type: 'test'
2026-10-04T14:54:10.3200968Z   ...
2026-10-04T14:54:10.3201397Z # Subtest: runtime fetches nearby JSON and actually disposes detail after moving away
2026-10-04T14:54:10.3202034Z ok 223 - runtime fetches nearby JSON and actually disposes detail after moving away
2026-10-04T14:54:10.3202424Z   ---
2026-10-04T14:54:10.3202616Z   duration_ms: 108.200312
2026-10-04T14:54:10.3202841Z   type: 'test'
2026-10-04T14:54:10.3203036Z   ...
2026-10-04T14:54:10.3203448Z # Subtest: streaming startup retains no authored detail transforms before any fetch
2026-10-04T14:54:10.3204074Z ok 224 - streaming startup retains no authored detail transforms before any fetch
2026-10-04T14:54:10.3204456Z   ---
2026-10-04T14:54:10.3204645Z   duration_ms: 19.406419
2026-10-04T14:54:10.3204866Z   type: 'test'
2026-10-04T14:54:10.3205051Z   ...
2026-10-04T14:54:10.3205547Z # Subtest: paving keeps every doorway covered while an occupied lobby has exactly one visible y=0 floor
2026-10-04T14:54:10.3206327Z ok 225 - paving keeps every doorway covered while an occupied lobby has exactly one visible y=0 floor
2026-10-04T14:54:10.3206777Z   ---
2026-10-04T14:54:10.3206967Z   duration_ms: 2484.562311
2026-10-04T14:54:10.3207195Z   type: 'test'
2026-10-04T14:54:10.3207382Z   ...
2026-10-04T14:54:10.3207924Z # Subtest: distance LOD preserves the hero car and reduces distant geometry without changing its collision envelope
2026-10-04T14:54:10.3208930Z ok 226 - distance LOD preserves the hero car and reduces distant geometry without changing its collision envelope
2026-10-04T14:54:10.3209419Z   ---
2026-10-04T14:54:10.3209615Z   duration_ms: 411.450898
2026-10-04T14:54:10.3209836Z   type: 'test'
2026-10-04T14:54:10.3210023Z   ...
2026-10-04T14:54:10.3210657Z # Subtest: distant pedestrians retain animated joints and original human dimensions
2026-10-04T14:54:10.3211329Z ok 227 - distant pedestrians retain animated joints and original human dimensions
2026-10-04T14:54:10.3211729Z   ---
2026-10-04T14:54:10.3211924Z   duration_ms: 120.803684
2026-10-04T14:54:10.3212152Z   type: 'test'
2026-10-04T14:54:10.3212343Z   ...
2026-10-04T14:54:10.3212808Z # Subtest: removing a car disposes owned paint and lights while preserving shared LOD geometry
2026-10-04T14:54:10.3213526Z ok 228 - removing a car disposes owned paint and lights while preserving shared LOD geometry
2026-10-04T14:54:10.3213950Z   ---
2026-10-04T14:54:10.3214138Z   duration_ms: 154.935927
2026-10-04T14:54:10.3214366Z   type: 'test'
2026-10-04T14:54:10.3214557Z   ...
2026-10-04T14:54:10.3215212Z # Subtest: real room service joins two clients, streams movement/chat, isolates rooms and rejects invalid packets
2026-10-04T14:54:10.3216061Z ok 229 - real room service joins two clients, streams movement/chat, isolates rooms and rejects invalid packets
2026-10-04T14:54:10.3216536Z   ---
2026-10-04T14:54:10.3216724Z   duration_ms: 1002.447562
2026-10-04T14:54:10.3216945Z   type: 'test'
2026-10-04T14:54:10.3217129Z   ...
2026-10-04T14:54:10.3217482Z # Subtest: vehicle claims are exclusive and leaving releases ownership
2026-10-04T14:54:10.3218007Z ok 230 - vehicle claims are exclusive and leaving releases ownership
2026-10-04T14:54:10.3218347Z   ---
2026-10-04T14:54:10.3218536Z   duration_ms: 19.934986
2026-10-04T14:54:10.3218758Z   type: 'test'
2026-10-04T14:54:10.3218943Z   ...
2026-10-04T14:54:10.3219481Z # Subtest: room capacity is enforced and peer interpolation follows shortest angles without interpolating travel
2026-10-04T14:54:10.3220339Z ok 231 - room capacity is enforced and peer interpolation follows shortest angles without interpolating travel
2026-10-04T14:54:10.3221115Z   ---
2026-10-04T14:54:10.3221328Z   duration_ms: 36.251814
2026-10-04T14:54:10.3221551Z   type: 'test'
2026-10-04T14:54:10.3221738Z   ...
2026-10-04T14:54:10.3222221Z # Subtest: traffic follows the same street route while the player uses an indoor collision context
2026-10-04T14:54:10.3222952Z ok 232 - traffic follows the same street route while the player uses an indoor collision context
2026-10-04T14:54:10.3223390Z   ---
2026-10-04T14:54:10.3223581Z   duration_ms: 3178.109479
2026-10-04T14:54:10.3223805Z   type: 'test'
2026-10-04T14:54:10.3223993Z   ...
2026-10-04T14:54:10.3224423Z # Subtest: background traffic restores indoor data after an invalid road update throws
2026-10-04T14:54:10.3225074Z ok 233 - background traffic restores indoor data after an invalid road update throws
2026-10-04T14:54:10.3225472Z   ---
2026-10-04T14:54:10.3225664Z   duration_ms: 2.031541
2026-10-04T14:54:10.3225883Z   type: 'test'
2026-10-04T14:54:10.3226072Z   ...
2026-10-04T14:54:10.3226516Z # Subtest: precision input crosses a 1.6 metre doorway at four rendered frames per second
2026-10-04T14:54:10.3227174Z ok 234 - precision input crosses a 1.6 metre doorway at four rendered frames per second
2026-10-04T14:54:10.3227576Z   ---
2026-10-04T14:54:10.3227768Z   duration_ms: 25.056488
2026-10-04T14:54:10.3227988Z   type: 'test'
2026-10-04T14:54:10.3228173Z   ...
2026-10-04T14:54:10.3228659Z # Subtest: normal and sprint speeds stay intact; precision overrides sprint without draining stamina
2026-10-04T14:54:10.3229402Z ok 235 - normal and sprint speeds stay intact; precision overrides sprint without draining stamina
2026-10-04T14:54:10.3229841Z   ---
2026-10-04T14:54:10.3230029Z   duration_ms: 5.527558
2026-10-04T14:54:10.3230242Z   type: 'test'
2026-10-04T14:54:10.3230643Z   ...
2026-10-04T14:54:10.3231112Z # Subtest: double-decker hull blocks feet above sedan height and preserves its actual span
2026-10-04T14:54:10.3231955Z ok 236 - double-decker hull blocks feet above sedan height and preserves its actual span
2026-10-04T14:54:10.3232373Z   ---
2026-10-04T14:54:10.3232566Z   duration_ms: 2.343061
2026-10-04T14:54:10.3232781Z   type: 'test'
2026-10-04T14:54:10.3232968Z   ...
2026-10-04T14:54:10.3233403Z # Subtest: fresh saves have bounded values; corrupt and incompatible saves recover safely
2026-10-04T14:54:10.3234061Z ok 237 - fresh saves have bounded values; corrupt and incompatible saves recover safely
2026-10-04T14:54:10.3234461Z   ---
2026-10-04T14:54:10.3234645Z   duration_ms: 2.230492
2026-10-04T14:54:10.3234859Z   type: 'test'
2026-10-04T14:54:10.3235048Z   ...
2026-10-04T14:54:10.3235438Z # Subtest: walking respects camera orientation, bounds and solid buildings
2026-10-04T14:54:10.3235992Z ok 238 - walking respects camera orientation, bounds and solid buildings
2026-10-04T14:54:10.3236347Z   ---
2026-10-04T14:54:10.3236535Z   duration_ms: 51.719186
2026-10-04T14:54:10.3236759Z   type: 'test'
2026-10-04T14:54:10.3236944Z   ...
2026-10-04T14:54:10.3237312Z # Subtest: diagonal movement is normalized and sprint consumes stamina
2026-10-04T14:54:10.3237951Z ok 239 - diagonal movement is normalized and sprint consumes stamina
2026-10-04T14:54:10.3238308Z   ---
2026-10-04T14:54:10.3238502Z   duration_ms: 44.059689
2026-10-04T14:54:10.3238725Z   type: 'test'
2026-10-04T14:54:10.3238915Z   ...
2026-10-04T14:54:10.3239337Z # Subtest: strafe-right follows the rendered camera right vector in both directions
2026-10-04T14:54:10.3239969Z ok 240 - strafe-right follows the rendered camera right vector in both directions
2026-10-04T14:54:10.3240535Z   ---
2026-10-04T14:54:10.3240770Z   duration_ms: 9.776277
2026-10-04T14:54:10.3240995Z   type: 'test'
2026-10-04T14:54:10.3241186Z   ...
2026-10-04T14:54:10.3241533Z # Subtest: jump lands, and holding jump does not repeatedly bounce
2026-10-04T14:54:10.3242030Z ok 241 - jump lands, and holding jump does not repeatedly bounce
2026-10-04T14:54:10.3242364Z   ---
2026-10-04T14:54:10.3242554Z   duration_ms: 10.463326
2026-10-04T14:54:10.3242774Z   type: 'test'
2026-10-04T14:54:10.3242964Z   ...
2026-10-04T14:54:10.3243431Z # Subtest: entering requires proximity; exiting needs low speed and an unobstructed location
2026-10-04T14:54:10.3244131Z ok 242 - entering requires proximity; exiting needs low speed and an unobstructed location
2026-10-04T14:54:10.3244551Z   ---
2026-10-04T14:54:10.3244741Z   duration_ms: 4.33548
2026-10-04T14:54:10.3244954Z   type: 'test'
2026-10-04T14:54:10.3245141Z   ...
2026-10-04T14:54:10.3245454Z # Subtest: fast vehicles cannot tunnel through a thin wall
2026-10-04T14:54:10.3245883Z ok 243 - fast vehicles cannot tunnel through a thin wall
2026-10-04T14:54:10.3246182Z   ---
2026-10-04T14:54:10.3246365Z   duration_ms: 24.698292
2026-10-04T14:54:10.3246581Z   type: 'test'
2026-10-04T14:54:10.3246766Z   ...
2026-10-04T14:54:10.3247124Z # Subtest: braking reduces speed, reversing and steering remain bounded
2026-10-04T14:54:10.3247667Z ok 244 - braking reduces speed, reversing and steering remain bounded
2026-10-04T14:54:10.3248016Z   ---
2026-10-04T14:54:10.3248202Z   duration_ms: 69.136535
2026-10-04T14:54:10.3248422Z   type: 'test'
2026-10-04T14:54:10.3248611Z   ...
2026-10-04T14:54:10.3248951Z # Subtest: courier checkpoints require a vehicle and correct order
2026-10-04T14:54:10.3249446Z ok 245 - courier checkpoints require a vehicle and correct order
2026-10-04T14:54:10.3249774Z   ---
2026-10-04T14:54:10.3249957Z   duration_ms: 3.48159
2026-10-04T14:54:10.3250170Z   type: 'test'
2026-10-04T14:54:10.3250584Z   ...
2026-10-04T14:54:10.3251010Z # Subtest: first clear pays exactly once, including after save/reload and replay
2026-10-04T14:54:10.3251609Z ok 246 - first clear pays exactly once, including after save/reload and replay
2026-10-04T14:54:10.3251983Z   ---
2026-10-04T14:54:10.3252170Z   duration_ms: 5.493976
2026-10-04T14:54:10.3252390Z   type: 'test'
2026-10-04T14:54:10.3252579Z   ...
2026-10-04T14:54:10.3253115Z # Subtest: expired missions fail without rewards and cancellation permits retry
2026-10-04T14:54:10.3253720Z ok 247 - expired missions fail without rewards and cancellation permits retry
2026-10-04T14:54:10.3254094Z   ---
2026-10-04T14:54:10.3254284Z   duration_ms: 1.45093
2026-10-04T14:54:10.3254500Z   type: 'test'
2026-10-04T14:54:10.3254689Z   ...
2026-10-04T14:54:10.3255084Z # Subtest: escape mission waits for wanted to clear before permitting the finish
2026-10-04T14:54:10.3255681Z ok 248 - escape mission waits for wanted to clear before permitting the finish
2026-10-04T14:54:10.3256052Z   ---
2026-10-04T14:54:10.3256243Z   duration_ms: 268.569362
2026-10-04T14:54:10.3256467Z   type: 'test'
2026-10-04T14:54:10.3256662Z   ...
2026-10-04T14:54:10.3257121Z # Subtest: shots consume ammunition, hit cars only along clear sightlines, and trigger pursuit
2026-10-04T14:54:10.3257825Z ok 249 - shots consume ammunition, hit cars only along clear sightlines, and trigger pursuit
2026-10-04T14:54:10.3258251Z   ---
2026-10-04T14:54:10.3258442Z   duration_ms: 21.643018
2026-10-04T14:54:10.3258663Z   type: 'test'
2026-10-04T14:54:10.3258847Z   ...
2026-10-04T14:54:10.3259281Z # Subtest: empty magazine reloads without negative ammunition
2026-10-04T14:54:10.3259756Z ok 250 - empty magazine reloads without negative ammunition
2026-10-04T14:54:10.3260069Z   ---
2026-10-04T14:54:10.3260258Z   duration_ms: 134.768024
2026-10-04T14:54:10.3260682Z   type: 'test'
2026-10-04T14:54:10.3260871Z   ...
2026-10-04T14:54:10.3261249Z # Subtest: wanted decays outside patrol sight and stays active inside sight
2026-10-04T14:54:10.3261813Z ok 251 - wanted decays outside patrol sight and stays active inside sight
2026-10-04T14:54:10.3262168Z   ---
2026-10-04T14:54:10.3262354Z   duration_ms: 528.893508
2026-10-04T14:54:10.3262574Z   type: 'test'
2026-10-04T14:54:10.3262762Z   ...
2026-10-04T14:54:10.3263110Z # Subtest: police movement remains on roads and cannot cross buildings
2026-10-04T14:54:10.3263642Z ok 252 - police movement remains on roads and cannot cross buildings
2026-10-04T14:54:10.3263987Z   ---
2026-10-04T14:54:10.3264177Z   duration_ms: 271.043069
2026-10-04T14:54:10.3264396Z   type: 'test'
2026-10-04T14:54:10.3264584Z   ...
2026-10-04T14:54:10.3264957Z # Subtest: traffic moves on its route and a vehicle collision raises wanted
2026-10-04T14:54:10.3265507Z ok 253 - traffic moves on its route and a vehicle collision raises wanted
2026-10-04T14:54:10.3265860Z   ---
2026-10-04T14:54:10.3266045Z   duration_ms: 26.130269
2026-10-04T14:54:10.3266263Z   type: 'test'
2026-10-04T14:54:10.3266449Z   ...
2026-10-04T14:54:10.3266819Z # Subtest: recovery clears transient state and charges only available funds
2026-10-04T14:54:10.3267375Z ok 254 - recovery clears transient state and charges only available funds
2026-10-04T14:54:10.3267732Z   ---
2026-10-04T14:54:10.3267919Z   duration_ms: 3.144686
2026-10-04T14:54:10.3268137Z   type: 'test'
2026-10-04T14:54:10.3268326Z   ...
2026-10-04T14:54:10.3268720Z # Subtest: repair charges only when needed and disallows repairs during pursuit
2026-10-04T14:54:10.3269324Z ok 255 - repair charges only when needed and disallows repairs during pursuit
2026-10-04T14:54:10.3269698Z   ---
2026-10-04T14:54:10.3269886Z   duration_ms: 2.483695
2026-10-04T14:54:10.3270102Z   type: 'test'
2026-10-04T14:54:10.3270284Z   ...
2026-10-04T14:54:10.3270857Z # Subtest: repair never charges a healthy pedestrian with no nearby vehicle
2026-10-04T14:54:10.3271412Z ok 256 - repair never charges a healthy pedestrian with no nearby vehicle
2026-10-04T14:54:10.3271767Z   ---
2026-10-04T14:54:10.3271952Z   duration_ms: 1.757363
2026-10-04T14:54:10.3272167Z   type: 'test'
2026-10-04T14:54:10.3272352Z   ...
2026-10-04T14:54:10.3272769Z # Subtest: reset restores a fresh game and discarded runtime state is absent from saves
2026-10-04T14:54:10.3273402Z ok 257 - reset restores a fresh game and discarded runtime state is absent from saves
2026-10-04T14:54:10.3273806Z   ---
2026-10-04T14:54:10.3274000Z   duration_ms: 5.2145
2026-10-04T14:54:10.3274352Z   type: 'test'
2026-10-04T14:54:10.3274538Z   ...
2026-10-04T14:54:10.3275050Z # Subtest: vehicle bumpers remain solid during a damage cooldown without oscillating while throttle is held
2026-10-04T14:54:10.3275856Z ok 258 - vehicle bumpers remain solid during a damage cooldown without oscillating while throttle is held
2026-10-04T14:54:10.3276352Z   ---
2026-10-04T14:54:10.3276542Z   duration_ms: 251.305388
2026-10-04T14:54:10.3276764Z   type: 'test'
2026-10-04T14:54:10.3276952Z   ...
2026-10-04T14:54:10.3277354Z # Subtest: parked cars block a walking character with their full bumper footprint
2026-10-04T14:54:10.3277955Z ok 259 - parked cars block a walking character with their full bumper footprint
2026-10-04T14:54:10.3278331Z   ---
2026-10-04T14:54:10.3278519Z   duration_ms: 31.182969
2026-10-04T14:54:10.3278738Z   type: 'test'
2026-10-04T14:54:10.3278925Z   ...
2026-10-04T14:54:10.3279222Z # Subtest: walking ignores a destroyed invisible vehicle
2026-10-04T14:54:10.3279649Z ok 260 - walking ignores a destroyed invisible vehicle
2026-10-04T14:54:10.3279955Z   ---
2026-10-04T14:54:10.3280142Z   duration_ms: 7.017908
2026-10-04T14:54:10.3280552Z   type: 'test'
2026-10-04T14:54:10.3280935Z   ...
2026-10-04T14:54:10.3281299Z # Subtest: entering a nearby car cannot teleport through a thin wall
2026-10-04T14:54:10.3281810Z ok 261 - entering a nearby car cannot teleport through a thin wall
2026-10-04T14:54:10.3282156Z   ---
2026-10-04T14:54:10.3282348Z   duration_ms: 2.526474
2026-10-04T14:54:10.3282566Z   type: 'test'
2026-10-04T14:54:10.3282752Z   ...
2026-10-04T14:54:10.3283142Z # Subtest: an exit destination beyond a thin wall is rejected even if the destination itself is clear
2026-10-04T14:54:10.3283523Z ok 262 - an exit destination beyond a thin wall is rejected even if the destination itself is clear
2026-10-04T14:54:10.3283609Z   ---
2026-10-04T14:54:10.3283703Z   duration_ms: 3.421121
2026-10-04T14:54:10.3283786Z   type: 'test'
2026-10-04T14:54:10.3283869Z   ...
2026-10-04T14:54:10.3284276Z # Subtest: unsafe saved positions use a validated fallback, including when the default spawn is blocked
2026-10-04T14:54:10.3284653Z ok 263 - unsafe saved positions use a validated fallback, including when the default spawn is blocked
2026-10-04T14:54:10.3284735Z   ---
2026-10-04T14:54:10.3284823Z   duration_ms: 3.39942
2026-10-04T14:54:10.3284912Z   type: 'test'
2026-10-04T14:54:10.3284991Z   ...
2026-10-04T14:54:10.3285329Z # Subtest: oncoming NPC traffic stops at contact instead of passing through other traffic
2026-10-04T14:54:10.3285656Z ok 264 - oncoming NPC traffic stops at contact instead of passing through other traffic
2026-10-04T14:54:10.3285737Z   ---
2026-10-04T14:54:10.3285827Z   duration_ms: 142.28735
2026-10-04T14:54:10.3285914Z   type: 'test'
2026-10-04T14:54:10.3285995Z   ...
2026-10-04T14:54:10.3286309Z # Subtest: jumping beneath a canopy clamps upward motion without horizontal ejection
2026-10-04T14:54:10.3286612Z ok 265 - jumping beneath a canopy clamps upward motion without horizontal ejection
2026-10-04T14:54:10.3286692Z   ---
2026-10-04T14:54:10.3286784Z   duration_ms: 14.139079
2026-10-04T14:54:10.3286870Z   type: 'test'
2026-10-04T14:54:10.3286944Z   ...
2026-10-04T14:54:10.3287307Z # Subtest: a jump can land on a low solid, remain supported and jump again without being ejected
2026-10-04T14:54:10.3287647Z ok 266 - a jump can land on a low solid, remain supported and jump again without being ejected
2026-10-04T14:54:10.3287722Z   ---
2026-10-04T14:54:10.3287816Z   duration_ms: 22.573351
2026-10-04T14:54:10.3287903Z   type: 'test'
2026-10-04T14:54:10.3287978Z   ...
2026-10-04T14:54:10.3288374Z # Subtest: an entirely obstructed world fails explicitly instead of placing the player inside a wall
2026-10-04T14:54:10.3288741Z ok 267 - an entirely obstructed world fails explicitly instead of placing the player inside a wall
2026-10-04T14:54:10.3288824Z   ---
2026-10-04T14:54:10.3288919Z   duration_ms: 80.655797
2026-10-04T14:54:10.3289001Z   type: 'test'
2026-10-04T14:54:10.3289204Z   ...
2026-10-04T14:54:10.3289532Z # Subtest: boarding respects the road level when a vehicle is directly below the player
2026-10-04T14:54:10.3289843Z ok 268 - boarding respects the road level when a vehicle is directly below the player
2026-10-04T14:54:10.3289926Z   ---
2026-10-04T14:54:10.3290020Z   duration_ms: 1.087906
2026-10-04T14:54:10.3290101Z   type: 'test'
2026-10-04T14:54:10.3290180Z   ...
2026-10-04T14:54:10.3290788Z # Subtest: exiting an elevated vehicle sweeps the door at deck height and stays on the deck
2026-10-04T14:54:10.3291137Z ok 269 - exiting an elevated vehicle sweeps the door at deck height and stays on the deck
2026-10-04T14:54:10.3291222Z   ---
2026-10-04T14:54:10.3291312Z   duration_ms: 4.974053
2026-10-04T14:54:10.3291409Z   type: 'test'
2026-10-04T14:54:10.3291492Z   ...
2026-10-04T14:54:10.3291802Z # Subtest: a driver cannot exit onto a different road level beyond the bridge edge
2026-10-04T14:54:10.3292098Z ok 270 - a driver cannot exit onto a different road level beyond the bridge edge
2026-10-04T14:54:10.3292185Z   ---
2026-10-04T14:54:10.3292273Z   duration_ms: 2.202612
2026-10-04T14:54:10.3292362Z   type: 'test'
2026-10-04T14:54:10.3292436Z   ...
2026-10-04T14:54:10.3292935Z # Subtest: stair opening removes the terrain itself and retains adjacent sloped surface and UVs
2026-10-04T14:54:10.3293291Z ok 271 - stair opening removes the terrain itself and retains adjacent sloped surface and UVs
2026-10-04T14:54:10.3293368Z   ---
2026-10-04T14:54:10.3293462Z   duration_ms: 7.30851
2026-10-04T14:54:10.3293548Z   type: 'test'
2026-10-04T14:54:10.3293622Z   ...
2026-10-04T14:54:10.3294036Z # Subtest: all three real world metro stair apertures are open to the sky while adjacent pavement remains
2026-10-04T14:54:10.3294428Z ok 272 - all three real world metro stair apertures are open to the sky while adjacent pavement remains
2026-10-04T14:54:10.3294504Z   ---
2026-10-04T14:54:10.3294609Z   duration_ms: 1078.241106
2026-10-04T14:54:10.3304406Z   type: 'test'
2026-10-04T14:54:10.3304556Z   ...
2026-10-04T14:54:10.3304986Z # Subtest: traffic uses opposite separated lanes and follows rounded corners without getting stuck
2026-10-04T14:54:10.3305387Z ok 273 - traffic uses opposite separated lanes and follows rounded corners without getting stuck
2026-10-04T14:54:10.3305477Z   ---
2026-10-04T14:54:10.3305580Z   duration_ms: 2135.118554
2026-10-04T14:54:10.3305675Z   type: 'test'
2026-10-04T14:54:10.3305759Z   ...
2026-10-04T14:54:10.3306211Z # Subtest: drivers brake for a queue before collision, let another lane pass and do not enter a blocked junction
2026-10-04T14:54:10.3306642Z ok 274 - drivers brake for a queue before collision, let another lane pass and do not enter a blocked junction
2026-10-04T14:54:10.3306725Z   ---
2026-10-04T14:54:10.3306818Z   duration_ms: 0.564481
2026-10-04T14:54:10.3306907Z   type: 'test'
2026-10-04T14:54:10.3306988Z   ...
2026-10-04T14:54:10.3307353Z # Subtest: each junction has mutually exclusive green phases and an all-red clearance interval
2026-10-04T14:54:10.3307706Z ok 275 - each junction has mutually exclusive green phases and an all-red clearance interval
2026-10-04T14:54:10.3307791Z   ---
2026-10-04T14:54:10.3307882Z   duration_ms: 1.019366
2026-10-04T14:54:10.3307975Z   type: 'test'
2026-10-04T14:54:10.3308054Z   ...
2026-10-04T14:54:10.3308501Z # Subtest: the complete southern fleet keeps moving past parked intersection cars for three simulated minutes
2026-10-04T14:54:10.3308922Z ok 276 - the complete southern fleet keeps moving past parked intersection cars for three simulated minutes
2026-10-04T14:54:10.3308999Z   ---
2026-10-04T14:54:10.3309098Z   duration_ms: 12240.994097
2026-10-04T14:54:10.3309186Z   type: 'test'
2026-10-04T14:54:10.3309262Z   ...
2026-10-04T14:54:10.3309654Z # Subtest: generated-city courier is completable with walking and real driving before its deadline
2026-10-04T14:54:10.3310027Z ok 277 - generated-city courier is completable with walking and real driving before its deadline
2026-10-04T14:54:10.3310105Z   ---
2026-10-04T14:54:10.3310663Z   duration_ms: 1953.209307
2026-10-04T14:54:10.3310786Z   type: 'test'
2026-10-04T14:54:10.3310873Z   ...
2026-10-04T14:54:10.3311289Z # {"seconds":13.783333333333685,"reached":2,"minimumHealth":100,"maximumWanted":0,"maximumPatrols":0}
2026-10-04T14:54:10.3311679Z # Subtest: generated-city timed circuit is completable through every checkpoint with real steering
2026-10-04T14:54:10.3312057Z ok 278 - generated-city timed circuit is completable through every checkpoint with real steering
2026-10-04T14:54:10.3312140Z   ---
2026-10-04T14:54:10.3312235Z   duration_ms: 11147.742481
2026-10-04T14:54:10.3312325Z   type: 'test'
2026-10-04T14:54:10.3312407Z   ...
2026-10-04T14:54:10.3312845Z # {"seconds":46.59999999999854,"reached":4,"minimumHealth":76.17862340525166,"maximumWanted":1,"maximumPatrols":2}
2026-10-04T14:54:10.3313260Z # Subtest: generated-city getaway can trigger pursuit, lose real patrols and return without teleporting
2026-10-04T14:54:10.3313654Z ok 279 - generated-city getaway can trigger pursuit, lose real patrols and return without teleporting
2026-10-04T14:54:10.3313754Z   ---
2026-10-04T14:54:10.3313861Z   duration_ms: 11498.831349
2026-10-04T14:54:10.3313946Z   type: 'test'
2026-10-04T14:54:10.3314160Z   ...
2026-10-04T14:54:10.3314547Z # {"seconds":74.69999999999695,"reached":5,"minimumHealth":100,"maximumWanted":2,"maximumPatrols":3}
2026-10-04T14:54:10.3314935Z # Subtest: asphalt surfaces tile the real road grid at one height without overlapping intersections
2026-10-04T14:54:10.3315319Z ok 280 - asphalt surfaces tile the real road grid at one height without overlapping intersections
2026-10-04T14:54:10.3315402Z   ---
2026-10-04T14:54:10.3315493Z   duration_ms: 7.628074
2026-10-04T14:54:10.3315583Z   type: 'test'
2026-10-04T14:54:10.3315659Z   ...
2026-10-04T14:54:10.3316097Z # Subtest: ground-height query agrees with rendered triangles at ramps, pavement, park paths and promenade
2026-10-04T14:54:10.3316516Z ok 281 - ground-height query agrees with rendered triangles at ramps, pavement, park paths and promenade
2026-10-04T14:54:10.3316598Z   ---
2026-10-04T14:54:10.3316704Z   duration_ms: 25.193583
2026-10-04T14:54:10.3316794Z   type: 'test'
2026-10-04T14:54:10.3316870Z   ...
2026-10-04T14:54:10.3317253Z # Subtest: all registered obstacles have finite height and cover their actual instance geometry
2026-10-04T14:54:10.3317607Z ok 282 - all registered obstacles have finite height and cover their actual instance geometry
2026-10-04T14:54:10.3317684Z   ---
2026-10-04T14:54:10.3317781Z   duration_ms: 19.582114
2026-10-04T14:54:10.3317865Z   type: 'test'
2026-10-04T14:54:10.3317948Z   ...
2026-10-04T14:54:10.3318283Z # Subtest: Node and browser texture paths emit identical physical and camera geometry
2026-10-04T14:54:10.3318596Z ok 283 - Node and browser texture paths emit identical physical and camera geometry
2026-10-04T14:54:10.3318681Z   ---
2026-10-04T14:54:10.3318783Z   duration_ms: 495.245115
2026-10-04T14:54:10.3318867Z   type: 'test'
2026-10-04T14:54:10.3318951Z   ...
2026-10-04T14:54:10.3319447Z # Subtest: shared vehicle and character dimensions enclose actual rendered geometry including mirrors and police lights
2026-10-04T14:54:10.3319912Z ok 284 - shared vehicle and character dimensions enclose actual rendered geometry including mirrors and police lights
2026-10-04T14:54:10.3319998Z   ---
2026-10-04T14:54:10.3320098Z   duration_ms: 767.987918
2026-10-04T14:54:10.3320181Z   type: 'test'
2026-10-04T14:54:10.3320266Z   ...
2026-10-04T14:54:10.3320991Z # Subtest: all decorative sidewalk routes remain clear of grounded obstacles and sample the real pavement
2026-10-04T14:54:10.3321443Z ok 285 - all decorative sidewalk routes remain clear of grounded obstacles and sample the real pavement
2026-10-04T14:54:10.3321528Z   ---
2026-10-04T14:54:10.3321619Z   duration_ms: 427.023717
2026-10-04T14:54:10.3321716Z   type: 'test'
2026-10-04T14:54:10.3321803Z   ...
2026-10-04T14:54:10.3321883Z 1..285
2026-10-04T14:54:10.3321971Z # tests 285
2026-10-04T14:54:10.3322052Z # suites 0
2026-10-04T14:54:10.3322284Z # pass 285
2026-10-04T14:54:10.3322369Z # fail 0
2026-10-04T14:54:10.3322452Z # cancelled 0
2026-10-04T14:54:10.3322540Z # skipped 0
2026-10-04T14:54:10.3322624Z # todo 0
2026-10-04T14:54:10.3322737Z # duration_ms 146225.007687
2026-10-04T14:54:10.3353160Z ##[group]Run npm run build
2026-10-04T14:54:10.3353297Z [36;1mnpm run build[0m
2026-10-04T14:54:10.3415452Z shell: /usr/bin/bash -e {0}
2026-10-04T14:54:10.3415541Z ##[endgroup]
2026-10-04T14:54:10.4422056Z 
2026-10-04T14:54:10.4422590Z > neon-harbor@0.8.0 build
2026-10-04T14:54:10.4422836Z > node tools/build.mjs
2026-10-04T14:54:10.4422854Z 
2026-10-04T14:54:10.9283976Z Built 58 city districts (6888 KiB) at /home/runner/work/neon-harbor/neon-harbor/assets/city/chunks/
2026-10-04T14:54:11.1684004Z Built 12 north-shore districts (6603 KiB) at /home/runner/work/neon-harbor/neon-harbor/assets/metropolis/chunks/
2026-10-04T14:54:11.2983403Z Built static game at /home/runner/work/neon-harbor/neon-harbor/dist
2026-10-04T14:54:11.3265590Z ##[group]Run npx playwright install --with-deps chromium
2026-10-04T14:54:11.3266053Z [36;1mnpx playwright install --with-deps chromium[0m
2026-10-04T14:54:11.3330948Z shell: /usr/bin/bash -e {0}
2026-10-04T14:54:11.3331216Z ##[endgroup]
2026-10-04T14:54:12.1139902Z Installing dependencies...
2026-10-04T14:54:12.1202857Z Switching to root user to install dependencies...
2026-10-04T14:54:12.2539034Z Get:1 file:/etc/apt/apt-mirrors.txt Mirrorlist [144 B]
2026-10-04T14:54:12.2927065Z Hit:2 http://azure.archive.ubuntu.com/ubuntu noble InRelease
2026-10-04T14:54:12.2928684Z Get:6 https://packages.microsoft.com/ubuntu/24.04/prod noble InRelease [3600 B]
2026-10-04T14:54:12.2964067Z Get:3 http://azure.archive.ubuntu.com/ubuntu noble-updates InRelease [126 kB]
2026-10-04T14:54:12.3015617Z Get:4 http://azure.archive.ubuntu.com/ubuntu noble-backports InRelease [126 kB]
2026-10-04T14:54:12.3057921Z Get:5 http://azure.archive.ubuntu.com/ubuntu noble-security InRelease [126 kB]
2026-10-04T14:54:12.4622327Z Get:7 https://packages.microsoft.com/ubuntu/24.04/prod noble/main armhf Packages [12.6 kB]
2026-10-04T14:54:12.4754172Z Get:8 https://packages.microsoft.com/ubuntu/24.04/prod noble/main arm64 Packages [458 kB]
2026-10-04T14:54:12.4816271Z Get:9 https://packages.microsoft.com/ubuntu/24.04/prod noble/main amd64 Packages [511 kB]
2026-10-04T14:54:12.5090763Z Get:10 http://azure.archive.ubuntu.com/ubuntu noble-updates/main amd64 Packages [1364 kB]
2026-10-04T14:54:12.5161901Z Get:11 http://azure.archive.ubuntu.com/ubuntu noble-updates/main Translation-en [304 kB]
2026-10-04T14:54:12.5183373Z Get:12 http://azure.archive.ubuntu.com/ubuntu noble-updates/main amd64 Components [181 kB]
2026-10-04T14:54:12.5200073Z Get:13 http://azure.archive.ubuntu.com/ubuntu noble-updates/universe amd64 Packages [1699 kB]
2026-10-04T14:54:12.5298739Z Get:14 http://azure.archive.ubuntu.com/ubuntu noble-updates/universe Translation-en [341 kB]
2026-10-04T14:54:12.5305976Z Get:15 http://azure.archive.ubuntu.com/ubuntu noble-updates/universe amd64 Components [388 kB]
2026-10-04T14:54:12.5352887Z Get:16 http://azure.archive.ubuntu.com/ubuntu noble-updates/restricted amd64 Packages [1720 kB]
2026-10-04T14:54:12.5415559Z Get:17 http://azure.archive.ubuntu.com/ubuntu noble-updates/restricted Translation-en [394 kB]
2026-10-04T14:54:12.5442355Z Get:18 http://azure.archive.ubuntu.com/ubuntu noble-updates/multiverse amd64 Components [940 B]
2026-10-04T14:54:12.5652001Z Get:19 http://azure.archive.ubuntu.com/ubuntu noble-backports/main amd64 Components [5776 B]
2026-10-04T14:54:12.6111625Z Get:20 http://azure.archive.ubuntu.com/ubuntu noble-backports/universe amd64 Components [12.6 kB]
2026-10-04T14:54:12.6374164Z Get:21 http://azure.archive.ubuntu.com/ubuntu noble-security/main amd64 Packages [1069 kB]
2026-10-04T14:54:12.6435665Z Get:22 http://azure.archive.ubuntu.com/ubuntu noble-security/main Translation-en [221 kB]
2026-10-04T14:54:12.6457197Z Get:23 http://azure.archive.ubuntu.com/ubuntu noble-security/main amd64 Components [46.4 kB]
2026-10-04T14:54:12.6466406Z Get:24 http://azure.archive.ubuntu.com/ubuntu noble-security/universe amd64 Packages [1216 kB]
2026-10-04T14:54:12.6532260Z Get:25 http://azure.archive.ubuntu.com/ubuntu noble-security/universe Translation-en [244 kB]
2026-10-04T14:54:12.6552291Z Get:26 http://azure.archive.ubuntu.com/ubuntu noble-security/universe amd64 Components [76.4 kB]
2026-10-04T14:54:12.6591831Z Get:27 http://azure.archive.ubuntu.com/ubuntu noble-security/restricted amd64 Packages [1566 kB]
2026-10-04T14:54:12.6651681Z Get:28 http://azure.archive.ubuntu.com/ubuntu noble-security/restricted Translation-en [361 kB]
2026-10-04T14:54:18.9845510Z Fetched 12.6 MB in 1s (8917 kB/s)
2026-10-04T14:54:19.8648155Z Reading package lists...
2026-10-04T14:54:19.8889649Z Reading package lists...
2026-10-04T14:54:20.0843834Z Building dependency tree...
2026-10-04T14:54:20.0851119Z Reading state information...
2026-10-04T14:54:20.2349346Z libasound2t64 is already the newest version (1.2.11-1ubuntu0.3).
2026-10-04T14:54:20.2351574Z libasound2t64 set to manually installed.
2026-10-04T14:54:20.2352747Z libatk-bridge2.0-0t64 is already the newest version (2.52.0-1build1).
2026-10-04T14:54:20.2353861Z libatk-bridge2.0-0t64 set to manually installed.
2026-10-04T14:54:20.2354603Z libatk1.0-0t64 is already the newest version (2.52.0-1build1).
2026-10-04T14:54:20.2355378Z libatk1.0-0t64 set to manually installed.
2026-10-04T14:54:20.2356260Z libatspi2.0-0t64 is already the newest version (2.52.0-1build1).
2026-10-04T14:54:20.2356965Z libatspi2.0-0t64 set to manually installed.
2026-10-04T14:54:20.2357628Z libcairo2 is already the newest version (1.18.0-3build1).
2026-10-04T14:54:20.2358250Z libcairo2 set to manually installed.
2026-10-04T14:54:20.2358932Z libcups2t64 is already the newest version (2.4.7-1.2ubuntu7.14).
2026-10-04T14:54:20.2359530Z libcups2t64 set to manually installed.
2026-10-04T14:54:20.2360075Z libdbus-1-3 is already the newest version (1.14.10-4ubuntu4.1).
2026-10-04T14:54:20.2360961Z libdbus-1-3 set to manually installed.
2026-10-04T14:54:20.2361538Z libdrm2 is already the newest version (2.4.125-1ubuntu0.1~24.04.2).
2026-10-04T14:54:20.2362080Z libdrm2 set to manually installed.
2026-10-04T14:54:20.2362624Z libglib2.0-0t64 is already the newest version (2.80.0-6ubuntu3.9).
2026-10-04T14:54:20.2363177Z libglib2.0-0t64 set to manually installed.
2026-10-04T14:54:20.2363928Z libnspr4 is already the newest version (2:4.35-1.1build1).
2026-10-04T14:54:20.2364618Z libnspr4 set to manually installed.
2026-10-04T14:54:20.2365140Z libnss3 is already the newest version (2:3.98-1ubuntu0.2).
2026-10-04T14:54:20.2365642Z libnss3 set to manually installed.
2026-10-04T14:54:20.2366176Z libpango-1.0-0 is already the newest version (1.52.1+ds-1build1).
2026-10-04T14:54:20.2366723Z libpango-1.0-0 set to manually installed.
2026-10-04T14:54:20.2367251Z libx11-6 is already the newest version (2:1.8.7-1build1).
2026-10-04T14:54:20.2367734Z libx11-6 set to manually installed.
2026-10-04T14:54:20.2368218Z libxcb1 is already the newest version (1.15-1ubuntu2).
2026-10-04T14:54:20.2368695Z libxcb1 set to manually installed.
2026-10-04T14:54:20.2369238Z libxcomposite1 is already the newest version (1:0.4.5-1build3).
2026-10-04T14:54:20.2369777Z libxcomposite1 set to manually installed.
2026-10-04T14:54:20.2370211Z libxdamage1 is already the newest version (1:1.1.6-1build1).
2026-10-04T14:54:20.2370746Z libxdamage1 set to manually installed.
2026-10-04T14:54:20.2371155Z libxext6 is already the newest version (2:1.3.4-1build2).
2026-10-04T14:54:20.2371516Z libxext6 set to manually installed.
2026-10-04T14:54:20.2371899Z libxfixes3 is already the newest version (1:6.0.0-2build1).
2026-10-04T14:54:20.2372280Z libxfixes3 set to manually installed.
2026-10-04T14:54:20.2372679Z libxkbcommon0 is already the newest version (1.6.0-1build1).
2026-10-04T14:54:20.2373074Z libxkbcommon0 set to manually installed.
2026-10-04T14:54:20.2373473Z libxrandr2 is already the newest version (2:1.5.2-2build1).
2026-10-04T14:54:20.2373858Z libxrandr2 set to manually installed.
2026-10-04T14:54:20.2374491Z xvfb is already the newest version (2:21.1.12-1ubuntu1.8).
2026-10-04T14:54:20.2375039Z fonts-noto-color-emoji is already the newest version (2.047-0ubuntu0.24.04.1).
2026-10-04T14:54:20.2375636Z libfontconfig1 is already the newest version (2.15.0-1.1ubuntu2).
2026-10-04T14:54:20.2376054Z libfontconfig1 set to manually installed.
2026-10-04T14:54:20.2376493Z libfreetype6 is already the newest version (2.13.2+dfsg-1ubuntu0.1).
2026-10-04T14:54:20.2376929Z libfreetype6 set to manually installed.
2026-10-04T14:54:20.2377336Z fonts-liberation is already the newest version (1:2.1.5-3).
2026-10-04T14:54:20.2377749Z fonts-liberation set to manually installed.
2026-10-04T14:54:20.2378156Z The following additional packages will be installed:
2026-10-04T14:54:20.2378675Z   libgl1-mesa-dri libglx-mesa0 mesa-libgallium xfonts-encodings xfonts-utils
2026-10-04T14:54:20.2379105Z Recommended packages:
2026-10-04T14:54:20.2379382Z   fonts-ipafont-mincho fonts-tlwg-loma
2026-10-04T14:54:20.2677881Z The following NEW packages will be installed:
2026-10-04T14:54:20.2678898Z   fonts-freefont-ttf fonts-ipafont-gothic fonts-tlwg-loma-otf fonts-unifont
2026-10-04T14:54:20.2686437Z   fonts-wqy-zenhei xfonts-cyrillic xfonts-encodings xfonts-scalable
2026-10-04T14:54:20.2687208Z   xfonts-utils
2026-10-04T14:54:20.2692038Z The following packages will be upgraded:
2026-10-04T14:54:20.2696998Z   libgbm1 libgl1-mesa-dri libglx-mesa0 mesa-libgallium
2026-10-04T14:54:20.2864899Z 4 upgraded, 9 newly installed, 0 to remove and 21 not upgraded.
2026-10-04T14:54:20.2865689Z Need to get 32.1 MB of archives.
2026-10-04T14:54:20.2866459Z After this operation, 79.5 MB of additional disk space will be used.
2026-10-04T14:54:20.2867265Z Get:1 file:/etc/apt/apt-mirrors.txt Mirrorlist [144 B]
2026-10-04T14:54:20.4658278Z Get:2 http://azure.archive.ubuntu.com/ubuntu noble/universe amd64 fonts-ipafont-gothic all 00303-21ubuntu1 [3513 kB]
2026-10-04T14:54:21.2223855Z Get:3 http://azure.archive.ubuntu.com/ubuntu noble/main amd64 fonts-freefont-ttf all 20211204+svn4273-2 [5641 kB]
2026-10-04T14:54:21.4237482Z Get:4 http://azure.archive.ubuntu.com/ubuntu noble/universe amd64 fonts-tlwg-loma-otf all 1:0.7.3-1 [107 kB]
2026-10-04T14:54:21.5061654Z Get:5 http://azure.archive.ubuntu.com/ubuntu noble/universe amd64 fonts-unifont all 1:15.1.01-1build1 [2993 kB]
2026-10-04T14:54:21.6139853Z Get:6 http://azure.archive.ubuntu.com/ubuntu noble/universe amd64 fonts-wqy-zenhei all 0.9.45-8 [7472 kB]
2026-10-04T14:54:21.8679848Z Get:7 http://azure.archive.ubuntu.com/ubuntu noble-updates/main amd64 libgl1-mesa-dri amd64 25.2.8-0ubuntu0.24.04.4 [38.0 kB]
2026-10-04T14:54:21.9502445Z Get:8 http://azure.archive.ubuntu.com/ubuntu noble-updates/main amd64 libglx-mesa0 amd64 25.2.8-0ubuntu0.24.04.4 [110 kB]
2026-10-04T14:54:22.0326232Z Get:9 http://azure.archive.ubuntu.com/ubuntu noble-updates/main amd64 libgbm1 amd64 25.2.8-0ubuntu0.24.04.4 [34.2 kB]
2026-10-04T14:54:22.1143000Z Get:10 http://azure.archive.ubuntu.com/ubuntu noble-updates/main amd64 mesa-libgallium amd64 25.2.8-0ubuntu0.24.04.4 [10.8 MB]
2026-10-04T14:54:22.4736398Z Get:11 http://azure.archive.ubuntu.com/ubuntu noble/main amd64 xfonts-encodings all 1:1.0.5-0ubuntu2 [578 kB]
2026-10-04T14:54:22.5686602Z Get:12 http://azure.archive.ubuntu.com/ubuntu noble/main amd64 xfonts-utils amd64 1:7.7+6build3 [94.4 kB]
2026-10-04T14:54:22.6516903Z Get:13 http://azure.archive.ubuntu.com/ubuntu noble/universe amd64 xfonts-cyrillic all 1:1.0.5+nmu1 [384 kB]
2026-10-04T14:54:22.7421496Z Get:14 http://azure.archive.ubuntu.com/ubuntu noble/main amd64 xfonts-scalable all 1:1.0.3-1.3 [304 kB]
2026-10-04T14:54:23.0124908Z Fetched 32.1 MB in 2s (13.0 MB/s)
2026-10-04T14:54:23.0507983Z Selecting previously unselected package fonts-ipafont-gothic.
2026-10-04T14:54:23.1119235Z (Reading database ... 
2026-10-04T14:54:23.1119749Z (Reading database ... 5%
2026-10-04T14:54:23.1120219Z (Reading database ... 10%
2026-10-04T14:54:23.1120948Z (Reading database ... 15%
2026-10-04T14:54:23.1121433Z (Reading database ... 20%
2026-10-04T14:54:23.1122197Z (Reading database ... 25%
2026-10-04T14:54:23.1122657Z (Reading database ... 30%
2026-10-04T14:54:23.1123158Z (Reading database ... 35%
2026-10-04T14:54:23.1123657Z (Reading database ... 40%
2026-10-04T14:54:23.1124035Z (Reading database ... 45%
2026-10-04T14:54:23.1124345Z (Reading database ... 50%
2026-10-04T14:54:23.1415394Z (Reading database ... 55%
2026-10-04T14:54:23.5468506Z (Reading database ... 60%
2026-10-04T14:54:23.7861388Z (Reading database ... 65%
2026-10-04T14:54:24.0352058Z (Reading database ... 70%
2026-10-04T14:54:24.2802166Z (Reading database ... 75%
2026-10-04T14:54:24.5868354Z (Reading database ... 80%
2026-10-04T14:54:25.0642626Z (Reading database ... 85%
2026-10-04T14:54:25.5991690Z (Reading database ... 90%
2026-10-04T14:54:26.1508712Z (Reading database ... 95%
2026-10-04T14:54:26.1509368Z (Reading database ... 100%
2026-10-04T14:54:26.1510037Z (Reading database ... 202296 files and directories currently installed.)
2026-10-04T14:54:26.1553779Z Preparing to unpack .../00-fonts-ipafont-gothic_00303-21ubuntu1_all.deb ...
2026-10-04T14:54:26.1647141Z Unpacking fonts-ipafont-gothic (00303-21ubuntu1) ...
2026-10-04T14:54:26.3930223Z Selecting previously unselected package fonts-freefont-ttf.
2026-10-04T14:54:26.4055571Z Preparing to unpack .../01-fonts-freefont-ttf_20211204+svn4273-2_all.deb ...
2026-10-04T14:54:26.4063777Z Unpacking fonts-freefont-ttf (20211204+svn4273-2) ...
2026-10-04T14:54:26.4843788Z Selecting previously unselected package fonts-tlwg-loma-otf.
2026-10-04T14:54:26.4966704Z Preparing to unpack .../02-fonts-tlwg-loma-otf_1%3a0.7.3-1_all.deb ...
2026-10-04T14:54:26.4974334Z Unpacking fonts-tlwg-loma-otf (1:0.7.3-1) ...
2026-10-04T14:54:26.5252642Z Selecting previously unselected package fonts-unifont.
2026-10-04T14:54:26.5376775Z Preparing to unpack .../03-fonts-unifont_1%3a15.1.01-1build1_all.deb ...
2026-10-04T14:54:26.5388881Z Unpacking fonts-unifont (1:15.1.01-1build1) ...
2026-10-04T14:54:26.6455210Z Selecting previously unselected package fonts-wqy-zenhei.
2026-10-04T14:54:26.6579742Z Preparing to unpack .../04-fonts-wqy-zenhei_0.9.45-8_all.deb ...
2026-10-04T14:54:26.6676747Z Unpacking fonts-wqy-zenhei (0.9.45-8) ...
2026-10-04T14:54:27.1415761Z Preparing to unpack .../05-libgl1-mesa-dri_25.2.8-0ubuntu0.24.04.4_amd64.deb ...
2026-10-04T14:54:27.1560448Z Unpacking libgl1-mesa-dri:amd64 (25.2.8-0ubuntu0.24.04.4) over (25.2.8-0ubuntu0.24.04.2) ...
2026-10-04T14:54:27.2161392Z Preparing to unpack .../06-libglx-mesa0_25.2.8-0ubuntu0.24.04.4_amd64.deb ...
2026-10-04T14:54:27.2199901Z Unpacking libglx-mesa0:amd64 (25.2.8-0ubuntu0.24.04.4) over (25.2.8-0ubuntu0.24.04.2) ...
2026-10-04T14:54:27.2600282Z Preparing to unpack .../07-libgbm1_25.2.8-0ubuntu0.24.04.4_amd64.deb ...
2026-10-04T14:54:27.2661560Z Unpacking libgbm1:amd64 (25.2.8-0ubuntu0.24.04.4) over (25.2.8-0ubuntu0.24.04.2) ...
2026-10-04T14:54:27.3106872Z Preparing to unpack .../08-mesa-libgallium_25.2.8-0ubuntu0.24.04.4_amd64.deb ...
2026-10-04T14:54:27.3131052Z Unpacking mesa-libgallium:amd64 (25.2.8-0ubuntu0.24.04.4) over (25.2.8-0ubuntu0.24.04.2) ...
2026-10-04T14:54:27.4762713Z Selecting previously unselected package xfonts-encodings.
2026-10-04T14:54:27.4888075Z Preparing to unpack .../09-xfonts-encodings_1%3a1.0.5-0ubuntu2_all.deb ...
2026-10-04T14:54:27.4896011Z Unpacking xfonts-encodings (1:1.0.5-0ubuntu2) ...
2026-10-04T14:54:27.5205438Z Selecting previously unselected package xfonts-utils.
2026-10-04T14:54:27.5331135Z Preparing to unpack .../10-xfonts-utils_1%3a7.7+6build3_amd64.deb ...
2026-10-04T14:54:27.5340036Z Unpacking xfonts-utils (1:7.7+6build3) ...
2026-10-04T14:54:27.5918441Z Selecting previously unselected package xfonts-cyrillic.
2026-10-04T14:54:27.6042666Z Preparing to unpack .../11-xfonts-cyrillic_1%3a1.0.5+nmu1_all.deb ...
2026-10-04T14:54:27.6050623Z Unpacking xfonts-cyrillic (1:1.0.5+nmu1) ...
2026-10-04T14:54:27.6390002Z Selecting previously unselected package xfonts-scalable.
2026-10-04T14:54:27.6515977Z Preparing to unpack .../12-xfonts-scalable_1%3a1.0.3-1.3_all.deb ...
2026-10-04T14:54:27.6525053Z Unpacking xfonts-scalable (1:1.0.3-1.3) ...
2026-10-04T14:54:27.6957656Z Setting up mesa-libgallium:amd64 (25.2.8-0ubuntu0.24.04.4) ...
2026-10-04T14:54:27.6980231Z Setting up libgbm1:amd64 (25.2.8-0ubuntu0.24.04.4) ...
2026-10-04T14:54:27.6999975Z Setting up libgl1-mesa-dri:amd64 (25.2.8-0ubuntu0.24.04.4) ...
2026-10-04T14:54:27.7071799Z Setting up fonts-wqy-zenhei (0.9.45-8) ...
2026-10-04T14:54:27.7191269Z Setting up fonts-freefont-ttf (20211204+svn4273-2) ...
2026-10-04T14:54:27.7210946Z Setting up fonts-tlwg-loma-otf (1:0.7.3-1) ...
2026-10-04T14:54:27.7231376Z Setting up xfonts-encodings (1:1.0.5-0ubuntu2) ...
2026-10-04T14:54:27.7279838Z Setting up fonts-ipafont-gothic (00303-21ubuntu1) ...
2026-10-04T14:54:27.7347766Z update-alternatives: using /usr/share/fonts/opentype/ipafont-gothic/ipag.ttf to provide /usr/share/fonts/truetype/fonts-japanese-gothic.ttf (fonts-japanese-gothic.ttf) in auto mode
2026-10-04T14:54:27.7367302Z Setting up fonts-unifont (1:15.1.01-1build1) ...
2026-10-04T14:54:27.7391303Z Setting up libglx-mesa0:amd64 (25.2.8-0ubuntu0.24.04.4) ...
2026-10-04T14:54:27.7414271Z Setting up xfonts-utils (1:7.7+6build3) ...
2026-10-04T14:54:27.7455420Z Setting up xfonts-cyrillic (1:1.0.5+nmu1) ...
2026-10-04T14:54:27.7789905Z Setting up xfonts-scalable (1:1.0.3-1.3) ...
2026-10-04T14:54:27.8311802Z Processing triggers for libc-bin (2.39-0ubuntu8.9) ...
2026-10-04T14:54:27.8764182Z Processing triggers for man-db (2.12.0-4build2) ...
2026-10-04T14:54:27.8783775Z Not building database; man-db/auto-update is not 'true'.
2026-10-04T14:54:27.8795098Z Processing triggers for fontconfig (2.15.0-1.1ubuntu2) ...
2026-10-04T14:54:29.0957660Z 
2026-10-04T14:54:29.0958376Z Running kernel seems to be up-to-date.
2026-10-04T14:54:29.0958936Z 
2026-10-04T14:54:29.0959305Z No services need to be restarted.
2026-10-04T14:54:29.0959758Z 
2026-10-04T14:54:29.0960117Z No containers need to be restarted.
2026-10-04T14:54:29.0960904Z 
2026-10-04T14:54:29.0961393Z No user sessions are running outdated binaries.
2026-10-04T14:54:29.0961972Z 
2026-10-04T14:54:29.0962725Z No VM guests are running outdated hypervisor (qemu) binaries on this host.
2026-10-04T14:54:30.0590045Z Downloading Chrome for Testing 151.0.7922.34 (playwright chromium v1234) from https://cdn.playwright.dev/builds/cft/151.0.7922.34/linux64/chrome-linux64.zip
2026-10-04T14:54:31.0436598Z |                                                                                |   0% of 184.3 MiB
2026-10-04T14:54:31.2811366Z |■■■■■■■■                                                                        |  10% of 184.3 MiB
2026-10-04T14:54:31.3961678Z |■■■■■■■■■■■■■■■■                                                                |  20% of 184.3 MiB
2026-10-04T14:54:31.4637866Z |■■■■■■■■■■■■■■■■■■■■■■■■                                                        |  30% of 184.3 MiB
2026-10-04T14:54:31.5371818Z |■■■■■■■■■■■■■■■■■■■■■■■■■■■■■■■■                                                |  40% of 184.3 MiB
2026-10-04T14:54:31.6082786Z |■■■■■■■■■■■■■■■■■■■■■■■■■■■■■■■■■■■■■■■■                                        |  50% of 184.3 MiB
2026-10-04T14:54:31.6755071Z |■■■■■■■■■■■■■■■■■■■■■■■■■■■■■■■■■■■■■■■■■■■■■■■■                                |  60% of 184.3 MiB
2026-10-04T14:54:31.7397826Z |■■■■■■■■■■■■■■■■■■■■■■■■■■■■■■■■■■■■■■■■■■■■■■■■■■■■■■■■                        |  70% of 184.3 MiB
2026-10-04T14:54:31.8184013Z |■■■■■■■■■■■■■■■■■■■■■■■■■■■■■■■■■■■■■■■■■■■■■■■■■■■■■■■■■■■■■■■■                |  80% of 184.3 MiB
2026-10-04T14:54:31.8842016Z |■■■■■■■■■■■■■■■■■■■■■■■■■■■■■■■■■■■■■■■■■■■■■■■■■■■■■■■■■■■■■■■■■■■■■■■■        |  90% of 184.3 MiB
2026-10-04T14:54:31.9461125Z |■■■■■■■■■■■■■■■■■■■■■■■■■■■■■■■■■■■■■■■■■■■■■■■■■■■■■■■■■■■■■■■■■■■■■■■■■■■■■■■■| 100% of 184.3 MiB
2026-10-04T14:54:34.6587794Z Chrome for Testing 151.0.7922.34 (playwright chromium v1234) downloaded to /home/runner/.cache/ms-playwright/chromium-1234
2026-10-04T14:54:34.6591879Z Downloading FFmpeg (playwright ffmpeg v1011) from https://cdn.playwright.dev/dbazure/download/playwright/builds/ffmpeg/1011/ffmpeg-linux.zip
2026-10-04T14:54:35.6131759Z |                                                                                |   0% of 2.3 MiB
2026-10-04T14:54:35.6164858Z |■■■■■■■■                                                                        |  10% of 2.3 MiB
2026-10-04T14:54:35.6184945Z |■■■■■■■■■■■■■■■■                                                                |  20% of 2.3 MiB
2026-10-04T14:54:35.6200003Z |■■■■■■■■■■■■■■■■■■■■■■■■                                                        |  30% of 2.3 MiB
2026-10-04T14:54:35.6222590Z |■■■■■■■■■■■■■■■■■■■■■■■■■■■■■■■■                                                |  40% of 2.3 MiB
2026-10-04T14:54:35.6239043Z |■■■■■■■■■■■■■■■■■■■■■■■■■■■■■■■■■■■■■■■■                                        |  50% of 2.3 MiB
2026-10-04T14:54:35.6257556Z |■■■■■■■■■■■■■■■■■■■■■■■■■■■■■■■■■■■■■■■■■■■■■■■■                                |  60% of 2.3 MiB
2026-10-04T14:54:35.6275666Z |■■■■■■■■■■■■■■■■■■■■■■■■■■■■■■■■■■■■■■■■■■■■■■■■■■■■■■■■                        |  70% of 2.3 MiB
2026-10-04T14:54:35.6290279Z |■■■■■■■■■■■■■■■■■■■■■■■■■■■■■■■■■■■■■■■■■■■■■■■■■■■■■■■■■■■■■■■■                |  80% of 2.3 MiB
2026-10-04T14:54:35.6308568Z |■■■■■■■■■■■■■■■■■■■■■■■■■■■■■■■■■■■■■■■■■■■■■■■■■■■■■■■■■■■■■■■■■■■■■■■■        |  90% of 2.3 MiB
2026-10-04T14:54:35.6318938Z |■■■■■■■■■■■■■■■■■■■■■■■■■■■■■■■■■■■■■■■■■■■■■■■■■■■■■■■■■■■■■■■■■■■■■■■■■■■■■■■■| 100% of 2.3 MiB
2026-10-04T14:54:35.6906116Z FFmpeg (playwright ffmpeg v1011) downloaded to /home/runner/.cache/ms-playwright/ffmpeg-1011
2026-10-04T14:54:35.6909319Z Downloading Chrome Headless Shell 151.0.7922.34 (playwright chromium-headless-shell v1234) from https://cdn.playwright.dev/builds/cft/151.0.7922.34/linux64/chrome-headless-shell-linux64.zip
2026-10-04T14:54:36.6673937Z |                                                                                |   0% of 114.7 MiB
2026-10-04T14:54:36.7846562Z |■■■■■■■■                                                                        |  10% of 114.7 MiB
2026-10-04T14:54:36.8476587Z |■■■■■■■■■■■■■■■■                                                                |  20% of 114.7 MiB
2026-10-04T14:54:36.8978741Z |■■■■■■■■■■■■■■■■■■■■■■■■                                                        |  30% of 114.7 MiB
2026-10-04T14:54:36.9513669Z |■■■■■■■■■■■■■■■■■■■■■■■■■■■■■■■■                                                |  40% of 114.7 MiB
2026-10-04T14:54:36.9979853Z |■■■■■■■■■■■■■■■■■■■■■■■■■■■■■■■■■■■■■■■■                                        |  50% of 114.7 MiB
2026-10-04T14:54:37.0469261Z |■■■■■■■■■■■■■■■■■■■■■■■■■■■■■■■■■■■■■■■■■■■■■■■■                                |  60% of 114.7 MiB
2026-10-04T14:54:37.1163248Z |■■■■■■■■■■■■■■■■■■■■■■■■■■■■■■■■■■■■■■■■■■■■■■■■■■■■■■■■                        |  70% of 114.7 MiB
2026-10-04T14:54:37.1667436Z |■■■■■■■■■■■■■■■■■■■■■■■■■■■■■■■■■■■■■■■■■■■■■■■■■■■■■■■■■■■■■■■■                |  80% of 114.7 MiB
2026-10-04T14:54:37.2084082Z |■■■■■■■■■■■■■■■■■■■■■■■■■■■■■■■■■■■■■■■■■■■■■■■■■■■■■■■■■■■■■■■■■■■■■■■■        |  90% of 114.7 MiB
2026-10-04T14:54:37.2514965Z |■■■■■■■■■■■■■■■■■■■■■■■■■■■■■■■■■■■■■■■■■■■■■■■■■■■■■■■■■■■■■■■■■■■■■■■■■■■■■■■■| 100% of 114.7 MiB
2026-10-04T14:54:39.1999320Z Chrome Headless Shell 151.0.7922.34 (playwright chromium-headless-shell v1234) downloaded to /home/runner/.cache/ms-playwright/chromium_headless_shell-1234
2026-10-04T14:54:39.2254630Z ##[group]Run npx playwright test tests/e2e/living-city.spec.js --fully-parallel --shard=1/1
2026-10-04T14:54:39.2255349Z [36;1mnpx playwright test tests/e2e/living-city.spec.js --fully-parallel --shard=1/1[0m
2026-10-04T14:54:39.2317698Z shell: /usr/bin/bash -e {0}
2026-10-04T14:54:39.2317963Z ##[endgroup]
2026-10-04T14:54:40.3478617Z 
2026-10-04T14:54:40.3479353Z Running 2 tests using 1 worker, shard 1 of 1
2026-10-04T14:54:40.3479976Z 
2026-10-04T14:58:00.4987960Z   ✘  1 tests/e2e/living-city.spec.js:62:1 › a resident rides to a furnished bedroom, walks through its doorway, and returns to the street (3.2m)
2026-10-04T14:59:18.9433293Z   ✓  2 tests/e2e/living-city.spec.js:106:1 › default high quality loads crafted materials and exposes walk-in viewing and real infrastructure entrances (1.3m)
2026-10-04T14:59:41.6862359Z 
2026-10-04T14:59:41.6867078Z 
2026-10-04T14:59:41.6878785Z   1) tests/e2e/living-city.spec.js:62:1 › a resident rides to a furnished bedroom, walks through its doorway, and returns to the street 
2026-10-04T14:59:41.6879763Z 
2026-10-04T14:59:41.6880093Z     Error: expect(received).toBeLessThan(expected)
2026-10-04T14:59:41.6880750Z 
2026-10-04T14:59:41.6880928Z     Expected: < 5.2
2026-10-04T14:59:41.6881492Z     Received:   5.6999999999996795
2026-10-04T14:59:41.6881941Z 
2026-10-04T14:59:41.6882306Z       51 |   expect(arrived.city.interior.floorId).toBe(floorId);
2026-10-04T14:59:41.6883165Z       52 |   expect(arrived.city.interior.elevator.doorOpen).toBe(1);
2026-10-04T14:59:41.6884497Z     > 53 |   expect(arrived.simulationTime - moving.simulationTime).toBeLessThan(moving.city.interior.elevator.duration + 3);
2026-10-04T14:59:41.6885445Z          |                                                          ^
2026-10-04T14:59:41.6885819Z       54 | }
2026-10-04T14:59:41.6886032Z       55 |
2026-10-04T14:59:41.6886365Z       56 | async function capture(page, testInfo, name) {
2026-10-04T14:59:41.6887042Z         at takeLift (/home/runner/work/neon-harbor/neon-harbor/tests/e2e/living-city.spec.js:53:58)
2026-10-04T14:59:41.6887810Z         at /home/runner/work/neon-harbor/neon-harbor/tests/e2e/living-city.spec.js:98:3
2026-10-04T14:59:41.6888201Z 
2026-10-04T14:59:41.6888769Z     attachment #1: living-city-camellia-bedroom (image/png) ────────────────────────────────────────
2026-10-04T14:59:41.6890013Z     test-results/living-city-a-resident-rid-9f05e-y-and-returns-to-the-street/attachments/living-city-camellia-bedroom-26553b9d02a0938aec638022bc27efd430a2eaef.png
2026-10-04T14:59:41.6892015Z     ────────────────────────────────────────────────────────────────────────────────────────────────
2026-10-04T14:59:41.6892370Z 
2026-10-04T14:59:41.6892874Z     Error Context: test-results/living-city-a-resident-rid-9f05e-y-and-returns-to-the-street/error-context.md
2026-10-04T14:59:41.6893696Z 
2026-10-04T14:59:41.6894174Z     attachment #3: trace (application/zip) ─────────────────────────────────────────────────────────
2026-10-04T14:59:41.6894987Z     test-results/living-city-a-resident-rid-9f05e-y-and-returns-to-the-street/trace.zip
2026-10-04T14:59:41.6895519Z     Usage:
2026-10-04T14:59:41.6895648Z 
2026-10-04T14:59:41.6896159Z         npx playwright show-trace test-results/living-city-a-resident-rid-9f05e-y-and-returns-to-the-street/trace.zip
2026-10-04T14:59:41.6896718Z 
2026-10-04T14:59:41.6897109Z     ────────────────────────────────────────────────────────────────────────────────────────────────
2026-10-04T14:59:41.6897444Z 
2026-10-04T14:59:41.6897548Z   1 failed
2026-10-04T14:59:41.6898299Z     tests/e2e/living-city.spec.js:62:1 › a resident rides to a furnished bedroom, walks through its doorway, and returns to the street 
2026-10-04T14:59:41.6898891Z   1 passed (5.0m)
2026-10-04T14:59:41.7776363Z ##[error]Process completed with exit code 1.
2026-10-04T14:59:41.7861098Z ##[group]Run actions/upload-artifact@v4
2026-10-04T14:59:41.7861418Z with:
2026-10-04T14:59:41.7861641Z   name: browser-test-results-living-city
2026-10-04T14:59:41.7861958Z   path: playwright-report/
test-results/

2026-10-04T14:59:41.7862252Z   if-no-files-found: ignore
2026-10-04T14:59:41.7862488Z   compression-level: 6
2026-10-04T14:59:41.7862701Z   overwrite: false
2026-10-04T14:59:41.7862913Z   include-hidden-files: false
2026-10-04T14:59:41.7863151Z ##[endgroup]
2026-10-04T14:59:41.9583889Z (node:3680) [DEP0040] DeprecationWarning: The `punycode` module is deprecated. Please use a userland alternative instead.
2026-10-04T14:59:41.9584848Z (Use `node --trace-deprecation ...` to show where the warning was created)
2026-10-04T14:59:41.9728746Z Multiple search paths detected. Calculating the least common ancestor of all paths
2026-10-04T14:59:41.9731989Z The least common ancestor is /home/runner/work/neon-harbor/neon-harbor. This will be the root directory of the artifact
2026-10-04T14:59:41.9733385Z With the provided path, there will be 29 files uploaded
2026-10-04T14:59:41.9738653Z Artifact name is valid!
2026-10-04T14:59:41.9739238Z Root directory input is valid!
2026-10-04T14:59:42.1914434Z Beginning upload of artifact content to blob storage
2026-10-04T14:59:42.4949774Z (node:3680) [DEP0169] DeprecationWarning: `url.parse()` behavior is not standardized and prone to errors that have security implications. Use the WHATWG URL API instead. CVEs are not issued for `url.parse()` vulnerabilities.
2026-10-04T14:59:42.6632122Z Uploaded bytes 8388608
2026-10-04T14:59:42.9630197Z Uploaded bytes 16777216
2026-10-04T14:59:43.1951884Z Uploaded bytes 25165824
2026-10-04T14:59:43.2445169Z Uploaded bytes 25926473
2026-10-04T14:59:43.2576053Z Finished uploading artifact content to blob storage!
2026-10-04T14:59:43.2577656Z SHA256 digest of uploaded artifact zip is 2be32241cfab012d5e62c412cf91abd3233005cf067d3bc5a9d4c9e3c251492f
2026-10-04T14:59:43.2579621Z Finalizing artifact upload
2026-10-04T14:59:43.4654618Z Artifact browser-test-results-living-city.zip successfully finalized. Artifact ID 11306208709
2026-10-04T14:59:43.4656619Z Artifact browser-test-results-living-city has been successfully uploaded! Final size is 25926473 bytes. Artifact ID is 11306208709
2026-10-04T14:59:43.4662821Z Artifact download URL: https://github.com/qifalab/neon-harbor/actions/runs/37210812941/artifacts/11306208709
2026-10-04T14:59:43.4885613Z Post job cleanup.
2026-10-04T14:59:43.5754112Z [command]/usr/bin/git version
2026-10-04T14:59:43.5801525Z git version 2.55.0
2026-10-04T14:59:43.5851904Z Temporarily overriding HOME='/home/runner/work/_temp/4908e15b-2663-43d3-be40-972bffbc5a11' before making global git config changes
2026-10-04T14:59:43.5853743Z Adding repository directory to the temporary git global config as a safe directory
2026-10-04T14:59:43.5855410Z [command]/usr/bin/git config --global --add safe.directory /home/runner/work/neon-harbor/neon-harbor
2026-10-04T14:59:43.5894218Z [command]/usr/bin/git config --local --name-only --get-regexp core\.sshCommand
2026-10-04T14:59:43.5929061Z [command]/usr/bin/git submodule foreach --recursive sh -c "git config --local --name-only --get-regexp 'core\.sshCommand' && git config --local --unset-all 'core.sshCommand' || :"
2026-10-04T14:59:43.6180752Z [command]/usr/bin/git config --local --name-only --get-regexp http\.https\:\/\/github\.com\/\.extraheader
2026-10-04T14:59:43.6211870Z http.https://github.com/.extraheader
2026-10-04T14:59:43.6225317Z [command]/usr/bin/git config --local --unset-all http.https://github.com/.extraheader
2026-10-04T14:59:43.6273901Z [command]/usr/bin/git submodule foreach --recursive sh -c "git config --local --name-only --get-regexp 'http\.https\:\/\/github\.com\/\.extraheader' && git config --local --unset-all 'http.https://github.com/.extraheader' || :"
2026-10-04T14:59:43.6531236Z [command]/usr/bin/git config --local --name-only --get-regexp ^includeIf\.gitdir:
2026-10-04T14:59:43.6605412Z [command]/usr/bin/git submodule foreach --recursive git config --local --show-origin --name-only --get-regexp remote.origin.url
2026-10-04T14:59:43.7042782Z Cleaning up orphan processes
2026-10-04T14:59:43.7460295Z ##[warning]Node.js 20 is deprecated. The following actions target Node.js 20 but are being forced to run on Node.js 24: actions/checkout@v4, actions/setup-node@v4, actions/upload-artifact@v4. For more information see: https://github.blog/changelog/2025-09-19-deprecation-of-node-20-on-github-actions-runners/
